	word	start_char	type	chain_id
0	Израиль	0	coref	256
1	продлил	8	None	None
2	срок	16	None	None
3	ультиматума	21	coref	259
4	Палестине	33	coref	257
5	Премьер	44	coref	258
6	-	51	coref	258
7	министр	52	coref	258
8	Израиля	60	coref	256
9	Эхуд	68	coref	258
10	Барак	73	coref	258
11	продлил	79	None	None
12	срок	87	None	None
13	ультиматума	92	coref	259
14	,	103	None	None
15	в	105	None	None
16	котором	107	coref	259
17	содержится	115	None	None
18	требование	126	None	None
19	к	137	None	None
20	палестинцам	139	coref	260
21	прекратить	151	None	None
22	насилие	162	None	None
23	на	170	coref	261
24	своих	173	coref	257
25	территориях	179	coref	257
26	и	191	None	None
27	заявил	193	None	None
28	о	200	None	None
29	своей	202	coref	258
30	готовности	208	None	None
31	принять	219	None	None
32	участие	227	None	None
33	в	235	None	None
34	саммите	237	coref	261
35	по	245	coref	261
36	урегулированию	248	coref	261
37	нового	263	coref	261
38	конфликта	270	coref	261
39	на	280	coref	261
40	Ближнем	283	coref	261
41	Востоке	291	coref	261
42	,	298	None	None
43	если	300	None	None
44	таковой	305	coref	261
45	состоится	313	None	None
46	.	322	None	None
47	Палестинцам	325	coref	260
48	дается	337	None	None
49	еще	344	None	None
50	два	348	None	None
51	дня	352	None	None
52	для	356	None	None
53	наведения	360	None	None
54	порядка	370	None	None
55	на	378	coref	261
56	своих	381	coref	257
57	территориях	387	coref	257
58	.	398	None	None
59	«	401	None	None
60	В	402	None	None
61	связи	404	None	None
62	с	410	None	None
63	просьбами	412	None	None
64	мировых	422	coref	262
65	лидеров	430	coref	262
66	и	438	None	None
67	визитами	440	None	None
68	высокопоставленных	449	None	None
69	представителей	468	None	None
70	в	483	None	None
71	регион	485	coref	257
72	решено	492	None	None
73	предоставить	499	None	None
74	палестинцам	512	coref	260
75	от	524	None	None
76	одного	527	None	None
77	до	534	None	None
78	двух	537	None	None
79	дней	542	None	None
80	»	546	None	None
81	,	547	None	None
82	-	549	coref	258
83	заявил	551	None	None
84	министр	558	coref	258
85	по	566	coref	261
86	труду	569	None	None
87	и	575	None	None
88	социальным	577	None	None
89	вопросам	588	None	None
90	Раанан	597	None	None
91	Коэн	604	None	None
92	.	608	None	None
93	Заявление	611	None	None
94	израильского	621	coref	256
95	правительства	634	coref	256
96	появилось	648	None	None
97	в	658	None	None
98	условиях	660	None	None
99	беспрецедентных	669	None	None
100	дипломатических	685	None	None
101	усилий	701	None	None
102	со	708	None	None
103	стороны	711	None	None
104	ООН	719	coref	263
105	и	723	None	None
106	России	725	coref	264
107	.	731	None	None
108	Генсек	733	coref	265
109	ООН	740	coref	263
110	Кофи	744	coref	265
111	Аннан	749	coref	265
112	и	755	None	None
113	министр	757	coref	258
114	иностранных	765	None	None
115	дел	777	None	None
116	России	781	coref	264
117	Игорь	788	None	None
118	Иванов	794	None	None
119	прибыли	801	None	None
120	в	809	None	None
121	Израиль	811	coref	256
122	накануне	819	None	None
123	и	828	None	None
124	уже	830	None	None
125	провели	834	None	None
126	серию	842	None	None
127	переговоров	848	None	None
128	.	859	None	None
129	«	862	None	None
130	Мы	863	coref	256
131	будем	866	None	None
132	действовать	872	None	None
133	так	884	None	None
134	,	887	None	None
135	чтобы	889	None	None
136	восстановить	895	None	None
137	спокойствие	908	None	None
138	,	919	None	None
139	насколько	921	None	None
140	это	931	None	None
141	от	935	None	None
142	нас	938	coref	256
143	зависит	942	None	None
144	,	949	None	None
145	и	951	None	None
146	предоставляем	953	None	None
147	Ясиру	967	coref	266
148	Арафату	973	coref	266
149	некоторое	981	None	None
150	дополнительное	991	None	None
151	время	1006	None	None
152	для	1012	None	None
153	того	1016	None	None
154	,	1020	None	None
155	чтобы	1022	None	None
156	он	1028	coref	266
157	мог	1031	None	None
158	сделать	1035	None	None
159	то	1043	None	None
160	,	1045	None	None
161	что	1047	None	None
162	он	1051	coref	266
163	должен	1054	None	None
164	сделать	1061	None	None
165	.	1068	None	None
166	Мы	1070	coref	256
167	не	1073	None	None
168	можем	1076	None	None
169	отвергать	1082	None	None
170	напряженную	1092	None	None
171	работу	1104	None	None
172	международной	1111	None	None
173	дипломатии	1125	None	None
174	,	1135	None	None
175	-	1137	coref	258
176	заявил	1139	None	None
177	представитель	1146	None	None
178	правительства	1160	coref	256
179	Начман	1174	None	None
180	Шай	1181	None	None
181	.	1184	None	None
182	-	1186	coref	258
183	Правительство	1188	coref	256
184	склоняется	1202	None	None
185	к	1213	None	None
186	тому	1215	None	None
187	,	1219	None	None
188	чтобы	1221	None	None
189	в	1227	None	None
190	свете	1229	None	None
191	неоднократных	1235	None	None
192	просьб	1249	None	None
193	со	1256	None	None
194	стороны	1259	None	None
195	мировых	1267	coref	262
196	лидеров	1275	coref	262
197	предоставить	1283	None	None
198	несколько	1296	None	None
199	дополнительных	1306	None	None
200	дней	1321	None	None
201	для	1326	None	None
202	того	1330	None	None
203	,	1334	None	None
204	чтобы	1336	None	None
205	были	1342	None	None
206	исчерпаны	1347	None	None
207	все	1357	None	None
208	возможности	1361	None	None
209	для	1373	None	None
210	прекращения	1377	None	None
211	насилия	1389	None	None
212	,	1396	None	None
213	потому	1398	None	None
214	что	1405	None	None
215	это	1409	None	None
216	действительно	1413	None	None
217	последний	1427	None	None
218	шанс	1437	None	None
219	»	1441	None	None
220	.	1442	None	None
221	Между	1445	None	None
222	тем	1451	None	None
223	Кофи	1455	coref	265
224	Аннан	1460	coref	265
225	,	1465	None	None
226	встретившись	1467	None	None
227	с	1480	None	None
228	министром	1482	None	None
229	иностранных	1492	None	None
230	дел	1504	None	None
231	Израиля	1508	coref	256
232	Шломо	1516	None	None
233	Бен	1522	None	None
234	-	1525	coref	258
235	Ами	1526	None	None
236	,	1529	None	None
237	провел	1531	None	None
238	первый	1538	None	None
239	раунд	1545	None	None
240	переговоров	1551	None	None
241	с	1563	None	None
242	палестинским	1565	coref	266
243	лидером	1578	coref	266
244	Ясиром	1586	coref	266
245	Арафатом	1593	coref	266
246	в	1602	None	None
247	Газе	1604	None	None
248	.	1608	None	None
249	Сегодня	1610	None	None
250	эти	1618	None	None
251	переговоры	1622	None	None
252	продолжатся	1633	None	None
253	.	1644	None	None
254	Билл	1647	None	None
255	Клинтон	1652	None	None
256	накануне	1660	None	None
257	разговаривал	1669	None	None
258	по	1682	coref	261
259	телефону	1685	None	None
260	и	1694	None	None
261	с	1696	None	None
262	Бараком	1698	coref	258
263	и	1706	None	None
264	с	1708	None	None
265	Арафатом	1710	coref	266
266	и	1719	None	None
267	предлагал	1721	None	None
268	им	1731	coref	267
269	подумать	1734	None	None
270	о	1743	None	None
271	проведении	1745	None	None
272	саммита	1756	None	None
273	с	1764	None	None
274	целью	1766	None	None
275	попытаться	1772	None	None
276	спасти	1783	None	None
277	процесс	1790	None	None
278	мирного	1798	None	None
279	урегулирования	1806	None	None
280	в	1821	None	None
281	регионе	1823	coref	257
282	,	1830	None	None
283	однако	1832	None	None
284	позднее	1839	None	None
285	Белый	1847	None	None
286	Дом	1853	None	None
287	заявил	1857	None	None
288	,	1863	None	None
289	что	1865	None	None
290	почва	1869	None	None
291	для	1875	None	None
292	такого	1879	None	None
293	саммита	1886	None	None
294	еще	1894	None	None
295	не	1898	None	None
296	созрела	1901	None	None
297	.	1908	None	None
298	Со	1911	None	None
299	стороны	1914	None	None
300	палестинского	1922	coref	266
301	лидера	1936	coref	266
302	пока	1943	None	None
303	не	1948	None	None
304	поступало	1951	None	None
305	никакой	1961	None	None
306	реакции	1969	None	None
307	на	1977	coref	261
308	решения	1980	None	None
309	израильского	1988	coref	256
310	кабинета	2001	coref	256
311	.	2009	None	None
312	Ранее	2011	None	None
313	Арафат	2017	coref	266
314	заявил	2024	None	None
315	,	2030	None	None
316	что	2032	None	None
317	будет	2036	None	None
318	рассматривать	2042	None	None
319	возможность	2056	None	None
320	возобновления	2068	None	None
321	мирных	2082	None	None
322	переговоров	2089	None	None
323	только	2101	None	None
324	после	2108	None	None
325	того	2114	None	None
326	,	2118	None	None
327	как	2120	None	None
328	Израиль	2124	coref	256
329	согласится	2132	None	None
330	на	2143	coref	261
331	создание	2146	None	None
332	международной	2155	None	None
333	комиссии	2169	None	None
334	по	2178	coref	261
335	расследованию	2181	None	None
336	результатов	2195	None	None
337	12	2207	None	None
338	дней	2210	None	None
339	столкновений	2215	None	None
340	,	2227	None	None
341	за	2229	None	None
342	время	2232	None	None
343	которых	2238	None	None
344	погибли	2246	None	None
345	более	2254	None	None
346	ста	2260	None	None
347	палестинцев	2264	None	None
348	.	2275	None	None
