	word	start_char	type	chain_id
0	Члены	0	coref	16
1	Лондонского	6	coref	16
2	клуба	18	coref	16
3	кредиторов	24	coref	16
4	не	35	None	None
5	торопятся	38	None	None
6	обменивать	48	None	None
7	обязательства	59	coref	19
8	на	73	coref	19
9	облигации	76	None	None
10	Члены	87	coref	16
11	Лондонского	93	coref	16
12	клуба	105	coref	16
13	кредиторов	111	coref	16
14	не	122	None	None
15	торопятся	125	None	None
16	обменивать	135	None	None
17	свои	146	coref	16
18	обязательства	151	coref	19
19	на	165	coref	19
20	новые	168	None	None
21	еврооблигации	174	None	None
22	по	188	None	None
23	плану	191	None	None
24	реструктуризации	197	None	None
25	,	213	None	None
26	предложенному	215	None	None
27	российским	229	None	None
28	правительством	240	None	None
29	.	254	None	None
30	Заявки	256	None	None
31	на	263	coref	19
32	обмен	266	coref	18
33	обязательств	272	None	None
34	Лондонскому	285	coref	17
35	клубу	297	coref	17
36	на	303	coref	19
37	новые	306	None	None
38	облигации	312	None	None
39	должны	322	None	None
40	быть	329	None	None
41	посланы	334	None	None
42	агенту	342	None	None
43	по	349	None	None
44	обмену	352	None	None
45	-	359	None	None
46	Citibank	361	None	None
47	-	370	None	None
48	до	372	None	None
49	11	375	None	None
50	августа	378	None	None
51	,	385	None	None
52	а	387	None	None
53	вся	389	None	None
54	сделка	393	None	None
55	,	399	None	None
56	как	401	None	None
57	предполагается	405	None	None
58	,	419	None	None
59	будет	421	None	None
60	завершена	427	None	None
61	до	437	None	None
62	25	440	None	None
63	августа	443	None	None
64	.	450	None	None
65	Несмотря	453	None	None
66	на	462	coref	19
67	это	465	None	None
68	,	468	None	None
69	обмен	470	coref	18
70	,	475	None	None
71	объявленный	477	None	None
72	18	489	None	None
73	июля	492	None	None
74	,	496	None	None
75	еще	498	None	None
76	практически	502	None	None
77	не	514	None	None
78	начинался	517	None	None
79	.	526	None	None
80	В	528	None	None
81	самом	530	None	None
82	конце	536	None	None
83	прошлой	542	None	None
84	недели	550	None	None
85	представители	557	None	None
86	нескольких	571	None	None
87	западных	582	None	None
88	банков	591	None	None
89	сказали	598	None	None
90	,	605	None	None
91	что	607	None	None
92	пока	611	None	None
93	ни	616	None	None
94	одной	619	None	None
95	заявки	625	None	None
96	на	632	coref	19
97	обмен	635	coref	18
98	не	641	None	None
99	было	644	None	None
100	подано	649	None	None
101	.	655	None	None
102	По	657	None	None
103	другой	660	None	None
104	информации	667	None	None
105	,	677	None	None
106	представитель	679	None	None
107	одного	693	None	None
108	из	700	None	None
109	крупнейших	703	None	None
110	американских	714	None	None
111	банков	727	None	None
112	сообщил	734	None	None
113	,	741	None	None
114	что	743	None	None
115	приблизительно	747	None	None
116	90	762	None	None
117	%	764	None	None
118	клиентов	766	None	None
119	-	775	None	None
120	держателей	777	None	None
121	обязательств	788	None	None
122	PRIN	801	None	None
123	и	806	None	None
124	IAN	808	None	None
125	уже	812	None	None
126	послали	816	None	None
127	заявки	824	None	None
128	.	830	None	None
129	Однако	833	None	None
130	Минфин	840	None	None
131	в	847	None	None
132	лице	849	None	None
133	замминистра	854	None	None
134	финансов	866	None	None
135	Сергея	875	None	None
136	Колотухина	882	None	None
137	считает	893	None	None
138	,	900	None	None
139	что	902	None	None
140	обмен	906	coref	18
141	идет	912	None	None
142	«	917	None	None
143	удовлетворительно	918	None	None
144	»	935	None	None
145	.	936	None	None
146	Поэтому	938	None	None
147	продлевать	946	None	None
148	его	957	coref	18
149	сроки	961	None	None
150	нет	967	None	None
151	необходимости	971	None	None
152	.	984	None	None
153	Тому	987	None	None
154	,	991	None	None
155	что	993	None	None
156	заявки	997	None	None
157	поступают	1004	None	None
158	в	1014	None	None
159	последний	1016	None	None
160	момент	1026	None	None
161	,	1032	None	None
162	есть	1034	None	None
163	несколько	1039	None	None
164	объяснений	1049	None	None
165	.	1059	None	None
166	Несмотря	1061	None	None
167	на	1070	coref	19
168	то	1073	None	None
169	что	1076	None	None
170	PRIN	1080	None	None
171	официально	1085	None	None
172	перестали	1096	None	None
173	торговаться	1106	None	None
174	на	1118	coref	19
175	прошлой	1121	None	None
176	неделе	1129	None	None
177	,	1135	None	None
178	а	1137	None	None
179	последний	1139	None	None
180	день	1149	None	None
181	торгов	1154	None	None
182	IAN	1161	None	None
183	-	1165	None	None
184	сегодня	1167	None	None
185	,	1174	None	None
186	они	1176	None	None
187	еще	1180	None	None
188	торгуются	1184	None	None
189	:	1193	None	None
190	обязательства	1195	coref	19
191	можно	1209	None	None
192	купить	1215	None	None
193	при	1222	None	None
194	условии	1226	None	None
195	,	1233	None	None
196	что	1235	None	None
197	они	1239	None	None
198	будут	1243	None	None
199	участвовать	1249	None	None
200	в	1261	None	None
201	обмене	1263	None	None
202	.	1269	None	None
203	По	1271	None	None
204	мнению	1274	None	None
205	некоторых	1281	None	None
206	трейдеров	1291	None	None
207	,	1300	None	None
208	кто	1302	None	None
209	-	1305	None	None
210	то	1306	None	None
211	предпочитает	1309	None	None
212	торговать	1322	None	None
213	обязательствами	1332	None	None
214	до	1348	None	None
215	последнего	1351	None	None
216	момента	1362	None	None
217	.	1369	None	None
218	Кроме	1371	None	None
219	того	1377	None	None
220	,	1381	None	None
221	ни	1383	None	None
222	один	1386	None	None
223	инвестор	1391	None	None
224	не	1400	None	None
225	хочет	1403	None	None
226	быть	1409	None	None
227	первым	1414	None	None
228	.	1420	None	None
229	О	1422	None	None
230	том	1424	None	None
231	,	1427	None	None
232	что	1429	None	None
233	обмен	1433	coref	18
234	произойдет	1439	None	None
235	,	1449	None	None
236	свидетельствуют	1451	None	None
237	и	1467	None	None
238	цены	1469	coref	19
239	на	1474	coref	19
240	российские	1477	coref	19
241	внешние	1488	coref	19
242	обязательства	1496	coref	19
243	,	1509	None	None
244	которые	1511	coref	19
245	продолжают	1519	None	None
246	расти	1530	None	None
247	.	1535	None	None
