	word	start_char	type	chain_id
0	В	0	None	None
1	Париже	2	None	None
2	на	9	None	None
3	теннисном	12	None	None
4	турнире	22	None	None
5	серии	30	None	None
6	Masters	36	None	None
7	определен	44	None	None
8	следующий	54	None	None
9	соперник	64	None	None
10	Евгения	73	None	None
11	Кафельникова	81	None	None
12	Это	95	None	None
13	австралиец	99	coref	132
14	Марк	110	coref	132
15	Филипуссис	115	coref	132
16	.	125	None	None
17	Матч	127	None	None
18	Филипуссиса	132	coref	132
19	против	144	None	None
20	словака	151	None	None
21	Доминика	159	None	None
22	Хрбаты	168	None	None
23	складывался	175	None	None
24	очень	187	None	None
25	тяжело	193	None	None
26	.	199	None	None
27	Первый	201	None	None
28	сет	208	None	None
29	австралиец	212	coref	132
30	отдал	223	None	None
31	почти	229	None	None
32	без	235	None	None
33	борьбы	239	None	None
34	1	246	None	None
35	:	247	None	None
36	6	248	None	None
37	,	249	None	None
38	а	251	None	None
39	вот	253	None	None
40	в	257	None	None
41	последующих	259	None	None
42	партиях	271	None	None
43	игра	279	None	None
44	шла	284	None	None
45	очко	288	None	None
46	в	293	None	None
47	очко	295	None	None
48	.	299	None	None
49	Дважды	301	None	None
50	дело	308	None	None
51	доходило	313	None	None
52	до	322	None	None
53	тай	325	None	None
54	-	328	None	None
55	брейков	329	None	None
56	,	336	None	None
57	и	338	None	None
58	оба	340	None	None
59	раза	344	None	None
60	Филипуссис	349	coref	132
61	доказывал	360	None	None
62	свое	370	coref	132
63	превосходство	375	None	None
64	7	389	None	None
65	:	390	None	None
66	6	391	None	None
67	,	392	None	None
68	7	394	None	None
69	:	395	None	None
70	6	396	None	None
71	.	397	None	None
72	Еще	399	None	None
73	одним	403	None	None
74	четвертьфиналистом	409	None	None
75	стал	428	None	None
76	итальянец	433	None	None
77	Джанлука	443	None	None
78	Поцци	452	None	None
79	,	457	None	None
80	обыгравший	459	None	None
81	шведа	470	None	None
82	Томаса	476	None	None
83	Энквиста	483	None	None
84	6	492	None	None
85	:	493	None	None
86	2	494	None	None
87	,	495	None	None
88	1	497	None	None
89	:	498	None	None
90	6	499	None	None
91	,	500	None	None
92	7	502	None	None
93	:	503	None	None
94	6	504	None	None
95	.	505	None	None
