	word	start_char	type	chain_id
0	Российский	0	coref	143
1	боксер	11	coref	143
2	-	17	coref	143
3	супертяжеловес	18	coref	143
4	Олег	33	coref	143
5	Маскаев	38	coref	143
6	проиграл	46	None	None
7	в	55	None	None
8	Нью	57	None	None
9	-	60	coref	143
10	Йорке	61	None	None
11	бой	67	None	None
12	канадцу	71	coref	144
13	Кирку	79	coref	144
14	Джонсону	85	coref	144
15	В	95	None	None
16	четвертом	97	None	None
17	раунде	107	None	None
18	Джонсон	114	coref	144
19	нанес	122	None	None
20	Маскаеву	128	coref	143
21	сокрушительный	137	coref	145
22	удар	152	coref	145
23	,	156	None	None
24	после	158	None	None
25	которого	164	coref	145
26	россиянин	173	coref	143
27	не	183	None	None
28	смог	186	None	None
29	подняться	191	None	None
30	на	201	None	None
31	ноги	204	None	None
32	.	208	None	None
33	До	211	None	None
34	этого	214	None	None
35	поединка	220	None	None
36	Маскаев	229	coref	143
37	ни	237	None	None
38	разу	240	None	None
39	не	245	None	None
40	проигрывал	248	None	None
41	на	259	None	None
42	профессиональном	262	None	None
43	ринге	279	None	None
44	и	285	None	None
45	в	287	None	None
46	случае	289	None	None
47	победы	296	None	None
48	мог	303	None	None
49	бросить	307	None	None
50	вызов	315	None	None
51	чемпиону	321	None	None
52	мира	330	None	None
53	по	335	None	None
54	версии	338	None	None
55	WBA	345	None	None
56	-	349	coref	143
57	американцу	351	None	None
58	Эвандеру	362	None	None
59	Холифилду	371	None	None
60	.	380	None	None
61	Однако	383	None	None
62	с	390	None	None
63	самого	392	None	None
64	начала	399	None	None
65	боя	406	None	None
66	преимуществом	410	None	None
67	владел	424	None	None
68	Кирк	431	coref	144
69	Джонсон	436	coref	144
70	.	443	None	None
71	Канадец	445	coref	144
72	трижды	453	None	None
73	посылал	460	None	None
74	Маскаева	468	coref	143
75	в	477	None	None
76	нокдаун	479	None	None
77	,	486	None	None
78	причем	488	None	None
79	в	495	None	None
80	третий	497	None	None
81	раз	504	None	None
82	россиянин	508	coref	143
83	вылетел	518	None	None
84	за	526	None	None
85	пределы	529	None	None
86	ринга	537	None	None
87	.	542	None	None
88	Для	544	None	None
89	Джонсона	548	coref	144
90	нынешняя	557	None	None
91	победа	566	None	None
92	стала	573	None	None
93	31	579	None	None
94	-	581	coref	143
95	й	582	None	None
96	в	584	None	None
97	карьере	586	None	None
98	,	593	None	None
99	причем	595	None	None
100	23	602	None	None
101	из	605	None	None
102	них	608	None	None
103	он	612	coref	144
104	одержал	615	None	None
105	нокаутом	623	None	None
106	.	631	None	None
