	word	start_char	type	chain_id
0	На	0	None	None
1	Кубке	3	None	None
2	Азии	9	coref	116
3	по	14	None	None
4	футболу	17	None	None
5	сборная	25	coref	117
6	Китая	33	coref	117
7	разгромила	39	None	None
8	индонезийцев	50	None	None
9	4	63	None	None
10	:	64	None	None
11	0	65	None	None
12	Стрелка	68	None	None
13	секундомера	76	None	None
14	не	88	None	None
15	успела	91	None	None
16	пробежать	98	None	None
17	первый	108	None	None
18	круг	115	None	None
19	,	119	None	None
20	а	121	None	None
21	счет	123	None	None
22	в	128	None	None
23	матче	130	None	None
24	был	136	None	None
25	уже	140	None	None
26	открыт	144	None	None
27	:	150	None	None
28	отличился	152	None	None
29	Ли	162	None	None
30	Минг	165	None	None
31	.	169	None	None
32	Через	171	None	None
33	6	177	None	None
34	минут	179	None	None
35	Шен	185	None	None
36	Си	189	None	None
37	с	192	None	None
38	пенальти	194	None	None
39	удваивает	203	None	None
40	преимущество	213	None	None
41	китайцев	226	coref	117
42	,	234	None	None
43	а	236	None	None
44	на	238	None	None
45	исходе	241	None	None
46	первой	248	None	None
47	трети	255	None	None
48	тайма	261	None	None
49	Ян	267	None	None
50	Чен	270	None	None
51	сделал	274	None	None
52	счет	281	None	None
53	3	286	None	None
54	:	287	None	None
55	0	288	None	None
56	.	289	None	None
57	Затем	291	None	None
58	бомбардиры	297	coref	117
59	взяли	308	None	None
60	длительный	314	None	None
61	перерыв	325	None	None
62	,	332	None	None
63	и	334	None	None
64	лишь	336	None	None
65	за	341	None	None
66	минуту	344	None	None
67	до	351	None	None
68	финального	354	None	None
69	свистка	365	None	None
70	арбитра	373	None	None
71	Ки	381	None	None
72	Хонг	384	None	None
73	забил	389	None	None
74	четвертый	395	None	None
75	мяч	405	None	None
76	4	409	None	None
77	:	410	None	None
78	0	411	None	None
79	.	412	None	None
80	Позднее	414	None	None
81	состоится	422	None	None
82	еще	432	None	None
83	один	436	None	None
84	матч	441	None	None
85	Кубка	446	None	None
86	Азии	452	coref	116
87	.	456	None	None
88	Сборная	458	None	None
89	Южной	466	None	None
90	Кореи	472	None	None
91	померится	478	None	None
92	силами	488	None	None
93	с	495	None	None
94	командой	497	None	None
95	Кувейта	506	None	None
96	.	513	None	None
