	word	start_char	type	chain_id
0	Заявление	0	None	None
1	руководства	10	None	None
2	«	22	coref	84
3	Медиа	23	coref	84
4	-	28	coref	84
5	Моста	29	coref	84
6	»	34	coref	84
7	В	37	None	None
8	связи	39	None	None
9	с	45	None	None
10	потоком	47	None	None
11	ложной	55	None	None
12	информации	62	None	None
13	по	73	None	None
14	поводу	76	None	None
15	так	83	None	None
16	называемой	87	None	None
17	«	98	coref	84
18	сделки	99	None	None
19	от	106	None	None
20	20	109	None	None
21	июля	112	None	None
22	»	116	coref	84
23	руководство	118	None	None
24	«	130	coref	84
25	Медиа	131	coref	84
26	-	136	coref	84
27	Моста	137	coref	84
28	»	142	coref	84
29	еще	144	None	None
30	раз	148	None	None
31	вынуждено	152	None	None
32	заявить	162	None	None
33	:	169	None	None
34	-	172	coref	84
35	Ложью	174	None	None
36	являются	180	None	None
37	утверждения	189	None	None
38	,	200	None	None
39	что	202	None	None
40	«	206	coref	84
41	Медиа	207	coref	84
42	-	212	coref	84
43	Мост	213	coref	84
44	»	217	coref	84
45	переводил	219	None	None
46	в	229	None	None
47	период	231	None	None
48	переговоров	238	None	None
49	какие	250	None	None
50	-	255	coref	84
51	либо	256	None	None
52	активы	261	None	None
53	за	268	None	None
54	рубеж	271	None	None
55	.	276	None	None
56	-	279	coref	84
57	Ложью	281	None	None
58	являются	287	None	None
59	заявления	296	None	None
60	,	305	None	None
61	что	307	None	None
62	«	311	coref	84
63	Медиа	312	coref	84
64	-	317	coref	84
65	Мост	318	coref	84
66	»	322	coref	84
67	вышел	324	None	None
68	из	330	None	None
69	переговорного	333	None	None
70	процесса	347	None	None
71	с	356	None	None
72	«	358	coref	84
73	Газпромом	359	coref	85
74	»	368	coref	84
75	.	369	None	None
76	«	371	coref	84
77	Медиа	372	coref	84
78	-	377	coref	84
79	Мост	378	coref	84
80	»	382	coref	84
81	вел	384	None	None
82	и	388	None	None
83	готов	390	None	None
84	вести	396	None	None
85	переговоры	402	None	None
86	по	413	None	None
87	урегулированию	416	None	None
88	своей	431	coref	84
89	задолженности	437	None	None
90	.	450	None	None
91	Доказательством	452	None	None
92	этому	468	None	None
93	служат	474	None	None
94	предложения	481	None	None
95	,	492	None	None
96	сделанные	494	None	None
97	Владимиром	504	coref	86
98	Гусинским	515	coref	86
99	на	525	None	None
100	прошлой	528	None	None
101	неделе	536	None	None
102	.	542	None	None
103	-	545	coref	84
104	Ложью	547	None	None
105	также	553	None	None
106	является	559	None	None
107	заявление	568	None	None
108	главы	578	coref	87
109	«	584	coref	84
110	Газпром	585	coref	87
111	-	592	coref	84
112	Медиа	593	coref	84
113	»	598	coref	84
114	Альфреда	600	coref	87
115	Коха	609	coref	87
116	,	613	None	None
117	что	615	None	None
118	единственной	619	None	None
119	целью	632	None	None
120	его	638	coref	87
121	деятельности	642	None	None
122	является	655	None	None
123	спасение	664	None	None
124	независимых	673	None	None
125	СМИ	685	None	None
126	в	689	None	None
127	России	691	coref	88
128	.	697	None	None
129	Декларация	699	None	None
130	о	710	None	None
131	том	712	None	None
132	,	715	None	None
133	что	717	None	None
134	он	721	coref	87
135	пытается	724	None	None
136	лишь	733	None	None
137	разрешить	738	None	None
138	финансовые	748	None	None
139	проблемы	759	None	None
140	между	768	None	None
141	«	774	coref	84
142	Медиа	775	coref	84
143	-	780	coref	84
144	Мостом	781	coref	84
145	»	787	coref	84
146	и	789	None	None
147	«	791	coref	84
148	Газпромом	792	coref	85
149	»	801	coref	84
150	прикрытие	803	None	None
151	политической	813	None	None
152	подоплеки	826	None	None
153	развернувшихся	836	None	None
154	событий	851	None	None
155	.	858	None	None
156	-	861	coref	84
157	Господа	863	None	None
158	Лесин	871	None	None
159	и	877	None	None
160	Кох	879	coref	87
161	лгут	883	None	None
162	,	887	None	None
163	утверждая	889	None	None
164	,	898	None	None
165	что	900	None	None
166	печально	904	coref	89
167	известное	913	coref	89
168	«	923	coref	84
169	Приложение	924	coref	89
170	╧	935	coref	89
171	6	937	coref	89
172	»	938	coref	84
173	составлено	940	None	None
174	по	951	None	None
175	инициативе	954	None	None
176	Гусинского	965	coref	86
177	.	975	None	None
178	Оно	977	coref	89
179	было	981	None	None
180	написано	986	None	None
181	в	995	None	None
182	Кремле	997	None	None
183	и	1004	None	None
184	,	1005	None	None
185	по	1007	None	None
186	замыслу	1010	None	None
187	авторов	1018	None	None
188	,	1025	None	None
189	должно	1027	None	None
190	было	1034	None	None
191	стать	1039	None	None
192	главным	1045	None	None
193	звеном	1053	None	None
194	сделки	1060	None	None
195	«	1067	coref	84
196	свобода	1068	None	None
197	-	1076	coref	84
198	в	1078	None	None
199	обмен	1080	None	None
200	на	1086	None	None
201	акции	1089	None	None
202	»	1094	coref	84
203	.	1095	None	None
204	-	1098	coref	84
205	Господин	1100	coref	87
206	Кох	1109	coref	87
207	лжет	1113	None	None
208	,	1117	None	None
209	утверждая	1119	None	None
210	,	1128	None	None
211	что	1130	None	None
212	якобы	1134	None	None
213	на	1140	None	None
214	переговорах	1143	None	None
215	13	1155	None	None
216	июля	1158	None	None
217	обсуждались	1163	None	None
218	изменения	1175	None	None
219	каких	1185	None	None
220	-	1190	coref	84
221	либо	1191	None	None
222	сумм	1196	None	None
223	так	1201	None	None
224	называемого	1205	None	None
225	«	1217	coref	84
226	откупного	1218	None	None
227	»	1227	coref	84
228	.	1228	None	None
229	На	1230	None	None
230	этих	1233	None	None
231	переговорах	1238	None	None
232	он	1250	coref	87
233	подтвердил	1253	None	None
234	,	1263	None	None
235	что	1265	None	None
236	нет	1269	None	None
237	никаких	1273	None	None
238	экономических	1281	None	None
239	препятствий	1295	None	None
240	для	1307	None	None
241	урегулирования	1311	None	None
242	задолженности	1326	None	None
243	на	1340	None	None
244	основе	1343	None	None
245	предложений	1350	None	None
246	«	1362	coref	84
247	Медиа	1363	coref	84
248	-	1368	coref	84
249	Моста	1369	coref	84
250	»	1374	coref	84
251	.	1375	None	None
252	Однако	1377	None	None
253	эти	1384	None	None
254	предложения	1388	None	None
255	не	1400	None	None
256	устроили	1403	None	None
257	кремлевских	1412	coref	90
258	заказчиков	1424	coref	90
259	его	1435	coref	87
260	услуг	1439	coref	90
261	,	1444	None	None
262	потому	1446	None	None
263	что	1453	None	None
264	им	1457	coref	90
265	нужно	1460	None	None
266	только	1466	None	None
267	одно	1473	None	None
268	:	1477	None	None
269	установить	1479	None	None
270	полный	1490	None	None
271	политический	1497	None	None
272	контроль	1510	None	None
273	над	1519	None	None
274	независимыми	1523	None	None
275	СМИ	1536	None	None
276	.	1539	None	None
277	Мы	1542	coref	84
278	предупреждаем	1545	None	None
279	общественность	1559	None	None
280	в	1574	None	None
281	стране	1576	coref	88
282	и	1583	None	None
283	за	1585	None	None
284	рубежом	1588	None	None
285	:	1595	None	None
286	сегодня	1597	None	None
287	в	1605	None	None
288	России	1607	coref	88
289	решается	1614	None	None
290	судьба	1623	None	None
291	свободы	1630	None	None
292	слова	1638	None	None
293	.	1643	None	None
294	Угроза	1645	None	None
295	превращения	1652	None	None
296	российских	1664	None	None
297	СМИ	1675	None	None
298	в	1679	None	None
299	единую	1681	None	None
300	пропагандистскую	1688	None	None
301	машину	1705	None	None
302	советского	1712	None	None
303	образца	1723	None	None
304	актуальна	1731	None	None
305	как	1741	None	None
306	никогда	1745	None	None
307	.	1752	None	None
308	Доказательством	1754	None	None
309	тому	1770	None	None
310	стала	1775	None	None
311	беспрецедентная	1781	None	None
312	волна	1797	None	None
313	умолчаний	1803	None	None
314	и	1813	None	None
315	лжи	1815	None	None
316	,	1818	None	None
317	обрушившаяся	1820	None	None
318	в	1833	None	None
319	эти	1835	None	None
320	дни	1839	None	None
321	с	1843	None	None
322	экранов	1845	None	None
323	и	1853	None	None
324	страниц	1855	None	None
325	государственных	1863	None	None
326	средств	1879	None	None
327	массовой	1887	None	None
328	информации	1896	None	None
329	.	1906	None	None
