	word	start_char	type	chain_id
0	Израиль	0	coref	205
1	подписал	8	None	None
2	с	17	coref	207
3	палестинцами	19	coref	206
4	соглашение	32	coref	207
5	о	43	coref	207
6	прекращении	45	coref	207
7	огня	57	coref	207
8	Представители	63	None	None
9	вооруженных	77	None	None
10	сил	89	None	None
11	Израиля	93	coref	205
12	подписали	101	None	None
13	сегодня	111	None	None
14	с	119	coref	207
15	руководителями	121	coref	206
16	палестинских	136	coref	206
17	служб	149	coref	206
18	безопасности	155	coref	206
19	соглашение	168	coref	207
20	о	179	coref	207
21	прекращении	181	coref	207
22	огня	193	coref	207
23	.	197	None	None
24	Об	200	None	None
25	этом	203	None	None
26	информирует	208	None	None
27	агентство	220	None	None
28	ЭФЭ	230	None	None
29	со	234	None	None
30	ссылкой	237	None	None
31	на	245	coref	207
32	официальное	248	None	None
33	сообщение	260	None	None
34	.	269	None	None
35	В	271	None	None
36	соответствии	273	None	None
37	с	286	coref	207
38	достигнутой	288	None	None
39	договоренностью	300	None	None
40	,	315	None	None
41	на	317	coref	207
42	Западном	320	coref	208
43	берегу	329	coref	208
44	Иордана	336	coref	208
45	израильская	344	coref	210
46	армия	356	coref	210
47	«	362	None	None
48	вернется	363	None	None
49	на	372	coref	207
50	обычные	375	None	None
51	позиции	383	None	None
52	,	390	None	None
53	занимавшиеся	392	None	None
54	ею	405	coref	210
55	до	408	None	None
56	начала	411	None	None
57	столкновений	418	None	None
58	,	430	None	None
59	и	432	None	None
60	не	434	None	None
61	будет	437	None	None
62	выдвигаться	443	None	None
63	на	455	coref	207
64	новые	458	None	None
65	позиции	464	None	None
66	»	471	None	None
67	.	472	None	None
68	В	475	None	None
69	рамках	477	None	None
70	этого	484	coref	207
71	соглашения	490	coref	207
72	Израиль	501	coref	205
73	начал	509	None	None
74	сегодня	515	None	None
75	выводить	523	None	None
76	свои	532	coref	205
77	бронетанковые	537	None	None
78	части	551	None	None
79	с	557	coref	207
80	Западного	559	coref	208
81	берега	569	coref	208
82	реки	576	coref	208
83	Иордан	581	coref	208
84	-	588	None	None
85	территории	590	coref	211
86	,	600	None	None
87	которая	602	coref	211
88	контролируются	610	None	None
89	Палестинской	625	None	None
90	национальной	638	None	None
91	администрацией	651	None	None
92	.	665	None	None
93	Согласно	667	None	None
94	последним	676	None	None
95	сообщениям	686	None	None
96	,	696	None	None
97	израильские	698	None	None
98	танки	710	None	None
99	покинули	716	None	None
100	Наблус	725	None	None
101	и	732	None	None
102	Рамаллах	734	None	None
103	-	743	None	None
104	арабские	745	coref	212
105	города	754	coref	212
106	,	760	None	None
107	где	762	coref	212
108	в	766	None	None
109	последнюю	768	None	None
110	неделю	778	coref	207
111	происходили	785	None	None
112	самые	797	None	None
113	ожесточенные	803	None	None
114	столкновения	816	None	None
115	палестинцев	829	None	None
116	с	841	coref	207
117	израильской	843	None	None
118	армией	855	None	None
119	.	861	None	None
120	Речь	864	None	None
121	идет	869	None	None
122	о	874	coref	207
123	четвертом	876	coref	207
124	по	886	coref	207
125	счету	889	coref	207
126	соглашении	895	coref	207
127	о	906	coref	207
128	перемирии	908	coref	207
129	с	918	coref	207
130	момента	920	coref	207
131	возникновения	928	coref	207
132	беспорядков	942	coref	207
133	на	954	coref	207
134	палестинских	957	coref	206
135	территориях	970	coref	207
136	неделю	982	coref	207
137	назад	989	coref	207
138	.	994	None	None
139	Три	996	None	None
140	предыдущих	1000	None	None
141	оказались	1011	None	None
142	недолговечными	1021	None	None
143	и	1036	None	None
144	были	1038	None	None
145	в	1043	None	None
146	итоге	1045	None	None
147	сорваны	1051	None	None
148	.	1058	None	None
149	В	1060	None	None
150	результате	1062	None	None
151	стычек	1073	None	None
152	погибли	1080	None	None
153	около	1088	coref	213
154	70	1094	coref	213
155	человек	1097	coref	213
156	,	1104	None	None
157	в	1106	None	None
158	подавляющем	1108	None	None
159	большинстве	1120	None	None
160	-	1132	None	None
161	арабов	1134	coref	214
162	.	1140	None	None
163	Только	1142	None	None
164	за	1149	None	None
165	вчерашний	1152	None	None
166	день	1162	None	None
167	,	1166	None	None
168	по	1168	coref	207
169	данным	1171	None	None
170	палестинских	1178	coref	206
171	источников	1191	None	None
172	,	1201	None	None
173	в	1203	None	None
174	ходе	1205	None	None
175	столкновений	1210	None	None
176	погибли	1223	None	None
177	шестеро	1231	coref	214
178	арабов	1239	coref	214
179	и	1246	None	None
180	более	1248	None	None
181	100	1254	None	None
182	человек	1258	coref	213
183	получили	1266	None	None
184	ранения	1275	None	None
185	.	1282	None	None
