	word	start_char	type	chain_id
0	Бюджет	0	coref	20
1	столицы	7	coref	20
2	на	15	None	None
3	2001	18	None	None
4	год	23	None	None
5	предполагает	27	None	None
6	повышение	40	None	None
7	расходов	50	None	None
8	москвичей	59	coref	22
9	В	70	None	None
10	2001	72	None	None
11	году	77	None	None
12	жителям	82	coref	22
13	столицы	90	coref	20
14	придется	98	None	None
15	раскошелиться	107	None	None
16	.	120	None	None
17	Бюджет	122	coref	20
18	Москвы	129	coref	20
19	,	135	None	None
20	внесенный	137	None	None
21	столичным	147	coref	23
22	правительством	157	coref	23
23	в	172	None	None
24	городскую	174	None	None
25	думу	184	None	None
26	,	188	None	None
27	предусматривает	190	None	None
28	увеличение	206	None	None
29	платы	217	None	None
30	за	223	None	None
31	пассажирский	226	None	None
32	транспорт	239	None	None
33	и	249	None	None
34	жилищно	251	None	None
35	-	258	None	None
36	коммунальные	259	None	None
37	услуги	272	None	None
38	.	278	None	None
39	С	281	None	None
40	3	283	None	None
41	до	285	None	None
42	4	288	None	None
43	рублей	290	None	None
44	планируется	297	None	None
45	повысить	309	None	None
46	в	318	None	None
47	2001	320	None	None
48	году	325	None	None
49	в	330	None	None
50	Москве	332	coref	21
51	плату	339	None	None
52	за	345	None	None
53	проезд	348	None	None
54	в	355	None	None
55	наземном	357	None	None
56	пассажирском	366	None	None
57	транспорте	379	None	None
58	.	389	None	None
59	Проездные	391	None	None
60	билеты	401	None	None
61	подорожают	408	None	None
62	примерно	419	None	None
63	в	428	None	None
64	1	430	None	None
65	,	431	None	None
66	5	432	None	None
67	раза	434	None	None
68	.	438	None	None
69	Расходы	440	None	None
70	на	448	None	None
71	эксплуатацию	451	None	None
72	пассажирского	464	None	None
73	транспорта	478	None	None
74	спроектированы	489	None	None
75	в	504	None	None
76	бюджете	506	None	None
77	в	514	None	None
78	объеме	516	None	None
79	5	523	None	None
80	,	524	None	None
81	8	525	None	None
82	млрд	527	None	None
83	.	531	None	None
84	рублей	533	None	None
85	.	539	None	None
86	Стоимость	541	None	None
87	разовой	551	None	None
88	поездки	559	None	None
89	в	567	None	None
90	столичном	569	None	None
91	метро	579	None	None
92	останется	585	None	None
93	прежней	595	None	None
94	5	603	None	None
95	рублей	605	None	None
96	,	611	None	None
97	но	613	None	None
98	проездные	616	None	None
99	билеты	626	None	None
100	будут	633	None	None
101	стоить	639	None	None
102	в	646	None	None
103	1	648	None	None
104	,	649	None	None
105	3	650	None	None
106	раза	652	None	None
107	дороже	657	None	None
108	.	663	None	None
109	Будут	666	None	None
110	расти	672	None	None
111	и	678	None	None
112	тарифы	680	None	None
113	на	687	None	None
114	жилищно	690	None	None
115	-	697	None	None
116	коммунальные	698	None	None
117	услуги	711	None	None
118	.	717	None	None
119	Размер	719	None	None
120	повышения	726	None	None
121	оплаты	736	None	None
122	пока	743	None	None
123	не	748	None	None
124	определен	751	None	None
125	.	760	None	None
126	Правительство	762	coref	23
127	Москвы	776	coref	20
128	по	783	None	None
129	собственной	786	None	None
130	инициативе	798	None	None
131	не	809	None	None
132	намерено	812	None	None
133	повышать	821	None	None
134	плату	830	None	None
135	,	835	None	None
136	однако	837	None	None
137	,	843	None	None
138	по	845	None	None
139	всей	848	None	None
140	видимости	853	None	None
141	,	862	None	None
142	это	864	None	None
143	придется	868	None	None
144	сделать	877	None	None
145	в	885	None	None
146	связи	887	None	None
147	с	893	None	None
148	подорожанием	895	None	None
149	энергоресурсов	908	None	None
150	в	923	None	None
151	РФ	925	coref	24
152	и	928	None	None
153	регулярным	930	None	None
154	повышением	941	None	None
155	цен	952	None	None
156	ОАО	956	None	None
157	«	960	None	None
158	Газпром	961	None	None
159	»	968	None	None
160	и	970	None	None
161	РАО	972	None	None
162	«	976	None	None
163	ЕЭС	977	None	None
164	России	981	coref	24
165	»	987	None	None
166	,	988	None	None
167	сообщили	990	None	None
168	в	999	None	None
169	мэрии	1001	coref	23
170	.	1006	None	None
