	word	start_char	type	chain_id
0	Бушевавший	0	None	None
1	над	11	None	None
2	Ирландией	15	coref	179
3	циклон	25	coref	181
4	унес	32	None	None
5	жизни	37	None	None
6	двух	43	coref	180
7	человек	48	coref	180
8	Бушевавший	57	None	None
9	над	68	None	None
10	Ирландией	72	coref	179
11	в	82	coref	186
12	понедельник	84	None	None
13	и	96	coref	187
14	вторник	98	None	None
15	циклон	106	coref	181
16	с	113	coref	181
17	Атлантического	115	coref	181
18	океана	130	coref	181
19	,	136	None	None
20	аналогов	138	None	None
21	которому	147	coref	181
22	не	156	None	None
23	было	159	None	None
24	на	164	None	None
25	протяжении	167	None	None
26	последних	178	None	None
27	15	188	None	None
28	лет	191	None	None
29	,	194	None	None
30	унес	196	None	None
31	жизни	201	None	None
32	двух	207	coref	180
33	человек	212	coref	180
34	.	219	None	None
35	Один	221	coref	182
36	из	226	coref	182
37	них	229	coref	180
38	был	233	None	None
39	буквально	237	None	None
40	смыт	247	None	None
41	вышедшей	252	None	None
42	из	261	coref	182
43	берегов	264	None	None
44	горной	272	None	None
45	речкой	279	None	None
46	,	285	None	None
47	а	287	None	None
48	второй	289	coref	183
49	погиб	296	None	None
50	под	302	None	None
51	упавшими	306	None	None
52	на	315	None	None
53	него	318	coref	183
54	массивными	323	coref	184
55	воротами	334	coref	184
56	фермерского	343	coref	184
57	дома	355	coref	184
58	.	359	None	None
59	Они	361	coref	184
60	рухнули	365	None	None
61	под	373	None	None
62	напором	377	None	None
63	ураганного	385	coref	185
64	ветра	396	coref	185
65	,	401	None	None
66	скорость	403	None	None
67	которого	412	coref	185
68	на	421	None	None
69	западном	424	None	None
70	побережье	433	None	None
71	страны	443	coref	179
72	достигала	450	None	None
73	100	460	None	None
74	км	464	None	None
75	в	467	coref	186
76	час	469	None	None
77	.	472	None	None
78	Сейчас	475	None	None
79	погода	482	None	None
80	над	489	None	None
81	Ирландией	493	coref	179
82	нормализуется	503	None	None
83	.	516	None	None
84	Спасательные	518	None	None
85	службы	531	None	None
86	страны	538	coref	179
87	и	545	coref	187
88	армейские	547	None	None
89	подразделения	557	None	None
90	продолжают	571	None	None
91	оказывать	582	None	None
92	помощь	592	None	None
93	жителям	599	None	None
94	ряда	607	None	None
95	затопленных	612	None	None
96	населенных	624	None	None
97	пунктов	635	None	None
98	страны	643	coref	179
99	,	649	None	None
100	в	651	coref	186
101	частности	653	None	None
102	города	663	coref	186
103	Арклоу	670	coref	186
104	в	677	coref	186
105	графстве	679	coref	186
106	Уиклоу	688	coref	186
107	,	694	None	None
108	несколько	696	None	None
109	тысяч	706	None	None
110	жителей	712	None	None
111	которого	720	coref	185
112	были	729	None	None
113	эвакуированы	734	None	None
114	.	746	None	None
115	Восстановлено	748	None	None
116	движение	762	None	None
117	на	771	None	None
118	автомобильных	774	coref	187
119	и	788	coref	187
120	железных	790	coref	187
121	дорогах	799	coref	187
122	страны	807	coref	179
123	,	813	None	None
124	многие	815	None	None
125	участки	822	None	None
126	которых	830	coref	187
127	оказались	838	None	None
128	затопленными	848	None	None
129	в	861	coref	186
130	результате	863	None	None
131	проливных	874	None	None
132	дождей	884	None	None
133	.	890	None	None
134	Правительство	893	None	None
135	Ирландии	907	coref	179
136	приняло	916	None	None
137	решение	924	None	None
138	оказать	932	None	None
139	материальную	940	None	None
140	помощь	953	None	None
141	жителям	960	None	None
142	страны	968	coref	179
143	,	974	None	None
144	пострадавшим	976	None	None
145	в	989	coref	186
146	результате	991	None	None
147	стихийного	1002	None	None
148	бедствия	1013	None	None
149	.	1021	None	None
