	word	start_char	type	chain_id
0	Первая	0	None	None
1	потеря	7	None	None
2	в	14	None	None
3	российской	16	coref	129
4	сборной	27	None	None
5	по	35	None	None
6	плаванию	38	None	None
7	Дмитрий	48	coref	129
8	Чернышов	56	coref	129
9	,	64	coref	129
10	один	66	coref	129
11	из	71	coref	129
12	российской	74	coref	129
13	эстафетной	85	coref	129
14	«	96	coref	129
15	четверки	97	coref	129
16	»	105	coref	129
17	на	107	coref	129
18	дистанции	110	coref	129
19	4х100	120	coref	129
20	метров	126	coref	129
21	,	132	coref	129
22	выбыл	134	None	None
23	из	140	coref	129
24	борьбы	143	None	None
25	.	149	None	None
26	Споткнувшись	151	None	None
27	,	163	coref	129
28	он	165	coref	129
29	сломал	168	None	None
30	ногу	175	None	None
31	и	180	None	None
32	лишился	182	None	None
33	возможности	190	None	None
34	помочь	202	None	None
35	команде	209	coref	130
36	.	216	None	None
37	Четырехкратному	218	coref	131
38	олимпийскому	234	coref	131
39	чемпиону	247	coref	131
40	Александру	256	coref	131
41	Попову	267	coref	131
42	пришлось	274	None	None
43	заменить	283	None	None
44	Чернышова	292	coref	129
45	уже	302	None	None
46	в	306	None	None
47	предварительном	308	None	None
48	заплыве	324	None	None
49	.	331	None	None
50	Напомним	333	None	None
51	,	341	coref	129
52	ранее	343	None	None
53	предполагалось	349	None	None
54	,	363	coref	129
55	что	365	None	None
56	Попов	369	coref	131
57	будет	375	None	None
58	участвовать	381	None	None
59	только	393	None	None
60	в	400	None	None
61	финальном	402	None	None
62	старте	412	None	None
63	.	418	None	None
