	word	start_char	type	chain_id
0	Экс	0	coref	133
1	-	3	coref	133
2	наставник	4	coref	133
3	футбольного	14	coref	133
4	клуба	26	coref	133
5	«	32	coref	133
6	Челси	33	coref	133
7	»	38	coref	133
8	Джанлука	40	coref	133
9	Виалли	49	coref	133
10	мечтает	56	None	None
11	возглавить	64	None	None
12	«	75	coref	133
13	Ювентус	76	coref	134
14	»	83	coref	133
15	Президент	86	coref	135
16	«	96	coref	133
17	Ювентуса	97	coref	134
18	»	105	coref	133
19	Юве	107	coref	135
20	Умберто	111	coref	135
21	Аньелли	119	coref	135
22	и	127	None	None
23	его	129	coref	134
24	наставник	133	coref	133
25	Карло	143	coref	136
26	Анчелотти	149	coref	136
27	не	159	None	None
28	намерены	162	None	None
29	отдавать	171	None	None
30	клуб	180	coref	134
31	в	185	None	None
32	другие	187	None	None
33	руки	194	None	None
34	.	198	None	None
35	«	200	coref	133
36	Джанлука	201	coref	133
37	для	210	None	None
38	всех	214	coref	137
39	нас	219	coref	137
40	лучший	223	None	None
41	друг	230	coref	137
42	,	234	None	None
43	-	236	coref	133
44	сказал	238	None	None
45	Аньелли	245	coref	135
46	.	252	None	None
47	Поэтому	254	None	None
48	мы	262	coref	137
49	желаем	265	None	None
50	друг	272	coref	137
51	другу	277	coref	137
52	всегда	283	None	None
53	только	290	None	None
54	самого	297	None	None
55	хорошего	304	None	None
56	,	312	None	None
57	но	314	None	None
58	что	317	None	None
59	бы	321	None	None
60	Виалли	324	coref	133
61	тренировал	331	None	None
62	сейчас	342	None	None
63	«	349	coref	133
64	Ювентус	350	coref	134
65	»	357	coref	133
66	,	358	None	None
67	извините	360	None	None
68	,	368	None	None
69	но	370	None	None
70	это	373	None	None
71	полный	377	None	None
72	бред	384	None	None
73	.	388	None	None
74	Я	390	coref	135
75	думаю	392	None	None
76	,	397	None	None
77	такая	399	None	None
78	информация	405	None	None
79	в	416	None	None
80	спортивных	418	None	None
81	изданиях	429	None	None
82	могла	438	None	None
83	появиться	444	None	None
84	только	454	None	None
85	от	461	None	None
86	того	464	None	None
87	,	468	None	None
88	что	470	None	None
89	в	474	None	None
90	это	476	None	None
91	время	480	None	None
92	просто	486	None	None
93	не	493	None	None
94	о	496	None	None
95	чем	498	None	None
96	больше	502	None	None
97	писать	509	None	None
98	.	515	None	None
99	Вот	517	None	None
100	и	521	None	None
101	сочиняют	523	None	None
102	журналисты	532	None	None
103	всякие	543	None	None
104	небылицы	550	None	None
105	»	558	coref	133
106	.	559	None	None
107	«	562	coref	133
108	Конечно	563	None	None
109	,	570	None	None
110	об	572	None	None
111	этом	575	None	None
112	мечтают	580	None	None
113	многие	588	None	None
114	,	594	None	None
115	тренировать	596	None	None
116	«	608	coref	133
117	Ювентус	609	coref	134
118	»	616	coref	133
119	,	618	None	None
120	-	620	coref	133
121	сказал	622	None	None
122	Анчелотти	629	coref	136
123	.	638	None	None
124	-	640	coref	133
125	Кому	642	None	None
126	-	646	coref	133
127	то	647	None	None
128	это	650	None	None
129	удается	654	None	None
130	,	661	None	None
131	а	663	None	None
132	кому	665	None	None
133	-	669	coref	133
134	то	670	None	None
135	нет	673	None	None
136	.	676	None	None
137	Очень	678	None	None
138	надеюсь	684	None	None
139	,	691	None	None
140	что	693	None	None
141	для	697	None	None
142	Виалли	701	coref	133
143	такая	708	None	None
144	перспектива	714	None	None
145	и	726	None	None
146	дальше	728	None	None
147	будет	735	None	None
148	оставаться	741	None	None
149	лишь	752	None	None
150	мечтой	757	None	None
151	»	763	coref	133
152	.	764	None	None
