	word	start_char	type	chain_id
0	В	0	None	None
1	Приволжском	2	coref	52
2	округе	14	coref	52
3	будут	21	None	None
4	созданы	27	None	None
5	органы	35	coref	53
6	исполнительной	42	coref	53
7	власти	57	coref	53
8	по	64	coref	53
9	силовым	67	coref	53
10	структурам	75	coref	53
11	Сегодня	87	None	None
12	в	95	coref	54
13	Саранске	97	None	None
14	проходила	106	None	None
15	встреча	116	None	None
16	полномочного	124	coref	54
17	представителя	137	coref	54
18	президента	151	coref	54
19	России	162	coref	54
20	в	169	coref	54
21	Приволжском	171	coref	52
22	округе	183	coref	52
23	Сергея	190	coref	54
24	Кириенко	197	coref	54
25	с	206	None	None
26	руководителями	208	None	None
27	федеральных	223	None	None
28	и	235	None	None
29	местных	237	None	None
30	органов	245	None	None
31	.	252	None	None
32	Полпред	254	coref	54
33	объявил	262	None	None
34	о	270	None	None
35	том	272	None	None
36	,	275	None	None
37	что	277	None	None
38	в	281	coref	54
39	округе	283	coref	52
40	решено	290	None	None
41	создать	297	None	None
42	органы	305	coref	53
43	исполнительной	312	coref	53
44	власти	327	coref	53
45	по	334	coref	53
46	силовым	337	coref	53
47	структурам	345	coref	53
48	.	355	None	None
49	При	357	None	None
50	этом	361	None	None
51	он	366	coref	54
52	пояснил	369	None	None
53	,	376	None	None
54	что	378	None	None
55	ключевой	382	None	None
56	фигурой	391	None	None
57	по	399	coref	53
58	кадровой	402	None	None
59	политике	411	None	None
60	в	420	coref	54
61	этих	422	coref	53
62	структурах	427	coref	53
63	будет	438	None	None
64	главный	444	coref	55
65	федеральный	452	coref	55
66	инспектор	464	coref	55
67	.	473	None	None
68	Ни	475	None	None
69	одно	478	None	None
70	назначение	483	None	None
71	не	494	None	None
72	будет	497	None	None
73	проходить	503	None	None
74	без	513	None	None
75	его	517	coref	52
76	визы	521	None	None
77	.	525	None	None
78	На	527	None	None
79	должность	530	None	None
80	инспектора	540	None	None
81	Мордовии	551	coref	56
82	назначен	560	None	None
83	бывший	569	None	None
84	заместитель	576	None	None
85	председателя	588	None	None
86	правительства	601	None	None
87	республики	615	coref	56
88	по	626	coref	53
89	социальным	629	None	None
90	вопросам	640	None	None
91	Александр	649	None	None
92	Пыков	659	None	None
93	.	664	None	None
94	Кириенко	667	coref	54
95	дал	676	None	None
96	понять	680	None	None
97	,	686	None	None
98	что	688	None	None
99	изменений	692	None	None
100	в	702	coref	54
101	отношениях	704	None	None
102	между	715	None	None
103	центром	721	None	None
104	и	729	None	None
105	округом	731	coref	52
106	не	739	None	None
107	намечается	742	None	None
108	,	752	None	None
109	и	754	None	None
110	его	756	coref	52
111	аппарат	760	None	None
112	не	768	None	None
113	будет	771	None	None
114	вмешиваться	777	None	None
115	в	789	coref	54
116	деятельность	791	None	None
117	регионов	804	None	None
118	.	812	None	None
119	Со	814	None	None
120	своей	817	None	None
121	стороны	823	None	None
122	глава	831	None	None
123	Мордовии	837	coref	56
124	Николай	846	None	None
125	Меркушкин	854	None	None
126	высказал	864	None	None
127	уверенность	873	None	None
128	в	885	coref	54
129	том	887	None	None
130	,	890	None	None
131	что	892	None	None
132	никаких	896	None	None
133	проблем	904	None	None
134	во	912	None	None
135	взаимоотношениях	915	None	None
136	руководства	932	None	None
137	республики	944	coref	56
138	с	955	None	None
139	руководством	957	None	None
140	Приволжского	970	coref	52
141	округа	983	coref	52
142	не	990	None	None
143	будет	993	None	None
144	.	998	None	None
