	word	start_char	type	chain_id
0	Начато	0	None	None
1	расследование	7	None	None
2	причин	21	None	None
3	катастрофы	28	None	None
4	аэробуса	39	coref	164
5	,	47	coref	172
6	упавшего	49	None	None
7	в	58	None	None
8	Персидский	60	None	None
9	залив	71	None	None
10	Авиакомпания	78	None	None
11	«	91	coref	168
12	Галф	92	None	None
13	Эр	97	None	None
14	»	99	coref	168
15	начала	101	None	None
16	расследование	108	None	None
17	причин	122	None	None
18	катастрофы	129	None	None
19	аэробуса	140	coref	164
20	А	149	coref	164
21	-	150	coref	164
22	320	151	coref	164
23	,	154	coref	172
24	унесшей	156	None	None
25	жизни	164	None	None
26	143	170	coref	165
27	человек	174	coref	165
28	.	181	None	None
29	На	183	None	None
30	данный	186	None	None
31	момент	193	None	None
32	,	199	coref	172
33	у	201	None	None
34	экспертов	203	coref	166
35	нет	213	None	None
36	никаких	217	coref	167
37	данных	225	coref	167
38	,	231	coref	172
39	по	233	None	None
40	которым	236	coref	167
41	они	244	coref	166
42	могли	248	None	None
43	бы	254	None	None
44	восстановить	257	None	None
45	достоверную	270	None	None
46	картину	282	None	None
47	катастрофы	290	None	None
48	.	300	None	None
49	Найдены	302	None	None
50	два	310	coref	168
51	«	314	coref	168
52	черных	315	coref	168
53	ящика	322	coref	168
54	»	327	coref	168
55	самолета	329	coref	164
56	,	337	coref	172
57	однако	339	None	None
58	данные	346	None	None
59	самописцев	353	coref	168
60	пока	364	None	None
61	не	369	None	None
62	расшифрованы	372	None	None
63	.	384	None	None
64	Аэробус	387	coref	164
65	,	394	coref	172
66	совершавший	396	None	None
67	рейс	408	None	None
68	из	413	None	None
69	Каира	416	coref	169
70	в	422	None	None
71	Манаму	424	None	None
72	,	430	coref	172
73	упал	432	None	None
74	в	437	None	None
75	море	439	None	None
76	,	443	coref	172
77	заходя	445	None	None
78	на	452	None	None
79	посадку	455	None	None
80	в	463	None	None
81	Международном	465	None	None
82	аэропорту	479	None	None
83	Бахрейна	489	coref	170
84	.	497	None	None
85	Эксперты	499	None	None
86	отмечают	508	None	None
87	,	516	coref	172
88	что	518	None	None
89	пилот	522	coref	171
90	не	528	None	None
91	подавал	531	None	None
92	сигналов	539	None	None
93	бедствия	548	None	None
94	.	556	None	None
95	Тела	559	None	None
96	всех	564	coref	165
97	143	569	coref	165
98	человек	573	coref	165
99	,	580	coref	172
100	находившихся	582	None	None
101	на	595	None	None
102	борту	598	None	None
103	самолета	604	coref	164
104	,	612	coref	172
105	уже	614	None	None
106	извлечены	618	None	None
107	из	628	None	None
108	под	631	None	None
109	обломков	635	None	None
110	.	643	None	None
111	Родственники	645	None	None
112	пассажиров	658	coref	165
113	,	668	coref	172
114	доставленные	670	None	None
115	спецрейсом	683	None	None
116	из	694	None	None
117	Каира	697	coref	169
118	,	702	coref	172
119	уже	704	None	None
120	приступили	708	None	None
121	к	719	None	None
122	опознанию	721	None	None
123	погибших	731	coref	165
124	.	739	None	None
125	В	742	None	None
126	Бахрейн	744	coref	170
127	прибыли	752	None	None
128	эксперты	760	coref	172
129	фирмы	769	coref	172
130	Air	775	coref	172
131	Bus	779	coref	172
132	Industry	783	coref	172
133	,	791	coref	172
134	производителя	793	coref	172
135	этого	807	coref	164
136	самолета	813	coref	164
137	.	821	None	None
138	Они	823	coref	172
139	примут	827	None	None
140	участие	834	None	None
141	в	842	None	None
142	расследовании	844	None	None
143	вместе	858	None	None
144	с	865	None	None
145	представителями	867	None	None
146	Национального	883	None	None
147	совета	897	None	None
148	США	904	None	None
149	по	908	None	None
150	безопасности	911	None	None
151	на	924	None	None
152	транспорте	927	None	None
153	.	937	None	None
154	По	940	None	None
155	одной	943	None	None
156	из	949	None	None
157	неофициальных	952	None	None
158	версий	966	None	None
159	,	972	coref	172
160	катастрофа	974	None	None
161	была	985	None	None
162	вызвана	990	None	None
163	ошибкой	998	None	None
164	пилота	1006	coref	171
165	,	1012	coref	172
166	который	1014	coref	171
167	при	1022	None	None
168	заходе	1026	None	None
169	на	1033	None	None
170	посадку	1036	None	None
171	задел	1044	None	None
172	крылом	1050	None	None
173	поверхность	1057	None	None
174	воды	1069	None	None
175	.	1073	None	None
