	word	start_char	type	chain_id
0	Буре	0	coref	118
1	и	5	None	None
2	Зубов	7	coref	119
3	вторые	13	None	None
4	в	20	coref	120
5	списке	22	None	None
6	претендентов	29	coref	120
7	на	42	coref	120
8	участие	45	coref	120
9	в	53	coref	120
10	матче	55	coref	120
11	«	61	coref	120
12	Звезды	62	coref	120
13	Америки	69	coref	120
14	»	76	coref	120
15	-	77	coref	120
16	Сборная	78	coref	120
17	мира	86	coref	120
18	В	92	None	None
19	четверг	94	None	None
20	были	102	None	None
21	опубликованы	107	None	None
22	данные	120	None	None
23	общественного	127	None	None
24	голосования	141	None	None
25	по	153	None	None
26	поводу	156	None	None
27	претендентов	163	coref	120
28	на	176	coref	120
29	участие	179	coref	120
30	в	187	coref	120
31	Сборной	189	coref	120
32	мира	197	coref	120
33	.	201	None	None
34	Среди	203	None	None
35	крайних	209	None	None
36	нападающий	217	None	None
37	и	228	None	None
38	хоккеистов	230	None	None
39	всех	241	None	None
40	амплуа	246	None	None
41	лидирует	253	None	None
42	Яромир	262	coref	121
43	Ягр	269	coref	121
44	(	273	None	None
45	Чехия	274	None	None
46	)	279	None	None
47	,	280	None	None
48	у	282	None	None
49	него	284	coref	121
50	уже	289	None	None
51	-	293	coref	120
52	123	295	None	None
53	478	299	None	None
54	голоса	303	None	None
55	.	309	None	None
56	За	311	None	None
57	Павла	314	coref	118
58	Буре	320	coref	118
59	(	325	None	None
60	Россия	326	None	None
61	)	332	None	None
62	проголосовали	334	None	None
63	64	348	None	None
64	368	351	None	None
65	человека	355	None	None
66	,	363	None	None
67	это	365	None	None
68	почти	369	None	None
69	в	375	coref	120
70	два	377	None	None
71	раза	381	None	None
72	меньше	386	None	None
73	,	392	None	None
74	чем	394	None	None
75	за	398	None	None
76	чеха	401	coref	121
77	.	405	None	None
78	Третьим	407	None	None
79	идет	415	None	None
80	Теему	420	coref	122
81	Селянне	426	coref	122
82	(	434	None	None
83	Финляндия	435	None	None
84	)	444	None	None
85	.	445	None	None
86	Центрфорвард	447	coref	123
87	Петер	460	coref	123
88	Форсберг	466	coref	123
89	(	475	None	None
90	Швеция	476	None	None
91	)	482	None	None
92	занял	484	None	None
93	первое	490	None	None
94	место	497	None	None
95	среди	503	None	None
96	центральных	509	None	None
97	нападающих	521	None	None
98	.	531	None	None
99	Он	533	coref	123
100	набрал	536	None	None
101	89	543	None	None
102	075	546	None	None
103	голосов	550	None	None
104	.	557	None	None
105	Далее	559	None	None
106	Сергей	565	coref	119
107	Федоров	572	coref	124
108	(	580	None	None
109	Россия	581	None	None
110	)	587	None	None
111	42	589	None	None
112	784	592	None	None
113	голос	596	None	None
114	.	601	None	None
115	Среди	603	None	None
116	защитников	609	None	None
117	впереди	620	None	None
118	всех	628	None	None
119	Никлас	633	coref	125
120	Лидстрем	640	coref	125
121	(	649	None	None
122	Швеция	650	None	None
123	)	656	None	None
124	99	658	None	None
125	590	661	None	None
126	голосов	665	None	None
127	,	672	None	None
128	второй	674	None	None
129	Сергей	681	coref	119
130	Зубов	688	coref	119
131	(	694	None	None
132	Россия	695	None	None
133	)	701	None	None
134	67	703	None	None
135	898	706	None	None
136	голосов	710	None	None
137	,	717	None	None
138	далее	719	None	None
139	Сандис	725	coref	126
140	Озолиньш	732	coref	126
141	(	741	None	None
142	Латвия	742	None	None
143	)	748	None	None
144	66	750	None	None
145	582	753	None	None
146	голосов	757	None	None
147	.	764	None	None
148	У	766	None	None
149	вратарей	768	None	None
150	лидер	777	None	None
151	,	782	None	None
152	вполне	784	None	None
153	естественно	791	None	None
154	,	802	None	None
155	Доминик	804	coref	127
156	Гашек	812	coref	127
157	(	818	None	None
158	Чехия	819	None	None
159	)	824	None	None
160	.	825	None	None
161	У	827	None	None
162	пятикратного	829	coref	127
163	обладателя	842	coref	127
164	Vezina	853	coref	127
165	Trophy	860	coref	127
166	-	867	coref	120
167	96	869	None	None
168	796	872	None	None
169	голосов	876	None	None
170	.	883	None	None
171	Вторым	885	None	None
172	идет	892	None	None
173	Томми	897	coref	128
174	Сало	903	coref	128
175	(	908	None	None
176	Швеция	909	None	None
177	)	915	None	None
178	60	917	None	None
179	834	920	None	None
180	голос	924	None	None
181	.	929	None	None
