	word	start_char	type	chain_id
0	Американский	0	coref	67
1	спутник	13	coref	67
2	Quick	21	coref	67
3	Bird	27	coref	67
4	упал	32	None	None
5	на	37	None	None
6	территории	40	None	None
7	Бразилии	51	coref	68
8	По	61	None	None
9	неподтвержденным	64	None	None
10	данным	81	None	None
11	,	87	coref	72
12	спутник	89	coref	67
13	Quick	97	coref	67
14	Bird	103	coref	67
15	американской	108	coref	67
16	корпорации	121	coref	67
17	Earth	132	coref	67
18	watch	138	coref	67
19	,	143	coref	72
20	запущенный	145	None	None
21	сегодня	156	None	None
22	на	164	None	None
23	с	167	None	None
24	космодрома	169	coref	70
25	в	180	coref	70
26	Плесецке	182	coref	70
27	,	190	coref	72
28	упал	192	None	None
29	на	197	None	None
30	территории	200	None	None
31	Бразилии	211	coref	68
32	,	219	coref	72
33	сообщает	221	None	None
34	НТВ	230	None	None
35	.	233	None	None
36	Компания	236	coref	69
37	Earth	245	coref	67
38	watch	251	coref	67
39	уже	257	None	None
40	во	261	None	None
41	второй	264	None	None
42	раз	271	None	None
43	пытается	275	None	None
44	запустить	284	None	None
45	свой	294	coref	67
46	спутник	299	coref	67
47	с	307	None	None
48	российского	309	coref	70
49	космодрома	321	coref	70
50	.	331	None	None
51	И	333	None	None
52	во	335	None	None
53	второй	338	None	None
54	раз	345	None	None
55	запуск	349	None	None
56	кончается	356	None	None
57	неудачей	366	None	None
58	.	374	None	None
59	В	376	None	None
60	первом	378	None	None
61	случае	385	None	None
62	это	392	None	None
63	произошло	396	None	None
64	по	406	None	None
65	вине	409	None	None
66	американской	414	coref	67
67	стороны	427	coref	69
68	.	434	None	None
69	Что	436	None	None
70	же	440	None	None
71	касается	443	None	None
72	происшедшего	452	None	None
73	со	465	None	None
74	спутником	468	coref	67
75	Quick	478	coref	67
76	Bird	484	coref	67
77	,	488	coref	72
78	то	490	None	None
79	сейчас	493	None	None
80	создана	500	None	None
81	специальная	508	None	None
82	комиссия	520	None	None
83	по	529	None	None
84	расследованию	532	None	None
85	инцидента	546	None	None
86	.	555	None	None
87	В	558	None	None
88	космос	560	None	None
89	Quick	567	coref	67
90	Bird	573	coref	67
91	вывел	578	None	None
92	ракетоноситель	584	coref	72
93	«	599	coref	72
94	Космос	600	coref	72
95	»	606	coref	72
96	,	607	coref	72
97	один	609	coref	72
98	из	614	coref	72
99	самых	617	coref	72
100	надежных	623	coref	72
101	в	632	coref	70
102	арсенале	634	coref	72
103	российской	643	coref	72
104	армии	654	coref	72
105	.	659	None	None
106	Первая	661	None	None
107	ступень	668	None	None
108	ракеты	676	coref	72
109	,	682	coref	72
110	названная	684	None	None
111	«	694	coref	72
112	Р	695	coref	72
113	-	696	coref	72
114	14	697	coref	72
115	»	699	coref	72
116	,	700	coref	72
117	поступила	702	None	None
118	на	712	None	None
119	вооружение	715	None	None
120	в	726	coref	70
121	конце	728	None	None
122	50	734	None	None
123	-	736	coref	72
124	х	737	None	None
125	годов	739	None	None
126	.	744	None	None
127	Американская	746	coref	69
128	компания	759	coref	69
129	Earth	768	coref	67
130	watch	774	coref	67
131	,	779	coref	72
132	торгующая	781	None	None
133	точными	791	None	None
134	фотографиями	799	None	None
135	земной	812	None	None
136	поверхности	819	None	None
137	,	830	coref	72
138	выбрала	832	None	None
139	именно	840	None	None
140	ракету	847	coref	72
141	«	854	coref	72
142	Космос	855	coref	72
143	»	861	coref	72
144	для	863	None	None
145	запуска	867	None	None
146	своего	875	coref	67
147	спутника	882	coref	67
148	.	890	None	None
149	При	893	None	None
150	транспортировке	897	None	None
151	спутника	913	coref	67
152	в	922	coref	70
153	Плесецк	924	coref	70
154	американцы	932	coref	69
155	тщательно	943	None	None
156	наблюдали	953	None	None
157	за	963	None	None
158	тем	966	None	None
159	,	969	coref	72
160	чтобы	971	None	None
161	с	977	None	None
162	аппаратом	979	coref	67
163	обращались	989	None	None
164	исключительно	1000	None	None
165	бережно	1014	None	None
166	.	1021	None	None
167	Они	1023	coref	69
168	сами	1027	None	None
169	готовили	1032	None	None
170	Quick	1041	coref	67
171	Bird	1047	coref	67
172	к	1052	None	None
173	запуску	1054	None	None
174	,	1061	coref	72
175	не	1063	None	None
176	подпуская	1066	None	None
177	российских	1076	None	None
178	специалистов	1087	None	None
179	.	1099	None	None
180	Закладка	1101	None	None
181	спутника	1110	coref	67
182	в	1119	coref	70
183	ракету	1121	coref	72
184	и	1128	None	None
185	вывоз	1130	None	None
186	на	1136	None	None
187	старт	1139	None	None
188	также	1145	None	None
189	тщательно	1151	None	None
190	контролировались	1161	None	None
191	американской	1178	coref	67
192	службой	1191	None	None
193	безопасности	1199	None	None
194	.	1211	None	None
195	Из	1214	None	None
196	-	1216	coref	72
197	за	1217	None	None
198	неготовности	1220	None	None
199	норвежской	1233	None	None
200	станции	1244	None	None
201	наземного	1252	None	None
202	слежения	1262	None	None
203	старт	1271	None	None
204	ракетоносителя	1277	coref	72
205	«	1292	coref	72
206	Космос	1293	coref	72
207	`	-1	coref	72
208	`	-1	coref	72
209	пришлось	1302	None	None
210	отложить	1311	None	None
211	на	1320	None	None
212	час	1323	None	None
213	.	1326	None	None
214	В	1328	None	None
215	час	1330	None	None
216	ночи	1334	None	None
217	башня	1339	None	None
218	обслуживания	1345	None	None
219	отошла	1358	None	None
220	в	1365	coref	70
221	сторону	1367	None	None
222	,	1374	coref	72
223	оставив	1376	None	None
224	ракету	1384	coref	72
225	в	1391	coref	70
226	полной	1393	None	None
227	готовности	1400	None	None
228	на	1411	None	None
229	стартовом	1414	None	None
230	столе	1424	None	None
231	.	1429	None	None
232	В	1431	None	None
233	два	1433	None	None
234	часа	1437	None	None
235	ночи	1442	None	None
236	заработали	1447	None	None
237	двигатели	1458	None	None
238	,	1467	coref	72
239	и	1469	None	None
240	на	1471	None	None
241	десятой	1474	None	None
242	минуте	1482	None	None
243	полета	1489	None	None
244	спутник	1496	coref	67
245	был	1504	None	None
246	выведен	1508	None	None
247	на	1516	None	None
248	орбиту	1519	None	None
249	.	1525	None	None
250	Связь	1528	None	None
251	с	1534	None	None
252	аппаратом	1536	coref	67
253	была	1546	None	None
254	потеряна	1551	None	None
255	после	1560	None	None
256	второго	1566	None	None
257	витка	1574	None	None
258	.	1579	None	None
259	Еще	1581	None	None
260	несколькими	1585	None	None
261	витками	1597	None	None
262	позже	1605	None	None
263	надежды	1611	None	None
264	на	1619	None	None
265	то	1622	None	None
266	,	1624	coref	72
267	что	1626	None	None
268	запуск	1630	None	None
269	прошел	1637	None	None
270	успешно	1644	None	None
271	,	1651	coref	72
272	не	1653	None	None
273	осталось	1656	None	None
274	.	1664	None	None
275	Наземные	1666	None	None
276	службы	1675	None	None
277	космодрома	1682	coref	70
278	Плесецк	1693	coref	70
279	отработали	1701	None	None
280	безупречно	1712	None	None
281	,	1722	coref	72
282	и	1724	None	None
283	у	1726	None	None
284	американцев	1728	coref	69
285	,	1739	coref	72
286	истративших	1741	None	None
287	60	1753	None	None
288	млн	1756	None	None
289	.	1759	None	None
290	долларов	1761	None	None
291	на	1770	None	None
292	Quick	1773	coref	67
293	Bird	1779	coref	67
294	,	1783	coref	72
295	претензии	1785	None	None
296	могут	1795	None	None
297	быть	1801	None	None
298	только	1806	None	None
299	к	1813	None	None
300	производителю	1815	None	None
301	ракеты	1829	coref	72
302	≈	1836	None	None
303	омскому	1838	None	None
304	объединению	1846	None	None
305	«	1858	coref	72
306	Полет	1859	None	None
307	»	1864	coref	72
308	.	1865	None	None
