	word	start_char	type	chain_id
0	Недалеко	0	None	None
1	от	9	None	None
2	Биробиджана	12	coref	57
3	обнаружена	24	None	None
4	таежная	35	coref	58
5	плантация	43	coref	58
6	конопли	53	coref	58
7	В	62	None	None
8	Еврейском	64	coref	59
9	автономном	74	coref	59
10	округе	85	coref	59
11	,	91	None	None
12	недалеко	93	None	None
13	от	102	None	None
14	Биробиджана	105	coref	57
15	,	116	None	None
16	обнаружена	118	None	None
17	плантация	129	coref	58
18	конопли	139	coref	58
19	.	146	None	None
20	База	148	coref	60
21	для	153	coref	60
22	изготовления	157	coref	60
23	всевозможных	170	coref	60
24	продуктов	183	coref	60
25	из	193	coref	60
26	этого	196	coref	60
27	растения	202	coref	60
28	и	211	coref	62
29	лагерь	213	coref	61
30	для	220	coref	60
31	жилья	224	coref	61
32	работников	230	coref	61
33	разместились	241	None	None
34	в	254	None	None
35	труднодоступном	256	coref	62
36	и	272	coref	62
37	хорошо	274	coref	62
38	замаскированном	281	coref	62
39	таежном	297	coref	62
40	месте	305	coref	62
41	.	310	None	None
42	Здесь	312	coref	62
43	же	318	None	None
44	был	321	None	None
45	обнаружен	325	None	None
46	и	335	coref	62
47	семенной	337	None	None
48	фонд	346	None	None
49	будущих	351	None	None
50	посевов	359	None	None
51	.	366	None	None
52	Как	369	None	None
53	сообщил	373	None	None
54	дальневосточный	381	None	None
55	корреспондент	397	None	None
56	НТВ	411	coref	63
57	,	414	None	None
58	на	416	None	None
59	самой	419	coref	58
60	плантации	425	coref	58
61	«	435	coref	64
62	можно	436	None	None
63	было	442	None	None
64	заблудиться	447	None	None
65	»	458	coref	64
66	-	460	coref	66
67	площадь	462	None	None
68	плантации	470	coref	58
69	составляет	480	None	None
70	несколько	491	None	None
71	сот	501	None	None
72	квадратных	505	None	None
73	метров	516	None	None
74	.	522	None	None
75	Высота	524	None	None
76	травы	531	None	None
77	-	537	coref	66
78	два	539	coref	65
79	метра	543	None	None
80	и	549	coref	62
81	более	551	None	None
82	.	556	None	None
83	Таежная	558	coref	58
84	плантация	566	coref	58
85	работала	576	None	None
86	по	585	None	None
87	замкнутому	588	None	None
88	циклу	599	None	None
89	:	604	None	None
90	посев	606	None	None
91	,	611	None	None
92	выращивание	613	None	None
93	,	624	None	None
94	сушка	626	None	None
95	,	631	None	None
96	получение	633	None	None
97	готовой	643	None	None
98	продукции	651	None	None
99	,	660	None	None
100	заготовка	662	None	None
101	семян	672	None	None
102	и	678	coref	62
103	снова	680	None	None
104	посев	686	None	None
105	.	691	None	None
106	Самих	694	coref	64
107	«	700	coref	64
108	плантаторов	701	coref	64
109	»	712	coref	64
110	в	714	None	None
111	лагере	716	coref	61
112	не	723	None	None
113	оказалось	726	None	None
114	,	735	None	None
115	и	737	coref	62
116	кто	739	None	None
117	они	743	coref	64
118	пока	747	None	None
119	не	752	None	None
120	известно	755	None	None
121	.	763	None	None
122	Задержаны	765	None	None
123	только	775	None	None
124	два	782	coref	65
125	сторожа	786	coref	65
126	.	793	None	None
127	Сторожа	795	coref	65
128	оказались	803	None	None
129	хорошо	813	coref	62
130	вооружены	820	None	None
131	,	829	None	None
132	но	831	None	None
133	применить	834	None	None
134	оружие	844	None	None
135	не	851	None	None
136	успели	854	None	None
137	.	860	None	None
138	В	862	None	None
139	момент	864	None	None
140	задержания	871	None	None
141	оба	882	coref	65
142	были	886	None	None
143	заняты	891	None	None
144	изготовлением	898	None	None
145	гашишного	912	None	None
146	масла	922	None	None
147	на	928	None	None
148	кустарной	931	None	None
149	установке	941	None	None
150	,	950	None	None
151	напоминающей	952	None	None
152	самогонный	965	None	None
153	аппарат	976	None	None
154	.	983	None	None
155	По	986	None	None
156	словам	989	None	None
157	начальника	996	coref	66
158	пресс	1007	coref	66
159	-	1012	coref	66
160	центра	1013	coref	66
161	Дальневосточного	1020	coref	66
162	РУБОП	1037	coref	66
163	Вячеслава	1043	coref	66
164	Суздальцева	1053	coref	66
165	,	1064	None	None
166	подобные	1066	None	None
167	операции	1075	None	None
168	проводятся	1084	None	None
169	ежегодно	1095	None	None
170	,	1103	None	None
171	так	1105	None	None
172	как	1109	None	None
173	Еврейский	1113	coref	59
174	автономный	1123	coref	59
175	округ	1134	coref	59
176	,	1139	None	None
177	наряду	1141	None	None
178	с	1148	None	None
179	Амурской	1150	None	None
180	областью	1159	None	None
181	и	1168	coref	62
182	Хабаровским	1170	None	None
183	краем	1182	None	None
184	,	1187	None	None
185	«	1189	coref	64
186	является	1190	None	None
187	регионом	1199	None	None
188	естественного	1208	None	None
189	распространения	1222	None	None
190	конопли	1238	coref	58
191	»	1245	coref	64
192	.	1246	None	None
193	«	1248	coref	64
194	Однако	1249	None	None
195	то	1256	None	None
196	,	1258	None	None
197	что	1260	None	None
198	в	1264	None	None
199	данном	1266	None	None
200	случае	1273	None	None
201	было	1280	None	None
202	обнаружено	1285	None	None
203	,	1295	None	None
204	поразило	1297	None	None
205	даже	1306	None	None
206	видавших	1311	None	None
207	виды	1320	None	None
208	оперативников	1325	None	None
209	»	1338	coref	64
210	,	1339	None	None
211	сказал	1341	None	None
212	он	1348	coref	66
213	в	1351	None	None
214	интервью	1353	None	None
215	НТВ	1362	coref	63
216	.	1365	None	None
217	Преступники	1368	coref	64
218	успели	1380	None	None
219	снять	1387	None	None
220	урожай	1393	None	None
221	лишь	1400	None	None
222	с	1405	None	None
223	небольшой	1407	None	None
224	части	1417	None	None
225	своего	1423	coref	58
226	поля	1430	coref	58
227	.	1434	None	None
228	Оперативники	1436	None	None
229	приняли	1449	None	None
230	решение	1457	None	None
231	уничтожить	1465	None	None
232	и	1476	coref	62
233	готовую	1478	None	None
234	продукцию	1486	None	None
235	,	1495	None	None
236	и	1497	coref	62
237	саму	1499	coref	58
238	плантацию	1504	coref	58
239	.	1513	None	None
240	Базу	1515	coref	60
241	и	1520	coref	62
242	помещение	1522	coref	61
243	для	1532	coref	60
244	жилья	1536	coref	61
245	сожгли	1542	None	None
246	,	1548	None	None
247	а	1550	None	None
248	плантация	1552	coref	58
249	погибла	1562	None	None
250	под	1570	None	None
251	гусеницами	1574	None	None
252	вездехода	1585	None	None
253	.	1594	None	None
