	word	start_char	type	chain_id
0	В	0	None	None
1	Москве	2	None	None
2	проходит	9	None	None
3	второй	18	None	None
4	и	25	coref	42
5	последний	27	None	None
6	день	37	None	None
7	работы	42	None	None
8	7	49	None	None
9	съезда	51	coref	43
10	КПРФ	58	coref	40
11	На	64	None	None
12	второй	67	None	None
13	день	74	None	None
14	работы	79	None	None
15	съезда	86	coref	43
16	КПРФ	93	coref	40
17	намечены	98	None	None
18	выборы	107	None	None
19	нового	114	None	None
20	состава	121	None	None
21	Центрального	129	coref	41
22	комитета	142	coref	41
23	.	150	None	None
24	Накануне	152	None	None
25	появилась	161	None	None
26	информация	171	None	None
27	о	182	None	None
28	возможном	184	None	None
29	снятии	194	None	None
30	со	201	None	None
31	своих	204	coref	42
32	постов	210	None	None
33	секретарей	217	coref	42
34	по	228	coref	42
35	идеологии	231	coref	42
36	и	241	coref	42
37	патриотическому	243	coref	42
38	воспитанию	259	coref	42
39	и	270	coref	42
40	на	272	None	None
41	открытии	275	None	None
42	съезда	284	coref	43
43	его	291	coref	43
44	участники	295	None	None
45	это	305	None	None
46	опровергали	309	None	None
47	и	321	coref	42
48	называли	323	None	None
49	происками	332	None	None
50	средств	342	None	None
51	массовой	350	None	None
52	информации	359	None	None
53	.	369	None	None
54	Cегодня	371	None	None
55	все	379	None	None
56	должно	383	None	None
57	прояснится	390	None	None
58	.	400	None	None
59	Кадровые	402	None	None
60	вопросы	411	None	None
61	будут	419	None	None
62	решаться	425	None	None
63	после	434	None	None
64	обсуждения	440	None	None
65	первоочередных	451	None	None
66	задач	466	None	None
67	принятия	472	None	None
68	документа	481	None	None
69	о	491	None	None
70	задачах	493	None	None
71	КПРФ	501	coref	40
72	на	506	None	None
73	ближайшие	509	None	None
74	три	519	None	None
75	года	523	None	None
76	.	527	None	None
77	Сначала	530	None	None
78	делегаты	538	None	None
79	выберут	547	None	None
80	новый	555	None	None
81	состав	561	None	None
82	Центрального	568	coref	41
83	комитета	581	coref	41
84	,	589	None	None
85	а	591	None	None
86	затем	593	None	None
87	на	599	None	None
88	пленуме	602	None	None
89	будет	610	None	None
90	избран	616	None	None
91	новый	623	None	None
92	президиум	629	None	None
93	,	638	None	None
94	председатель	640	None	None
95	и	653	coref	42
96	заместители	655	None	None
97	ЦК	667	coref	41
98	.	669	None	None
99	Как	672	None	None
100	говорят	676	None	None
101	представители	684	None	None
102	партии	698	coref	40
103	,	704	None	None
104	никаких	706	None	None
105	сенсаций	714	None	None
106	относительно	723	None	None
107	смены	736	None	None
108	лидера	742	None	None
109	КПРФ	749	coref	40
110	ждать	754	None	None
111	не	760	None	None
112	следует	763	None	None
113	.	770	None	None
