	word	start_char	type	chain_id
0	Штеффи	0	coref	1129
1	Граф	7	coref	1129
2	больше	12	None	None
3	нет	19	None	None
4	Она	24	coref	1129
5	оставила	28	None	None
6	теннис	37	None	None
7	,	43	coref	1129
8	рассталась	45	None	None
9	со	56	None	None
10	своим	59	coref	1129
11	давним	65	None	None
12	другом	72	None	None
13	,	78	coref	1129
14	переехала	80	None	None
15	в	90	None	None
16	другую	92	None	None
17	страну	99	None	None
18	и	106	None	None
19	теперь	108	None	None
20	хочет	115	None	None
21	поменять	121	None	None
22	имя	130	coref	1130
23	.	133	None	None
24	Величайшая	135	coref	1129
25	немецкая	146	coref	1129
26	теннисистка	155	coref	1129
27	,	166	coref	1129
28	обладательница	168	coref	1129
29	22	183	coref	1129
30	титулов	186	coref	1129
31	«	194	coref	1129
32	Большого	195	coref	1129
33	шлема	204	coref	1129
34	»	209	coref	1129
35	,	210	coref	1129
36	продержавшаяся	212	None	None
37	на	227	None	None
38	женском	230	None	None
39	теннисном	238	None	None
40	Олимпе	248	None	None
41	рекордные	255	None	None
42	378	265	None	None
43	недель	269	None	None
44	не	276	None	None
45	чувствует	279	None	None
46	себя	289	coref	1129
47	больше	294	None	None
48	Штеффи	301	coref	1129
49	и	308	None	None
50	предпочитает	310	None	None
51	,	322	coref	1129
52	чтобы	324	None	None
53	ее	330	coref	1129
54	называли	333	None	None
55	не	342	None	None
56	иначе	345	None	None
57	,	350	coref	1129
58	как	352	None	None
59	Стефани	356	coref	1130
60	.	363	None	None
61	«	366	coref	1129
62	Мне	367	coref	1129
63	больше	371	None	None
64	нравится	378	None	None
65	это	387	coref	1130
66	имя	391	coref	1130
67	»	394	coref	1129
68	,	395	coref	1129
69	-	397	None	None
70	заявила	399	None	None
71	Граф	407	coref	1129
72	в	412	None	None
73	интервью	414	None	None
74	немецкой	423	None	None
75	газете	432	None	None
76	Handelsblatt	439	None	None
77	.	451	None	None
78	«	453	coref	1129
79	Королева	454	coref	1129
80	тенниса	463	coref	1129
81	»	470	coref	1129
82	не	472	None	None
83	собирается	475	None	None
84	останавливаться	486	None	None
85	на	502	None	None
86	этом	505	None	None
87	,	509	coref	1129
88	и	511	None	None
89	приняла	513	None	None
90	решение	521	None	None
91	переименовать	529	None	None
92	свою	543	coref	1129
93	кампанию	548	None	None
94	Steffi	557	None	None
95	Graf	564	None	None
96	Sport	569	None	None
97	GmbH	575	None	None
98	в	580	None	None
99	Stefanie	582	None	None
100	Graf	591	None	None
101	Marketing	596	None	None
102	GmbH	606	None	None
103	&	611	None	None
104	Co	613	None	None
105	KG	616	None	None
106	.	618	None	None
107	Подобные	620	None	None
108	изменения	629	None	None
109	также	639	None	None
110	коснулись	645	None	None
111	и	655	None	None
112	ее	657	coref	1129
113	интернет	660	None	None
114	-	668	None	None
115	сайта	669	None	None
116	.	674	None	None
