	word	start_char	type	chain_id
0	Никита	0	coref	290
1	Михалков	7	coref	290
2	продюсирует	16	None	None
3	первый	28	coref	291
4	фильм	35	coref	291
5	Олега	41	coref	291
6	Меньшикова	47	coref	291
7	Никита	59	coref	290
8	Михалков	66	coref	290
9	выступит	75	None	None
10	продюсером	84	None	None
11	фильма	95	coref	291
12	Олега	102	coref	291
13	Меньшикова	108	coref	291
14	«	119	coref	291
15	Статский	120	coref	291
16	советник	129	coref	291
17	»	137	coref	291
18	.	138	None	None
19	Экранизация	140	coref	291
20	романа	152	coref	291
21	Бориса	159	coref	291
22	Акунина	166	coref	291
23	станет	174	None	None
24	режиссерским	181	None	None
25	кинодебютом	194	None	None
26	известного	206	coref	292
27	актера	217	coref	292
28	.	223	None	None
29	Сегодня	225	None	None
30	на	233	None	None
31	пресс	236	None	None
32	-	241	None	None
33	конференции	242	None	None
34	Михалков	254	coref	290
35	отметил	263	None	None
36	,	270	None	None
37	что	272	None	None
38	хочет	276	None	None
39	,	281	None	None
40	чтобы	283	None	None
41	первая	289	coref	291
42	режиссерская	296	coref	291
43	работа	309	coref	291
44	Олега	316	coref	291
45	Меньшикова	322	coref	291
46	в	333	coref	291
47	кино	335	coref	291
48	«	340	coref	291
49	началась	341	None	None
50	с	350	None	None
51	по	352	None	None
52	-	354	None	None
53	настоящему	355	None	None
54	хорошего	366	None	None
55	,	374	None	None
56	добротного	376	None	None
57	материала	387	None	None
58	»	396	coref	291
59	,	397	None	None
60	сообщает	399	None	None
61	«	408	coref	291
62	Интерфакс	409	None	None
63	»	418	coref	291
64	.	419	None	None
65	Меньшиков	422	coref	292
66	не	432	None	None
67	только	435	None	None
68	будет	442	None	None
69	руководить	448	None	None
70	съемками	459	None	None
71	«	468	coref	291
72	Статского	469	coref	291
73	советника	479	coref	291
74	»	488	coref	291
75	,	489	None	None
76	но	491	None	None
77	и	494	None	None
78	исполнит	496	None	None
79	в	505	coref	291
80	фильме	507	coref	291
81	главную	514	None	None
82	роль	522	None	None
83	.	526	None	None
84	Эта	528	coref	291
85	картина	532	coref	291
86	станет	540	None	None
87	первой	547	None	None
88	экранизацией	554	None	None
89	романов	567	coref	295
90	Акунина	575	coref	291
91	.	582	None	None
92	Впервые	584	None	None
93	на	592	None	None
94	экране	595	None	None
95	появится	602	None	None
96	герой	611	None	None
97	его	617	coref	294
98	детективов	621	coref	295
99	Эраст	632	None	None
100	Фандорин	638	None	None
101	.	646	None	None
102	Над	648	None	None
103	сценарием	652	None	None
104	фильма	662	coref	291
105	работал	669	None	None
106	сам	677	coref	294
107	автор	681	coref	294
108	.	686	None	None
109	Ранее	689	None	None
110	сообщалось	695	None	None
111	,	705	None	None
112	что	707	None	None
113	снимать	711	None	None
114	«	719	coref	291
115	Статского	720	coref	291
116	советника	730	coref	291
117	»	739	coref	291
118	собирается	741	None	None
119	Никита	752	coref	290
120	Михалков	759	coref	290
121	.	767	None	None
122	Но	769	None	None
123	похоже	772	None	None
124	,	778	None	None
125	у	780	None	None
126	режиссера	782	coref	290
127	другие	792	None	None
128	планы	799	None	None
129	.	804	None	None
130	Он	806	coref	290
131	сообщил	809	None	None
132	,	816	None	None
133	что	818	None	None
134	планирует	822	None	None
135	начать	832	None	None
136	работу	839	None	None
137	над	846	None	None
138	фильмом	850	coref	296
139	«	858	coref	291
140	Утомленные	859	coref	296
141	солнцем	870	coref	296
142	2	878	coref	296
143	»	879	coref	291
144	.	880	None	None
145	По	882	None	None
146	замыслу	885	None	None
147	Михалкова	893	coref	290
148	,	902	None	None
149	действие	904	None	None
150	картины	913	coref	296
151	развернется	921	None	None
152	в	933	coref	291
153	годы	935	None	None
154	Великой	940	None	None
155	Отечественной	948	None	None
156	войны	962	None	None
157	.	967	None	None
158	В	970	None	None
159	1995	972	None	None
160	году	977	None	None
161	драма	982	None	None
162	«	988	coref	291
163	Утомленные	989	coref	296
164	солнцем	1000	coref	296
165	»	1007	coref	291
166	была	1009	None	None
167	удостоена	1014	None	None
168	премии	1024	None	None
169	«	1031	coref	291
170	Оскар	1032	None	None
171	»	1037	coref	291
172	как	1039	None	None
173	лучший	1043	None	None
174	иностранный	1050	None	None
175	фильм	1062	coref	291
176	.	1067	None	None
