	word	start_char	type	chain_id
0	Роберту	0	coref	1525
1	Ханссену	8	coref	1525
2	предъявлено	17	None	None
3	официальное	29	None	None
4	обвинение	41	None	None
5	Бывшему	52	coref	1525
6	сотруднику	60	coref	1525
7	ФБР	71	coref	1525
8	Роберту	75	coref	1525
9	Ханссену	83	coref	1525
10	,	91	None	None
11	арестованному	93	None	None
12	в	107	None	None
13	феврале	109	None	None
14	этого	117	None	None
15	года	123	None	None
16	за	128	None	None
17	шпионаж	131	None	None
18	в	139	None	None
19	пользу	141	None	None
20	советской	148	None	None
21	,	157	None	None
22	а	159	None	None
23	затем	161	None	None
24	и	167	None	None
25	российской	169	None	None
26	разведки	180	None	None
27	,	188	None	None
28	в	190	None	None
29	среду	192	None	None
30	официально	198	None	None
31	предъявлено	209	None	None
32	обвинение	221	None	None
33	по	231	None	None
34	21	234	coref	1526
35	пункту	237	coref	1526
36	,	243	None	None
37	14	245	None	None
38	из	248	None	None
39	которых	251	coref	1526
40	предусматривают	259	None	None
41	наказание	275	None	None
42	вплоть	285	None	None
43	до	292	None	None
44	смертной	295	None	None
45	казни	304	None	None
46	,	309	None	None
47	передает	311	None	None
48	корреспондент	320	None	None
49	РИА	334	None	None
50	«	338	coref	1527
51	Новости	339	None	None
52	»	346	coref	1527
53	.	347	None	None
54	Судья	350	None	None
55	Кен	356	None	None
56	Мелсон	360	None	None
57	указал	367	None	None
58	,	373	None	None
59	что	375	None	None
60	обвинения	379	None	None
61	охватывают	389	None	None
62	период	400	None	None
63	в	407	None	None
64	15	409	None	None
65	лет	412	None	None
66	,	415	None	None
67	в	417	None	None
68	течение	419	None	None
69	которых	427	coref	1526
70	Ханссен	435	coref	1525
71	«	443	coref	1527
72	предавал	444	None	None
73	свою	453	coref	1525
74	родину	458	None	None
75	»	464	coref	1527
76	.	465	None	None
77	Как	468	None	None
78	стало	472	None	None
79	известно	478	None	None
80	накануне	487	None	None
81	,	495	None	None
82	переговоры	497	None	None
83	между	508	None	None
84	представителями	514	None	None
85	обвинения	530	None	None
86	и	540	None	None
87	защиты	542	None	None
88	по	549	None	None
89	юридической	552	coref	1527
90	«	564	coref	1527
91	сделке	565	coref	1527
92	»	571	coref	1527
93	,	572	None	None
94	при	574	None	None
95	которой	578	coref	1527
96	максимальное	586	None	None
97	сотрудничество	599	None	None
98	Ханссена	614	coref	1525
99	со	623	None	None
100	следствием	626	None	None
101	вело	637	None	None
102	бы	642	None	None
103	к	645	None	None
104	смягчению	647	None	None
105	приговора	657	None	None
106	по	667	None	None
107	его	670	coref	1525
108	делу	674	None	None
109	,	678	None	None
110	зашли	680	None	None
111	в	686	None	None
112	тупик	688	None	None
113	и	694	None	None
114	были	696	None	None
115	прерваны	701	None	None
116	.	709	None	None
117	Ханссен	711	coref	1525
118	не	719	None	None
119	признал	722	None	None
120	себя	730	coref	1525
121	виновным	735	None	None
122	по	744	None	None
123	выдвинутым	747	None	None
124	против	758	None	None
125	него	765	coref	1525
126	обвинениям	770	None	None
127	.	780	None	None
128	Предварительные	782	None	None
129	слушания	798	None	None
130	по	807	None	None
131	делу	810	None	None
132	назначены	815	None	None
133	на	825	None	None
134	понедельник	828	None	None
135	.	839	None	None
