	word	start_char	type	chain_id
0	Cегодня	0	None	None
1	в	8	None	None
2	Ленске	10	coref	732
3	госкомиссия	17	None	None
4	рассмотрит	29	None	None
5	вопрос	40	None	None
6	о	47	None	None
7	переносе	49	None	None
8	города	58	coref	732
9	в	65	None	None
10	другое	67	None	None
11	место	74	None	None
12	Якутский	81	coref	732
13	город	90	coref	732
14	Ленск	96	coref	732
15	,	101	None	None
16	который	103	coref	732
17	был	111	None	None
18	полностью	115	None	None
19	затоплен	125	None	None
20	наводнением	134	None	None
21	в	146	None	None
22	Якутии	148	coref	733
23	,	154	None	None
24	возможно	156	None	None
25	,	164	None	None
26	будет	166	None	None
27	возведен	172	None	None
28	в	181	None	None
29	другом	183	None	None
30	месте	190	None	None
31	.	195	None	None
32	Сегодня	197	None	None
33	там	205	coref	732
34	начнут	209	None	None
35	работать	216	None	None
36	федеральная	225	coref	734
37	и	237	coref	734
38	республиканская	239	coref	734
39	рабочие	255	coref	734
40	группы	263	coref	734
41	,	269	None	None
42	задача	271	None	None
43	которых	278	coref	734
44	-	286	None	None
45	определить	288	None	None
46	нанесенный	299	None	None
47	ущерб	310	None	None
48	и	316	coref	734
49	необходимые	318	None	None
50	первоочередные	330	None	None
51	меры	345	None	None
52	для	350	None	None
53	нормализации	354	None	None
54	жизни	367	None	None
55	города	373	coref	732
56	.	379	None	None
57	Однако	382	None	None
58	,	388	None	None
59	как	390	None	None
60	сообщил	394	None	None
61	ИТАР	402	None	None
62	-	406	None	None
63	ТАСС	407	None	None
64	в	412	None	None
65	Якутске	414	coref	732
66	председатель	422	coref	735
67	правительства	435	coref	735
68	Якутии	449	coref	733
69	Василий	456	coref	735
70	Власов	464	coref	735
71	,	470	None	None
72	«	472	None	None
73	им	473	coref	734
74	дано	476	None	None
75	поручение	481	None	None
76	рассмотреть	491	None	None
77	вопрос	503	None	None
78	и	510	coref	734
79	внести	512	None	None
80	в	519	None	None
81	правительство	521	None	None
82	предложение	535	None	None
83	о	547	None	None
84	переносе	549	None	None
85	Ленска	558	coref	732
86	на	565	None	None
87	новое	568	None	None
88	место	574	None	None
89	»	579	None	None
90	.	580	None	None
91	Но	582	None	None
92	,	584	None	None
93	по	586	None	None
94	словам	589	None	None
95	Власова	596	coref	735
96	,	603	None	None
97	если	605	None	None
98	даже	610	None	None
99	решение	615	None	None
100	о	623	None	None
101	переносе	625	None	None
102	будет	634	None	None
103	признано	640	None	None
104	нереальным	649	None	None
105	,	659	None	None
106	никакого	661	None	None
107	нового	670	None	None
108	строительства	677	None	None
109	на	691	None	None
110	старом	694	None	None
111	месте	701	None	None
112	власти	707	None	None
113	осуществлять	714	None	None
114	не	727	None	None
115	будут	730	None	None
116	.	735	None	None
117	В	737	None	None
118	этом	739	None	None
119	случае	744	None	None
120	будет	751	None	None
121	рассматриваться	757	None	None
122	вариант	773	None	None
123	строительства	781	None	None
124	нового	795	None	None
125	микрорайона	802	None	None
126	на	814	None	None
127	возвышенном	817	None	None
128	месте	829	None	None
129	,	834	None	None
130	чтобы	836	None	None
131	исключить	842	None	None
132	вероятность	852	None	None
133	затопления	864	None	None
134	в	875	None	None
135	будущем	877	None	None
136	.	884	None	None
137	В	887	None	None
138	Ленске	889	coref	732
139	и	896	coref	734
140	населенных	898	None	None
141	пунктах	909	None	None
142	Батамай	917	coref	736
143	,	924	None	None
144	Салдыкель	926	coref	737
145	,	935	None	None
146	Нюя	937	coref	738
147	,	940	None	None
148	Натора	942	coref	739
149	,	948	None	None
150	Турукта	950	coref	740
151	полностью	958	None	None
152	разрушены	968	None	None
153	3331	978	None	None
154	и	983	coref	734
155	подлежат	985	None	None
156	восстановлению	994	None	None
157	1831	1009	None	None
158	жилой	1014	None	None
159	дом	1020	None	None
160	.	1023	None	None
161	Повреждены	1025	None	None
162	396	1036	None	None
163	км	1040	None	None
164	линий	1043	None	None
165	электропередач	1049	None	None
166	,	1063	None	None
167	164	1065	None	None
168	трансформаторные	1069	None	None
169	подстанции	1086	None	None
170	,	1096	None	None
171	470	1098	None	None
172	км	1102	None	None
173	линий	1105	None	None
174	связи	1111	None	None
175	,	1116	None	None
176	пять	1118	None	None
177	радиопередающих	1123	None	None
178	станций	1139	None	None
179	.	1146	None	None
180	Необходимо	1148	None	None
181	восстановить	1159	None	None
182	184	1172	None	None
183	км	1176	None	None
184	автодорог	1179	None	None
185	,	1188	None	None
186	два	1190	None	None
187	моста	1194	None	None
188	,	1199	None	None
189	поликлиники	1201	None	None
190	,	1212	None	None
191	больницы	1214	None	None
192	,	1222	None	None
193	фельдшерско	1224	None	None
194	-	1235	None	None
195	акушерские	1236	None	None
196	пункты	1247	None	None
197	,	1253	None	None
198	26	1255	None	None
199	школ	1258	None	None
200	и	1263	coref	734
201	детских	1265	None	None
202	садов	1273	None	None
203	,	1278	None	None
204	а	1280	None	None
205	также	1282	None	None
206	другие	1288	None	None
207	образовательные	1295	None	None
208	учреждения	1311	None	None
209	.	1321	None	None
210	В	1323	None	None
211	пострадавшем	1325	coref	741
212	районе	1338	coref	741
213	проживает	1345	None	None
214	31	1355	None	None
215	тыс	1358	None	None
216	.	1361	None	None
217	человек	1363	None	None
218	.	1370	None	None
