	word	start_char	type	chain_id
0	Израиль	0	coref	1187
1	согласился	8	None	None
2	на	19	None	None
3	возобновление	22	None	None
4	переговоров	36	None	None
5	с	48	None	None
6	палестинцами	50	coref	1188
7	Израиль	64	coref	1187
8	согласился	72	None	None
9	сегодня	83	None	None
10	на	91	None	None
11	возобновление	94	None	None
12	переговоров	108	None	None
13	с	120	None	None
14	палестинцами	122	coref	1188
15	,	134	None	None
16	сообщает	136	None	None
17	ИТАР	145	None	None
18	-	149	None	None
19	ТАСС	150	None	None
20	.	154	None	None
21	Об	157	None	None
22	этом	160	None	None
23	стало	165	None	None
24	известно	171	None	None
25	в	180	None	None
26	субботу	182	None	None
27	по	190	None	None
28	окончанию	193	None	None
29	заседания	203	None	None
30	так	213	None	None
31	называемого	217	None	None
32	«	229	None	None
33	кабинета	230	None	None
34	мира	239	None	None
35	»	243	None	None
36	при	245	None	None
37	израильском	249	coref	1189
38	премьере	261	coref	1189
39	Эхуде	270	coref	1189
40	Бараке	276	coref	1189
41	.	282	None	None
42	Встреча	284	None	None
43	состоялась	292	None	None
44	в	303	None	None
45	его	305	coref	1189
46	личном	309	None	None
47	доме	316	None	None
48	в	321	None	None
49	селении	323	None	None
50	Кохав	331	None	None
51	-	336	None	None
52	Яир	337	None	None
53	близ	341	None	None
54	Тель	346	None	None
55	-	350	None	None
56	Авива	351	None	None
57	.	356	None	None
58	Палестинская	359	coref	1188
59	сторона	372	coref	1188
60	также	380	None	None
61	подтвердила	386	None	None
62	,	397	None	None
63	что	399	None	None
64	переговоры	403	None	None
65	возобновятся	414	None	None
66	в	427	None	None
67	воскресенье	429	None	None
68	под	441	None	None
69	Каиром	445	None	None
70	.	451	None	None
71	Председатель	453	coref	1189
72	израильского	466	coref	1189
73	МИД	479	coref	1189
74	опроверг	483	None	None
75	,	491	None	None
76	однако	493	None	None
77	,	499	None	None
78	что	501	None	None
79	Израиль	505	coref	1187
80	во	513	None	None
81	имя	516	None	None
82	достижения	520	None	None
83	мирного	531	None	None
84	соглашения	539	None	None
85	готов	550	None	None
86	пойти	556	None	None
87	на	562	None	None
88	существенные	565	None	None
89	территориальные	578	None	None
90	уступки	594	None	None
91	.	601	None	None
