	word	start_char	type	chain_id
0	Евгений	0	coref	673
1	Киселев	8	coref	673
2	продолжает	16	None	None
3	судиться	27	None	None
4	за	36	None	None
5	НТВ	39	coref	673
6	Московский	44	coref	675
7	городской	55	coref	675
8	суд	65	coref	675
9	в	69	None	None
10	понедельник	71	None	None
11	рассмотрит	83	None	None
12	кассационную	94	coref	676
13	жалобу	107	coref	676
14	Евгения	114	coref	673
15	Киселева	122	coref	673
16	и	131	coref	676
17	ряда	133	coref	676
18	бывших	138	coref	676
19	членов	145	coref	676
20	Совета	152	coref	673
21	директоров	159	coref	673
22	НТВ	170	coref	673
23	на	174	coref	676
24	решение	177	coref	676
25	Преображенского	185	coref	676
26	суда	201	coref	675
27	столицы	206	coref	676
28	.	213	None	None
29	Этот	215	coref	679
30	суд	220	coref	675
31	20	224	None	None
32	апреля	227	None	None
33	текущего	234	None	None
34	года	243	None	None
35	оставил	248	None	None
36	без	256	None	None
37	удовлетворения	260	None	None
38	иск	275	coref	680
39	бывшего	279	coref	673
40	гендиректора	287	coref	673
41	,	299	coref	673
42	экс	301	coref	673
43	-	304	coref	673
44	председателя	305	coref	673
45	Совета	318	coref	673
46	директоров	325	coref	673
47	НТВ	336	coref	673
48	Евгения	340	coref	673
49	Киселева	348	coref	673
50	,	356	coref	673
51	а	358	coref	680
52	также	360	coref	680
53	ряда	366	coref	676
54	бывших	371	coref	676
55	членов	378	coref	676
56	Совета	385	coref	673
57	директоров	392	coref	673
58	телекомпании	403	coref	674
59	и	416	coref	676
60	иностранного	418	coref	680
61	акционера	431	coref	680
62	НТВ	441	coref	673
63	-	445	coref	673
64	фирмы	447	coref	680
65	Media	453	coref	680
66	Most	459	coref	680
67	Capital	464	coref	680
68	Ltd	472	coref	680
69	.	475	None	None
70	Они	478	coref	682
71	требовали	482	None	None
72	признать	492	None	None
73	недействительным	501	None	None
74	решение	518	coref	676
75	дочерней	526	coref	683
76	структуры	535	coref	683
77	«	545	coref	683
78	Газпром	546	coref	683
79	-	553	coref	673
80	Медиа	554	coref	683
81	»	559	coref	683
82	-	561	coref	673
83	Leadville	563	coref	683
84	Investment	573	coref	683
85	Ltd	584	coref	680
86	.	587	None	None
87	о	589	None	None
88	созыве	591	None	None
89	внеочередного	598	None	None
90	Собрания	612	None	None
91	акционеров	621	None	None
92	НТВ	632	coref	673
93	3	636	None	None
94	апреля	638	None	None
95	.	644	None	None
96	По	646	None	None
97	мнению	649	None	None
98	истцов	656	coref	682
99	,	662	coref	673
100	компания	664	coref	683
101	Leadville	673	coref	683
102	Investment	683	coref	683
103	Ltd	694	coref	680
104	.	697	None	None
105	не	699	None	None
106	вправе	702	None	None
107	была	709	None	None
108	назначать	714	None	None
109	проведение	724	None	None
110	собрания	735	None	None
111	,	743	coref	673
112	передает	745	None	None
113	РИА	754	None	None
114	«	758	coref	683
115	Новости	759	None	None
116	»	766	coref	683
117	.	767	None	None
118	Истцы	769	coref	682
119	утверждали	775	None	None
120	,	785	coref	673
121	что	787	None	None
122	согласно	791	None	None
123	закону	800	None	None
124	об	807	None	None
125	«	810	coref	683
126	Акционерных	811	None	None
127	обществах	823	None	None
128	»	832	coref	683
129	и	834	coref	676
130	уставу	836	None	None
131	НТВ	843	coref	673
132	,	846	coref	673
133	определять	848	None	None
134	дату	859	None	None
135	и	864	coref	676
136	созывать	866	None	None
137	собрание	875	None	None
138	акционеров	884	None	None
139	мог	895	None	None
140	только	899	None	None
141	Совет	906	coref	678
142	директоров	912	coref	673
143	.	922	None	None
144	Однако	924	None	None
145	защита	931	None	None
146	ответчиков	938	coref	683
147	считает	949	None	None
148	,	956	coref	673
149	что	958	None	None
150	эти	962	coref	685
151	утверждения	966	None	None
152	«	978	coref	683
153	не	979	None	None
154	соответствуют	982	None	None
155	действительности	996	None	None
156	и	1013	coref	676
157	решение	1015	coref	676
158	Преображенского	1023	coref	676
159	суда	1039	coref	675
160	без	1044	None	None
161	сомнений	1048	None	None
162	законно	1057	None	None
163	»	1064	coref	683
164	.	1065	None	None
165	На	1068	None	None
166	собрании	1071	None	None
167	акционеров	1080	None	None
168	НТВ	1091	coref	673
169	3	1095	None	None
170	апреля	1097	None	None
171	был	1104	None	None
172	избран	1108	None	None
173	новый	1115	coref	684
174	Совет	1121	coref	678
175	директоров	1127	coref	673
176	телекомпании	1138	coref	674
177	.	1150	None	None
178	Генеральным	1152	None	None
179	директором	1164	None	None
180	НТВ	1175	coref	673
181	был	1179	None	None
182	назначен	1183	None	None
183	Борис	1192	None	None
184	Йордан	1198	None	None
185	,	1204	coref	673
186	а	1206	coref	680
187	главным	1208	None	None
188	редактором	1216	None	None
189	-	1227	coref	673
190	Владимир	1229	None	None
191	Кулистиков	1238	None	None
192	.	1248	None	None
193	Председателем	1250	None	None
194	Совета	1264	coref	673
195	директоров	1271	coref	673
196	НТВ	1282	coref	673
197	стал	1286	None	None
198	Альфред	1291	None	None
199	Кох	1299	None	None
200	.	1302	None	None
201	В	1305	None	None
202	сегодняшнем	1307	None	None
203	интервью	1319	None	None
204	газете	1328	None	None
205	«	1335	coref	683
206	Коммерсант	1336	None	None
207	»	1346	coref	683
208	Евгений	1348	coref	673
209	Киселев	1356	coref	673
210	объясняет	1364	None	None
211	,	1373	coref	673
212	почему	1375	None	None
213	он	1382	coref	673
214	продолжает	1385	None	None
215	судебную	1396	None	None
216	тяжбу	1405	None	None
217	.	1410	None	None
218	По	1412	None	None
219	его	1415	coref	673
220	словам	1419	None	None
221	,	1425	coref	673
222	«	1427	coref	683
223	в	1428	None	None
224	свое	1430	None	None
225	время	1435	None	None
226	,	1440	coref	673
227	подавая	1442	None	None
228	эти	1450	coref	685
229	иски	1454	coref	685
230	,	1458	coref	673
231	мы	1460	coref	682
232	были	1463	None	None
233	абсолютно	1468	None	None
234	убеждены	1478	None	None
235	в	1487	None	None
236	том	1489	None	None
237	,	1492	coref	673
238	что	1494	None	None
239	это	1498	None	None
240	печальное	1502	None	None
241	собрание	1512	None	None
242	акционеров	1521	None	None
243	было	1532	None	None
244	проведено	1537	None	None
245	с	1547	None	None
246	многочисленными	1549	None	None
247	нарушениями	1565	None	None
248	.	1576	None	None
249	Мы	1578	coref	682
250	хотели	1581	None	None
251	добиться	1588	None	None
252	справедливости	1597	None	None
253	для	1612	None	None
254	того	1616	None	None
255	,	1620	coref	673
256	чтобы	1622	None	None
257	получить	1628	None	None
258	некое	1637	None	None
259	моральное	1643	None	None
260	удовлетворение	1653	None	None
261	.	1667	None	None
262	Да	1669	None	None
263	и	1672	coref	676
264	для	1674	None	None
265	общественного	1678	None	None
266	мнения	1692	None	None
267	это	1699	None	None
268	важно	1703	None	None
269	.	1708	None	None
270	Но	1710	None	None
271	особых	1713	None	None
272	иллюзий	1720	None	None
273	насчет	1728	None	None
274	решения	1735	None	None
275	суда	1743	coref	675
276	я	1748	coref	673
277	не	1750	None	None
278	питаю	1753	None	None
279	,	1758	coref	673
280	поскольку	1760	None	None
281	скептически	1770	None	None
282	оцениваю	1782	None	None
283	ситуацию	1791	None	None
284	нашего	1800	None	None
285	судопроизводства	1807	None	None
286	»	1823	coref	683
287	.	1824	None	None
288	Говоря	1827	None	None
289	о	1834	None	None
290	возможности	1836	None	None
291	отзыва	1848	None	None
292	исков	1855	coref	685
293	,	1860	coref	673
294	Евгений	1862	coref	673
295	Киселев	1870	coref	673
296	сказал	1878	None	None
297	:	1884	None	None
298	«	1886	coref	683
299	Если	1887	None	None
300	адвокаты	1892	None	None
301	скажут	1901	None	None
302	мне	1908	coref	673
303	,	1911	coref	673
304	что	1913	None	None
305	реальных	1917	None	None
306	перспектив	1926	None	None
307	у	1937	None	None
308	нас	1939	coref	682
309	в	1943	None	None
310	суде	1945	coref	675
311	нет	1950	None	None
312	никаких	1954	None	None
313	,	1961	coref	673
314	или	1963	None	None
315	же	1967	None	None
316	выяснится	1970	None	None
317	,	1979	coref	673
318	что	1981	None	None
319	есть	1985	None	None
320	какие	1990	coref	686
321	-	1995	coref	673
322	то	1996	coref	686
323	другие	1999	coref	686
324	,	2005	coref	673
325	более	2007	coref	686
326	серьезные	2013	coref	686
327	вопросы	2023	coref	686
328	,	2030	coref	673
329	которыми	2032	coref	686
330	должны	2041	None	None
331	заниматься	2048	None	None
332	наши	2059	coref	682
333	юридическо	2064	None	None
334	-	2074	coref	673
335	правовые	2075	None	None
336	службы	2084	None	None
337	,	2090	coref	673
338	я	2092	coref	673
339	с	2094	None	None
340	легким	2096	None	None
341	сердцем	2103	None	None
342	скажу	2111	None	None
343	:	2116	None	None
344	«	2118	coref	683
345	Ну	2119	None	None
346	что	2122	None	None
347	же	2126	None	None
348	,	2128	coref	673
349	господа	2130	coref	687
350	,	2137	coref	673
351	если	2139	None	None
352	вы	2144	coref	687
353	считаете	2147	None	None
354	,	2155	coref	673
355	что	2157	None	None
356	это	2161	None	None
357	неразумно	2165	None	None
358	и	2175	coref	676
359	нерационально	2177	None	None
360	,	2190	coref	673
361	давайте	2192	None	None
362	об	2200	None	None
363	этом	2203	None	None
364	забудем	2208	None	None
365	»	2215	coref	683
366	.	2216	None	None
