	word	start_char	type	chain_id
0	Германия	0	coref	1441
1	озабочена	9	None	None
2	судьбой	19	None	None
3	НТВ	27	coref	1442
4	Власти	32	coref	1443
5	Германии	39	coref	1441
6	в	48	None	None
7	четверг	50	None	None
8	заявили	58	None	None
9	,	65	None	None
10	что	67	None	None
11	«	71	coref	1448
12	озабочены	72	None	None
13	ситуацией	82	None	None
14	вокруг	92	None	None
15	НТВ	99	coref	1442
16	»	102	coref	1448
17	,	103	None	None
18	и	105	None	None
19	об	107	None	None
20	этом	110	None	None
21	канцлер	115	coref	1444
22	Герхард	123	coref	1444
23	Шредер	131	coref	1444
24	будет	138	None	None
25	говорить	144	None	None
26	с	153	None	None
27	Владимиром	155	coref	1445
28	Путиным	166	coref	1445
29	на	174	None	None
30	следующей	177	None	None
31	неделе	187	None	None
32	,	193	None	None
33	во	195	None	None
34	время	198	None	None
35	визита	204	None	None
36	в	211	None	None
37	Санкт	213	None	None
38	-	218	None	None
39	Петербург	219	None	None
40	.	228	None	None
41	«	231	coref	1448
42	Мы	232	coref	1443
43	наблюдаем	235	None	None
44	за	245	None	None
45	тем	248	None	None
46	,	251	None	None
47	что	253	None	None
48	происходит	257	None	None
49	со	268	None	None
50	свободой	271	None	None
51	слова	280	None	None
52	,	285	None	None
53	и	287	None	None
54	с	289	None	None
55	особой	291	None	None
56	озабоченностью	298	None	None
57	за	313	None	None
58	событиями	316	None	None
59	вокруг	326	None	None
60	НТВ	333	coref	1442
61	.	336	None	None
62	Канцлер	338	coref	1444
63	Шредер	346	coref	1444
64	обсудит	353	None	None
65	эти	361	None	None
66	проблемы	365	None	None
67	с	374	None	None
68	президентом	376	coref	1445
69	Путиным	388	coref	1445
70	»	395	coref	1448
71	,	396	None	None
72	-	398	None	None
73	сказал	400	None	None
74	официальный	407	coref	1446
75	представитель	419	coref	1446
76	правительства	433	coref	1443
77	Германии	447	coref	1441
78	.	455	None	None
79	Речь	458	None	None
80	,	462	None	None
81	таким	464	None	None
82	образом	470	None	None
83	,	477	None	None
84	идет	479	None	None
85	о	484	None	None
86	первой	486	None	None
87	официальной	493	None	None
88	зарубежной	505	None	None
89	реакции	516	None	None
90	на	524	None	None
91	последние	527	None	None
92	события	537	None	None
93	вокруг	545	None	None
94	НТВ	552	coref	1442
95	.	555	None	None
96	Reuters	558	coref	1447
97	,	565	None	None
98	которое	567	coref	1447
99	приводит	575	None	None
100	слова	584	None	None
101	представителя	590	coref	1446
102	властей	604	coref	1443
103	ФРГ	612	coref	1441
104	,	615	None	None
105	сообщает	617	None	None
106	,	625	None	None
107	что	627	None	None
108	он	631	coref	1445
109	также	634	None	None
110	подтвердил	640	None	None
111	,	650	None	None
112	что	652	None	None
113	Герхард	656	coref	1444
114	Шредер	664	coref	1444
115	даст	671	None	None
116	во	676	None	None
117	время	679	None	None
118	визита	685	None	None
119	интервью	692	None	None
120	радио	701	coref	1448
121	«	707	coref	1448
122	Эхо	708	coref	1448
123	Москвы	712	coref	1448
124	»	718	coref	1448
125	,	719	None	None
126	входящей	721	None	None
127	в	730	None	None
128	«	732	coref	1448
129	Медиа	733	None	None
130	-	738	None	None
131	Мост	739	None	None
132	»	743	coref	1448
133	.	744	None	None
134	По	746	None	None
135	данным	749	None	None
136	самой	756	coref	1448
137	станции	762	coref	1448
138	,	769	None	None
139	это	771	None	None
140	интервью	775	None	None
141	будет	784	None	None
142	в	790	None	None
143	эфире	792	None	None
144	9	798	None	None
145	или	800	None	None
146	10	804	None	None
147	апреля	807	None	None
148	,	813	None	None
149	и	815	None	None
150	слушатели	817	None	None
151	уже	827	None	None
152	сейчас	831	None	None
153	могут	838	None	None
154	задавать	844	None	None
155	вопросы	853	None	None
156	канцлеру	861	coref	1444
157	.	869	None	None
158	Reuters	872	coref	1447
159	пишет	880	None	None
160	,	885	None	None
161	что	887	None	None
162	«	891	coref	1448
163	судьба	892	None	None
164	влиятельной	899	coref	1442
165	телекомпании	911	coref	1442
166	НТВ	924	coref	1442
167	,	927	None	None
168	часто	929	None	None
169	критиковавшей	935	None	None
170	правительство	949	None	None
171	,	962	None	None
172	представляется	964	None	None
173	многим	979	None	None
174	тестом	986	None	None
175	на	993	None	None
176	терпимость	996	None	None
177	Путина	1007	coref	1445
178	к	1014	None	None
179	несогласным	1016	None	None
180	,	1027	None	None
181	хотя	1029	None	None
182	Кремль	1034	coref	1445
183	заявляет	1041	None	None
184	,	1049	None	None
185	что	1051	None	None
186	он	1055	coref	1445
187	находится	1058	None	None
188	над	1068	None	None
189	битвой	1072	None	None
190	между	1079	None	None
191	акционерами	1085	None	None
192	НТВ	1097	coref	1442
193	»	1100	coref	1448
194	.	1101	None	None
