	word	start_char	type	chain_id
0	Сына	0	coref	1421
1	Франсуа	5	coref	1421
2	Миттерана	13	coref	1421
3	не	23	None	None
4	выпустили	26	None	None
5	из	36	None	None
6	тюрьмы	39	coref	1423
7	Несмотря	47	None	None
8	на	56	None	None
9	полученное	59	None	None
10	разрешение	70	None	None
11	выйти	81	None	None
12	из	87	None	None
13	тюрьмы	90	coref	1423
14	под	97	None	None
15	залог	101	None	None
16	,	106	None	None
17	сын	108	coref	1421
18	бывшего	112	coref	1421
19	французского	120	coref	1421
20	президента	133	coref	1421
21	Франсуа	144	coref	1421
22	Миттерана	152	coref	1421
23	Жан	162	coref	1421
24	-	165	coref	1421
25	Кристоф	166	coref	1421
26	Миттеран	174	coref	1421
27	остался	183	None	None
28	за	191	None	None
29	решеткой	194	None	None
30	из	203	None	None
31	-	205	coref	1421
32	за	206	None	None
33	отсутствия	209	None	None
34	у	220	None	None
35	него	222	coref	1421
36	достаточной	227	None	None
37	для	239	None	None
38	выплаты	243	None	None
39	залога	251	None	None
40	суммы	258	None	None
41	денег	264	None	None
42	.	269	None	None
43	Постановление	272	None	None
44	об	286	None	None
45	освобождении	289	None	None
46	сына	302	coref	1421
47	бывшего	307	coref	1421
48	президента	315	coref	1421
49	Франции	326	coref	1421
50	под	334	None	None
51	залог	338	None	None
52	было	344	None	None
53	выдано	349	None	None
54	во	356	None	None
55	вторник	359	None	None
56	.	366	None	None
57	Сумма	368	None	None
58	залога	374	None	None
59	составляет	381	None	None
60	5	392	None	None
61	млн	394	None	None
62	.	397	None	None
63	франков	399	None	None
64	(	407	None	None
65	около	408	None	None
66	717	414	None	None
67	тыс	418	None	None
68	.	421	None	None
69	долларов	423	None	None
70	)	431	None	None
71	,	432	None	None
72	передает	434	None	None
73	«	443	None	None
74	Эхо	444	None	None
75	Москвы	448	None	None
76	»	454	None	None
77	со	456	None	None
78	ссылкой	459	None	None
79	на	467	None	None
80	«	470	None	None
81	Интерфакс	471	None	None
82	»	480	None	None
83	.	481	None	None
84	Этим	483	None	None
85	решением	488	None	None
86	ему	497	coref	1421
87	также	501	None	None
88	запрещено	507	None	None
89	общаться	517	None	None
90	со	526	None	None
91	всеми	529	coref	1424
92	,	534	None	None
93	кто	536	coref	1424
94	проходит	540	None	None
95	по	549	None	None
96	этому	552	None	None
97	же	558	None	None
98	делу	561	None	None
99	.	565	None	None
100	54	568	coref	1421
101	-	570	coref	1421
102	летний	571	coref	1421
103	сын	578	coref	1421
104	бывшего	582	coref	1421
105	французского	590	coref	1421
106	президента	603	coref	1421
107	подозревается	614	None	None
108	в	628	None	None
109	причастности	630	None	None
110	к	643	None	None
111	незаконным	645	None	None
112	поставкам	656	None	None
113	оружия	666	None	None
114	в	673	None	None
115	Анголу	675	None	None
116	в	682	None	None
117	период	684	None	None
118	его	691	coref	1421
119	работы	695	None	None
120	советником	702	None	None
121	отца	713	coref	1422
122	по	718	None	None
123	африканским	721	None	None
124	вопросам	733	None	None
125	.	741	None	None
126	В	743	None	None
127	тюремном	745	None	None
128	заключении	754	None	None
129	он	765	coref	1421
130	находится	768	None	None
131	с	778	None	None
132	21	780	None	None
133	декабря	783	None	None
134	прошлого	791	None	None
135	года	800	None	None
136	.	804	None	None
