	word	start_char	type	chain_id
0	Совет	0	coref	421
1	министров	6	coref	421
2	Союзного	16	coref	421
3	государства	25	coref	421
4	России	37	coref	421
5	и	44	coref	421
6	Белоруссии	46	coref	421
7	начал	57	None	None
8	работу	63	None	None
9	в	70	None	None
10	Москве	72	coref	425
11	Сегодня	80	None	None
12	в	88	None	None
13	Москве	90	coref	425
14	открылось	97	None	None
15	заседание	107	coref	426
16	Совета	117	coref	421
17	министров	124	coref	421
18	Союзного	134	coref	421
19	государства	143	coref	421
20	России	155	coref	421
21	и	162	coref	421
22	Белоруссии	164	coref	421
23	,	174	None	None
24	передает	176	None	None
25	«	185	coref	423
26	Интерфакс	186	None	None
27	»	195	None	None
28	.	196	None	None
29	Его	198	coref	426
30	открыл	202	None	None
31	премьер	209	coref	427
32	-	216	coref	421
33	министр	217	coref	427
34	РФ	225	coref	423
35	Михаил	228	coref	427
36	Касьянов	235	coref	427
37	.	243	None	None
38	По	246	None	None
39	его	249	coref	427
40	словам	253	None	None
41	,	259	None	None
42	на	261	None	None
43	нынешнем	264	None	None
44	заседании	273	None	None
45	Совета	283	coref	421
46	министров	290	coref	421
47	будут	300	None	None
48	рассматриваться	306	None	None
49	меры	322	None	None
50	по	327	None	None
51	созданию	330	None	None
52	единых	339	None	None
53	экономических	346	None	None
54	условий	360	None	None
55	для	368	None	None
56	взаимодействия	372	None	None
57	двух	387	coref	422
58	государств	392	coref	422
59	.	402	None	None
60	В	404	None	None
61	том	406	None	None
62	числе	410	None	None
63	переход	416	None	None
64	России	424	coref	421
65	и	431	coref	421
66	Белоруссии	433	coref	421
67	к	444	None	None
68	единой	446	None	None
69	денежной	453	None	None
70	системе	462	None	None
71	.	469	None	None
72	Кроме	472	None	None
73	того	478	None	None
74	,	482	None	None
75	будут	484	None	None
76	рассмотрены	490	None	None
77	вопросы	502	None	None
78	об	510	None	None
79	исполнении	513	None	None
80	бюджета	524	None	None
81	союзного	532	coref	422
82	государства	541	coref	421
83	за	553	None	None
84	2001	556	None	None
85	год	561	None	None
86	и	565	coref	421
87	проект	567	None	None
88	бюджета	574	None	None
89	на	582	None	None
90	2002	585	None	None
91	год	590	None	None
92	.	593	None	None
93	Именно	595	None	None
94	сегодня	602	None	None
95	,	609	None	None
96	в	611	None	None
97	день	613	None	None
98	открытия	618	None	None
99	Совета	627	coref	421
100	министров	634	coref	421
101	Союза	644	coref	421
102	России	650	coref	421
103	и	657	coref	421
104	Белоруссии	659	coref	421
105	,	669	None	None
106	в	671	None	None
107	отношениях	673	None	None
108	Москвы	684	coref	423
109	и	691	coref	421
110	Минска	693	coref	424
111	разгорелся	700	None	None
112	скандал	711	None	None
113	.	718	None	None
114	Из	720	None	None
115	союзного	723	coref	422
116	бюджета	732	None	None
117	исчезли	740	None	None
118	почти	748	None	None
119	200	754	None	None
120	млн	758	None	None
121	.	761	None	None
122	рублей	763	None	None
123	,	769	None	None
124	передает	771	None	None
125	НТВ	780	None	None
126	.	783	None	None
127	Россияне	785	coref	423
128	обвиняют	794	None	None
129	белорусов	803	coref	424
130	в	813	None	None
131	том	815	None	None
132	,	818	None	None
133	что	820	None	None
134	те	824	coref	424
135	не	827	None	None
136	выполняют	830	None	None
137	свои	840	coref	424
138	финансовые	845	None	None
139	обязательства	856	None	None
140	и	870	coref	421
141	перечислили	872	None	None
142	в	884	None	None
143	бюджет	886	None	None
144	всего	893	None	None
145	лишь	899	None	None
146	треть	904	None	None
147	от	910	None	None
148	обещанных	913	None	None
149	денег	923	None	None
150	.	928	None	None
151	Руководство	930	coref	424
152	Белоруссии	942	coref	421
153	в	953	None	None
154	свою	955	coref	424
155	очередь	960	None	None
156	винит	968	None	None
157	Минфин	974	None	None
158	России	981	coref	421
159	в	988	None	None
160	намеренном	990	None	None
161	торможении	1001	None	None
162	союзных	1012	None	None
163	отчислений	1020	None	None
164	и	1031	coref	421
165	выплат	1033	None	None
166	.	1039	None	None
167	Все	1041	coref	428
168	вместе	1045	coref	428
169	говорят	1052	None	None
170	об	1060	None	None
171	неурегулированности	1063	None	None
172	нормативно	1083	None	None
173	-	1093	coref	421
174	правовой	1094	None	None
175	базы	1103	None	None
176	Союза	1108	coref	421
177	России	1114	coref	421
178	и	1121	coref	421
179	Белоруссии	1123	coref	421
180	.	1133	None	None
181	В	1135	None	None
182	среде	1137	None	None
183	российско	1143	coref	421
184	-	1152	coref	421
185	белорусских	1153	coref	421
186	парламентариев	1165	coref	421
187	сейчас	1180	None	None
188	преобладают	1187	None	None
189	пессимистические	1199	None	None
190	настроения	1216	None	None
191	.	1226	None	None
192	По	1228	None	None
193	словам	1231	None	None
194	депутата	1238	None	None
195	Парламентского	1247	None	None
196	собрания	1262	None	None
197	Союза	1271	coref	421
198	России	1277	coref	421
199	и	1284	coref	421
200	Белоруссии	1286	coref	421
201	Натальи	1297	None	None
202	Машеровой	1305	None	None
203	,	1314	None	None
204	«	1316	coref	423
205	Россия	1317	coref	423
206	и	1324	coref	421
207	Белоруссия	1326	coref	424
208	еще	1337	None	None
209	не	1341	None	None
210	готовы	1344	None	None
211	к	1351	None	None
212	тому	1353	None	None
213	,	1357	None	None
214	чтобы	1359	None	None
215	пройти	1365	None	None
216	очень	1372	None	None
217	сложный	1378	None	None
218	политический	1386	None	None
219	путь	1399	None	None
220	»	1403	None	None
221	.	1404	None	None
222	Президент	1406	coref	429
223	белорусского	1416	coref	424
224	Союза	1429	coref	421
225	предпринимателей	1435	coref	429
226	Александр	1452	coref	429
227	Потупа	1462	coref	429
228	уверен	1469	None	None
229	,	1475	None	None
230	что	1477	None	None
231	в	1481	None	None
232	российско	1483	coref	421
233	-	1492	coref	421
234	белорусских	1493	coref	421
235	отношениях	1505	None	None
236	наступают	1516	None	None
237	очень	1526	None	None
238	жесткие	1532	None	None
239	и	1540	coref	421
240	неприятные	1542	None	None
241	для	1553	None	None
242	белорусского	1557	coref	424
243	руководства	1570	coref	424
244	времена	1582	None	None
245	.	1589	None	None
246	В	1591	None	None
247	частности	1593	None	None
248	,	1602	None	None
249	президент	1604	coref	429
250	белорусского	1614	coref	424
251	Союза	1627	coref	421
252	предпринимателей	1633	coref	429
253	отметил	1650	None	None
254	,	1657	None	None
255	что	1659	None	None
256	«	1663	coref	423
257	к	1664	None	None
258	власти	1666	None	None
259	в	1673	None	None
260	России	1675	coref	421
261	пришел	1682	None	None
262	,	1688	None	None
263	в	1690	None	None
264	первую	1692	None	None
265	очередь	1699	None	None
266	,	1706	None	None
267	профессиональный	1708	None	None
268	контролер	1725	None	None
269	,	1734	None	None
270	каковым	1736	None	None
271	является	1744	None	None
272	Владимир	1753	None	None
273	Владимирович	1762	None	None
274	Путин	1775	None	None
275	.	1780	None	None
276	А	1782	None	None
277	у	1784	None	None
278	власти	1786	None	None
279	Белоруссии	1793	coref	421
280	находится	1804	None	None
281	человек	1814	coref	430
282	,	1821	None	None
283	который	1823	coref	430
284	профессионально	1831	None	None
285	борется	1847	None	None
286	со	1855	None	None
287	всеми	1858	None	None
288	формами	1864	None	None
289	контроля	1872	None	None
290	над	1881	None	None
291	собой	1885	coref	430
292	»	1890	None	None
293	.	1891	None	None
294	Официальный	1893	coref	424
295	Минск	1905	coref	424
296	сейчас	1911	None	None
297	все	1918	None	None
298	активнее	1922	None	None
299	отодвигает	1931	None	None
300	желанную	1942	None	None
301	когда	1951	None	None
302	-	1956	coref	421
303	то	1957	None	None
304	интеграцию	1960	None	None
305	.	1970	None	None
306	Президент	1972	coref	429
307	Лукашенко	1982	coref	430
308	в	1992	None	None
309	последнее	1994	None	None
310	время	2004	None	None
311	не	2010	None	None
312	устает	2013	None	None
313	заявлять	2020	None	None
314	о	2029	None	None
315	необходимости	2031	None	None
316	объединяться	2045	None	None
317	на	2058	None	None
318	равных	2061	None	None
319	условиях	2068	None	None
320	.	2076	None	None
321	Между	2078	None	None
322	тем	2084	None	None
323	российское	2088	coref	423
324	руководство	2099	coref	423
325	все	2111	None	None
326	чаще	2115	None	None
327	дает	2120	None	None
328	понять	2125	None	None
329	своему	2132	coref	423
330	белорусскому	2139	coref	424
331	союзнику	2152	coref	424
332	,	2160	None	None
333	что	2162	None	None
334	время	2166	None	None
335	всепрощения	2172	None	None
336	в	2184	None	None
337	отношении	2186	None	None
338	финансовых	2196	None	None
339	и	2207	coref	421
340	политических	2209	None	None
341	долгов	2222	None	None
342	уже	2229	None	None
343	прошло	2233	None	None
344	.	2239	None	None
