	word	start_char	type	chain_id
0	Заявление	0	None	None
1	Тони	10	coref	1190
2	Блэра	15	coref	1190
3	Заявление	22	None	None
4	премьер	32	coref	1190
5	-	39	coref	1190
6	министра	40	coref	1190
7	Великобритании	49	coref	1190
8	Энтони	64	coref	1190
9	Блэра	71	coref	1190
10	в	77	None	None
11	связи	79	None	None
12	с	85	None	None
13	ударами	87	None	None
14	по	95	None	None
15	Афганистану	98	coref	1192
16	Лондон	110	None	None
17	,	116	None	None
18	7	118	None	None
19	октября	120	None	None
20	Я	129	coref	1190
21	подтверждаю	131	None	None
22	,	142	None	None
23	что	144	None	None
24	силы	148	None	None
25	Великобритании	153	coref	1190
26	вовлечены	168	None	None
27	в	178	None	None
28	эту	180	coref	1195
29	операцию	184	None	None
30	.	192	None	None
31	Нет	194	None	None
32	более	198	None	None
33	трудной	204	None	None
34	задачи	212	None	None
35	для	219	None	None
36	премьер	223	coref	1190
37	-	230	coref	1190
38	министра	231	coref	1190
39	Великобритании	240	coref	1190
40	,	254	None	None
41	чем	256	None	None
42	вот	260	None	None
43	такое	264	None	None
44	заявление	270	None	None
45	заявление	280	None	None
46	о	290	None	None
47	том	292	None	None
48	,	295	None	None
49	что	297	None	None
50	наша	301	coref	1191
51	армия	306	None	None
52	,	311	None	None
53	наши	313	coref	1191
54	солдаты	318	coref	1193
55	в	326	None	None
56	войне	328	None	None
57	.	333	None	None
58	Я	335	coref	1190
59	понимаю	337	None	None
60	все	345	coref	1208
61	трудности	349	None	None
62	,	358	None	None
63	связанные	360	None	None
64	с	370	None	None
65	их	372	coref	1193
66	семейным	375	None	None
67	положением	384	None	None
68	.	394	None	None
69	Я	396	coref	1190
70	обращаюсь	398	None	None
71	к	408	None	None
72	семьям	410	None	None
73	,	416	None	None
74	я	418	coref	1190
75	обращаюсь	420	None	None
76	за	430	None	None
77	пониманием	433	None	None
78	.	443	None	None
79	Но	445	None	None
80	это	448	None	None
81	люди	452	None	None
82	отважные	457	None	None
83	,	465	None	None
84	и	467	None	None
85	весь	469	None	None
86	мир	474	None	None
87	испытывает	478	None	None
88	исключительно	489	None	None
89	чувство	503	None	None
90	уважение	511	None	None
91	.	519	None	None
92	Военные	522	None	None
93	действия	530	None	None
94	всегда	539	None	None
95	чреваты	546	None	None
96	,	553	None	None
97	естественно	555	None	None
98	,	566	None	None
99	возможными	568	None	None
100	потерями	579	None	None
101	.	587	None	None
102	Сразу	589	None	None
103	после	595	None	None
104	трагедии	601	None	None
105	11	610	None	None
106	сентября	613	None	None
107	,	621	None	None
108	после	623	None	None
109	ударов	629	None	None
110	по	636	None	None
111	Соединенным	639	coref	1194
112	Штатам	651	coref	1194
113	,	657	None	None
114	мы	659	coref	1191
115	заявили	662	None	None
116	,	669	None	None
117	что	671	None	None
118	мы	675	coref	1191
119	будем	678	None	None
120	в	684	None	None
121	этой	686	None	None
122	борьбе	691	None	None
123	вместе	698	None	None
124	с	705	None	None
125	Соединенными	707	coref	1194
126	Штатами	720	coref	1194
127	.	727	None	None
128	Мы	729	coref	1191
129	познакомились	732	None	None
130	с	746	None	None
131	материалами	748	None	None
132	разведывательными	760	None	None
133	,	777	None	None
134	предоставленными	779	None	None
135	американской	796	None	None
136	администрацией	809	None	None
137	,	823	None	None
138	мы	825	coref	1191
139	уверены	828	None	None
140	,	835	None	None
141	что	837	None	None
142	эти	841	coref	1208
143	удары	845	None	None
144	были	851	None	None
145	нанесены	856	None	None
146	организации	865	coref	1195
147	«	877	coref	1195
148	Аль	878	coref	1195
149	-	881	coref	1190
150	Каида	882	coref	1195
151	»	887	coref	1195
152	,	888	None	None
153	которую	890	coref	1195
154	возглавляет	898	None	None
155	бен	910	coref	1196
156	Ладен	914	coref	1196
157	,	919	None	None
158	и	921	None	None
159	что	923	None	None
160	эта	927	coref	1195
161	организация	931	coref	1195
162	вместе	943	None	None
163	с	950	None	None
164	ее	952	coref	1195
165	лидером	955	coref	1196
166	поддерживается	963	None	None
167	движением	978	coref	1197
168	«	988	coref	1195
169	Талибан	989	coref	1197
170	»	996	coref	1195
171	,	997	None	None
172	ныне	999	None	None
173	руководящем	1004	None	None
174	в	1016	None	None
175	Афганистане	1018	coref	1192
176	.	1029	None	None
177	Мы	1032	coref	1191
178	обращались	1035	None	None
179	к	1046	None	None
180	«	1048	coref	1195
181	Талибану	1049	coref	1197
182	»	1057	coref	1195
183	,	1058	None	None
184	мы	1060	coref	1191
185	им	1063	coref	1197
186	говорили	1066	None	None
187	:	1074	None	None
188	либо	1076	None	None
189	они	1081	coref	1197
190	борются	1085	None	None
191	с	1093	None	None
192	терроризмом	1095	None	None
193	и	1107	None	None
194	выдают	1109	None	None
195	террористов	1116	None	None
196	,	1127	None	None
197	либо	1129	None	None
198	они	1134	coref	1197
199	должны	1138	None	None
200	будут	1145	None	None
201	жить	1151	None	None
202	с	1156	None	None
203	последствиями	1158	None	None
204	.	1171	None	None
205	Они	1173	coref	1194
206	выбрали	1177	None	None
207	сторону	1185	None	None
208	террора	1193	None	None
209	.	1200	None	None
210	В	1203	None	None
211	операции	1205	coref	1198
212	,	1213	None	None
213	в	1215	None	None
214	которой	1217	coref	1198
215	мы	1225	coref	1191
216	участвуем	1228	None	None
217	,	1237	None	None
218	три	1239	None	None
219	части	1243	None	None
220	военная	1249	None	None
221	,	1256	None	None
222	дипломатическая	1258	None	None
223	и	1274	None	None
224	гуманитарная	1276	None	None
225	.	1288	None	None
226	Военная	1290	None	None
227	это	1298	None	None
228	значит	1302	None	None
229	,	1308	None	None
230	мы	1310	coref	1191
231	будем	1313	None	None
232	бить	1319	None	None
233	по	1324	None	None
234	всем	1327	coref	1199
235	объектам	1332	None	None
236	,	1340	None	None
237	по	1342	None	None
238	всем	1345	coref	1199
239	целям	1350	coref	1199
240	,	1355	None	None
241	которые	1357	coref	1199
242	мы	1365	coref	1191
243	уверены	1368	None	None
244	являются	1376	None	None
245	центрами	1385	None	None
246	террористов	1394	None	None
247	.	1405	None	None
248	Этот	1407	coref	1200
249	военный	1412	coref	1200
250	план	1420	coref	1200
251	,	1424	None	None
252	он	1426	coref	1200
253	сделан	1429	None	None
254	так	1436	None	None
255	,	1439	None	None
256	чтобы	1441	None	None
257	было	1447	None	None
258	минимальным	1452	None	None
259	количество	1464	None	None
260	жертв	1475	None	None
261	среди	1481	None	None
262	гражданского	1487	None	None
263	населения	1500	None	None
264	.	1509	None	None
265	Но	1511	None	None
266	мы	1514	coref	1191
267	будем	1517	None	None
268	очень	1523	None	None
269	целеустремленны	1529	None	None
270	в	1545	None	None
271	нашем	1547	coref	1191
272	действии	1553	None	None
273	.	1561	None	None
274	Мы	1563	coref	1191
275	обязаны	1566	None	None
276	разрушить	1574	None	None
277	эту	1584	coref	1195
278	организацию	1588	coref	1195
279	«	1600	coref	1195
280	Аль	1601	coref	1195
281	-	1604	coref	1190
282	Каида	1605	coref	1195
283	»	1610	coref	1195
284	и	1612	None	None
285	мы	1614	coref	1191
286	обязаны	1617	None	None
287	бороться	1625	None	None
288	со	1634	None	None
289	всеми	1637	None	None
290	теми	1643	None	None
291	,	1647	None	None
292	которые	1649	coref	1199
293	финансируют	1657	None	None
294	его	1669	coref	1195
295	террористическую	1673	coref	1195
296	организацию	1690	coref	1195
297	.	1701	None	None
298	Соединенные	1704	coref	1194
299	Штаты	1716	coref	1194
300	обратились	1722	None	None
301	к	1733	None	None
302	нам	1735	coref	1191
303	с	1739	None	None
304	просьбой	1741	None	None
305	,	1749	None	None
306	чтобы	1751	None	None
307	мы	1757	coref	1191
308	предоставили	1760	None	None
309	наши	1773	coref	1191
310	военные	1778	None	None
311	возможности	1786	None	None
312	Америке	1798	coref	1194
313	и	1806	None	None
314	стали	1808	None	None
315	настоящими	1814	None	None
316	военными	1825	None	None
317	союзниками	1834	None	None
318	в	1845	None	None
319	этой	1847	None	None
320	операции	1852	coref	1198
321	мы	1861	coref	1191
322	согласились	1864	None	None
323	.	1875	None	None
324	Они	1877	coref	1194
325	смогут	1881	None	None
326	пользоваться	1888	None	None
327	нашими	1901	coref	1191
328	военными	1908	None	None
329	возможностями	1917	None	None
330	в	1931	None	None
331	течение	1933	None	None
332	всей	1941	None	None
333	операции	1946	coref	1198
334	.	1954	None	None
335	Естественно	1956	None	None
336	,	1967	None	None
337	Соединенные	1969	coref	1194
338	Штаты	1981	coref	1194
339	являются	1987	None	None
340	лидерами	1996	None	None
341	этой	2005	None	None
342	операции	2010	coref	1198
343	.	2018	None	None
344	Вместе	2020	None	None
345	с	2027	None	None
346	Великобританией	2029	coref	1191
347	Франция	2045	coref	1201
348	,	2052	None	None
349	Германия	2054	coref	1202
350	,	2062	None	None
351	Австралия	2064	coref	1203
352	и	2074	None	None
353	Канада	2076	coref	1204
354	тоже	2083	None	None
355	стали	2088	None	None
356	союзниками	2094	None	None
357	Соединенных	2105	coref	1194
358	Штатов	2117	coref	1194
359	в	2124	None	None
360	этой	2126	None	None
361	операции	2131	coref	1198
362	.	2139	None	None
363	Но	2141	None	None
364	это	2144	None	None
365	широкая	2148	None	None
366	коалиция	2156	coref	1205
367	,	2164	None	None
368	эта	2166	coref	1195
369	коалиция	2170	coref	1205
370	не	2179	None	None
371	включает	2182	None	None
372	в	2191	None	None
373	себя	2193	None	None
374	только	2198	None	None
375	те	2205	coref	1206
376	страны	2208	coref	1206
377	,	2214	None	None
378	которые	2216	coref	1199
379	ведут	2224	None	None
380	непосредственно	2230	None	None
381	военные	2246	None	None
382	действия	2254	None	None
383	.	2262	None	None
384	Я	2265	coref	1190
385	уверен	2267	None	None
386	,	2273	None	None
387	что	2275	None	None
388	президент	2279	coref	1207
389	Буш	2289	coref	1207
390	за	2293	None	None
391	эти	2296	coref	1208
392	все	2300	coref	1208
393	дни	2304	coref	1208
394	,	2307	None	None
395	которые	2309	coref	1199
396	прошли	2317	None	None
397	после	2324	None	None
398	трагедии	2330	None	None
399	,	2338	None	None
400	он	2340	coref	1200
401	очень	2343	None	None
402	четко	2349	None	None
403	взвесил	2355	None	None
404	все	2363	coref	1208
405	последствия	2367	None	None
406	.	2378	None	None
407	И	2380	None	None
408	в	2382	None	None
409	принципе	2384	None	None
410	я	2393	coref	1190
411	должен	2395	None	None
412	подчеркнуть	2402	None	None
413	важность	2414	None	None
414	американского	2423	coref	1207
415	президента	2437	coref	1207
416	в	2448	None	None
417	этой	2450	None	None
418	операции	2455	coref	1198
419	.	2463	None	None
420	Что	2466	None	None
421	касается	2470	None	None
422	гуманитарной	2479	None	None
423	ситуации	2492	None	None
424	,	2500	None	None
425	мы	2502	coref	1191
426	тоже	2505	None	None
427	создаем	2510	None	None
428	коалицию	2518	None	None
429	поддержки	2527	None	None
430	,	2536	None	None
431	поддержки	2538	None	None
432	всем	2548	coref	1199
433	возможных	2553	None	None
434	жертвам	2563	coref	1209
435	и	2571	None	None
436	беженцам	2573	coref	1210
437	.	2581	None	None
438	Два	2583	None	None
439	миллиона	2587	None	None
440	беженцев	2596	None	None
441	уже	2605	None	None
442	есть	2609	None	None
443	в	2614	None	None
444	Пакистане	2616	None	None
445	,	2625	None	None
446	полтора	2627	None	None
447	миллиона	2635	None	None
448	в	2644	None	None
449	Иране	2646	None	None
450	,	2651	None	None
451	будет	2653	None	None
452	больше	2659	None	None
453	.	2665	None	None
454	Мы	2667	coref	1191
455	должны	2670	None	None
456	быть	2677	None	None
457	готовы	2682	None	None
458	им	2689	coref	1197
459	помочь	2692	None	None
460	,	2698	None	None
461	потому	2700	None	None
462	что	2707	None	None
463	их	2711	coref	1193
464	страдания	2714	None	None
465	безграничны	2724	None	None
466	.	2735	None	None
467	Естественно	2737	None	None
468	,	2748	None	None
469	Великобритания	2750	coref	1191
470	глубоко	2765	None	None
471	вовлечена	2773	None	None
472	,	2782	None	None
473	участвует	2784	None	None
474	в	2794	None	None
475	этой	2796	None	None
476	гуманитарной	2801	None	None
477	акции	2814	None	None
478	.	2819	None	None
479	Мы	2821	coref	1191
480	на	2824	None	None
481	всех	2827	None	None
482	трех	2832	None	None
483	фронтах	2837	None	None
484	:	2844	None	None
485	военном	2846	None	None
486	,	2853	None	None
487	дипломатическом	2855	None	None
488	и	2871	None	None
489	гуманитарном	2873	None	None
490	.	2885	None	None
491	Я	2888	coref	1190
492	также	2890	None	None
493	хочу	2896	None	None
494	сказать	2901	None	None
495	прямо	2909	None	None
496	британцам	2915	coref	1212
497	,	2924	None	None
498	почему	2926	None	None
499	это	2933	None	None
500	так	2937	None	None
501	важно	2941	None	None
502	.	2946	None	None
503	Почему	2948	None	None
504	?	2954	None	None
505	Я	2956	coref	1190
506	хочу	2958	None	None
507	это	2963	None	None
508	вас	2967	coref	1212
509	сказать	2971	None	None
510	прямо	2979	None	None
511	:	2984	None	None
512	давайте	2986	None	None
513	не	2994	None	None
514	забывать	2997	None	None
515	,	3005	None	None
516	что	3007	None	None
517	атаки	3011	None	None
518	11	3017	None	None
519	сентября	3020	None	None
520	стали	3029	None	None
521	самым	3035	None	None
522	страшным	3041	None	None
523	террористическим	3050	None	None
524	актом	3067	None	None
525	против	3073	None	None
526	британских	3080	None	None
527	граждан	3091	None	None
528	.	3098	None	None
529	Не	3100	None	None
530	важно	3103	None	None
531	,	3108	None	None
532	где	3110	None	None
533	умирают	3114	None	None
534	наши	3122	coref	1191
535	граждане	3127	None	None
536	от	3136	None	None
537	террористов	3139	None	None
538	,	3150	None	None
539	это	3152	None	None
540	атака	3156	None	None
541	на	3162	None	None
542	нас	3165	coref	1191
543	тоже	3169	None	None
544	.	3173	None	None
545	И	3175	None	None
546	поэтому	3177	None	None
547	мы	3185	coref	1191
548	должны	3188	None	None
549	действовать	3195	None	None
550	.	3206	None	None
551	Это	3208	None	None
552	чудовищное	3212	None	None
553	действо	3223	None	None
554	было	3231	None	None
555	атакой	3236	None	None
556	,	3242	None	None
557	нападением	3244	None	None
558	на	3255	None	None
559	всех	3258	None	None
560	нас	3263	coref	1191
561	.	3266	None	None
562	Организация	3269	coref	1195
563	«	3281	coref	1195
564	Аль	3282	coref	1195
565	-	3285	coref	1190
566	Каида	3286	coref	1195
567	»	3291	coref	1195
568	угрожала	3293	None	None
569	всей	3302	None	None
570	Европе	3307	None	None
571	,	3313	None	None
572	включая	3315	None	None
573	Великобританию	3323	coref	1191
574	,	3337	None	None
575	и	3339	None	None
576	вообще	3341	None	None
577	всему	3348	None	None
578	миру	3354	None	None
579	.	3358	None	None
580	У	3360	None	None
581	нас	3362	coref	1191
582	прямая	3366	None	None
583	заинтересованность	3373	None	None
584	действовать	3392	None	None
585	вместе	3404	None	None
586	,	3410	None	None
587	для	3412	None	None
588	того	3416	None	None
589	чтобы	3421	None	None
590	в	3427	None	None
591	конце	3429	None	None
592	концов	3435	None	None
593	сохранить	3442	None	None
594	британские	3452	None	None
595	жизни	3463	None	None
596	.	3468	None	None
597	Это	3470	None	None
598	была	3474	None	None
599	атака	3479	None	None
600	не	3485	None	None
601	только	3488	None	None
602	на	3495	None	None
603	жизни	3498	None	None
604	,	3503	None	None
605	но	3505	None	None
606	и	3508	None	None
607	на	3510	None	None
608	наш	3513	coref	1191
609	образ	3517	None	None
610	жизни	3523	None	None
611	,	3528	None	None
612	на	3530	None	None
613	наше	3533	coref	1191
614	благосостояние	3538	None	None
615	,	3552	None	None
616	на	3554	None	None
617	нашу	3557	coref	1191
618	промышленность	3562	None	None
619	,	3576	None	None
620	на	3578	None	None
621	наши	3581	coref	1191
622	рынки	3586	None	None
623	.	3591	None	None
624	Мы	3593	coref	1191
625	должны	3596	None	None
626	действовать	3603	None	None
627	,	3614	None	None
628	потому	3616	None	None
629	что	3623	None	None
630	«	3627	coref	1195
631	Аль	3628	coref	1195
632	-	3631	coref	1190
633	Каида	3632	coref	1195
634	»	3637	coref	1195
635	-	3639	coref	1190
636	организация	3641	coref	1195
637	и	3653	None	None
638	«	3655	coref	1195
639	Талибан	3656	coref	1197
640	»	3663	coref	1195
641	,	3664	None	None
642	они	3666	coref	1197
643	вместе	3670	None	None
644	управляют	3677	None	None
645	большинством	3687	None	None
646	наркобизнеса	3700	None	None
647	в	3713	None	None
648	мире	3715	None	None
649	,	3719	None	None
650	около	3721	None	None
651	90	3727	None	None
652	процентов	3730	None	None
653	наркотиков	3740	None	None
654	в	3751	None	None
655	их	3753	coref	1193
656	руках	3756	None	None
657	.	3761	None	None
658	Это	3763	None	None
659	не	3767	None	None
660	война	3770	None	None
661	с	3776	None	None
662	исламом	3778	None	None
663	,	3785	None	None
664	об	3787	None	None
665	этом	3790	None	None
666	я	3795	coref	1190
667	говорил	3797	None	None
668	много	3805	None	None
669	.	3810	None	None
670	Меня	3813	coref	1190
671	разочаровывает	3818	None	None
672	и	3833	None	None
673	я	3835	coref	1190
674	даже	3837	None	None
675	сержусь	3842	None	None
676	,	3849	None	None
677	когда	3851	None	None
678	мне	3857	coref	1190
679	заявляют	3861	None	None
680	,	3869	None	None
681	что	3871	None	None
682	это	3875	None	None
683	исламские	3879	None	None
684	террористы	3889	coref	1213
685	.	3899	None	None
686	Это	3901	None	None
687	не	3905	None	None
688	исламские	3908	None	None
689	террористы	3918	coref	1213
690	,	3928	None	None
691	это	3930	None	None
692	просто	3934	None	None
693	террористы	3941	coref	1213
694	.	3951	None	None
695	Ислам	3953	None	None
696	это	3959	None	None
697	мирная	3963	None	None
698	,	3969	None	None
699	терпимая	3971	None	None
700	религия	3980	None	None
701	.	3987	None	None
702	Это	3989	None	None
703	трудные	3993	None	None
704	времена	4001	None	None
705	,	4008	None	None
706	мы	4010	coref	1191
707	проходим	4013	None	None
708	,	4021	None	None
709	мы	4023	coref	1191
710	должны	4026	None	None
711	понимать	4033	None	None
712	,	4041	None	None
713	что	4043	None	None
714	террористы	4047	coref	1213
715	ответят	4058	None	None
716	,	4065	None	None
717	мы	4067	coref	1191
718	должны	4070	None	None
719	пытаться	4077	None	None
720	предупредить	4086	None	None
721	их	4099	coref	1193
722	ответ	4102	None	None
723	.	4107	None	None
724	Мы	4109	coref	1191
725	,	4111	None	None
726	конечно	4113	None	None
727	,	4120	None	None
728	как	4122	None	None
729	вы	4126	coref	1191
730	понимаете	4129	None	None
731	,	4138	None	None
732	за	4140	None	None
733	эти	4143	coref	1208
734	дни	4147	coref	1208
735	мы	4151	coref	1191
736	все	4154	coref	1208
737	же	4158	None	None
738	прошли	4161	None	None
739	через	4168	None	None
740	многие	4174	None	None
741	учения	4181	None	None
742	,	4187	None	None
743	попытки	4189	None	None
744	предотвратить	4197	None	None
745	всякие	4211	None	None
746	террористические	4218	None	None
747	планы	4235	None	None
748	.	4240	None	None
749	Это	4242	None	None
750	самый	4246	None	None
751	трудный	4252	None	None
752	момент	4260	None	None
753	для	4267	None	None
754	мира	4271	None	None
755	сейчас	4276	None	None
756	все	4283	coref	1208
757	,	4286	None	None
758	кто	4288	None	None
759	вовлечены	4292	None	None
760	в	4302	None	None
761	эту	4304	coref	1195
762	операцию	4308	None	None
763	,	4316	None	None
764	для	4318	None	None
765	всех	4322	None	None
766	это	4327	None	None
767	опасный	4331	None	None
768	момент	4339	None	None
769	.	4345	None	None
770	Мы	4347	coref	1191
771	не	4350	None	None
772	хотели	4353	None	None
773	этого	4360	None	None
774	,	4365	None	None
775	мы	4367	coref	1191
776	хотели	4370	None	None
777	жить	4377	None	None
778	в	4382	None	None
779	мире	4384	None	None
780	,	4388	None	None
781	но	4390	None	None
782	иногда	4393	None	None
783	,	4399	None	None
784	для	4401	None	None
785	того	4405	None	None
786	чтобы	4410	None	None
787	сохранить	4416	None	None
788	мир	4426	None	None
789	,	4429	None	None
790	приходится	4431	None	None
791	воевать	4442	None	None
792	.	4449	None	None
793	Мы	4452	coref	1191
794	воюем	4455	None	None
795	только	4461	None	None
796	тогда	4468	None	None
797	,	4473	None	None
798	когда	4475	None	None
799	дело	4481	None	None
800	правое	4486	None	None
801	,	4492	None	None
802	а	4494	None	None
803	это	4496	None	None
804	дело	4500	None	None
805	правое	4505	None	None
806	.	4511	None	None
807	То	4513	None	None
808	,	4515	None	None
809	что	4517	None	None
810	было	4521	None	None
811	11	4526	None	None
812	сентября	4529	None	None
813	в	4538	None	None
814	Америке	4540	coref	1194
815	,	4547	None	None
816	-	4549	coref	1190
817	это	4551	None	None
818	была	4555	None	None
819	атака	4560	None	None
820	на	4566	None	None
821	людей	4569	None	None
822	,	4574	None	None
823	на	4576	None	None
824	нашу	4579	coref	1191
825	свободу	4584	None	None
826	,	4591	None	None
827	на	4593	None	None
828	нашу	4596	coref	1191
829	цивилизацию	4601	None	None
830	.	4612	None	None
831	Те	4614	None	None
832	,	4616	None	None
833	кто	4618	None	None
834	несут	4622	None	None
835	ответственность	4628	coref	1214
836	,	4643	None	None
837	они	4645	coref	1197
838	должны	4649	None	None
839	ее	4656	coref	1195
840	нести	4659	None	None
841	до	4665	None	None
842	конца	4668	None	None
843	.	4673	None	None
844	Сейчас	4675	None	None
845	у	4682	None	None
846	нас	4684	coref	1191
847	нет	4688	None	None
848	выбора	4692	None	None
849	,	4698	None	None
850	мы	4700	coref	1191
851	будем	4703	None	None
852	действовать	4709	None	None
853	,	4720	None	None
854	и	4722	None	None
855	наша	4724	coref	1191
856	целеустремленность	4729	None	None
857	тотальная	4748	None	None
858	.	4757	None	None
859	И	4759	None	None
860	мы	4761	coref	1191
861	не	4764	None	None
862	успокоимся	4767	None	None
863	,	4777	None	None
864	пока	4779	None	None
865	мы	4784	coref	1191
866	не	4787	None	None
867	достигнем	4790	None	None
868	наших	4800	coref	1191
869	целей	4806	None	None
870	.	4811	None	None
