	word	start_char	type	chain_id
0	Том	0	coref	1245
1	Круз	4	coref	1245
2	теперь	9	None	None
3	с	16	None	None
4	Пенелопой	18	coref	1246
5	Крус	28	coref	1246
6	Пресс	34	coref	1247
7	-	39	coref	1246
8	секретарь	40	coref	1247
9	звезды	50	coref	1245
10	Голливуда	57	coref	1245
11	Тома	67	coref	1245
12	Круза	72	coref	1245
13	сделал	78	None	None
14	первое	85	None	None
15	официальное	92	None	None
16	заявление	104	None	None
17	по	114	None	None
18	поводу	117	None	None
19	того	124	None	None
20	,	128	None	None
21	как	130	None	None
22	складывается	134	None	None
23	личная	147	None	None
24	жизнь	154	None	None
25	актера	160	coref	1245
26	после	167	None	None
27	развода	173	None	None
28	с	181	None	None
29	Николь	183	coref	1249
30	Кидман	190	coref	1249
31	в	197	None	None
32	феврале	199	None	None
33	этого	207	None	None
34	года	213	None	None
35	после	218	None	None
36	11	224	None	None
37	лет	227	None	None
38	совместной	231	None	None
39	жизни	242	None	None
40	,	247	None	None
41	сообщает	249	None	None
42	El	258	coref	1250
43	Mundo	261	coref	1250
44	.	266	None	None
45	Самый	269	coref	1245
46	высокооплачиваемый	275	coref	1245
47	актер	294	coref	1245
48	Голливуда	300	coref	1245
49	впервые	310	None	None
50	заявил	318	None	None
51	о	325	None	None
52	связи	327	None	None
53	с	333	None	None
54	другой	335	coref	1246
55	женщиной	342	coref	1246
56	после	351	None	None
57	развода	357	None	None
58	.	364	None	None
59	По	366	None	None
60	словам	369	None	None
61	пресс	376	coref	1247
62	-	381	coref	1246
63	секретаря	382	coref	1247
64	Пэт	392	coref	1247
65	Кингсли	396	coref	1247
66	,	403	None	None
67	новой	405	None	None
68	официальной	411	None	None
69	подругой	423	None	None
70	Тома	432	coref	1245
71	Круза	437	coref	1245
72	стала	443	None	None
73	28	449	coref	1246
74	-	451	coref	1246
75	летняя	452	coref	1246
76	звезда	459	coref	1246
77	испанского	466	coref	1246
78	кино	477	coref	1246
79	,	481	None	None
80	которая	483	coref	1246
81	еще	491	None	None
82	только	495	None	None
83	начитает	502	None	None
84	карьеру	511	None	None
85	в	519	None	None
86	Голливуде	521	coref	1248
87	,	530	None	None
88	Пенелопа	532	coref	1246
89	Крус	541	coref	1246
90	,	545	None	None
91	исполнившая	547	None	None
92	главную	559	None	None
93	роль	567	None	None
94	в	572	None	None
95	оскароносном	574	None	None
96	фильме	587	None	None
97	Педро	594	None	None
98	Альмодовара	600	None	None
99	«	612	None	None
100	Все	613	None	None
101	о	617	None	None
102	моей	619	None	None
103	матери	624	None	None
104	»	630	None	None
105	.	631	None	None
106	Круз	634	coref	1245
107	и	639	None	None
108	Крус	641	coref	1246
109	познакомились	646	None	None
110	на	660	None	None
111	съемках	663	None	None
112	фильма	671	None	None
113	«	678	None	None
114	Ванильное	679	None	None
115	небо	689	None	None
116	»	693	None	None
117	Кэмерона	695	None	None
118	Кроу	704	None	None
119	в	709	None	None
120	Нью	711	None	None
121	-	714	coref	1246
122	Йорке	715	None	None
123	уже	721	None	None
124	несколько	725	None	None
125	месяцев	735	None	None
126	назад	743	None	None
127	.	748	None	None
128	Слухи	750	None	None
129	об	756	None	None
130	их	759	coref	1251
131	связи	762	None	None
132	не	768	None	None
133	были	771	None	None
134	особенно	776	None	None
135	громкими	785	None	None
136	до	794	None	None
137	6	797	None	None
138	июля	799	None	None
139	,	803	None	None
140	когда	805	None	None
141	Пенелопа	811	coref	1246
142	Крус	820	coref	1246
143	появилась	825	None	None
144	на	835	None	None
145	дне	838	None	None
146	рождения	842	None	None
147	Круза	851	coref	1245
148	в	857	None	None
149	одном	859	None	None
150	из	865	None	None
151	ресторанов	868	None	None
152	на	879	None	None
153	пляже	882	None	None
154	в	888	None	None
155	Санта	890	None	None
156	-	895	coref	1246
157	Монике	896	None	None
158	.	902	None	None
159	На	904	None	None
160	вечеринке	907	None	None
161	присутствовали	917	None	None
162	200	932	coref	1252
163	гостей	936	coref	1252
164	,	942	None	None
165	и	944	None	None
166	,	945	None	None
167	как	947	None	None
168	пишет	951	None	None
169	El	957	coref	1250
170	Mundo	960	coref	1250
171	,	965	None	None
172	испанка	967	coref	1246
173	сразила	975	None	None
174	всех	983	coref	1252
175	,	987	None	None
176	в	989	None	None
177	том	991	None	None
178	числе	995	None	None
179	и	1001	None	None
180	Круза	1003	coref	1245
181	,	1008	None	None
182	своей	1010	coref	1246
183	красотой	1016	None	None
184	.	1024	None	None
185	Журналисты	1027	None	None
186	уже	1038	None	None
187	начали	1042	None	None
188	говорить	1049	None	None
189	о	1058	None	None
190	том	1060	None	None
191	,	1063	None	None
192	что	1065	None	None
193	новая	1069	None	None
194	связь	1075	None	None
195	Круза	1081	coref	1245
196	,	1086	None	None
197	вероятно	1088	None	None
198	,	1096	None	None
199	не	1098	None	None
200	будет	1101	None	None
201	долгой	1107	None	None
202	,	1113	None	None
203	так	1115	None	None
204	как	1119	None	None
205	Пенелопа	1123	coref	1246
206	Крус	1132	coref	1246
207	католичка	1137	None	None
208	,	1146	None	None
209	а	1148	None	None
210	Том	1150	coref	1245
211	Круз	1154	coref	1245
212	сайентолог	1159	None	None
213	,	1169	None	None
214	а	1171	None	None
215	,	1172	None	None
216	как	1174	None	None
217	говорили	1178	None	None
218	,	1186	None	None
219	религиозные	1188	None	None
220	разногласия	1200	None	None
221	с	1212	None	None
222	Николь	1214	coref	1249
223	Кидман	1221	coref	1249
224	,	1227	None	None
225	тоже	1229	None	None
226	католичкой	1234	None	None
227	,	1244	None	None
228	были	1246	None	None
229	одной	1251	None	None
230	из	1257	None	None
231	причин	1260	None	None
232	крушения	1267	None	None
233	звездного	1276	None	None
234	брака	1286	None	None
235	.	1291	None	None
