	word	start_char	type	chain_id
0	В	0	None	None
1	Кемерово	2	coref	666
2	сегодня	11	None	None
3	будут	19	None	None
4	сняты	25	None	None
5	все	31	None	None
6	ограничения	35	None	None
7	на	47	None	None
8	подачу	50	None	None
9	газа	57	None	None
10	Газоснабжение	63	None	None
11	Кемеровской	77	coref	666
12	области	89	coref	666
13	будет	97	None	None
14	восстановлено	103	None	None
15	в	117	None	None
16	полном	119	None	None
17	объеме	126	None	None
18	уже	133	None	None
19	в	137	None	None
20	ближайшие	139	None	None
21	часы	149	None	None
22	.	153	None	None
23	Авария	155	None	None
24	на	162	None	None
25	газопроводе	165	None	None
26	Сургут	177	None	None
27	Омск	184	None	None
28	Новосибирск	189	None	None
29	Барнаул	201	None	None
30	ликвидирована	209	None	None
31	.	222	None	None
32	Известие	224	None	None
33	об	233	None	None
34	этом	236	None	None
35	получили	241	None	None
36	сегодня	250	None	None
37	утром	258	None	None
38	кузбасские	264	coref	667
39	власти	275	coref	667
40	,	281	None	None
41	передает	283	None	None
42	НТВ	292	coref	668
43	.	295	None	None
44	В	298	None	None
45	интервью	300	None	None
46	корреспонденту	309	None	None
47	телекомпании	324	coref	668
48	начальник	337	coref	669
49	главного	347	coref	669
50	управления	356	coref	669
51	промышленности	367	coref	669
52	администрации	382	coref	669
53	Кемеровской	396	coref	666
54	области	408	coref	666
55	Николай	416	coref	669
56	Говорин	424	coref	669
57	сообщил	432	None	None
58	:	439	None	None
59	«	441	coref	671
60	По	442	None	None
61	последним	445	None	None
62	данным	455	None	None
63	МЧС	462	None	None
64	и	466	None	None
65	работников	468	None	None
66	«	479	coref	671
67	Кузбассрегионгаза	480	None	None
68	»	497	coref	671
69	,	498	None	None
70	в	500	None	None
71	7	502	None	None
72	:	503	None	None
73	00	504	None	None
74	наложили	507	None	None
75	последний	516	None	None
76	шов	526	None	None
77	.	529	None	None
78	Планируется	531	None	None
79	до	543	None	None
80	обеда	546	None	None
81	провести	552	None	None
82	пробный	561	None	None
83	запуск	569	None	None
84	,	575	None	None
85	и	577	None	None
86	к	579	None	None
87	вечеру	581	None	None
88	мы	588	coref	667
89	ожидаем	591	None	None
90	,	598	None	None
91	что	600	None	None
92	газоснабжение	604	None	None
93	Кузбасса	618	coref	666
94	восстановится	627	None	None
95	в	641	None	None
96	полном	643	None	None
97	объеме	650	None	None
98	»	656	coref	671
99	.	657	None	None
100	Все	660	None	None
101	это	664	None	None
102	время	668	None	None
103	газ	674	None	None
104	в	678	None	None
105	область	680	coref	666
106	подавался	688	None	None
107	по	698	None	None
108	газопроводу	701	coref	670
109	Нижневартовск	713	coref	670
110	Курабель	727	coref	670
111	Кузбасс	736	coref	666
112	,	743	None	None
113	который	745	coref	670
114	считается	753	None	None
115	резервным	763	None	None
116	.	772	None	None
117	Поставки	774	None	None
118	были	783	None	None
119	ограничены	788	None	None
120	на	799	None	None
121	две	802	None	None
122	трети	806	None	None
123	,	811	None	None
124	но	813	None	None
125	кузбасские	816	coref	667
126	власти	827	coref	667
127	договорились	834	None	None
128	с	847	None	None
129	представителями	849	None	None
130	газовой	865	None	None
131	отрасли	873	None	None
132	,	880	None	None
133	что	882	None	None
134	коммунальная	886	None	None
135	сфера	899	None	None
136	котельные	905	None	None
137	и	915	None	None
138	жилые	917	None	None
139	дома	923	None	None
140	отключаться	928	None	None
141	не	940	None	None
142	будут	943	None	None
143	.	948	None	None
144	«	951	coref	671
145	Население	952	None	None
146	,	961	None	None
147	по	963	None	None
148	большому	966	None	None
149	счету	975	None	None
150	,	980	None	None
151	эту	982	None	None
152	аварию	986	None	None
153	не	993	None	None
154	заметило	996	None	None
155	.	1004	None	None
156	Ограничений	1006	None	None
157	населения	1018	None	None
158	в	1028	None	None
159	газе	1030	None	None
160	не	1035	None	None
161	было	1038	None	None
162	»	1042	coref	671
163	,	1043	None	None
164	сказал	1045	None	None
165	Николай	1052	coref	669
166	Говорин	1060	coref	669
167	.	1067	None	None
168	Все	1070	None	None
169	бремя	1074	None	None
170	ограничения	1080	None	None
171	легло	1092	None	None
172	на	1098	None	None
173	кузбасскую	1101	None	None
174	промышленность	1112	None	None
175	.	1126	None	None
176	Больше	1128	None	None
177	всего	1135	None	None
178	пострадал	1141	None	None
179	Кемеровский	1151	coref	671
180	химический	1163	coref	671
181	комбинат	1174	coref	671
182	«	1183	coref	671
183	Азот	1184	coref	671
184	»	1188	coref	671
185	там	1190	coref	671
186	из	1194	None	None
187	-	1196	None	None
188	за	1197	None	None
189	нехватки	1200	None	None
190	газа	1209	None	None
191	были	1214	None	None
192	остановлены	1219	None	None
193	3	1231	None	None
194	основных	1233	None	None
195	цеха	1242	None	None
196	.	1246	None	None
197	Предполагалось	1248	None	None
198	,	1262	None	None
199	что	1264	None	None
200	это	1268	None	None
201	может	1272	None	None
202	привести	1278	None	None
203	к	1287	None	None
204	остановке	1289	None	None
205	других	1299	coref	672
206	производств	1306	coref	672
207	,	1317	None	None
208	которые	1319	coref	672
209	составляют	1327	None	None
210	с	1338	None	None
211	тремя	1340	None	None
212	остановленными	1346	None	None
213	цехами	1361	None	None
214	единый	1368	None	None
215	технологический	1375	None	None
216	цикл	1391	None	None
217	.	1395	None	None
218	Аварийные	1397	None	None
219	бригады	1407	None	None
220	круглосуточно	1415	None	None
221	следили	1429	None	None
222	за	1437	None	None
223	бесперебойной	1440	None	None
224	подачей	1454	None	None
225	газа	1462	None	None
226	,	1466	None	None
227	и	1468	None	None
228	больше	1470	None	None
229	ни	1477	None	None
230	один	1480	None	None
231	цех	1485	None	None
232	не	1489	None	None
233	был	1492	None	None
234	остановлен	1496	None	None
235	.	1506	None	None
236	По	1508	None	None
237	предварительным	1511	None	None
238	данным	1527	None	None
239	,	1533	None	None
240	общий	1535	None	None
241	ущерб	1541	None	None
242	,	1546	None	None
243	нанесенный	1548	None	None
244	предприятиям	1559	None	None
245	Кемеровской	1572	coref	666
246	области	1584	coref	666
247	,	1591	None	None
248	составил	1593	None	None
249	не	1602	None	None
250	менее	1605	None	None
251	150	1611	None	None
252	млн	1615	None	None
253	.	1618	None	None
254	рублей	1620	None	None
255	.	1626	None	None
256	Тем	1628	None	None
257	не	1632	None	None
258	менее	1635	None	None
259	,	1640	None	None
260	большая	1642	None	None
261	часть	1650	None	None
262	кузбасских	1656	None	None
263	промышленников	1667	None	None
264	считает	1682	None	None
265	,	1689	None	None
266	что	1691	None	None
267	газовый	1695	None	None
268	кризис	1703	None	None
269	удалось	1710	None	None
270	преодолеть	1718	None	None
271	с	1729	None	None
272	минимальными	1731	None	None
273	потерями	1744	None	None
274	.	1752	None	None
