	word	start_char	type	chain_id
0	Убитый	0	None	None
1	вчера	7	None	None
2	Абу	13	coref	452
3	Умар	17	coref	452
4	оказался	22	None	None
5	главным	31	None	None
6	учителем	39	None	None
7	чеченских	48	None	None
8	диверсантов	58	coref	454
9	Чеченский	71	coref	452
10	«	81	coref	452
11	полевой	82	coref	452
12	»	89	coref	452
13	командир	91	coref	452
14	Абу	100	coref	452
15	Умар	104	coref	452
16	оказался	109	None	None
17	крупной	118	None	None
18	добычей	126	None	None
19	федеральных	134	None	None
20	войск	146	None	None
21	.	151	None	None
22	По	153	None	None
23	информации	156	None	None
24	командования	167	None	None
25	ОГВ	180	None	None
26	,	183	None	None
27	он	185	coref	452
28	был	188	None	None
29	лично	192	None	None
30	знаком	198	None	None
31	с	205	None	None
32	международным	207	None	None
33	террористом	221	None	None
34	Усамой	233	None	None
35	бен	240	None	None
36	Ладеном	244	None	None
37	и	252	None	None
38	«	254	coref	452
39	являлся	255	None	None
40	знаковой	263	None	None
41	фигурой	272	None	None
42	для	280	None	None
43	чеченских	284	None	None
44	террористов	294	None	None
45	»	305	coref	452
46	.	306	None	None
47	Боевик	308	coref	452
48	был	315	None	None
49	убит	319	None	None
50	вчера	324	None	None
51	в	330	None	None
52	селении	332	coref	453
53	Майруп	340	coref	453
54	,	346	None	None
55	сообщает	348	None	None
56	РИА	357	None	None
57	«	361	coref	452
58	Новости	362	None	None
59	»	369	coref	452
60	.	370	None	None
61	Уроженец	373	coref	452
62	Саудовской	382	coref	452
63	Аравии	393	coref	452
64	Абу	400	coref	452
65	Умар	404	coref	452
66	возглавлял	409	None	None
67	учебный	420	coref	454
68	лагерь	428	coref	454
69	диверсантов	435	coref	454
70	-	446	coref	452
71	взрывников	447	coref	454
72	,	457	None	None
73	расположенного	459	None	None
74	на	474	None	None
75	окраине	477	None	None
76	Сержень	485	coref	454
77	-	492	coref	452
78	Юрта	493	coref	455
79	.	497	None	None
80	Одновременно	499	None	None
81	в	512	None	None
82	лагере	514	coref	454
83	проходили	521	None	None
84	обучение	531	None	None
85	до	540	None	None
86	30	543	None	None
87	человек	546	None	None
88	.	553	None	None
89	Абу	555	coref	452
90	Умар	559	coref	452
91	лично	564	None	None
92	инструктировал	570	None	None
93	террористические	585	None	None
94	группы	602	None	None
95	,	608	None	None
96	организовавшие	610	None	None
97	теракты	625	None	None
98	в	633	None	None
99	Москве	635	coref	456
100	,	641	None	None
101	Волгограде	643	None	None
102	,	653	None	None
103	Ессентуках	655	None	None
104	,	665	None	None
105	Минводах	667	None	None
106	,	675	None	None
107	и	677	None	None
108	в	679	None	None
109	Карачаево	681	None	None
110	-	690	coref	452
111	Черкессии	691	None	None
112	.	700	None	None
113	У	702	None	None
114	него	704	coref	452
115	проходили	709	None	None
116	инструктаж	719	None	None
117	большинство	730	None	None
118	подрывников	742	None	None
119	,	753	None	None
120	действовавших	755	None	None
121	в	769	None	None
122	Чечне	771	coref	457
123	.	776	None	None
124	По	778	None	None
125	некоторым	781	None	None
126	данным	791	None	None
127	,	797	None	None
128	убитый	799	coref	452
129	являлся	806	None	None
130	одним	814	None	None
131	из	820	None	None
132	организаторов	823	None	None
133	взрывов	837	None	None
134	жилых	845	None	None
135	домов	851	None	None
136	в	857	None	None
137	сентябре	859	None	None
138	1999	868	None	None
139	года	873	None	None
140	в	878	None	None
141	Москве	880	coref	456
142	и	887	None	None
143	Волгодонске	889	None	None
144	.	900	None	None
145	В	903	None	None
146	конце	905	None	None
147	1999	911	None	None
148	года	916	None	None
149	учебный	921	coref	454
150	лагерь	929	coref	454
151	под	936	coref	454
152	Сержень	940	coref	454
153	-	947	coref	452
154	Юртом	948	coref	454
155	был	954	None	None
156	уничтожен	958	None	None
157	.	967	None	None
158	На	969	None	None
159	его	972	coref	454
160	территории	976	None	None
161	нашли	987	None	None
162	большое	993	None	None
163	количество	1001	None	None
164	компонентов	1012	None	None
165	для	1024	None	None
166	производства	1028	None	None
167	взрывчатых	1041	coref	458
168	веществ	1052	coref	458
169	,	1059	None	None
170	установка	1061	None	None
171	для	1071	None	None
172	их	1075	coref	458
173	смешивания	1078	None	None
174	,	1088	None	None
175	цех	1090	None	None
176	по	1094	None	None
177	изготовлению	1097	None	None
178	самодельных	1110	None	None
179	взрывателей	1122	None	None
180	.	1133	None	None
181	Согласно	1136	None	None
182	заключению	1145	None	None
183	специалистов	1156	None	None
184	ФСБ	1169	coref	459
185	России	1173	coref	459
186	,	1179	None	None
187	аммиачная	1181	None	None
188	селитра	1191	None	None
189	и	1199	None	None
190	алюминиевая	1201	None	None
191	пудра	1213	None	None
192	имеют	1219	None	None
193	общую	1225	None	None
194	родовую	1231	None	None
195	принадлежность	1239	None	None
196	и	1254	None	None
197	технологию	1256	None	None
198	изготовления	1267	None	None
199	,	1279	None	None
200	идентичную	1281	None	None
201	составляющим	1292	None	None
202	взрывчатых	1305	coref	458
203	веществ	1316	coref	458
204	,	1323	None	None
205	обнаруженных	1325	None	None
206	в	1338	None	None
207	Москве	1340	coref	456
208	.	1346	None	None
209	В	1349	None	None
210	Чечне	1351	coref	457
211	Абу	1357	coref	452
212	Умар	1361	coref	452
213	действовал	1366	None	None
214	в	1377	None	None
215	составе	1379	None	None
216	«	1387	coref	452
217	исламского	1388	None	None
218	полка	1399	None	None
219	»	1404	coref	452
220	Хаттаба	1406	None	None
221	.	1413	None	None
222	По	1415	None	None
223	данным	1418	None	None
224	ФСБ	1425	coref	459
225	,	1428	None	None
226	он	1430	coref	452
227	являлся	1433	None	None
228	заместителем	1441	None	None
229	убитого	1454	None	None
230	ранее	1462	None	None
231	полевого	1468	None	None
232	командира	1477	None	None
233	Абу	1487	coref	452
234	Джафара	1491	None	None
235	.	1498	None	None
236	По	1500	None	None
237	данным	1503	None	None
238	ФСБ	1510	coref	459
239	,	1513	None	None
240	Абу	1515	coref	452
241	-	1518	coref	452
242	Умар	1519	coref	452
243	воевал	1524	None	None
244	против	1531	None	None
245	федеральных	1538	None	None
246	сил	1550	None	None
247	еще	1554	None	None
248	в	1558	None	None
249	1994	1560	None	None
250	-	1564	coref	452
251	1996	1565	None	None
252	годах	1570	None	None
253	.	1575	None	None
254	В	1578	None	None
255	последнее	1580	None	None
256	время	1590	None	None
257	боевик	1596	coref	452
258	командовал	1603	None	None
259	диверсионной	1614	coref	460
260	группой	1627	coref	460
261	,	1634	None	None
262	в	1636	None	None
263	которую	1638	coref	460
264	входило	1646	None	None
265	около	1654	None	None
266	20	1660	None	None
267	человек	1663	None	None
268	.	1670	None	None
269	Среди	1672	None	None
270	них	1678	coref	460
271	были	1682	None	None
272	террористы	1687	None	None
273	,	1697	None	None
274	причастные	1699	None	None
275	к	1710	None	None
276	взрывам	1712	None	None
277	жилых	1720	None	None
278	домов	1726	None	None
279	в	1732	None	None
280	Москве	1734	coref	456
281	и	1741	None	None
282	Ташкенте	1743	None	None
283	.	1751	None	None
284	Вчера	1753	None	None
285	Абу	1759	coref	452
286	Умар	1763	coref	452
287	был	1768	None	None
288	обнаружен	1772	None	None
289	в	1782	None	None
290	одном	1784	None	None
291	из	1790	None	None
292	домов	1793	None	None
293	селения	1799	coref	453
294	Майруп	1807	coref	453
295	.	1813	None	None
296	Он	1815	coref	452
297	попытался	1818	None	None
298	отстреливаться	1828	None	None
299	,	1842	None	None
300	но	1844	None	None
301	был	1847	None	None
302	убит	1851	None	None
303	ответным	1856	None	None
304	огнем	1865	None	None
305	федеральных	1871	None	None
306	войск	1883	None	None
307	.	1888	None	None
