	word	start_char	type	chain_id
0	Возле	0	None	None
1	жилого	6	coref	762
2	дома	13	coref	762
3	в	18	coref	762
4	Москве	20	coref	762
5	обнаружена	27	None	None
6	боевая	38	coref	764
7	граната	45	coref	764
8	Боевая	54	coref	764
9	граната	61	coref	764
10	РГД	69	coref	764
11	-	72	coref	764
12	5	73	coref	764
13	была	75	None	None
14	обнаружена	80	None	None
15	в	91	coref	762
16	воскресенье	93	None	None
17	днем	105	None	None
18	возле	110	None	None
19	жилого	116	coref	762
20	дома	123	coref	762
21	в	128	coref	762
22	Москве	130	coref	762
23	на	137	coref	762
24	улице	140	coref	762
25	Снежная	146	coref	762
26	.	153	None	None
27	Как	155	None	None
28	сообщили	159	None	None
29	в	168	coref	762
30	правоохранительных	170	None	None
31	органах	189	None	None
32	столицы	197	coref	763
33	,	204	None	None
34	информация	206	None	None
35	об	217	None	None
36	обнаружении	220	None	None
37	гранаты	232	coref	764
38	поступила	240	None	None
39	примерно	250	None	None
40	16	259	None	None
41	:	261	None	None
42	00	262	None	None
43	по	265	None	None
44	московскому	268	None	None
45	времени	280	None	None
46	.	287	None	None
47	Прибывшие	290	None	None
48	на	300	coref	762
49	место	303	None	None
50	происшествия	309	None	None
51	саперы	322	None	None
52	московской	329	None	None
53	военной	340	None	None
54	комендатуры	348	None	None
55	изъяли	360	None	None
56	гранату	367	coref	764
57	и	375	None	None
58	вывезли	377	None	None
59	ее	385	coref	764
60	на	388	coref	762
61	специальный	391	None	None
62	полигон	403	None	None
63	для	411	None	None
64	уничтожения	415	None	None
65	,	426	None	None
66	передает	428	None	None
67	РИА	437	None	None
68	«	441	None	None
69	Новости	442	None	None
70	»	449	None	None
71	.	450	None	None
72	Сотрудники	453	None	None
73	милиции	464	None	None
74	пытаются	472	None	None
75	установить	481	None	None
76	,	491	None	None
77	кто	493	None	None
78	мог	497	None	None
79	оставить	501	None	None
80	гранату	510	coref	764
81	возле	518	None	None
82	жилого	524	coref	762
83	дома	531	coref	762
84	.	535	None	None
