	word	start_char	type	chain_id
0	Пенсионный	0	coref	436
1	фонд	11	coref	436
2	рассчитывает	16	None	None
3	на	29	coref	442
4	бюджетные	32	None	None
5	дотации	42	None	None
6	Пенсионный	51	coref	436
7	фонд	62	coref	436
8	РФ	67	coref	436
9	(	70	None	None
10	ПФР	71	coref	436
11	)	74	None	None
12	рассчитывает	76	None	None
13	на	89	coref	442
14	получение	92	None	None
15	дотаций	102	None	None
16	из	110	None	None
17	федерального	113	coref	442
18	бюджета	126	coref	442
19	на	134	coref	442
20	сумму	137	None	None
21	около	143	None	None
22	50	149	None	None
23	млрд	152	None	None
24	.	156	None	None
25	рублей	158	None	None
26	ежегодно	165	None	None
27	,	173	None	None
28	сообщил	175	None	None
29	председатель	183	coref	437
30	правления	196	coref	437
31	ПФР	206	coref	436
32	Михаил	210	coref	437
33	Зурабов	217	coref	437
34	.	224	None	None
35	По	227	None	None
36	его	230	coref	436
37	словам	234	None	None
38	,	240	None	None
39	федеральный	242	None	None
40	бюджет	254	coref	442
41	компенсирует	261	None	None
42	ПФР	274	coref	436
43	тот	278	coref	438
44	объем	282	coref	438
45	денежных	288	coref	438
46	средств	297	coref	438
47	,	304	None	None
48	который	306	coref	438
49	фонд	314	coref	436
50	направит	319	None	None
51	в	328	None	None
52	виде	330	None	None
53	накопительной	335	None	None
54	части	349	None	None
55	пенсий	355	None	None
56	в	362	None	None
57	инвестиции	364	None	None
58	.	374	None	None
59	«	376	None	None
60	Таким	377	None	None
61	образом	383	None	None
62	,	390	None	None
63	введение	392	None	None
64	накопительного	401	None	None
65	элемента	416	None	None
66	не	425	None	None
67	скажется	428	None	None
68	на	437	coref	442
69	пенсионерах	440	coref	439
70	,	451	None	None
71	которые	453	coref	439
72	будут	461	None	None
73	продолжать	467	None	None
74	получать	478	None	None
75	пенсию	487	None	None
76	по	494	None	None
77	распределительному	497	None	None
78	механизму	516	None	None
79	»	525	None	None
80	,	526	None	None
81	-	528	coref	442
82	пояснил	530	None	None
83	он	538	coref	437
84	.	540	None	None
85	Пока	543	None	None
86	же	548	None	None
87	вопросы	551	None	None
88	пенсионного	559	None	None
89	обеспечения	571	None	None
90	остаются	583	None	None
91	достаточно	592	None	None
92	туманными	603	None	None
93	.	612	None	None
94	Внесение	614	None	None
95	в	623	None	None
96	Госдуму	625	coref	440
97	законопроектов	633	None	None
98	о	648	None	None
99	профессиональных	650	None	None
100	пенсионных	667	None	None
101	системах	678	None	None
102	и	687	None	None
103	проекта	689	None	None
104	,	696	None	None
105	регулирующего	698	None	None
106	порядок	712	None	None
107	участия	720	None	None
108	негосударственных	728	None	None
109	институтов	746	None	None
110	в	757	None	None
111	финансировании	759	None	None
112	накопительной	774	None	None
113	части	788	None	None
114	трудовой	794	None	None
115	пенсии	803	None	None
116	,	809	None	None
117	отложено	811	None	None
118	,	819	None	None
119	сообщает	821	None	None
120	«	830	None	None
121	Интерфакс	831	None	None
122	»	840	None	None
123	.	841	None	None
124	Глава	843	coref	437
125	ПФР	849	coref	436
126	объяснил	853	None	None
127	это	862	None	None
128	напряженным	866	None	None
129	графиком	878	None	None
130	работы	887	None	None
131	Госдумы	894	coref	440
132	.	901	None	None
133	Тем	904	None	None
134	не	908	None	None
135	менее	911	None	None
136	дыры	917	None	None
137	в	922	None	None
138	законодательстве	924	None	None
139	не	941	None	None
140	помешали	944	None	None
141	вчера	953	None	None
142	бюджетному	959	coref	441
143	комитету	970	coref	441
144	рекомендовать	979	None	None
145	Думе	993	coref	440
146	принять	998	None	None
147	в	1006	None	None
148	первом	1008	None	None
149	чтении	1015	None	None
150	проект	1022	coref	442
151	бюджета	1029	coref	442
152	Пенсионного	1037	coref	436
153	фонда	1049	coref	436
154	на	1055	coref	442
155	2002	1058	coref	442
156	год	1063	coref	442
157	.	1066	None	None
158	Странность	1068	None	None
159	этого	1079	coref	442
160	документа	1085	coref	442
161	признают	1095	None	None
162	все	1104	None	None
163	,	1107	None	None
164	включая	1109	None	None
165	представителей	1117	None	None
166	ПФР	1132	coref	436
167	:	1135	None	None
168	доходы	1137	None	None
169	фонда	1144	coref	436
170	посчитаны	1150	None	None
171	на	1160	coref	442
172	основании	1163	None	None
173	еще	1173	None	None
174	не	1177	None	None
175	принятых	1180	None	None
176	законов	1189	None	None
177	,	1196	None	None
178	а	1198	None	None
179	статья	1200	None	None
180	,	1206	None	None
181	определяющая	1208	None	None
182	доходы	1221	None	None
183	от	1228	None	None
184	инвестиций	1231	None	None
185	,	1241	None	None
186	в	1243	None	None
187	документе	1245	coref	442
188	вообще	1255	None	None
189	отсутствует	1262	None	None
190	,	1273	None	None
191	пишут	1275	None	None
192	«	1281	None	None
193	Ведомости	1282	None	None
194	»	1291	None	None
195	.	1292	None	None
196	Между	1294	None	None
197	тем	1300	None	None
198	ПФР	1304	coref	436
199	планирует	1308	None	None
200	инвестировать	1318	None	None
201	значительную	1332	None	None
202	сумму	1345	None	None
203	более	1351	None	None
204	32	1357	None	None
205	млрд	1360	None	None
206	.	1364	None	None
207	рублей	1366	None	None
208	.	1372	None	None
209	Сам	1375	coref	437
210	Зурабов	1379	coref	437
211	на	1387	coref	442
212	заседании	1390	None	None
213	комитета	1400	coref	441
214	не	1409	None	None
215	смог	1412	None	None
216	объяснить	1417	None	None
217	,	1426	None	None
218	почему	1428	None	None
219	в	1435	None	None
220	бюджете	1437	coref	442
221	нет	1445	None	None
222	упоминания	1449	None	None
223	об	1460	None	None
224	инвестиционном	1463	None	None
225	доходе	1478	None	None
226	.	1484	None	None
227	Главе	1486	coref	437
228	фонда	1492	coref	436
229	ничего	1498	None	None
230	не	1505	None	None
231	оставалось	1508	None	None
232	,	1518	None	None
233	как	1520	None	None
234	предложить	1524	None	None
235	депутатам	1535	coref	440
236	править	1545	None	None
237	бюджет	1553	coref	442
238	во	1560	None	None
239	втором	1563	None	None
240	чтении	1570	None	None
241	.	1576	None	None
242	Эта	1578	None	None
243	необычная	1582	None	None
244	просьба	1592	None	None
245	объясняется	1600	None	None
246	тем	1612	None	None
247	,	1615	None	None
248	что	1617	None	None
249	перед	1621	None	None
250	первым	1627	None	None
251	чтением	1634	None	None
252	федерального	1642	coref	442
253	бюджета	1655	coref	442
254	-	1662	coref	442
255	2002	1663	coref	442
256	его	1668	coref	436
257	доходы	1672	None	None
258	были	1679	None	None
259	увеличены	1684	None	None
260	.	1693	None	None
261	Соответственно	1695	None	None
262	увеличился	1710	None	None
263	и	1721	None	None
264	фонд	1723	coref	436
265	оплаты	1728	None	None
266	труда	1735	None	None
267	,	1740	None	None
268	и	1742	None	None
269	доходы	1744	None	None
270	от	1751	None	None
271	социального	1754	None	None
272	налога	1766	None	None
273	,	1772	None	None
274	и	1774	None	None
275	доходы	1776	None	None
276	ПФР	1783	coref	436
277	на	1787	coref	442
278	23	1790	None	None
279	,	1792	None	None
280	7	1793	None	None
281	млрд	1795	None	None
282	.	1799	None	None
283	руб	1801	None	None
284	.	1804	None	None
285	Недовольство	1807	None	None
286	думцев	1820	coref	440
287	,	1826	None	None
288	а	1828	None	None
289	также	1830	None	None
290	аудиторов	1836	None	None
291	Счетной	1846	None	None
292	палаты	1854	None	None
293	вызывает	1861	None	None
294	и	1870	None	None
295	то	1872	None	None
296	обстоятельство	1875	None	None
297	,	1889	None	None
298	что	1891	None	None
299	фонд	1895	coref	436
300	предлагает	1900	None	None
301	в	1911	None	None
302	2	1913	None	None
303	,	1914	None	None
304	8	1915	None	None
305	раза	1917	None	None
306	увеличить	1922	None	None
307	расходы	1932	None	None
308	на	1940	coref	442
309	свое	1943	coref	436
310	содержание	1948	None	None
311	.	1958	None	None
312	Аудитор	1960	coref	443
313	Иван	1968	coref	443
314	Дахов	1973	coref	443
315	в	1979	None	None
316	своем	1981	coref	443
317	заключении	1987	None	None
318	на	1998	coref	442
319	проект	2001	coref	442
320	бюджета	2008	coref	442
321	посоветовал	2016	None	None
322	Пенсионному	2028	coref	436
323	фонду	2040	coref	436
324	снизить	2046	None	None
325	эти	2054	None	None
326	расходы	2058	None	None
327	до	2066	None	None
328	уровня	2069	None	None
329	«	2076	None	None
330	прошлых	2077	None	None
331	лет	2085	None	None
332	»	2088	None	None
333	.	2089	None	None
334	Зурабов	2091	coref	437
335	в	2099	None	None
336	свою	2101	coref	437
337	очередь	2106	None	None
338	заявил	2114	None	None
339	,	2120	None	None
340	что	2122	None	None
341	фонд	2126	coref	436
342	получил	2131	None	None
343	дополнительные	2139	None	None
344	функции	2154	None	None
345	и	2162	None	None
346	нуждается	2164	None	None
347	в	2174	None	None
348	дополнительном	2176	None	None
349	финансировании	2191	None	None
350	.	2205	None	None
351	Теперь	2207	None	None
352	ПФР	2214	coref	436
353	назначает	2218	None	None
354	и	2228	None	None
355	выплачивает	2230	None	None
356	пенсии	2242	None	None
357	(	2249	None	None
358	этим	2250	None	None
359	раньше	2255	None	None
360	занимались	2262	None	None
361	органы	2273	None	None
362	соцзащиты	2280	coref	444
363	)	2289	None	None
364	,	2290	None	None
365	в	2292	None	None
366	связи	2294	None	None
367	с	2300	None	None
368	чем	2302	None	None
369	штат	2306	None	None
370	фонда	2311	coref	436
371	к	2317	None	None
372	концу	2319	None	None
373	2002	2325	coref	442
374	года	2330	None	None
375	должен	2335	None	None
376	увеличиться	2342	None	None
377	до	2354	None	None
378	112	2357	None	None
379	800	2361	None	None
380	человек	2365	None	None
381	(	2373	None	None
382	вместо	2374	None	None
383	63	2381	None	None
384	900	2384	None	None
385	в	2388	None	None
386	этом	2390	None	None
387	году	2395	None	None
388	)	2399	None	None
389	.	2400	None	None
390	Депутаты	2402	coref	440
391	считают	2411	None	None
392	этот	2419	None	None
393	аргумент	2424	None	None
394	неубедительным	2433	None	None
395	:	2447	None	None
396	во	2449	None	None
397	-	2451	coref	442
398	первых	2452	None	None
399	,	2458	None	None
400	численность	2460	None	None
401	органов	2472	coref	444
402	соцзащиты	2480	coref	444
403	,	2489	None	None
404	которые	2491	coref	439
405	лишились	2499	None	None
406	этих	2508	None	None
407	функций	2513	None	None
408	,	2520	None	None
409	не	2522	None	None
410	уменьшается	2525	None	None
411	,	2536	None	None
412	во	2538	None	None
413	-	2540	coref	442
414	вторых	2541	None	None
415	,	2547	None	None
416	с	2549	None	None
417	1	2551	None	None
418	января	2553	None	None
419	2001	2560	None	None
420	года	2565	None	None
421	фонд	2570	coref	436
422	не	2575	None	None
423	собирает	2578	None	None
424	социальный	2587	None	None
425	налог	2598	None	None
426	,	2603	None	None
427	а	2605	None	None
428	между	2607	None	None
429	тем	2613	None	None
430	расходы	2617	None	None
431	его	2625	coref	436
432	ничуть	2629	None	None
433	не	2636	None	None
434	уменьшились	2639	None	None
435	.	2650	None	None
