	word	start_char	type	chain_id
0	Переговоры	0	None	None
1	о	11	None	None
2	выкупе	13	None	None
3	контрольного	20	coref	564
4	пакета	33	coref	564
5	акций	40	coref	564
6	«	46	coref	564
7	Эха	47	coref	564
8	Москвы	51	coref	564
9	»	57	coref	564
10	завершены	59	None	None
11	Главный	70	coref	566
12	редактор	78	coref	566
13	радиостанции	87	coref	565
14	«	100	coref	564
15	Эхо	101	coref	565
16	Москвы	105	coref	564
17	»	111	coref	564
18	Алексей	113	coref	566
19	Венедиктов	121	coref	566
20	сообщил	132	None	None
21	,	139	None	None
22	что	141	None	None
23	достигнута	145	None	None
24	принципиальная	156	None	None
25	договоренность	171	None	None
26	с	186	None	None
27	руководителем	188	coref	567
28	«	202	coref	564
29	Газпром	203	coref	567
30	-	210	coref	567
31	Медиа	211	coref	567
32	»	216	coref	564
33	Альфредом	218	coref	567
34	Кохом	228	coref	567
35	и	234	None	None
36	с	236	None	None
37	главой	238	coref	569
38	«	245	coref	564
39	Медиа	246	coref	567
40	-	251	coref	567
41	Моста	252	coref	569
42	»	257	coref	564
43	Владимиром	259	coref	569
44	Гусинским	270	coref	569
45	о	280	None	None
46	том	282	None	None
47	,	285	None	None
48	что	287	None	None
49	контрольный	291	coref	564
50	пакет	303	coref	564
51	акций	309	coref	564
52	компании	315	coref	564
53	будет	324	None	None
54	выкуплен	330	None	None
55	журналистами	339	None	None
56	«	352	coref	564
57	Эха	353	coref	564
58	»	356	coref	564
59	.	357	None	None
60	Как	359	None	None
61	рассказал	363	None	None
62	в	373	None	None
63	интервью	375	None	None
64	Gazeta	384	None	None
65	.	390	None	None
66	ру	391	None	None
67	Алексей	394	coref	566
68	Венедиктов	402	coref	566
69	,	412	None	None
70	переговоры	414	None	None
71	велись	425	None	None
72	с	432	None	None
73	обеими	434	coref	571
74	сторонами	441	coref	571
75	почти	451	None	None
76	одновременно	457	None	None
77	.	469	None	None
78	При	471	None	None
79	этом	475	None	None
80	стоимость	480	None	None
81	сделки	490	None	None
82	и	497	None	None
83	условия	499	coref	572
84	определил	507	None	None
85	Альфред	517	coref	567
86	Кох	525	coref	567
87	.	528	None	None
88	«	530	coref	564
89	Полтора	531	None	None
90	месяца	539	None	None
91	мы	546	coref	565
92	их	549	coref	572
93	исполняли	552	None	None
94	,	561	None	None
95	и	563	None	None
96	пока	565	None	None
97	(	570	None	None
98	поскольку	571	None	None
99	переговоры	581	None	None
100	не	592	None	None
101	завершены	595	None	None
102	)	604	None	None
103	я	606	coref	566
104	могу	608	None	None
105	сказать	613	None	None
106	,	620	None	None
107	что	622	None	None
108	мы	626	coref	565
109	близки	629	None	None
110	к	636	None	None
111	их	638	coref	572
112	полному	641	None	None
113	исполнению	649	None	None
114	.	659	None	None
115	Даже	661	None	None
116	дополнительные	666	None	None
117	требования	681	None	None
118	,	691	None	None
119	выдвинутые	693	None	None
120	«	704	coref	564
121	Газпром	705	coref	567
122	-	712	coref	567
123	Медиа	713	coref	567
124	»	718	coref	564
125	неделю	720	None	None
126	назад	727	None	None
127	,	732	None	None
128	мы	734	coref	565
129	будем	737	None	None
130	выполнять	743	None	None
131	,	752	None	None
132	потому	754	None	None
133	что	761	None	None
134	считаем	765	None	None
135	,	772	None	None
136	что	774	None	None
137	они	778	coref	568
138	наши	782	coref	565
139	акционеры	787	None	None
140	и	797	None	None
141	имеют	799	None	None
142	на	805	None	None
143	это	808	None	None
144	право	812	None	None
145	»	817	coref	564
146	,	818	None	None
147	-	820	coref	567
148	сказал	822	None	None
149	он	829	coref	566
150	.	831	None	None
151	Как	834	None	None
152	отметил	838	None	None
153	Алексей	846	coref	566
154	Венедиктов	854	coref	566
155	,	864	None	None
156	переговоры	866	None	None
157	с	877	None	None
158	другим	879	coref	570
159	акционером	886	coref	570
160	«	897	coref	564
161	Медиа	898	coref	567
162	-	903	coref	567
163	Мостом	904	coref	570
164	»	910	coref	564
165	-	912	coref	567
166	«	914	coref	564
167	шли	915	None	None
168	тяжело	919	None	None
169	»	925	coref	564
170	в	927	None	None
171	течение	929	None	None
172	месяца	937	None	None
173	,	943	None	None
174	однако	945	None	None
175	окончательная	952	None	None
176	договоренность	966	None	None
177	была	981	None	None
178	достигнута	986	None	None
179	лишь	997	None	None
180	вчера	1002	None	None
181	в	1008	None	None
182	ходе	1010	None	None
183	долгого	1015	None	None
184	40	1023	None	None
185	-	1025	coref	567
186	минутного	1026	None	None
187	разговора	1036	None	None
188	с	1046	None	None
189	Владимиром	1048	coref	569
190	Гусинским	1059	coref	569
191	.	1068	None	None
192	«	1070	coref	564
193	Тем	1071	None	None
194	самым	1075	None	None
195	«	1081	coref	564
196	Медиа	1082	coref	567
197	-	1087	coref	567
198	Мост	1088	coref	570
199	»	1092	coref	564
200	дал	1094	None	None
201	согласие	1098	None	None
202	продать	1107	None	None
203	эти	1115	coref	564
204	акции	1119	coref	564
205	на	1125	None	None
206	условиях	1128	None	None
207	«	1137	coref	564
208	Газпрома	1138	coref	568
209	»	1146	coref	564
210	.	1147	None	None
211	Деньги	1149	None	None
212	пойдут	1156	None	None
213	«	1163	coref	564
214	Газпрому	1164	coref	568
215	»	1172	coref	564
216	,	1173	None	None
217	-	1175	coref	567
218	сказал	1177	None	None
219	Алексей	1184	coref	566
220	Венедиктов	1192	coref	566
221	.	1202	None	None
222	Руководитель	1205	coref	566
223	«	1218	coref	564
224	Эхо	1219	coref	565
225	Москвы	1223	coref	564
226	»	1229	coref	564
227	сообщил	1231	None	None
228	также	1239	None	None
229	,	1244	None	None
230	что	1246	None	None
231	Владимир	1250	coref	569
232	Гусинский	1259	coref	569
233	принял	1269	None	None
234	такое	1276	None	None
235	решение	1282	None	None
236	,	1289	None	None
237	учитывая	1291	None	None
238	,	1299	None	None
239	что	1301	None	None
240	в	1305	None	None
241	результате	1307	None	None
242	сделки	1318	None	None
243	радиостанция	1325	coref	565
244	останется	1338	None	None
245	в	1348	None	None
246	руках	1350	None	None
247	журналистов	1356	None	None
248	.	1367	None	None
249	«	1369	coref	564
250	Я	1370	coref	566
251	думаю	1372	None	None
252	,	1377	None	None
253	что	1379	None	None
254	он	1383	coref	566
255	не	1386	None	None
256	хотел	1389	None	None
257	бы	1395	None	None
258	,	1397	None	None
259	чтобы	1399	None	None
260	радиостанция	1405	coref	565
261	,	1417	None	None
262	в	1419	None	None
263	которую	1421	coref	565
264	он	1429	coref	566
265	вложил	1432	None	None
266	столько	1439	None	None
267	энергии	1447	None	None
268	,	1454	None	None
269	идей	1456	None	None
270	и	1461	None	None
271	денег	1463	None	None
272	,	1468	None	None
273	рухнула	1470	None	None
274	,	1477	None	None
275	попав	1479	None	None
276	под	1485	None	None
277	государство	1489	None	None
278	.	1500	None	None
279	Он	1502	coref	569
280	понимает	1505	None	None
281	,	1513	None	None
282	что	1515	None	None
283	эти	1519	coref	564
284	акции	1523	coref	564
285	все	1529	None	None
286	равно	1533	None	None
287	от	1539	None	None
288	него	1542	coref	569
289	бы	1547	None	None
290	ушли	1550	None	None
291	или	1555	None	None
292	к	1559	None	None
293	«	1561	coref	564
294	Газпрому	1562	coref	568
295	»	1570	coref	564
296	,	1571	None	None
297	или	1573	None	None
298	к	1577	None	None
299	журналистам	1579	None	None
300	.	1590	None	None
301	Он	1592	coref	569
302	предпочел	1595	None	None
303	журналистов	1605	None	None
304	»	1616	coref	564
305	,	1617	None	None
306	-	1619	coref	567
307	сказал	1621	None	None
308	Алексей	1628	coref	566
309	Венедиктов	1636	coref	566
310	.	1646	None	None
311	На	1649	None	None
312	сегодняшний	1652	None	None
313	день	1664	None	None
314	главные	1669	None	None
315	акционеры	1677	None	None
316	«	1687	coref	564
317	Эха	1688	coref	564
318	Москвы	1692	coref	564
319	»	1698	coref	564
320	-	1700	coref	567
321	это	1702	None	None
322	«	1706	coref	564
323	Газпром	1707	coref	567
324	»	1714	coref	564
325	,	1715	None	None
326	у	1717	None	None
327	которого	1719	coref	568
328	25	1728	None	None
329	%	1730	coref	573
330	плюс	1732	None	None
331	одна	1737	None	None
332	акция	1742	None	None
333	,	1747	None	None
334	«	1749	coref	564
335	Медиа	1750	coref	567
336	-	1755	coref	567
337	Мост	1756	coref	570
338	»	1760	coref	564
339	Владимира	1762	coref	569
340	Гусинского	1772	coref	569
341	,	1782	None	None
342	у	1784	None	None
343	которого	1786	coref	568
344	38	1795	coref	573
345	%	1797	coref	573
346	(	1798	None	None
347	из	1800	None	None
348	которых	1803	coref	573
349	35	1811	None	None
350	%	1813	coref	573
351	в	1815	None	None
352	залоге	1817	None	None
353	)	1823	None	None
354	.	1824	None	None
355	Кроме	1826	None	None
356	того	1832	None	None
357	,	1836	None	None
358	33	1838	None	None
359	%	1840	coref	573
360	акций	1842	coref	564
361	находятся	1848	None	None
362	у	1858	None	None
363	журналистов	1860	None	None
364	.	1871	None	None
