	word	start_char	type	chain_id
0	Правительство	0	None	None
1	и	14	None	None
2	Центробанк	16	coref	615
3	признали	27	None	None
4	,	35	None	None
5	что	37	None	None
6	инфляция	41	None	None
7	в	50	None	None
8	этом	52	None	None
9	году	57	None	None
10	будет	62	None	None
11	больше	68	None	None
12	,	74	None	None
13	чем	76	None	None
14	планировалось	80	None	None
15	Правительство	95	None	None
16	и	109	None	None
17	Центральный	111	coref	615
18	банк	123	coref	615
19	России	128	coref	615
20	могут	135	None	None
21	пересмотреть	141	None	None
22	в	154	None	None
23	сторону	156	None	None
24	увеличения	164	None	None
25	параметры	175	None	None
26	инфляции	185	None	None
27	,	193	None	None
28	пргнозированные	195	None	None
29	на	211	None	None
30	этот	214	None	None
31	год	219	None	None
32	.	222	None	None
33	Об	224	None	None
34	этом	227	None	None
35	,	231	None	None
36	передает	233	None	None
37	РИА	242	None	None
38	«	246	None	None
39	Новости	247	None	None
40	»	254	None	None
41	,	255	None	None
42	сообщил	257	None	None
43	,	264	None	None
44	выступая	266	None	None
45	в	275	None	None
46	четверг	277	None	None
47	на	285	None	None
48	10	288	None	None
49	-	290	None	None
50	м	291	None	None
51	Международном	293	None	None
52	банковском	307	None	None
53	конгрессе	318	None	None
54	,	327	None	None
55	председатель	329	coref	616
56	Центробанка	342	coref	615
57	Виктор	354	coref	616
58	Геращенко	361	coref	616
59	.	370	None	None
60	Он	373	coref	616
61	напомнил	376	None	None
62	,	384	None	None
63	что	386	None	None
64	на	390	None	None
65	этот	393	None	None
66	год	398	None	None
67	инфляция	402	None	None
68	была	411	None	None
69	запланирована	416	None	None
70	на	430	None	None
71	уровне	433	None	None
72	12	440	None	None
73	-	442	None	None
74	14	443	None	None
75	%	445	None	None
76	.	446	None	None
77	Однако	448	None	None
78	,	454	None	None
79	сказал	456	None	None
80	Геращенко	463	coref	616
81	,	472	None	None
82	судя	474	None	None
83	по	479	None	None
84	сегодняшнему	482	None	None
85	росту	495	None	None
86	инфляции	501	None	None
87	,	509	None	None
88	этот	511	None	None
89	показатель	516	None	None
90	будет	527	None	None
91	выше	533	None	None
92	.	537	None	None
93	Как	539	None	None
94	считает	543	None	None
95	председатель	551	coref	616
96	ЦБР	564	coref	615
97	,	567	None	None
98	это	569	None	None
99	связано	573	None	None
100	со	581	None	None
101	структурными	584	coref	617
102	изменениями	597	coref	617
103	,	608	None	None
104	которые	610	coref	617
105	проводятся	618	None	None
106	в	629	None	None
107	электроэнергетике	631	None	None
108	,	648	None	None
109	на	650	None	None
110	транспорте	653	None	None
111	,	663	None	None
112	а	665	None	None
113	также	667	None	None
114	в	673	None	None
115	других	675	None	None
116	монопольных	682	None	None
117	сферах	694	None	None
118	.	700	None	None
