	word	start_char	type	chain_id
0	Израильские	0	None	None
1	солдаты	12	None	None
2	обстреляли	20	None	None
3	машину	31	coref	1320
4	с	38	coref	1320
5	иорданскими	40	coref	1320
6	дипломатами	52	coref	1320
7	Израильские	65	None	None
8	солдаты	77	None	None
9	открыли	85	None	None
10	в	93	None	None
11	четверг	95	None	None
12	огонь	103	None	None
13	по	109	None	None
14	машине	112	coref	1320
15	с	119	coref	1320
16	иорданскими	121	coref	1320
17	дипломатами	133	coref	1320
18	на	145	None	None
19	КПП	148	None	None
20	Эрез	152	None	None
21	(	157	None	None
22	БейтХанун	158	None	None
23	)	167	None	None
24	на	169	None	None
25	севере	172	None	None
26	сектора	179	coref	1322
27	Газа	187	coref	1322
28	,	191	None	None
29	передает	193	None	None
30	ИТАР	202	None	None
31	-	206	coref	1323
32	ТАСС	207	None	None
33	.	211	None	None
34	Посол	214	coref	1323
35	Иордании	220	coref	1323
36	при	229	coref	1323
37	Палестинской	233	coref	1323
38	национальной	246	coref	1323
39	администрации	259	coref	1323
40	Джумаа	273	coref	1323
41	аль	280	coref	1323
42	-	283	coref	1323
43	Абади	284	coref	1323
44	заявил	290	None	None
45	журналистам	297	None	None
46	,	308	None	None
47	что	310	None	None
48	в	314	None	None
49	автомобиле	316	coref	1320
50	с	327	coref	1320
51	иорданскими	329	coref	1320
52	дипломатическими	341	coref	1320
53	номерами	358	coref	1320
54	находились	367	None	None
55	два	378	coref	1321
56	сотрудника	382	coref	1321
57	посольства	393	coref	1321
58	,	403	None	None
59	направлявшихся	405	None	None
60	на	420	None	None
61	родину	423	coref	1324
62	.	429	None	None
63	К	431	None	None
64	счастью	433	None	None
65	,	440	None	None
66	во	442	None	None
67	время	445	None	None
68	стрельбы	451	None	None
69	они	460	coref	1321
70	не	464	None	None
71	пострадали	467	None	None
72	,	477	None	None
73	но	479	None	None
74	были	482	None	None
75	вынуждены	487	None	None
76	отказаться	497	None	None
77	от	508	None	None
78	попытки	511	None	None
79	пересечь	519	None	None
80	границу	528	None	None
81	и	536	None	None
82	вернулись	538	None	None
83	в	548	None	None
84	Газу	550	coref	1322
85	.	554	None	None
86	Посол	556	coref	1323
87	Иордании	562	coref	1323
88	сообщил	571	None	None
89	,	578	None	None
90	что	580	None	None
91	информировал	584	None	None
92	МИД	597	None	None
93	королевства	601	coref	1324
94	об	613	None	None
95	этом	616	coref	1325
96	инциденте	621	coref	1325
97	,	630	None	None
98	причины	632	None	None
99	которого	640	coref	1325
100	остаются	649	None	None
101	неизвестными	658	None	None
102	.	670	None	None
