	word	start_char	type	chain_id
0	Кубок	0	None	None
1	России	6	coref	1041
2	теряет	13	None	None
3	своего	20	None	None
4	владельца	27	None	None
5	В	38	None	None
6	Элисте	40	None	None
7	состоялся	47	None	None
8	перенесенный	57	None	None
9	с	70	None	None
10	8	72	None	None
11	сентября	74	None	None
12	матч	83	None	None
13	1	88	None	None
14	/	89	None	None
15	16	90	None	None
16	финала	93	None	None
17	Кубка	100	None	None
18	России	106	coref	1041
19	по	113	None	None
20	футболу	116	None	None
21	.	123	None	None
22	Местный	125	coref	1042
23	«	133	coref	1042
24	Уралан	134	coref	1042
25	»	140	coref	1042
26	,	141	None	None
27	занимающий	143	None	None
28	второе	154	None	None
29	место	161	None	None
30	в	167	None	None
31	первенстве	169	None	None
32	команд	180	None	None
33	первого	187	None	None
34	дивизиона	195	coref	1043
35	,	204	None	None
36	дал	206	None	None
37	бой	210	None	None
38	одному	214	coref	1043
39	из	221	coref	1043
40	лидеров	224	coref	1043
41	высшего	232	coref	1043
42	дивизиона	240	coref	1043
43	-	250	coref	1043
44	московскому	252	coref	1043
45	«	264	coref	1042
46	Локомотиву	265	coref	1043
47	»	275	coref	1042
48	.	276	None	None
49	Железнодорожники	278	coref	1043
50	,	294	None	None
51	занимающие	296	None	None
52	с	307	None	None
53	49	309	None	None
54	-	311	coref	1043
55	ю	312	None	None
56	очками	314	None	None
57	третье	321	None	None
58	место	328	None	None
59	в	334	None	None
60	таблице	336	None	None
61	российского	344	None	None
62	чемпионата	356	None	None
63	,	366	None	None
64	уже	368	None	None
65	не	372	None	None
66	смогут	375	None	None
67	повторить	382	None	None
68	прошлогодний	392	None	None
69	успех	405	None	None
70	и	411	None	None
71	вновь	413	None	None
72	завоевать	419	None	None
73	Кубок	429	None	None
74	России	435	coref	1041
75	.	441	None	None
76	На	443	None	None
77	два	446	None	None
78	мяча	450	None	None
79	Аджинджала	455	None	None
80	и	466	None	None
81	Семочко	468	None	None
82	москвичи	476	coref	1043
83	ответили	485	None	None
84	лишь	494	None	None
85	точным	499	None	None
86	ударом	506	None	None
87	Лоськова	513	None	None
88	под	522	None	None
89	занавес	526	None	None
90	встречи	534	None	None
91	.	541	None	None
92	Теперь	543	None	None
93	«	550	coref	1042
94	Уралану	551	coref	1042
95	»	558	coref	1042
96	еще	560	None	None
97	в	564	None	None
98	конце	566	None	None
99	этого	572	None	None
100	сезона	578	None	None
101	предстоит	585	None	None
102	матч	595	None	None
103	1	600	None	None
104	/	601	None	None
105	8	602	None	None
106	финала	604	None	None
107	с	611	None	None
108	самарскими	613	None	None
109	«	624	coref	1042
110	Крыльями	625	None	None
111	Советов	634	None	None
112	»	641	coref	1042
113	,	642	None	None
114	а	644	None	None
115	четвертьфинальные	646	None	None
116	поединки	664	None	None
117	состоятся	673	None	None
118	весной	683	None	None
119	будущего	690	None	None
120	года	699	None	None
121	.	703	None	None
122	«	706	coref	1042
123	Локомотив	707	coref	1043
124	»	716	coref	1042
125	стал	718	None	None
126	восьмой	723	None	None
127	командой	731	None	None
128	высшего	740	coref	1043
129	дивизиона	748	coref	1043
130	,	757	None	None
131	уступившей	759	None	None
132	сопернику	770	None	None
133	ниже	780	None	None
134	рангом	785	None	None
135	уже	792	None	None
136	на	796	None	None
137	стадии	799	None	None
138	1	806	None	None
139	/	807	None	None
140	16	808	None	None
141	финала	811	None	None
142	.	817	None	None
143	Ранее	819	None	None
144	проиграли	825	None	None
145	в	835	None	None
146	первых	837	None	None
147	же	844	None	None
148	матчах	847	None	None
149	розыгрыша	854	None	None
150	Кубка	864	None	None
151	России	870	coref	1041
152	2001	877	None	None
153	/	881	None	None
154	02	882	None	None
155	московский	885	None	None
156	«	896	coref	1042
157	Спартак	897	None	None
158	»	904	coref	1042
159	,	905	None	None
160	новороссийский	907	None	None
161	«	922	coref	1042
162	Черноморец	923	None	None
163	»	933	coref	1042
164	,	934	None	None
165	воронежский	936	None	None
166	«	948	coref	1042
167	Факел	949	None	None
168	»	954	coref	1042
169	,	955	None	None
170	владикавказская	957	None	None
171	«	973	coref	1042
172	Алания	974	None	None
173	»	980	coref	1042
174	,	981	None	None
175	волгоградский	983	None	None
176	«	997	coref	1042
177	Ротор	998	None	None
178	»	1003	coref	1042
179	,	1004	None	None
180	«	1006	coref	1042
181	Ростсельмаш	1007	None	None
182	»	1018	coref	1042
183	из	1020	coref	1043
184	Ростова	1023	None	None
185	-	1030	coref	1043
186	на	1031	None	None
187	-	1033	coref	1043
188	Дону	1034	None	None
189	и	1039	None	None
190	московское	1041	None	None
191	«	1052	coref	1042
192	Торпедо	1053	None	None
193	»	1060	coref	1042
194	.	1061	None	None
