	word	start_char	type	chain_id
0	Мировое	0	coref	407
1	соглашение	8	coref	407
2	«	19	coref	407
3	СБС	20	coref	407
4	-	23	coref	407
5	Агро	24	coref	407
6	»	28	coref	407
7	с	30	coref	407
8	его	32	coref	407
9	кредиторами	36	coref	407
10	вступило	48	None	None
11	в	57	None	None
12	силу	59	None	None
13	Вступление	65	None	None
14	в	76	None	None
15	силу	78	None	None
16	мирового	83	coref	407
17	соглашения	92	coref	407
18	банка	103	coref	407
19	«	109	coref	407
20	СБС	110	coref	407
21	-	113	coref	407
22	Агро	114	coref	407
23	»	118	coref	407
24	с	120	coref	407
25	его	122	coref	407
26	кредиторами	126	coref	407
27	,	137	None	None
28	утвержденное	139	None	None
29	судом	152	coref	409
30	8	158	None	None
31	мая	160	None	None
32	,	163	None	None
33	позволит	165	None	None
34	Агентству	174	coref	410
35	по	184	coref	410
36	реструктуризации	187	coref	410
37	кредитных	204	coref	410
38	организаций	214	coref	410
39	(	226	None	None
40	АРКО	227	coref	410
41	)	231	None	None
42	,	232	None	None
43	под	234	None	None
44	управлением	238	None	None
45	которого	250	coref	410
46	находится	259	None	None
47	банк	269	coref	408
48	,	273	None	None
49	приступить	275	None	None
50	к	286	None	None
51	выполнению	288	None	None
52	обязательств	299	None	None
53	перед	312	None	None
54	всеми	318	None	None
55	группами	324	None	None
56	кредиторов	333	None	None
57	банка	344	coref	407
58	.	349	coref	413
59	Как	352	None	None
60	сообщил	356	None	None
61	представитель	364	coref	411
62	АРКО	378	coref	410
63	,	382	None	None
64	соглашение	384	coref	407
65	вступило	395	None	None
66	в	404	None	None
67	силу	406	None	None
68	с	411	coref	407
69	момента	413	None	None
70	его	421	coref	407
71	утверждения	425	None	None
72	судом	437	coref	409
73	,	442	None	None
74	и	444	None	None
75	теперь	446	None	None
76	все	453	None	None
77	кредиторы	457	coref	412
78	«	467	coref	407
79	СБС	468	coref	407
80	-	471	coref	407
81	Агро	472	coref	407
82	»	476	coref	407
83	,	477	None	None
84	в	479	None	None
85	первую	481	None	None
86	очередь	488	None	None
87	физические	496	None	None
88	лица	507	None	None
89	,	511	None	None
90	получили	513	None	None
91	право	522	None	None
92	начать	528	None	None
93	реструктуризацию	535	None	None
94	обязательств	552	None	None
95	банка	565	coref	407
96	.	570	coref	413
97	Он	573	coref	411
98	также	576	None	None
99	напомнил	582	None	None
100	,	590	None	None
101	что	592	None	None
102	с	596	coref	407
103	февраля	598	None	None
104	АРКО	606	coref	410
105	осуществляет	611	None	None
106	выкуп	624	None	None
107	требований	630	None	None
108	«	641	coref	407
109	СБС	642	coref	407
110	-	645	coref	407
111	Агро	646	coref	407
112	»	650	coref	407
113	у	652	None	None
114	льготной	654	None	None
115	группы	663	None	None
116	вкладчиков	670	None	None
117	банка	681	coref	407
118	-	687	coref	407
119	пенсионеров	689	None	None
120	,	700	None	None
121	инвалидов	702	None	None
122	и	712	None	None
123	участников	714	None	None
124	Великой	725	None	None
125	Отечественной	733	None	None
126	войны	747	None	None
127	.	752	coref	413
128	Помимо	754	None	None
129	этого	761	None	None
130	,	766	None	None
131	с	768	coref	407
132	конца	770	None	None
133	марта	776	None	None
134	Агентство	782	coref	410
135	объявило	792	None	None
136	о	801	None	None
137	начале	803	None	None
138	выкупа	810	None	None
139	обязательства	817	None	None
140	банка	831	coref	407
141	на	837	coref	413
142	условиях	840	None	None
143	тогда	849	None	None
144	еще	855	None	None
145	не	859	None	None
146	утвержденного	862	None	None
147	мирового	876	coref	407
148	соглашения	885	coref	407
149	у	896	None	None
150	остальных	898	None	None
151	вкладчиков	908	None	None
152	,	918	None	None
153	однако	920	None	None
154	к	927	None	None
155	настоящему	929	None	None
156	времени	940	None	None
157	подать	948	None	None
158	заявления	955	None	None
159	на	965	coref	413
160	реструктуризацию	968	None	None
161	вкладов	985	None	None
162	успели	993	None	None
163	лишь	1000	None	None
164	16	1005	None	None
165	%	1007	None	None
166	вкладчиков	1009	None	None
167	банка	1020	coref	407
168	.	1025	coref	413
169	Общий	1028	None	None
170	объем	1034	None	None
171	требований	1040	None	None
172	всех	1051	None	None
173	кредиторов	1056	None	None
174	«	1067	coref	407
175	СБС	1068	coref	407
176	-	1071	coref	407
177	Агро	1072	coref	407
178	»	1076	coref	407
179	составляет	1078	None	None
180	49	1089	None	None
181	,	1091	None	None
182	74	1092	None	None
183	млрд	1095	None	None
184	.	1099	coref	413
185	рублей	1101	coref	413
186	.	1107	coref	413
187	Из	1109	None	None
188	этой	1112	None	None
189	суммы	1117	None	None
190	5	1123	None	None
191	,	1124	None	None
192	2	1125	None	None
193	млрд	1127	None	None
194	.	1131	coref	413
195	рублей	1133	coref	413
196	приходится	1140	None	None
197	на	1151	coref	413
198	физических	1154	None	None
199	лиц	1165	None	None
200	и	1169	None	None
201	1	1171	None	None
202	,	1172	None	None
203	5	1173	None	None
204	млрд	1175	None	None
205	.	1179	coref	413
206	рублей	1181	coref	413
207	-	1188	coref	407
208	на	1190	coref	413
209	бюджетную	1193	None	None
210	систему	1203	None	None
211	,	1210	None	None
212	42	1212	None	None
213	,	1214	None	None
214	4	1215	None	None
215	млрд	1217	None	None
216	.	1221	coref	413
217	рублей	1223	coref	413
218	составляет	1230	None	None
219	долг	1241	None	None
220	перед	1246	None	None
221	юридическими	1252	None	None
222	лицами	1265	None	None
223	,	1271	None	None
224	причем	1273	None	None
225	40	1280	None	None
226	%	1282	None	None
227	-	1284	coref	407
228	обязательства	1286	None	None
229	перед	1300	None	None
230	нерезидентами	1306	None	None
231	.	1319	coref	413
232	Обязательства	1321	None	None
233	,	1334	None	None
234	обеспеченные	1336	None	None
235	залогом	1349	None	None
236	,	1356	None	None
237	составляют	1358	None	None
238	300	1369	None	None
239	-	1372	coref	407
240	400	1373	None	None
241	млн	1377	coref	413
242	.	1380	coref	413
243	рублей	1382	coref	413
244	.	1388	coref	413
245	В	1391	None	None
246	соответствии	1393	None	None
247	с	1406	coref	407
248	условиями	1408	None	None
249	мирового	1418	coref	407
250	соглашения	1427	coref	407
251	,	1437	None	None
252	первая	1439	None	None
253	группа	1446	None	None
254	кредиторов	1453	None	None
255	-	1464	coref	407
256	физические	1466	None	None
257	лица	1477	None	None
258	-	1482	coref	407
259	получит	1484	None	None
260	единовременно	1492	None	None
261	10	1506	None	None
262	%	1508	None	None
263	от	1510	None	None
264	суммы	1513	None	None
265	требований	1519	None	None
266	,	1529	None	None
267	но	1531	None	None
268	не	1534	None	None
269	более	1537	None	None
270	20	1543	None	None
271	тыс	1546	None	None
272	.	1549	coref	413
273	рублей	1551	coref	413
274	.	1557	coref	413
275	На	1559	None	None
276	оставшуюся	1562	None	None
277	сумму	1573	coref	413
278	требований	1579	None	None
279	,	1589	None	None
280	кратную	1591	None	None
281	1000	1599	None	None
282	долларам	1604	None	None
283	,	1612	None	None
284	вкладчики	1614	None	None
285	получат	1624	None	None
286	облигации	1632	None	None
287	внутреннего	1642	None	None
288	валютного	1654	None	None
289	займа	1664	None	None
290	(	1670	None	None
291	ОВВЗ	1671	None	None
292	)	1675	None	None
293	со	1677	None	None
294	сроками	1680	None	None
295	погашения	1688	None	None
296	в	1698	None	None
297	2007	1700	None	None
298	и	1705	None	None
299	2008	1707	None	None
300	годах	1712	None	None
301	,	1717	None	None
302	а	1719	None	None
303	на	1721	coref	413
304	оставшуюся	1724	None	None
305	после	1735	None	None
306	этого	1741	None	None
307	сумму	1747	coref	413
308	будут	1753	None	None
309	выданы	1759	None	None
310	простые	1766	None	None
311	векселя	1774	coref	414
312	АРКО	1782	coref	410
313	со	1787	None	None
314	сроком	1790	None	None
315	погашения	1797	None	None
316	до	1807	None	None
317	10	1810	None	None
318	месяцев	1813	None	None
319	.	1820	coref	413
320	Вторая	1823	None	None
321	группа	1830	None	None
322	-	1837	coref	407
323	кредиторы	1839	coref	412
324	,	1848	None	None
325	обязательства	1850	None	None
326	которых	1864	coref	412
327	обеспечены	1872	None	None
328	залогом	1883	None	None
329	,	1890	None	None
330	-	1892	coref	407
331	единовременно	1894	None	None
332	получит	1908	None	None
333	15	1916	None	None
334	млн	1919	coref	413
335	.	1922	coref	413
336	рублей	1924	coref	413
337	.	1930	coref	413
338	Еще	1932	None	None
339	одна	1936	None	None
340	часть	1941	None	None
341	требований	1947	None	None
342	кредиторов	1958	None	None
343	этой	1969	None	None
344	группы	1974	None	None
345	будет	1981	None	None
346	погашена	1987	None	None
347	векселями	1996	coref	413
348	«	2006	coref	407
349	Сибнефти	2007	coref	413
350	»	2015	coref	407
351	на	2017	coref	413
352	сумму	2020	coref	413
353	84	2026	coref	413
354	млн	2029	coref	413
355	.	2032	coref	413
356	рублей	2034	coref	413
357	,	2040	None	None
358	которые	2042	coref	413
359	являются	2050	None	None
360	предметом	2059	None	None
361	залога	2069	None	None
362	,	2075	None	None
363	а	2077	None	None
364	оставшаяся	2079	None	None
365	часть	2090	None	None
366	задолженности	2096	None	None
367	должна	2110	None	None
368	быть	2117	None	None
369	прощена	2122	None	None
370	кредиторами	2130	coref	407
371	.	2141	coref	413
372	Задолженность	2144	None	None
373	перед	2158	None	None
374	бюджетом	2164	None	None
375	и	2173	None	None
376	внебюджетными	2175	None	None
377	фондами	2189	None	None
378	,	2196	None	None
379	выделенными	2198	None	None
380	в	2210	None	None
381	третью	2212	None	None
382	группу	2219	None	None
383	кредиторов	2226	None	None
384	,	2236	None	None
385	будет	2238	None	None
386	погашаться	2244	None	None
387	в	2255	None	None
388	течение	2257	None	None
389	6	2265	None	None
390	лет	2267	None	None
391	со	2271	None	None
392	дня	2274	None	None
393	утверждения	2278	None	None
394	мирового	2290	coref	407
395	соглашения	2299	coref	407
396	(	2310	None	None
397	основной	2311	None	None
398	долг	2320	None	None
399	)	2324	None	None
400	,	2325	None	None
401	а	2327	None	None
402	пени	2329	None	None
403	и	2334	None	None
404	штрафы	2336	None	None
405	-	2343	coref	407
406	в	2345	None	None
407	течение	2347	None	None
408	следующих	2355	None	None
409	4	2365	None	None
410	лет	2367	None	None
411	.	2370	coref	413
412	Четвертой	2373	None	None
413	группе	2383	None	None
414	кредиторов	2390	None	None
415	-	2401	coref	407
416	юридическим	2403	None	None
417	лицам	2415	None	None
418	-	2421	coref	407
419	будет	2423	None	None
420	выдан	2429	None	None
421	вексель	2435	coref	414
422	«	2443	coref	407
423	СБС	2444	coref	407
424	-	2447	coref	407
425	Агро	2448	coref	407
426	»	2452	coref	407
427	со	2454	None	None
428	сроком	2457	None	None
429	погашения	2464	None	None
430	не	2474	None	None
431	менее	2477	None	None
432	25	2483	None	None
433	лет	2486	None	None
434	.	2489	coref	413
435	Эти	2491	coref	414
436	векселя	2495	coref	414
437	предполагается	2503	None	None
438	погасить	2518	None	None
439	досрочно	2527	None	None
440	,	2535	None	None
441	погашение	2537	None	None
442	начнется	2547	None	None
443	после	2556	None	None
444	того	2562	None	None
445	,	2566	None	None
446	как	2568	None	None
447	на	2572	coref	413
448	специальном	2575	None	None
449	счете	2587	None	None
450	будет	2593	None	None
451	аккумулировано	2599	None	None
452	0	2614	None	None
453	,	2615	None	None
454	2	2616	None	None
455	%	2617	None	None
456	от	2619	None	None
457	суммы	2622	None	None
458	,	2627	None	None
459	причитающейся	2629	None	None
460	к	2643	None	None
461	выплате	2645	None	None
462	этой	2653	None	None
463	группе	2658	None	None
464	.	2664	coref	413
