	word	start_char	type	chain_id
0	В	0	None	None
1	Чечне	2	coref	539
2	задержан	8	None	None
3	один	17	coref	540
4	из	22	coref	540
5	подозреваемых	25	coref	540
6	в	39	coref	540
7	убийстве	41	coref	540
8	русских	50	coref	540
9	жителей	58	coref	540
10	Грозного	66	coref	540
11	В	76	None	None
12	Чечне	78	coref	539
13	задержан	84	None	None
14	один	93	coref	540
15	из	98	coref	540
16	участников	101	coref	540
17	преступной	112	coref	540
18	группы	123	coref	540
19	,	129	None	None
20	подозреваемой	131	None	None
21	в	145	coref	540
22	совершении	147	None	None
23	убийств	158	None	None
24	трех	166	coref	542
25	русскоязычных	171	coref	542
26	жителей	185	coref	540
27	Грозного	193	coref	540
28	.	201	None	None
29	Об	203	None	None
30	этом	206	None	None
31	сообщает	211	None	None
32	ИТАР	220	None	None
33	-	224	None	None
34	ТАСС	225	None	None
35	.	229	None	None
36	Это	232	None	None
37	некий	236	coref	540
38	Рустан	242	coref	540
39	Хайдаров	249	coref	540
40	уроженец	258	coref	540
41	Надтеречного	267	coref	540
42	района	280	coref	540
43	республики	287	coref	539
44	.	297	None	None
45	Уже	299	None	None
46	установлена	303	None	None
47	его	315	coref	540
48	причастность	319	None	None
49	к	332	None	None
50	совершению	334	None	None
51	убийств	345	None	None
52	трех	353	coref	542
53	человек	358	coref	542
54	10	366	None	None
55	марта	369	None	None
56	нынешнего	375	None	None
57	года	385	None	None
58	.	389	None	None
59	Задержание	391	None	None
60	провели	402	None	None
61	сотрудники	410	None	None
62	временных	421	None	None
63	отделов	431	None	None
64	внутренних	439	None	None
65	дел	450	None	None
66	Ленинского	454	None	None
67	и	465	None	None
68	Старопромысловского	467	None	None
69	районов	487	None	None
70	Грозного	495	coref	540
71	.	503	None	None
