	word	start_char	type	chain_id
0	Министр	0	coref	798
1	энергетики	8	coref	798
2	России	19	coref	798
3	Александр	26	coref	798
4	Гаврин	36	coref	798
5	подал	43	None	None
6	прошение	49	coref	800
7	об	58	coref	800
8	отставке	61	coref	800
9	Открывая	71	None	None
10	сегодня	80	None	None
11	совещание	88	None	None
12	с	98	None	None
13	членами	100	None	None
14	правительства	108	coref	801
15	,	121	None	None
16	президент	123	coref	802
17	РФ	133	coref	799
18	Владимир	136	coref	802
19	Путин	145	coref	802
20	заявил	151	None	None
21	,	157	None	None
22	что	159	None	None
23	им	163	coref	802
24	«	166	coref	807
25	был	167	None	None
26	поставлен	171	None	None
27	вопрос	181	None	None
28	»	187	coref	807
29	об	189	coref	800
30	отставке	192	coref	800
31	министра	201	coref	798
32	энергетики	210	coref	798
33	России	221	coref	798
34	и	228	None	None
35	министр	230	coref	798
36	Александр	238	coref	798
37	Гаврин	248	coref	798
38	подал	255	None	None
39	главе	261	coref	802
40	государства	267	coref	799
41	заявление	279	coref	800
42	об	289	coref	800
43	отставке	292	coref	800
44	.	300	None	None
45	Как	303	None	None
46	заявил	307	None	None
47	журналистам	314	None	None
48	высокопоставленный	326	None	None
49	источник	345	None	None
50	в	354	None	None
51	правительстве	356	coref	801
52	России	370	coref	798
53	,	376	None	None
54	министр	378	coref	798
55	энергетики	386	coref	798
56	освобожден	397	None	None
57	от	408	None	None
58	занимаемой	411	None	None
59	должности	422	None	None
60	«	432	coref	807
61	за	433	None	None
62	хроническую	436	None	None
63	неспособность	448	None	None
64	справиться	462	None	None
65	с	473	None	None
66	проблемами	475	None	None
67	отрасли	486	None	None
68	»	493	coref	807
69	.	494	None	None
70	Президент	497	coref	802
71	заявил	507	None	None
72	также	514	None	None
73	,	519	None	None
74	что	521	None	None
75	сегодня	525	None	None
76	,	532	None	None
77	в	534	None	None
78	понедельник	536	None	None
79	утром	548	None	None
80	,	553	None	None
81	он	555	coref	802
82	говорил	558	None	None
83	по	566	None	None
84	телефону	569	None	None
85	и	578	None	None
86	с	580	None	None
87	губернатором	582	coref	803
88	Приморского	595	coref	803
89	края	607	coref	803
90	Евгением	612	coref	803
91	Наздратенко	621	coref	803
92	.	632	None	None
93	«	634	coref	807
94	Он	635	coref	803
95	информировал	638	None	None
96	,	650	None	None
97	что	652	None	None
98	также	656	None	None
99	намерен	662	None	None
100	уйти	670	None	None
101	в	675	None	None
102	отставку	677	None	None
103	»	685	coref	807
104	,	686	None	None
105	-	688	None	None
106	сказал	690	None	None
107	Владимир	697	coref	802
108	Путин	706	coref	802
109	.	711	None	None
110	Наздратенко	714	coref	803
111	направил	726	None	None
112	сегодня	735	None	None
113	в	743	None	None
114	Думу	745	None	None
115	Приморского	750	coref	803
116	края	762	coref	803
117	письмо	767	None	None
118	с	774	None	None
119	просьбой	776	None	None
120	об	785	coref	800
121	отставке	788	coref	800
122	,	796	None	None
123	как	798	None	None
124	это	802	None	None
125	положено	806	None	None
126	по	815	None	None
127	уставу	818	None	None
128	края	825	coref	803
129	.	829	None	None
130	Путин	832	coref	802
131	сообщил	838	None	None
132	,	845	None	None
133	что	847	None	None
134	он	851	coref	802
135	поручил	854	None	None
136	правоохранительным	862	None	None
137	органам	881	None	None
138	и	889	None	None
139	МЧС	891	None	None
140	проверить	895	None	None
141	все	905	coref	805
142	документы	909	coref	805
143	,	918	None	None
144	касающиеся	920	None	None
145	создавшейся	931	None	None
146	в	943	None	None
147	восточных	945	coref	806
148	регионах	955	coref	806
149	страны	964	coref	799
150	кризисной	971	None	None
151	обстановки	981	None	None
152	с	992	None	None
153	теплом	994	None	None
154	и	1001	None	None
155	энергией	1003	None	None
156	,	1011	None	None
157	с	1013	None	None
158	тем	1015	None	None
159	чтобы	1019	None	None
160	обобщить	1025	None	None
161	«	1034	coref	807
162	эти	1035	coref	805
163	документы	1039	coref	805
164	и	1049	None	None
165	передать	1051	None	None
166	впоследствии	1060	None	None
167	в	1073	None	None
168	Генпрокуратуру	1075	None	None
169	для	1090	None	None
170	принятия	1094	None	None
171	решений	1103	None	None
172	»	1110	coref	807
173	.	1111	None	None
174	Президент	1114	coref	802
175	поручил	1124	None	None
176	представителю	1132	None	None
177	государства	1146	coref	799
178	в	1158	None	None
179	РАО	1160	coref	807
180	«	1164	coref	807
181	ЕЭС	1165	coref	807
182	России	1169	coref	798
183	»	1175	coref	807
184	Александру	1177	None	None
185	Волошину	1188	None	None
186	на	1197	None	None
187	ближайшем	1200	None	None
188	собрании	1210	None	None
189	акционеров	1219	None	None
190	«	1230	coref	807
191	поставить	1231	None	None
192	вопрос	1241	None	None
193	об	1248	coref	800
194	укреплении	1251	None	None
195	кадрового	1262	None	None
196	руководства	1272	None	None
197	РАО	1284	coref	807
198	«	1288	coref	807
199	ЕЭС	1289	coref	807
200	»	1292	coref	807
201	.	1293	None	None
202	«	1295	coref	807
203	Это	1296	None	None
204	обдуманное	1300	None	None
205	решение	1311	None	None
206	»	1318	coref	807
207	,	1319	None	None
208	-	1321	None	None
209	заявил	1323	None	None
210	президент	1330	coref	802
211	.	1339	None	None
212	На	1342	None	None
213	руководстве	1345	None	None
214	РАО	1357	coref	807
215	,	1360	None	None
216	продолжил	1362	None	None
217	президент	1372	coref	802
218	,	1381	None	None
219	лежит	1383	None	None
220	«	1389	coref	807
221	большая	1390	None	None
222	доля	1398	None	None
223	вины	1403	None	None
224	»	1407	coref	807
225	за	1409	None	None
226	создавшееся	1412	None	None
227	этой	1424	None	None
228	зимой	1429	None	None
229	положение	1435	None	None
230	в	1445	None	None
231	восточных	1447	coref	806
232	регионах	1457	coref	806
233	страны	1466	coref	799
234	.	1472	None	None
235	Путин	1475	coref	802
236	высказался	1481	None	None
237	за	1492	None	None
238	необходимость	1495	None	None
239	«	1509	coref	807
240	жестких	1510	None	None
241	мер	1518	None	None
242	в	1522	None	None
243	решении	1524	None	None
244	кадровых	1532	None	None
245	вопросов	1541	None	None
246	,	1549	None	None
247	однако	1551	None	None
248	искать	1558	None	None
249	здесь	1565	None	None
250	крайних	1571	None	None
251	бессмысленно	1579	None	None
252	»	1591	coref	807
253	,	1592	None	None
254	заявил	1594	None	None
255	он	1601	coref	802
256	и	1604	None	None
257	пояснил	1606	None	None
258	,	1613	None	None
259	что	1615	None	None
260	корень	1619	None	None
261	проблемы	1626	None	None
262	заключается	1635	None	None
263	в	1647	None	None
264	решениях	1649	None	None
265	,	1657	None	None
266	принятых	1659	None	None
267	в	1668	None	None
268	начале	1670	None	None
269	90	1677	None	None
270	-	1679	None	None
271	х	1680	None	None
272	годов	1682	None	None
273	,	1687	None	None
274	когда	1689	None	None
275	начался	1695	None	None
276	«	1703	coref	807
277	массовый	1704	None	None
278	сброс	1713	None	None
279	»	1718	coref	807
280	коммунальных	1720	None	None
281	служб	1733	None	None
282	на	1739	None	None
283	уровень	1742	None	None
284	местной	1750	None	None
285	власти	1758	None	None
286	.	1764	None	None
287	«	1767	coref	807
288	Уверен	1768	None	None
289	,	1774	None	None
290	-	1776	None	None
291	продолжил	1778	None	None
292	президент	1788	coref	802
293	,	1797	None	None
294	-	1799	None	None
295	что	1801	None	None
296	и	1805	None	None
297	правительство	1807	coref	801
298	РФ	1821	coref	799
299	не	1824	None	None
300	сделало	1827	None	None
301	всего	1835	None	None
302	,	1840	None	None
303	чтобы	1842	None	None
304	даже	1848	None	None
305	приступить	1853	None	None
306	к	1864	None	None
307	устранению	1866	None	None
308	этого	1877	None	None
309	кризиса	1883	None	None
310	»	1890	coref	807
311	.	1891	None	None
312	Президент	1894	coref	802
313	подчеркнул	1904	None	None
314	,	1914	None	None
315	что	1916	None	None
316	отсутствие	1920	None	None
317	помощи	1931	None	None
318	местным	1938	None	None
319	коммунальным	1946	None	None
320	службам	1959	None	None
321	из	1967	None	None
322	центра	1970	None	None
323	«	1977	coref	807
324	привело	1978	None	None
325	к	1986	None	None
326	системному	1988	None	None
327	кризису	1999	None	None
328	коммунальных	2007	None	None
329	служб	2020	None	None
330	едва	2026	None	None
331	ли	2031	None	None
332	не	2034	None	None
333	в	2037	None	None
334	половине	2039	None	None
335	регионов	2048	None	None
336	страны	2057	coref	799
337	»	2063	coref	807
338	.	2064	None	None
339	В	2066	None	None
340	качестве	2068	None	None
341	примеров	2077	None	None
342	Путин	2086	coref	802
343	перечислил	2092	None	None
344	Приморье	2103	None	None
345	,	2111	None	None
346	Архангельскую	2113	None	None
347	,	2126	None	None
348	Сахалинскую	2128	None	None
349	области	2140	None	None
350	,	2147	None	None
351	Чукотку	2149	None	None
352	,	2156	None	None
353	Якутию	2158	None	None
354	и	2165	None	None
355	другие	2167	None	None
356	регионы	2174	None	None
357	.	2181	None	None
358	Президент	2184	coref	802
359	заявил	2194	None	None
360	,	2200	None	None
361	что	2202	None	None
362	в	2206	None	None
363	связи	2208	None	None
364	с	2214	None	None
365	отставкой	2216	None	None
366	министра	2226	coref	798
367	есть	2235	None	None
368	необходимость	2240	None	None
369	пересмотреть	2254	None	None
370	функции	2267	None	None
371	министерства	2275	None	None
372	энергетики	2288	coref	798
373	.	2298	None	None
374	Хотя	2300	None	None
375	,	2304	None	None
376	по	2306	None	None
377	мнению	2309	None	None
378	президента	2316	coref	802
379	,	2326	None	None
380	кризис	2328	None	None
381	в	2335	None	None
382	известной	2337	None	None
383	мере	2347	None	None
384	явился	2352	None	None
385	следствием	2359	None	None
386	несовершенства	2370	None	None
387	законодательства	2385	None	None
388	.	2401	None	None
389	По	2404	None	None
390	этому	2407	None	None
391	поводу	2413	None	None
392	Владимир	2420	coref	802
393	Путин	2429	coref	802
394	заявил	2435	None	None
395	,	2441	None	None
396	что	2443	None	None
397	правительству	2447	coref	801
398	необходимо	2461	None	None
399	«	2472	coref	807
400	выйти	2473	None	None
401	со	2479	None	None
402	своими	2482	coref	801
403	предложениями	2489	None	None
404	в	2503	None	None
405	Госдуму	2505	coref	808
406	.	2512	None	None
407	«	2514	coref	807
408	Абсолютно	2515	None	None
409	уверен	2525	None	None
410	,	2531	None	None
411	что	2533	None	None
412	депутаты	2537	coref	808
413	нас	2546	coref	801
414	поддержат	2550	None	None
415	»	2559	coref	807
416	,	2560	None	None
417	-	2562	None	None
418	сказал	2564	None	None
419	президент	2571	coref	802
420	.	2580	None	None
