	word	start_char	type	chain_id
0	В	0	None	None
1	мурманской	2	coref	851
2	тюремной	13	coref	851
3	больнице	22	coref	851
4	для	31	coref	851
5	больных	35	coref	851
6	туберкулезом	43	coref	851
7	открыли	56	None	None
8	новое	64	coref	852
9	отделение	70	coref	852
10	Единственная	81	coref	851
11	в	94	coref	851
12	Мурманской	96	coref	851
13	области	107	coref	851
14	тюремная	115	coref	851
15	больница	124	coref	851
16	,	132	None	None
17	где	134	coref	851
18	лечатся	138	None	None
19	осужденные	146	coref	857
20	,	156	None	None
21	больные	158	None	None
22	туберкулезом	166	coref	851
23	,	178	None	None
24	в	180	coref	851
25	последние	182	None	None
26	годы	192	None	None
27	переполнена	197	None	None
28	до	209	None	None
29	отказа	212	None	None
30	.	218	None	None
31	В	220	None	None
32	нескольких	222	None	None
33	ее	233	coref	851
34	палатах	236	None	None
35	врачам	244	None	None
36	порой	251	None	None
37	приходилось	257	None	None
38	размещать	269	None	None
39	до	279	None	None
40	500	282	None	None
41	человек	286	coref	864
42	.	293	None	None
43	В	295	None	None
44	таких	297	None	None
45	условиях	303	None	None
46	борьба	312	None	None
47	с	319	None	None
48	туберкулезом	321	coref	851
49	теряла	334	None	None
50	какой	341	None	None
51	-	346	coref	864
52	либо	347	None	None
53	смысл	352	None	None
54	,	357	None	None
55	ведь	359	None	None
56	для	364	coref	851
57	его	368	coref	853
58	лечения	372	None	None
59	,	379	None	None
60	кроме	381	None	None
61	лекарств	387	None	None
62	,	395	None	None
63	необходимы	397	None	None
64	свежий	408	None	None
65	воздух	415	None	None
66	,	421	None	None
67	просторные	423	None	None
68	помещения	434	None	None
69	и	444	None	None
70	элементарная	446	None	None
71	чистота	459	None	None
72	.	466	None	None
73	Очень	469	None	None
74	многое	475	None	None
75	изменилось	482	None	None
76	с	493	None	None
77	вводом	495	None	None
78	нового	502	coref	852
79	отделения	509	coref	852
80	больницы	519	coref	851
81	,	527	None	None
82	которое	529	coref	852
83	открыто	537	None	None
84	в	545	coref	851
85	здании	547	coref	854
86	,	553	None	None
87	где	555	coref	851
88	раньше	559	None	None
89	располагался	566	None	None
90	штрафной	579	None	None
91	изолятор	588	None	None
92	.	596	None	None
93	Часть	598	None	None
94	денег	604	None	None
95	на	610	coref	864
96	его	613	coref	853
97	ремонт	617	None	None
98	поступили	624	None	None
99	из	634	None	None
100	Норвегии	637	coref	855
101	в	646	coref	851
102	рамках	648	None	None
103	программы	655	None	None
104	международного	665	None	None
105	сотрудничества	680	None	None
106	«	695	None	None
107	Тюрьмы	696	None	None
108	-	702	coref	864
109	побратимы	703	None	None
110	»	712	None	None
111	.	713	None	None
112	Кроме	715	None	None
113	8	721	coref	864
114	тысяч	723	None	None
115	долларов	729	None	None
116	,	737	None	None
117	норвежцы	739	coref	855
118	передали	748	None	None
119	российским	757	None	None
120	заключенным	768	None	None
121	железные	780	None	None
122	кровати	789	None	None
123	,	796	None	None
124	одеяла	798	None	None
125	и	805	None	None
126	подушки	807	None	None
127	.	814	None	None
128	Все	817	coref	856
129	остальное	821	coref	856
130	осужденные	831	coref	857
131	сделали	842	None	None
132	своими	850	coref	857
133	руками	857	None	None
134	в	864	coref	851
135	столярных	866	None	None
136	мастерских	876	None	None
137	колонии	887	None	None
138	:	894	None	None
139	двери	896	coref	858
140	,	901	None	None
141	окна	903	coref	859
142	,	907	None	None
143	полы	909	coref	860
144	,	913	None	None
145	мебель	915	coref	861
146	,	921	None	None
147	тумбочки	923	coref	862
148	,	931	None	None
149	столы	933	coref	863
150	.	938	None	None
151	Ремонт	941	None	None
152	в	948	coref	851
153	бывшем	950	coref	854
154	штрафном	957	coref	854
155	изоляторе	966	coref	854
156	длился	976	None	None
157	несколько	983	None	None
158	месяцев	993	None	None
159	,	1000	None	None
160	и	1002	None	None
161	теперь	1004	None	None
162	вместо	1011	None	None
163	мрачных	1018	None	None
164	камер	1026	None	None
165	здесь	1032	coref	854
166	палаты	1038	coref	864
167	на	1045	coref	864
168	6	1048	coref	864
169	-	1049	coref	864
170	8	1050	coref	864
171	человек	1052	coref	864
172	.	1059	None	None
173	В	1061	None	None
174	них	1063	coref	864
175	содержатся	1067	None	None
176	только	1078	None	None
177	те	1085	coref	865
178	заключенные	1088	coref	865
179	,	1099	None	None
180	которые	1101	coref	865
181	уже	1109	None	None
182	пошли	1113	None	None
183	на	1119	coref	864
184	поправку	1122	None	None
185	.	1130	None	None
186	Норвежцы	1133	coref	855
187	,	1141	None	None
188	пока	1143	None	None
189	шла	1148	None	None
190	реконструкция	1152	None	None
191	здания	1166	coref	854
192	,	1172	None	None
193	строго	1174	None	None
194	следили	1181	None	None
195	за	1189	None	None
196	ходом	1192	None	None
197	выполнения	1198	None	None
198	работ	1209	None	None
199	.	1214	None	None
200	Теперь	1216	None	None
201	вместе	1223	None	None
202	с	1230	None	None
203	администрацией	1232	None	None
204	колонии	1247	None	None
205	и	1255	None	None
206	к	1257	None	None
207	радости	1259	None	None
208	врачей	1267	None	None
209	они	1274	coref	855
210	думают	1278	None	None
211	над	1285	None	None
212	дальнейшим	1289	None	None
213	расширением	1300	None	None
214	тюремной	1312	coref	851
215	больницы	1321	coref	851
216	.	1329	None	None
217	Ведь	1331	None	None
218	пока	1336	None	None
219	согласно	1341	None	None
220	статистке	1350	None	None
221	каждый	1360	None	None
222	10	1367	None	None
223	-	1369	coref	864
224	й	1370	None	None
225	осужденный	1372	None	None
226	выходит	1383	None	None
227	на	1391	coref	864
228	свободу	1394	None	None
229	с	1402	None	None
230	диагнозом	1404	None	None
231	«	1414	None	None
232	туберкулез	1415	None	None
233	»	1425	None	None
234	.	1426	None	None
235	Далеким	1429	None	None
236	от	1437	None	None
237	идеального	1440	None	None
238	остается	1451	None	None
239	питание	1460	None	None
240	больных	1468	coref	851
241	:	1475	None	None
242	в	1477	coref	851
243	день	1479	None	None
244	на	1484	coref	864
245	каждого	1487	None	None
246	из	1495	None	None
247	них	1498	coref	864
248	государство	1502	None	None
249	отпускает	1514	None	None
250	всего	1524	None	None
251	лишь	1530	None	None
252	14	1535	None	None
253	рублей	1538	None	None
254	.	1544	None	None
