	word	start_char	type	chain_id
0	Правительство	0	coref	688
1	попросит	14	None	None
2	Госдуму	23	coref	689
3	рассмотреть	31	None	None
4	Земельный	43	coref	690
5	Кодекс	53	coref	690
6	14	60	None	None
7	июля	63	None	None
8	Правительство	69	coref	688
9	может	83	None	None
10	обратиться	89	None	None
11	к	100	None	None
12	Госдуме	102	coref	689
13	с	110	None	None
14	просьбой	112	None	None
15	рассмотреть	121	None	None
16	во	133	None	None
17	втором	136	None	None
18	чтении	143	None	None
19	проект	150	coref	690
20	Земельного	157	coref	690
21	кодекса	168	coref	690
22	14	176	None	None
23	июля	179	None	None
24	-	184	coref	691
25	в	186	None	None
26	день	188	None	None
27	закрытия	193	None	None
28	весенней	202	None	None
29	сессии	211	None	None
30	нижней	218	coref	689
31	палаты	225	coref	689
32	.	231	None	None
33	Об	233	None	None
34	этом	236	None	None
35	сообщила	241	None	None
36	первый	250	coref	691
37	вице	257	coref	691
38	-	261	coref	691
39	спикер	262	coref	691
40	Госдумы	269	coref	689
41	Любовь	277	coref	691
42	Слиска	284	coref	691
43	,	290	None	None
44	передает	292	None	None
45	РИА	301	None	None
46	«	305	None	None
47	Новости	306	None	None
48	»	313	None	None
49	.	314	None	None
50	Слиска	317	coref	691
51	отметила	324	None	None
52	,	332	None	None
53	что	334	None	None
54	пока	338	None	None
55	в	343	None	None
56	повестке	345	None	None
57	заседания	354	None	None
58	палаты	364	coref	689
59	на	371	None	None
60	14	374	None	None
61	июля	377	None	None
62	этого	382	None	None
63	вопроса	388	None	None
64	нет	396	None	None
65	.	399	None	None
