	word	start_char	type	chain_id
0	ОПЕК	0	coref	401
1	готовится	5	None	None
2	к	15	None	None
3	сокращению	17	None	None
4	поставок	28	None	None
5	в	37	None	None
6	марте	39	None	None
7	Организация	46	coref	401
8	стран	58	coref	401
9	-	64	coref	401
10	экспортеров	66	coref	401
11	нефти	78	coref	401
12	(	84	None	None
13	ОПЕК	85	coref	401
14	)	89	None	None
15	,	90	None	None
16	вероятно	92	None	None
17	,	100	None	None
18	все	102	None	None
19	же	106	None	None
20	примет	109	None	None
21	решение	116	None	None
22	о	124	None	None
23	сокращении	126	None	None
24	поставок	137	None	None
25	сырья	146	None	None
26	на	152	None	None
27	своей	155	coref	401
28	мартовской	161	coref	402
29	конференции	172	coref	402
30	,	183	None	None
31	которая	185	coref	402
32	пройдет	193	None	None
33	в	201	None	None
34	Вене	203	None	None
35	.	207	None	None
36	Причиной	209	None	None
37	очередного	218	None	None
38	сокращения	229	None	None
39	нефтедобычи	240	None	None
40	станет	252	None	None
41	попытка	259	None	None
42	компенсировать	267	None	None
43	ожидаемое	282	None	None
44	весной	292	None	None
45	снижение	299	None	None
46	спроса	308	None	None
47	в	315	None	None
48	северном	317	None	None
49	полушарии	326	None	None
50	,	335	None	None
51	сообщил	337	None	None
52	представитель	345	coref	403
53	ОПЕК	359	coref	401
54	,	363	None	None
55	близкий	365	None	None
56	к	373	None	None
57	министерству	375	None	None
58	нефтяной	388	None	None
59	промышленности	397	None	None
60	Саудовской	412	None	None
61	Аравии	423	None	None
62	.	429	None	None
63	По	432	None	None
64	его	435	coref	403
65	словам	439	None	None
66	,	445	None	None
67	к	447	None	None
68	такому	449	None	None
69	шагу	456	None	None
70	ОПЕК	461	coref	401
71	вынуждают	466	None	None
72	сокращение	476	None	None
73	потребления	487	None	None
74	нефти	499	coref	401
75	и	505	None	None
76	увеличение	507	None	None
77	запасов	518	None	None
78	,	525	None	None
79	особенно	527	None	None
80	в	536	None	None
81	США	538	coref	404
82	,	541	None	None
83	передает	543	None	None
84	агентство	552	None	None
85	Bloomberg	562	None	None
86	.	571	None	None
87	Президент	573	None	None
88	картеля	583	coref	401
89	Шакиб	591	None	None
90	Халиль	597	None	None
91	ранее	604	None	None
92	объявил	610	None	None
93	о	618	None	None
94	том	620	None	None
95	,	623	None	None
96	что	625	None	None
97	ОПЕК	629	coref	401
98	планирует	634	None	None
99	стабилизировать	644	None	None
100	цены	660	None	None
101	на	665	None	None
102	сырье	668	None	None
103	на	674	None	None
104	отметке	677	None	None
105	25	685	None	None
106	долларов	688	None	None
107	за	697	None	None
108	баррель	700	None	None
109	.	707	None	None
110	Как	710	None	None
111	заявил	714	None	None
112	Кейтаро	721	None	None
113	Сугхара	729	None	None
114	,	736	None	None
115	представитель	738	coref	403
116	японской	752	coref	405
117	компании	761	coref	405
118	Idemitsu	770	coref	405
119	Kosan	779	coref	405
120	,	784	None	None
121	добывающей	786	None	None
122	нефть	797	None	None
123	в	803	None	None
124	Персидском	805	None	None
125	заливе	816	None	None
126	,	822	None	None
127	«	824	None	None
128	мы	825	coref	405
129	ожидаем	828	None	None
130	,	835	None	None
131	что	837	None	None
132	ОПЕК	841	coref	401
133	сократит	846	None	None
134	экспорт	855	None	None
135	примерно	863	None	None
136	на	872	None	None
137	1	875	None	None
138	млн	877	None	None
139	.	880	None	None
140	баррелей	882	None	None
141	в	891	None	None
142	сутки	893	None	None
143	.	898	None	None
144	Если	900	None	None
145	они	905	coref	401
146	этого	909	None	None
147	не	915	None	None
148	сделают	918	None	None
149	,	925	None	None
150	цены	927	None	None
151	упадут	932	None	None
152	»	938	None	None
153	.	939	None	None
154	Между	942	None	None
155	тем	948	None	None
156	,	951	None	None
157	помимо	953	None	None
158	грядущего	960	None	None
159	сокращения	970	None	None
160	поставок	981	None	None
161	нефти	990	coref	401
162	ОПЕК	996	coref	401
163	,	1000	None	None
164	наблюдатели	1002	None	None
165	отмечают	1014	None	None
166	,	1022	None	None
167	что	1024	None	None
168	уже	1028	None	None
169	в	1032	None	None
170	ближайшее	1034	None	None
171	время	1044	None	None
172	возможно	1050	None	None
173	сокращение	1059	None	None
174	поставок	1070	None	None
175	из	1079	None	None
176	Ирака	1082	coref	406
177	вследствие	1088	None	None
178	бомбардировок	1099	None	None
179	этой	1113	coref	406
180	страны	1118	coref	406
181	,	1124	None	None
182	проведенных	1126	None	None
183	ВВС	1138	None	None
184	США	1142	coref	404
185	и	1146	None	None
186	Великобритании	1148	None	None
187	.	1162	None	None
