	word	start_char	type	chain_id
0	Две	0	coref	1177
1	статуи	4	coref	1177
2	Будды	11	coref	1177
3	в	17	coref	1177
4	Афганистане	19	coref	1177
5	полностью	31	None	None
6	разрушены	41	None	None
7	Талибы	52	coref	1179
8	,	58	None	None
9	по	60	None	None
10	последним	63	None	None
11	сообщениям	73	None	None
12	из	84	None	None
13	Афганистана	87	coref	1178
14	,	98	None	None
15	в	100	coref	1177
16	среду	102	None	None
17	объявили	108	None	None
18	,	116	None	None
19	что	118	None	None
20	две	122	coref	1177
21	статуи	126	coref	1177
22	Будды	133	coref	1177
23	в	139	coref	1177
24	провинции	141	coref	1177
25	Бамиан	151	coref	1177
26	полностью	158	None	None
27	разрушены	168	None	None
28	и	178	None	None
29	«	180	coref	1179
30	теперь	181	None	None
31	от	188	None	None
32	них	191	coref	1177
33	не	195	None	None
34	осталось	198	None	None
35	и	207	None	None
36	следа	209	None	None
37	»	214	coref	1179
38	.	215	None	None
39	«	218	coref	1179
40	Разрушение	219	None	None
41	статуй	230	coref	1177
42	закончено	237	None	None
43	вечером	247	None	None
44	во	255	None	None
45	вторник	258	None	None
46	»	265	coref	1179
47	,	266	None	None
48	-	268	None	None
49	заявил	270	None	None
50	,	276	None	None
51	по	278	None	None
52	сообщениям	281	None	None
53	одного	292	None	None
54	из	299	None	None
55	афганских	302	None	None
56	агентств	312	None	None
57	,	320	None	None
58	министр	322	None	None
59	информации	330	None	None
60	движения	341	coref	1179
61	«	350	coref	1179
62	Талибан	351	coref	1179
63	»	358	coref	1179
64	Кудратулла	360	None	None
65	Джамаль	371	None	None
66	.	378	None	None
67	Талибы	381	coref	1179
68	,	387	None	None
69	таким	389	None	None
70	образом	395	None	None
71	,	402	None	None
72	впервые	404	None	None
73	подтвердили	412	None	None
74	сообщения	424	None	None
75	о	434	None	None
76	безвозвратной	436	None	None
77	гибели	450	None	None
78	статуй	457	coref	1177
79	,	463	None	None
80	передает	465	None	None
81	Reuters	474	None	None
82	.	481	None	None
83	Генеральный	484	coref	1181
84	секретарь	496	coref	1181
85	UNESCO	506	coref	1181
86	Коэтиро	513	coref	1181
87	Мацуура	521	coref	1181
88	между	529	None	None
89	тем	535	coref	1185
90	уже	539	None	None
91	назвал	543	None	None
92	последние	550	None	None
93	новости	560	None	None
94	из	568	None	None
95	Афганистана	571	coref	1178
96	«	583	coref	1179
97	очень	584	None	None
98	печальными	590	None	None
99	»	600	coref	1179
100	и	602	None	None
101	заявил	604	None	None
102	,	610	None	None
103	что	612	None	None
104	«	616	coref	1179
105	мировое	617	None	None
106	сообщество	625	coref	1183
107	,	635	None	None
108	и	637	None	None
109	в	639	coref	1177
110	том	641	None	None
111	числе	645	None	None
112	UNESCO	651	coref	1181
113	,	657	None	None
114	агентство	659	None	None
115	ООН	669	coref	1181
116	по	673	None	None
117	делам	676	None	None
118	культуры	682	None	None
119	,	690	None	None
120	сделали	692	None	None
121	все	700	None	None
122	возможное	704	None	None
123	,	713	None	None
124	но	715	None	None
125	оказались	718	None	None
126	бессильны	728	None	None
127	»	737	coref	1179
128	.	738	None	None
129	«	740	coref	1179
130	В	741	None	None
131	будущем	743	None	None
132	непременно	751	None	None
133	надо	762	None	None
134	подумать	767	None	None
135	о	776	None	None
136	том	778	None	None
137	,	781	None	None
138	как	783	None	None
139	ввести	787	None	None
140	законы	794	coref	1184
141	,	800	None	None
142	по	802	None	None
143	которым	805	coref	1184
144	преступления	813	None	None
145	против	826	None	None
146	культуры	833	None	None
147	были	842	None	None
148	бы	847	None	None
149	сурово	850	None	None
150	наказаны	857	None	None
151	»	865	coref	1179
152	,	866	None	None
153	-	868	None	None
154	сказал	870	None	None
155	Мацуура	877	coref	1181
156	.	884	None	None
157	Генеральный	887	coref	1181
158	секретарь	899	coref	1181
159	ООН	909	coref	1181
160	Кофи	913	coref	1181
161	Аннан	918	coref	1181
162	ранее	924	None	None
163	сказал	930	None	None
164	,	936	None	None
165	что	938	None	None
166	наказывать	942	None	None
167	талибов	953	coref	1179
168	международное	961	coref	1183
169	сообщество	975	coref	1183
170	не	986	None	None
171	будет	989	None	None
172	.	994	None	None
173	По	996	None	None
174	словам	999	None	None
175	Аннана	1006	coref	1181
176	,	1012	None	None
177	«	1014	coref	1179
178	чтобы	1015	None	None
179	предотвратить	1021	None	None
180	подобные	1035	None	None
181	преступления	1044	None	None
182	,	1056	None	None
183	надо	1058	None	None
184	обучать	1063	None	None
185	людей	1071	None	None
186	уважению	1077	None	None
187	к	1086	None	None
188	тем	1088	coref	1185
189	вещами	1092	coref	1185
190	,	1098	None	None
191	который	1100	coref	1185
192	святы	1108	None	None
193	для	1114	None	None
194	других	1118	None	None
195	»	1124	coref	1179
196	.	1125	None	None
197	Две	1128	coref	1177
198	статуи	1132	coref	1177
199	Будды	1139	coref	1177
200	,	1144	None	None
201	разрушенные	1146	None	None
202	талибами	1158	coref	1179
203	,	1166	None	None
204	были	1168	None	None
205	высечены	1173	None	None
206	в	1182	coref	1177
207	скале	1184	None	None
208	в	1190	coref	1177
209	провинции	1192	coref	1177
210	Бамиан	1202	coref	1177
211	в	1209	coref	1177
212	центре	1211	coref	1180
213	Афганистана	1218	coref	1178
214	около	1230	None	None
215	полутора	1236	None	None
216	тысяч	1245	None	None
217	лет	1251	None	None
218	назад	1255	None	None
219	;	1260	None	None
220	высота	1262	None	None
221	одной	1269	coref	1186
222	статуи	1275	coref	1177
223	53	1282	None	None
224	метра	1285	None	None
225	,	1290	None	None
226	второй	1292	None	None
227	-	1299	None	None
228	38	1301	None	None
229	метров	1304	None	None
230	.	1310	None	None
231	Кроме	1312	None	None
232	них	1318	coref	1177
233	,	1321	None	None
234	талибы	1323	coref	1179
235	за	1330	None	None
236	последний	1333	None	None
237	месяц	1343	None	None
238	разрушили	1349	None	None
239	еще	1359	None	None
240	несколько	1363	None	None
241	статуй	1373	coref	1177
242	Будды	1380	coref	1177
243	и	1386	None	None
244	полностью	1388	None	None
245	уничтожили	1398	None	None
246	буддийскую	1409	None	None
247	коллекцию	1420	None	None
248	Национального	1430	None	None
249	музея	1444	None	None
250	в	1450	coref	1177
251	Кабуле	1452	None	None
252	.	1458	None	None
