	word	start_char	type	chain_id
0	В	0	None	None
1	компании	2	coref	989
2	«	11	coref	989
3	Владивосток	12	coref	989
4	-	23	coref	989
5	авиа	24	coref	989
6	»	28	coref	989
7	не	30	None	None
8	исполнялось	33	None	None
9	трудовое	45	coref	990
10	законодательство	54	coref	990
11	Существенные	72	None	None
12	нарушения	85	None	None
13	трудового	95	coref	990
14	законодательства	105	coref	990
15	обнаружила	122	None	None
16	специальная	133	coref	991
17	комиссия	145	coref	991
18	в	154	None	None
19	компании	156	coref	989
20	«	165	coref	989
21	Владивосток	166	coref	989
22	-	177	coref	989
23	авиа	178	coref	989
24	»	182	coref	989
25	,	183	None	None
26	принадлежащий	185	None	None
27	которой	199	coref	989
28	самолет	207	None	None
29	Ту	215	None	None
30	-	217	coref	989
31	154	218	None	None
32	со	222	None	None
33	130	225	None	None
34	пассажирами	229	None	None
35	и	241	None	None
36	девятью	243	None	None
37	членами	251	None	None
38	экипажа	259	None	None
39	на	267	None	None
40	борту	270	None	None
41	потерпел	276	None	None
42	катастрофу	285	None	None
43	3	296	None	None
44	июля	298	None	None
45	под	303	None	None
46	Иркутском	307	None	None
47	.	316	None	None
48	Как	319	None	None
49	сообщает	323	None	None
50	РИА	332	None	None
51	«	336	coref	989
52	Новости	337	None	None
53	»	344	coref	989
54	,	345	None	None
55	во	347	None	None
56	время	350	None	None
57	проверки	356	None	None
58	установлено	365	None	None
59	,	376	None	None
60	что	378	None	None
61	многие	382	None	None
62	пилоты	389	None	None
63	и	396	None	None
64	бортинженеры	398	None	None
65	компании	411	coref	989
66	не	420	None	None
67	были	423	None	None
68	в	428	None	None
69	отпуске	430	None	None
70	по	438	coref	991
71	два	441	None	None
72	-	444	coref	989
73	три	445	None	None
74	года	449	None	None
75	и	454	None	None
76	накопили	456	None	None
77	большую	465	None	None
78	психологическую	473	None	None
79	и	489	None	None
80	физическую	491	None	None
81	усталость	502	None	None
82	.	511	None	None
83	Многие	513	None	None
84	экипажи	520	None	None
85	авиакомпании	528	coref	989
86	не	541	None	None
87	всегда	544	None	None
88	имели	551	None	None
89	полноценный	557	None	None
90	отдых	569	None	None
91	перед	575	None	None
92	дальними	581	None	None
93	полетами	590	None	None
94	.	598	None	None
95	Более	600	None	None
96	того	606	None	None
97	,	610	None	None
98	нередки	612	None	None
99	случаи	620	None	None
100	,	626	None	None
101	когда	628	None	None
102	пилоты	634	None	None
103	,	640	None	None
104	бортинженеры	642	None	None
105	и	655	None	None
106	проводники	657	None	None
107	проводят	668	None	None
108	в	677	None	None
109	воздухе	679	None	None
110	сверхнормативное	687	None	None
111	количество	704	None	None
112	часов	715	None	None
113	.	720	None	None
114	По	723	None	None
115	словам	726	None	None
116	председателя	733	None	None
117	комиссии	746	coref	991
118	по	755	coref	991
119	соблюдению	758	coref	991
120	трудового	769	coref	990
121	законодательства	779	coref	990
122	Геннадия	796	None	None
123	Лобеева	805	None	None
124	,	812	None	None
125	все	814	None	None
126	это	818	None	None
127	существенно	822	None	None
128	влияло	834	None	None
129	на	841	None	None
130	физическое	844	None	None
131	и	855	None	None
132	психологическое	857	None	None
133	состояние	873	None	None
134	летного	883	None	None
135	состава	891	None	None
136	.	898	None	None
137	Двое	901	coref	992
138	руководителей	906	coref	992
139	авиакомпании	920	coref	989
140	,	932	None	None
141	которые	934	coref	992
142	отвечали	942	None	None
143	за	951	None	None
144	летную	954	None	None
145	подготовку	961	None	None
146	экипажей	972	None	None
147	,	980	None	None
148	безопасность	982	None	None
149	и	995	None	None
150	качество	997	None	None
151	полетов	1006	None	None
152	,	1013	None	None
153	уже	1015	None	None
154	уволены	1019	None	None
155	.	1026	None	None
156	Помощник	1029	None	None
157	гендиректора	1038	None	None
158	«	1051	coref	989
159	Владивосток	1052	coref	989
160	-	1063	coref	989
161	авиа	1064	coref	989
162	»	1068	coref	989
163	Владимир	1070	None	None
164	Разбежкин	1079	None	None
165	заявил	1089	None	None
166	,	1095	None	None
167	что	1097	None	None
168	руководство	1101	coref	993
169	компании	1113	coref	989
170	пересмотрело	1122	None	None
171	многие	1135	None	None
172	позиции	1142	None	None
173	и	1150	None	None
174	технологию	1152	None	None
175	организации	1163	None	None
176	работы	1175	None	None
177	предприятия	1182	coref	989
178	,	1193	None	None
179	в	1195	None	None
180	том	1197	None	None
181	числе	1201	None	None
182	выполнение	1207	None	None
183	полетов	1218	None	None
184	при	1226	None	None
185	смене	1230	None	None
186	экипажей	1236	None	None
187	.	1244	None	None
188	Под	1246	None	None
189	строгий	1250	None	None
190	контроль	1258	None	None
191	руководства	1267	coref	993
192	взяты	1279	None	None
193	условия	1285	None	None
194	,	1292	None	None
195	режим	1294	None	None
196	и	1300	None	None
197	продолжительность	1302	None	None
198	отдыха	1320	None	None
199	экипажей	1327	None	None
200	.	1335	None	None
