	word	start_char	type	chain_id
0	В	0	None	None
1	Риме	2	coref	1495
2	арестовали	7	None	None
3	активистов	18	None	None
4	экологического	29	coref	1496
5	движения	44	coref	1496
6	«	53	coref	1496
7	Гринпис	54	coref	1496
8	»	61	coref	1496
9	В	64	None	None
10	Риме	66	coref	1495
11	арестовали	71	None	None
12	активистов	82	None	None
13	экологического	93	coref	1496
14	движения	108	coref	1496
15	«	117	coref	1496
16	Гринпис	118	coref	1496
17	»	125	coref	1496
18	.	126	None	None
19	Необычную	128	None	None
20	акцию	138	None	None
21	протеста	144	None	None
22	против	153	None	None
23	браконьерства	160	None	None
24	гринписовцы	174	None	None
25	провели	186	None	None
26	,	193	None	None
27	забравшись	195	None	None
28	в	206	coref	1499
29	фонтан	208	coref	1497
30	Треви	215	coref	1497
31	.	220	None	None
32	Тех	222	None	None
33	,	225	None	None
34	кто	227	None	None
35	не	231	None	None
36	хотел	234	None	None
37	выходить	240	None	None
38	из	249	coref	1497
39	воды	252	None	None
40	,	256	None	None
41	несли	258	None	None
42	до	264	None	None
43	полицейских	267	coref	1498
44	машин	279	coref	1498
45	на	285	None	None
46	руках	288	None	None
47	.	293	None	None
48	Тысячи	296	coref	1499
49	туристов	303	coref	1499
50	в	312	coref	1499
51	итальянской	314	coref	1495
52	столице	326	coref	1495
53	,	333	None	None
54	которые	335	coref	1499
55	пришли	343	None	None
56	полюбоваться	350	None	None
57	на	363	None	None
58	одну	366	coref	1497
59	из	371	coref	1497
60	главных	374	coref	1497
61	достопримечательностей	382	coref	1497
62	города	405	coref	1495
63	фонтан	412	coref	1497
64	Треви	419	coref	1497
65	,	424	None	None
66	увидели	426	None	None
67	в	434	coref	1499
68	воде	436	None	None
69	огромные	441	coref	1500
70	скелеты	450	coref	1500
71	рыб	458	coref	1500
72	.	461	None	None
73	Пластиковые	463	coref	1500
74	муляжи	475	coref	1500
75	изготовили	482	None	None
76	и	493	None	None
77	поместили	495	None	None
78	в	505	coref	1499
79	воды	507	None	None
80	фонтана	512	coref	1497
81	активисты	520	None	None
82	движения	530	coref	1496
83	«	539	coref	1496
84	Гринпис	540	coref	1496
85	»	547	coref	1496
86	,	548	None	None
87	протестуя	550	None	None
88	таким	560	None	None
89	образом	566	None	None
90	против	574	None	None
91	нелегальной	581	None	None
92	добычи	593	None	None
93	рыбы	600	None	None
94	.	604	None	None
95	Эта	607	None	None
96	акция	611	None	None
97	стала	617	None	None
98	ответом	623	None	None
99	на	631	None	None
100	прошедшую	634	None	None
101	недавно	644	None	None
102	в	652	coref	1499
103	Риме	654	coref	1495
104	конференцию	659	coref	1501
105	,	670	None	None
106	на	672	None	None
107	которой	675	coref	1501
108	чиновники	683	coref	1502
109	выразили	693	None	None
110	свое	702	coref	1502
111	неодобрение	707	None	None
112	резолюции	719	None	None
113	о	729	None	None
114	запрете	731	None	None
115	браконьерства	739	None	None
116	.	752	None	None
117	Полиция	754	coref	1503
118	прибыла	762	None	None
119	на	770	None	None
120	площадь	773	None	None
121	через	781	None	None
122	несколько	787	None	None
123	минут	797	None	None
124	после	803	None	None
125	начала	809	None	None
126	акции	816	None	None
127	.	821	None	None
128	Для	823	None	None
129	того	827	None	None
130	,	831	None	None
131	чтобы	833	None	None
132	арестовать	839	None	None
133	протестантов	850	None	None
134	,	862	None	None
135	стражам	864	coref	1503
136	порядка	872	coref	1503
137	пришлось	880	None	None
138	лезть	889	None	None
139	в	895	coref	1499
140	воду	897	None	None
141	.	901	None	None
142	К	903	None	None
143	митингующим	905	None	None
144	применили	917	None	None
145	силу	927	None	None
146	:	931	None	None
147	тех	933	None	None
148	,	936	None	None
149	кто	938	None	None
150	не	942	None	None
151	хотел	945	None	None
152	выходить	951	None	None
153	из	960	coref	1497
154	воды	963	None	None
155	,	967	None	None
156	несли	969	None	None
157	до	975	None	None
158	полицейских	978	coref	1498
159	машин	990	coref	1498
160	на	996	None	None
161	руках	999	None	None
162	.	1004	None	None
