	word	start_char	type	chain_id
0	На	0	None	None
1	центральном	3	coref	622
2	рынке	15	coref	622
3	Гудермеса	21	coref	622
4	взорвалось	31	None	None
5	кафе	42	coref	624
6	В	48	None	None
7	понедельник	50	None	None
8	в	62	None	None
9	Чечне	64	coref	625
10	на	70	None	None
11	центральном	73	coref	622
12	рынке	85	coref	622
13	города	91	coref	622
14	Гудермеса	98	coref	622
15	взорвалось	108	None	None
16	кафе	119	coref	624
17	,	123	None	None
18	расположенное	125	None	None
19	в	139	None	None
20	многолюдном	141	None	None
21	месте	153	coref	624
22	.	158	None	None
23	Как	161	None	None
24	сообщает	165	None	None
25	«	174	None	None
26	Эхо	175	None	None
27	Москвы	179	None	None
28	»	185	None	None
29	со	187	None	None
30	ссылкой	190	None	None
31	на	198	None	None
32	«	201	None	None
33	Интерфакс	202	None	None
34	»	211	None	None
35	,	212	None	None
36	по	214	coref	629
37	предварительным	217	None	None
38	данным	233	None	None
39	,	239	None	None
40	одна	241	coref	626
41	женщина	246	coref	626
42	погибла	254	None	None
43	,	261	None	None
44	еще	263	coref	627
45	одна	267	coref	626
46	-	272	None	None
47	ранена	274	None	None
48	.	280	None	None
49	Обе	282	coref	628
50	они	286	coref	628
51	являлись	290	None	None
52	работницами	299	None	None
53	кафе	311	coref	624
54	,	315	None	None
55	в	317	None	None
56	котором	319	coref	624
57	прогремел	327	None	None
58	взрыв	337	None	None
59	.	342	None	None
60	Взрыв	345	None	None
61	произошел	351	None	None
62	около	361	None	None
63	14	367	None	None
64	:	369	None	None
65	30	370	None	None
66	по	373	coref	629
67	московскому	376	None	None
68	времени	388	None	None
69	.	395	None	None
70	Центральный	397	coref	622
71	рынок	409	coref	622
72	Гудермеса	415	coref	622
73	сейчас	425	None	None
74	оцеплен	432	None	None
75	,	439	None	None
76	на	441	None	None
77	место	444	coref	622
78	прибыла	450	None	None
79	оперативно	458	None	None
80	-	468	None	None
81	следственная	469	None	None
82	бригада	482	None	None
83	.	489	None	None
84	Сразу	492	None	None
85	же	498	None	None
86	после	501	None	None
87	взрыва	507	coref	624
88	управление	514	coref	629
89	внутренних	525	coref	629
90	дел	536	coref	629
91	выдвинуло	540	None	None
92	версию	550	None	None
93	о	557	None	None
94	теракте	559	None	None
95	.	566	None	None
96	Однако	568	None	None
97	на	575	None	None
98	месте	578	coref	624
99	взрыва	584	coref	624
100	не	591	None	None
101	было	594	None	None
102	обнаружено	599	None	None
103	ни	610	None	None
104	следов	613	None	None
105	взрывчатых	620	None	None
106	веществ	631	None	None
107	,	638	None	None
108	ни	640	None	None
109	осколков	643	None	None
110	.	651	None	None
111	После	654	None	None
112	завершения	660	None	None
113	оперативно	671	None	None
114	-	681	None	None
115	следственных	682	None	None
116	мероприятий	695	None	None
117	в	707	None	None
118	управлении	709	coref	629
119	внутренних	720	coref	629
120	дел	731	coref	629
121	МВД	735	coref	629
122	России	739	coref	629
123	по	746	coref	629
124	Чеченской	749	coref	625
125	республике	759	coref	625
126	сообщили	770	None	None
127	,	778	None	None
128	что	780	None	None
129	причина	784	None	None
130	взрыва	792	coref	624
131	-	799	None	None
132	нарушения	801	None	None
133	правил	811	None	None
134	эксплуатации	818	None	None
135	газовых	831	None	None
136	приборов	839	None	None
137	.	847	None	None
