	word	start_char	type	chain_id
0	Анатолий	0	coref	351
1	Чубайс	9	coref	351
2	полетел	16	None	None
3	в	24	coref	354
4	США	26	coref	352
5	за	30	None	None
6	инвестициями	33	None	None
7	Председатель	47	coref	351
8	правления	60	coref	351
9	РАО	70	coref	351
10	«	74	coref	351
11	ЕЭС	75	coref	351
12	России	79	coref	351
13	»	85	coref	351
14	Анатолий	87	coref	351
15	Чубайс	96	coref	351
16	вылетел	103	None	None
17	в	111	coref	354
18	воскресенье	113	None	None
19	,	124	None	None
20	20	126	None	None
21	мая	129	None	None
22	,	132	None	None
23	в	134	coref	354
24	США	136	coref	352
25	,	139	None	None
26	где	141	coref	352
27	состоится	145	None	None
28	его	155	coref	351
29	встреча	159	None	None
30	с	167	None	None
31	вице	169	None	None
32	-	173	None	None
33	президентом	174	None	None
34	США	186	coref	352
35	Ричардом	190	None	None
36	Чейни	199	None	None
37	.	204	None	None
38	Об	206	None	None
39	этом	209	None	None
40	сообщили	214	None	None
41	в	223	coref	354
42	РАО	225	coref	351
43	«	229	coref	351
44	ЕЭС	230	coref	351
45	России	234	coref	351
46	»	240	coref	351
47	.	241	None	None
48	В	244	None	None
49	ходе	246	None	None
50	визита	251	coref	354
51	в	258	coref	354
52	США	260	coref	352
53	,	263	None	None
54	который	265	coref	354
55	продлится	273	None	None
56	до	283	None	None
57	25	286	None	None
58	мая	289	None	None
59	,	292	None	None
60	глава	294	coref	351
61	РАО	300	coref	351
62	намерен	304	None	None
63	также	312	None	None
64	встретиться	318	None	None
65	с	330	None	None
66	инвесторами	332	coref	355
67	и	344	None	None
68	обсудить	346	None	None
69	с	355	None	None
70	ними	357	coref	355
71	вопрос	362	None	None
72	инвестирования	369	None	None
73	средств	384	None	None
74	в	392	coref	354
75	российскую	394	None	None
76	электроэнергетику	405	None	None
77	.	422	None	None
78	Анатолий	424	coref	351
79	Чубайс	433	coref	351
80	неоднократно	440	None	None
81	заявлял	453	None	None
82	,	460	None	None
83	что	462	None	None
84	после	466	None	None
85	принятия	472	None	None
86	правительством	481	coref	356
87	РФ	496	coref	356
88	решения	499	None	None
89	о	507	None	None
90	реформировании	509	None	None
91	электроэнергетической	524	None	None
92	отрасли	546	None	None
93	можно	554	None	None
94	будет	560	None	None
95	приступать	566	None	None
96	к	577	None	None
97	проведению	579	None	None
98	конкретных	590	None	None
99	переговорах	601	None	None
100	с	613	None	None
101	инвесторами	615	coref	355
102	.	626	None	None
103	Такое	628	None	None
104	решение	634	None	None
105	,	641	None	None
106	как	643	None	None
107	известно	647	None	None
108	,	655	None	None
109	было	657	None	None
110	принято	662	None	None
111	правительством	670	coref	356
112	19	685	None	None
113	мая	688	None	None
114	этого	692	None	None
115	года	698	None	None
116	.	702	None	None
117	Кроме	705	None	None
118	того	711	None	None
119	,	715	None	None
120	как	717	None	None
121	сообщили	721	None	None
122	в	730	coref	354
123	РАО	732	coref	351
124	ЕЭС	736	coref	351
125	,	739	None	None
126	глава	741	coref	351
127	энергохолдинга	747	coref	351
128	намерен	762	None	None
129	еще	770	None	None
130	раз	774	None	None
131	ознакомиться	778	None	None
132	с	791	None	None
133	процессом	793	None	None
134	проведения	803	None	None
135	либерализации	814	None	None
136	рынка	828	None	None
137	электроэнергии	834	None	None
138	в	849	coref	354
139	США	851	coref	352
140	.	854	None	None
141	Напомним	856	None	None
142	,	864	None	None
143	что	866	None	None
144	более	870	None	None
145	чем	876	None	None
146	в	880	coref	354
147	20	882	None	None
148	штатах	885	None	None
149	этой	892	coref	352
150	страны	897	coref	352
151	процесс	904	None	None
152	либерализации	912	None	None
153	прошел	926	None	None
154	успешно	933	None	None
155	.	940	None	None
