	word	start_char	type	chain_id
0	МРОТ	0	None	None
1	сейчас	5	None	None
2	нельзя	12	None	None
3	повышать	19	None	None
4	до	28	None	None
5	прожиточного	31	None	None
6	минимума	44	None	None
7	Дальнейшие	54	None	None
8	шаги	65	None	None
9	по	70	None	None
10	повышению	73	None	None
11	минимального	83	None	None
12	размера	96	None	None
13	оплаты	104	None	None
14	труда	111	coref	392
15	(	117	None	None
16	МРОТ	118	None	None
17	)	122	None	None
18	будут	124	None	None
19	возможны	130	None	None
20	только	139	None	None
21	в	146	None	None
22	2003	148	None	None
23	году	153	None	None
24	,	157	None	None
25	передает	159	None	None
26	РИА	168	None	None
27	«	172	None	None
28	Новости	173	None	None
29	»	180	None	None
30	со	182	None	None
31	ссылкой	185	None	None
32	на	193	None	None
33	министра	196	coref	392
34	труда	205	coref	392
35	и	211	coref	392
36	социального	213	coref	392
37	развития	225	coref	392
38	России	234	coref	392
39	Александра	241	coref	392
40	Починка	252	coref	392
41	.	259	None	None
42	Министр	262	coref	392
43	сообщил	270	None	None
44	,	277	None	None
45	что	279	None	None
46	правительство	283	coref	393
47	не	297	None	None
48	поддерживает	300	None	None
49	радикальное	313	None	None
50	предложение	325	None	None
51	некоторых	337	None	None
52	депутатов	347	None	None
53	Госдумы	357	None	None
54	о	365	None	None
55	резком	367	None	None
56	увеличении	374	None	None
57	МРОТ	385	None	None
58	до	390	None	None
59	уровня	393	None	None
60	прожиточного	400	None	None
61	минимума	413	None	None
62	,	421	None	None
63	поскольку	423	None	None
64	это	433	None	None
65	приведет	437	None	None
66	к	446	None	None
67	скачку	448	coref	394
68	инфляции	455	coref	394
69	,	463	None	None
70	который	465	coref	394
71	сделает	473	None	None
72	бессмысленным	481	None	None
73	такое	495	None	None
74	увеличение	501	None	None
75	.	511	None	None
76	В	514	None	None
77	принципе	516	None	None
78	правительство	525	coref	393
79	согласно	539	None	None
80	с	548	None	None
81	необходимостью	550	None	None
82	доведения	565	None	None
83	МРОТ	575	None	None
84	до	580	None	None
85	уровня	583	None	None
86	прожиточного	590	None	None
87	минимума	603	None	None
88	,	611	None	None
89	сообщил	613	None	None
90	он	621	coref	392
91	,	623	None	None
92	но	625	None	None
93	увеличение	628	None	None
94	это	639	None	None
95	нужно	643	None	None
96	проводить	649	None	None
97	постепенно	659	None	None
98	.	669	None	None
99	Он	672	coref	392
100	напомнил	675	None	None
101	,	683	None	None
102	что	685	None	None
103	уже	689	None	None
104	принято	693	None	None
105	решение	701	None	None
106	об	709	None	None
107	увеличении	712	None	None
108	с	723	None	None
109	1	725	None	None
110	декабря	727	None	None
111	текущего	735	None	None
112	года	744	None	None
113	ставки	749	None	None
114	первого	756	None	None
115	разряда	764	None	None
116	единой	772	None	None
117	тарифной	779	None	None
118	сетки	788	None	None
119	оплаты	794	None	None
120	труда	801	coref	392
121	до	807	None	None
122	450	810	None	None
123	рублей	814	None	None
124	,	820	None	None
125	что	822	None	None
126	увеличит	826	None	None
127	зарплату	835	None	None
128	бюджетников	844	None	None
129	почти	856	None	None
130	вдвое	862	None	None
131	.	867	None	None
132	На	869	None	None
133	это	872	None	None
134	увеличение	876	None	None
135	в	887	None	None
136	бюджете	889	None	None
137	-	896	None	None
138	2002	897	None	None
139	выделено	902	None	None
140	200	911	None	None
141	млрд	915	None	None
142	.	919	None	None
143	рублей	921	None	None
144	.	927	None	None
145	Кроме	929	None	None
146	того	935	None	None
147	,	939	None	None
148	с	941	None	None
149	1	943	None	None
150	июля	945	None	None
151	следующего	950	None	None
152	года	961	None	None
153	повышается	966	None	None
154	заработная	977	None	None
155	плата	988	None	None
156	военным	994	None	None
157	и	1002	coref	392
158	работникам	1004	None	None
159	правоохранительных	1015	None	None
160	органов	1034	None	None
161	.	1041	None	None
162	Починок	1044	coref	392
163	подчеркнул	1052	None	None
164	,	1062	None	None
165	что	1064	None	None
166	только	1068	None	None
167	после	1075	None	None
168	прохождения	1081	None	None
169	этих	1093	None	None
170	двух	1098	None	None
171	пиков	1103	None	None
172	роста	1109	None	None
173	расходов	1115	None	None
174	,	1123	None	None
175	убедившись	1125	None	None
176	,	1135	None	None
177	что	1137	None	None
178	бюджеты	1141	None	None
179	всех	1149	None	None
180	уровней	1154	None	None
181	с	1162	None	None
182	этим	1164	None	None
183	справляются	1169	None	None
184	,	1180	None	None
185	можно	1182	None	None
186	планировать	1188	None	None
187	дальнейшие	1200	None	None
188	шаги	1211	None	None
189	по	1216	None	None
190	увеличению	1219	None	None
191	МРОТ	1230	None	None
192	.	1234	None	None
193	Он	1236	coref	392
194	указал	1239	None	None
195	несколько	1246	None	None
196	путей	1256	None	None
197	возможного	1262	None	None
198	повышения	1273	None	None
199	.	1282	None	None
200	Во	1284	None	None
201	-	1286	None	None
202	первых	1287	None	None
203	,	1293	None	None
204	одним	1295	None	None
205	из	1301	None	None
206	путей	1304	None	None
207	может	1310	None	None
208	стать	1316	None	None
209	придание	1322	None	None
210	с	1331	None	None
211	2003	1333	None	None
212	года	1338	None	None
213	единой	1343	None	None
214	тарифной	1350	None	None
215	сетке	1359	None	None
216	оплаты	1365	None	None
217	труда	1372	coref	392
218	рекомендательного	1378	None	None
219	характера	1396	None	None
220	,	1405	None	None
221	и	1407	coref	392
222	регионы	1409	coref	395
223	тогда	1417	None	None
224	смогут	1423	None	None
225	самостоятельно	1430	None	None
226	устанавливать	1445	None	None
227	свои	1459	coref	395
228	более	1464	None	None
229	высокие	1470	None	None
230	ставки	1478	None	None
231	.	1484	None	None
232	Другой	1486	None	None
233	путь	1493	None	None
234	-	1498	None	None
235	заключение	1500	None	None
236	отраслевых	1511	coref	396
237	тарифных	1522	coref	396
238	соглашений	1531	coref	396
239	,	1541	None	None
240	в	1543	None	None
241	которых	1545	coref	396
242	устанавливается	1553	None	None
243	более	1569	None	None
244	высокий	1575	None	None
245	МРОТ	1583	None	None
246	.	1587	None	None
247	В	1589	None	None
248	качестве	1591	None	None
249	положительного	1600	None	None
250	примера	1615	None	None
251	Починок	1623	coref	392
252	привел	1631	None	None
253	тарифное	1638	None	None
254	соглашение	1647	None	None
255	в	1658	None	None
256	металлургии	1660	None	None
257	.	1671	None	None
