	word	start_char	type	chain_id
0	ЕБРР	0	coref	357
1	согласен	5	None	None
2	стать	14	None	None
3	стратегическим	20	None	None
4	инвестором	35	None	None
5	РАО	46	coref	358
6	«	50	coref	358
7	ЕЭС	51	coref	358
8	России	55	coref	358
9	»	61	coref	358
10	Европейский	64	coref	357
11	банк	76	coref	357
12	реконструкции	81	coref	357
13	и	95	coref	357
14	развития	97	coref	357
15	(	106	None	None
16	ЕБРР	107	coref	357
17	)	111	None	None
18	рассматривает	113	None	None
19	возможность	127	None	None
20	кредитования	139	None	None
21	РАО	152	coref	358
22	«	156	coref	358
23	ЕЭС	157	coref	358
24	России	161	coref	358
25	»	167	coref	358
26	,	168	None	None
27	сообщает	170	None	None
28	влиятельная	179	coref	359
29	деловая	191	coref	359
30	газета	199	coref	359
31	The	206	coref	359
32	Financial	210	coref	359
33	Times	220	coref	359
34	.	225	coref	360
35	Сейчас	228	None	None
36	банк	235	coref	357
37	рассматривает	240	None	None
38	вопрос	254	None	None
39	о	261	coref	367
40	предоставлении	263	None	None
41	кредита	278	coref	360
42	в	286	coref	360
43	94	288	coref	360
44	млн	291	coref	360
45	.	294	coref	360
46	евро	296	coref	360
47	.	300	coref	360
48	В	302	None	None
49	дальнейшем	304	None	None
50	ЕБРР	315	coref	357
51	возможно	320	None	None
52	станет	329	None	None
53	стратегическим	336	None	None
54	инвестором	351	None	None
55	РАО	362	coref	358
56	,	365	None	None
57	не	367	None	None
58	только	370	None	None
59	поддерживая	377	None	None
60	компанию	389	coref	358
61	кредитами	398	None	None
62	,	407	None	None
63	но	409	None	None
64	и	412	coref	357
65	став	414	None	None
66	акционером	419	None	None
67	дочерних	430	coref	361
68	энергопредприятий	439	coref	361
69	РАО	457	coref	358
70	.	460	coref	360
71	Впрочем	463	None	None
72	,	470	None	None
73	и	472	coref	357
74	в	474	coref	360
75	банке	476	coref	357
76	это	482	None	None
77	подчеркивают	486	None	None
78	,	498	None	None
79	перспективы	500	None	None
80	сотрудничества	512	None	None
81	зависят	527	None	None
82	,	534	None	None
83	в	536	coref	360
84	первую	538	None	None
85	очередь	545	None	None
86	,	552	None	None
87	от	554	None	None
88	того	557	None	None
89	,	561	None	None
90	насколько	563	None	None
91	серьезны	573	None	None
92	намерения	582	None	None
93	президента	592	coref	362
94	Путина	603	coref	362
95	и	610	coref	357
96	российского	612	coref	363
97	кабинета	624	coref	363
98	министров	633	coref	363
99	продолжать	643	None	None
100	реформу	654	coref	364
101	РАО	662	coref	358
102	«	666	coref	358
103	ЕЭС	667	coref	358
104	России	671	coref	358
105	»	677	coref	358
106	.	678	coref	360
107	В	681	None	None
108	начале	683	None	None
109	апреля	690	None	None
110	,	696	None	None
111	в	698	coref	360
112	рамках	700	None	None
113	подготовительной	707	None	None
114	работы	724	None	None
115	к	731	None	None
116	выдаче	733	None	None
117	кредита	740	coref	360
118	в	748	coref	360
119	Москву	750	None	None
120	прибудет	757	None	None
121	первый	766	coref	365
122	вице	773	coref	365
123	-	777	coref	365
124	президент	778	coref	365
125	банка	788	coref	357
126	Чарльз	794	coref	365
127	Фрэнк	801	coref	365
128	.	806	coref	360
129	Для	808	None	None
130	того	812	None	None
131	,	816	None	None
132	чтобы	818	None	None
133	оценить	824	None	None
134	судьбу	832	None	None
135	реформы	839	coref	364
136	РАО	847	coref	358
137	«	851	coref	358
138	ЕЭС	852	coref	358
139	России	856	coref	358
140	»	862	coref	358
141	,	863	None	None
142	он	865	coref	365
143	проведет	868	None	None
144	переговоры	877	None	None
145	с	888	None	None
146	членами	890	None	None
147	правительственной	898	None	None
148	комиссии	916	None	None
149	по	925	None	None
150	реструктуризации	928	None	None
151	энергетической	945	coref	358
152	естественной	960	coref	358
153	монополии	973	coref	358
154	,	982	None	None
155	побеседует	984	None	None
156	с	995	None	None
157	противниками	997	None	None
158	реформы	1010	coref	364
159	.	1017	coref	360
160	В	1020	None	None
161	том	1022	None	None
162	случае	1026	None	None
163	,	1032	None	None
164	если	1034	None	None
165	представитель	1039	coref	365
166	банка	1053	coref	357
167	будет	1059	None	None
168	уверен	1065	None	None
169	в	1072	coref	360
170	твердости	1074	None	None
171	намерений	1084	None	None
172	российской	1094	coref	366
173	власти	1105	coref	366
174	,	1111	None	None
175	ЕБРР	1113	coref	357
176	приступит	1118	None	None
177	к	1128	None	None
178	разработке	1130	None	None
179	схем	1141	None	None
180	стратегического	1146	None	None
181	сотрудничества	1162	None	None
182	с	1177	None	None
183	РАО	1179	coref	358
184	.	1182	coref	360
185	Работы	1184	None	None
186	в	1191	coref	360
187	этом	1193	None	None
188	направлении	1198	None	None
189	уже	1210	None	None
190	ведутся	1214	None	None
191	.	1221	coref	360
192	В	1223	None	None
193	частности	1225	None	None
194	,	1234	None	None
195	в	1236	coref	360
196	распоряжении	1238	None	None
197	The	1251	coref	359
198	Financial	1255	coref	359
199	Times	1265	coref	359
200	оказался	1271	None	None
201	фрагмент	1280	coref	367
202	меморандума	1289	coref	367
203	о	1301	coref	367
204	взаимопонимании	1303	coref	367
205	между	1319	coref	367
206	ЕБРР	1325	coref	357
207	и	1330	coref	357
208	РАО	1332	coref	358
209	«	1336	coref	358
210	ЕЭС	1337	coref	358
211	»	1340	coref	358
212	,	1341	None	None
213	который	1343	coref	367
214	будет	1351	None	None
215	официально	1357	None	None
216	обнародован	1368	None	None
217	в	1380	coref	360
218	том	1382	None	None
219	случае	1386	None	None
220	,	1392	None	None
221	если	1394	None	None
222	банк	1399	coref	357
223	удовлетвориться	1404	None	None
224	настроениями	1420	None	None
225	в	1433	coref	360
226	России	1435	coref	358
227	и	1442	coref	357
228	выделит	1444	None	None
229	кредит	1452	coref	360
230	в	1459	coref	360
231	94	1461	coref	360
232	млн	1464	coref	360
233	.	1467	coref	360
234	евро	1469	coref	360
235	.	1473	coref	360
236	В	1476	None	None
237	документе	1478	coref	367
238	говорится	1488	None	None
239	,	1497	None	None
240	в	1499	coref	360
241	том	1501	None	None
242	случае	1505	None	None
243	,	1511	None	None
244	если	1513	None	None
245	РАО	1518	coref	358
246	«	1522	coref	358
247	ЕЭС	1523	coref	358
248	России	1527	coref	358
249	»	1533	coref	358
250	будет	1535	None	None
251	наращивать	1541	None	None
252	объемы	1552	None	None
253	денежных	1559	None	None
254	поступлений	1568	None	None
255	и	1580	coref	357
256	демонстрировать	1582	None	None
257	свою	1598	coref	358
258	готовность	1603	None	None
259	увеличивать	1614	None	None
260	стоимость	1626	None	None
261	активов	1636	None	None
262	генерирующих	1644	None	None
263	и	1657	coref	357
264	поставляющих	1659	None	None
265	предприятий	1672	None	None
266	,	1683	None	None
267	привлекая	1685	None	None
268	инвесторов	1695	None	None
269	через	1706	None	None
270	открытые	1712	None	None
271	и	1721	coref	357
272	прозрачные	1723	None	None
273	торги	1734	None	None
274	,	1739	None	None
275	ЕБРР	1741	coref	357
276	рассмотрит	1746	None	None
277	возможность	1757	None	None
278	участия	1769	None	None
279	в	1777	coref	360
280	капитале	1779	None	None
281	дочерних	1788	coref	361
282	компаний	1797	coref	361
283	РАО	1806	coref	358
284	.	1809	coref	360
285	Кроме	1811	None	None
286	того	1817	None	None
287	,	1821	None	None
288	банк	1823	coref	357
289	продолжит	1828	None	None
290	средне	1838	None	None
291	-	1844	coref	365
292	и	1846	coref	357
293	долгосрочное	1848	None	None
294	финансирование	1861	None	None
295	компании	1876	coref	358
296	и	1885	coref	357
297	облегчит	1887	None	None
298	ей	1896	coref	358
299	доступ	1899	None	None
300	на	1906	None	None
301	международные	1909	None	None
302	финансовые	1923	None	None
303	рынки	1934	None	None
304	.	1939	coref	360
