	word	start_char	type	chain_id
0	Единственный	0	coref	1425
1	мост	13	coref	1425
2	,	17	None	None
3	связывающий	19	None	None
4	Узбекистан	31	coref	1426
5	и	42	None	None
6	Афганистан	44	coref	1427
7	,	54	None	None
8	заблокирован	56	None	None
9	Хайратон	70	coref	1425
10	-	79	coref	1428
11	единственный	81	None	None
12	мост	94	coref	1425
13	через	99	None	None
14	Аму	105	coref	1428
15	-	108	coref	1428
16	Дарью	109	coref	1428
17	,	114	None	None
18	соединяющий	116	None	None
19	Узбекистан	128	coref	1426
20	с	139	None	None
21	контролируемой	141	None	None
22	талибами	156	None	None
23	территорией	165	None	None
24	Афганистана	177	coref	1427
25	,	188	None	None
26	-	190	coref	1428
27	уже	192	None	None
28	давно	196	None	None
29	не	202	None	None
30	используется	205	None	None
31	.	217	None	None
32	Две	219	coref	1429
33	полосы	223	coref	1429
34	автодороги	230	coref	1429
35	и	241	None	None
36	проложенные	243	None	None
37	между	255	None	None
38	ними	261	coref	1429
39	железнодорожные	266	None	None
40	пути	282	None	None
41	перегорожены	287	None	None
42	бетонными	300	None	None
43	плитами	310	None	None
44	-	318	coref	1428
45	так	320	None	None
46	говорят	324	None	None
47	местные	332	None	None
48	жители	340	None	None
49	.	346	None	None
50	Как	348	None	None
51	передает	352	None	None
52	ИТАР	361	None	None
53	-	365	coref	1428
54	ТАСС	366	None	None
55	,	370	None	None
56	иностранным	372	None	None
57	журналистам	384	None	None
58	доступ	396	None	None
59	к	403	None	None
60	мосту	405	coref	1425
61	закрыт	411	None	None
62	.	417	None	None
63	Милиционеры	420	None	None
64	,	431	None	None
65	охраняющие	433	None	None
66	подъезды	444	None	None
67	к	453	None	None
68	мосту	455	coref	1425
69	,	460	None	None
70	приветливы	462	None	None
71	,	472	None	None
72	но	474	None	None
73	непреклонны	477	None	None
74	,	488	None	None
75	так	490	None	None
76	как	494	None	None
77	уже	498	None	None
78	были	502	None	None
79	случаи	507	None	None
80	увольнения	514	None	None
81	за	525	None	None
82	невыполнение	528	None	None
83	приказа	541	None	None
84	.	548	None	None
85	Однако	550	None	None
86	для	557	None	None
87	местных	561	None	None
88	жителей	569	None	None
89	ограничения	577	None	None
90	в	589	None	None
91	передвижении	591	None	None
92	там	604	coref	1425
93	нет	608	None	None
94	.	611	None	None
95	Сейчас	614	None	None
96	158	621	coref	1430
97	-	624	coref	1428
98	километровую	625	coref	1430
99	узбекско	638	coref	1430
100	-	646	coref	1428
101	афганскую	647	coref	1430
102	границу	657	coref	1430
103	,	664	None	None
104	которая	666	coref	1430
105	проходит	674	None	None
106	по	683	None	None
107	Аму	686	coref	1428
108	-	689	coref	1428
109	Дарье	690	coref	1428
110	,	695	None	None
111	охраняют	697	None	None
112	только	706	None	None
113	узбекские	713	None	None
114	пограничники	723	None	None
115	.	735	None	None
116	Но	737	None	None
117	в	740	None	None
118	непроницаемости	742	None	None
119	границы	758	coref	1430
120	заинтересованы	766	None	None
121	и	781	None	None
122	другие	783	None	None
123	страны	790	None	None
124	,	796	None	None
125	в	798	None	None
126	том	800	None	None
127	числе	804	None	None
128	и	810	None	None
129	Россия	812	coref	1431
130	.	818	None	None
131	Выход	820	None	None
132	Узбекистана	826	coref	1426
133	в	838	None	None
134	1999	840	None	None
135	году	845	None	None
136	из	850	None	None
137	Договора	853	None	None
138	о	862	None	None
139	коллективной	864	None	None
140	безопасности	877	None	None
141	СНГ	890	coref	1432
142	не	894	None	None
143	сделал	897	None	None
144	два	904	coref	1433
145	государства	908	coref	1433
146	полностью	920	None	None
147	независимыми	930	None	None
148	друг	943	None	None
149	от	948	None	None
150	друга	951	None	None
151	и	957	None	None
152	в	959	None	None
153	вопросах	961	None	None
154	безопасности	970	None	None
155	.	982	None	None
156	Учитывая	984	None	None
157	«	993	None	None
158	прозрачность	994	None	None
159	»	1006	None	None
160	границ	1008	None	None
161	между	1015	None	None
162	странами	1021	None	None
163	СНГ	1030	coref	1432
164	,	1033	None	None
165	рубеж	1035	None	None
166	между	1041	None	None
167	Узбекистаном	1047	coref	1426
168	и	1060	None	None
169	Афганистаном	1062	coref	1427
170	становится	1075	None	None
171	практически	1086	None	None
172	единственным	1098	None	None
173	препятствием	1111	None	None
174	для	1124	None	None
175	любого	1128	None	None
176	,	1134	None	None
177	кто	1136	None	None
178	хотел	1140	None	None
179	бы	1146	None	None
180	попасть	1149	None	None
181	в	1157	None	None
182	Россию	1159	coref	1431
183	с	1166	None	None
184	афганской	1168	None	None
185	территории	1178	None	None
186	.	1188	None	None
187	По	1191	None	None
188	словам	1194	None	None
189	местных	1201	None	None
190	жителей	1209	None	None
191	,	1216	None	None
192	сейчас	1218	None	None
193	узбекско	1225	coref	1430
194	-	1233	coref	1428
195	афганская	1234	coref	1430
196	граница	1244	coref	1430
197	на	1252	None	None
198	всем	1255	None	None
199	протяжении	1260	None	None
200	заминирована	1271	None	None
201	.	1283	None	None
202	Пограничники	1285	coref	1434
203	несут	1298	None	None
204	службу	1304	None	None
205	в	1311	None	None
206	усиленном	1313	None	None
207	режиме	1323	None	None
208	.	1329	None	None
209	На	1331	None	None
210	помощь	1334	None	None
211	им	1341	coref	1434
212	в	1344	None	None
213	любой	1346	None	None
214	момент	1352	None	None
215	готовы	1359	None	None
216	прийти	1366	None	None
217	дислоцированные	1373	None	None
218	поблизости	1389	None	None
219	подразделения	1400	None	None
220	узбекской	1414	None	None
221	армии	1424	None	None
222	.	1429	None	None
223	Среди	1432	None	None
224	жителей	1438	None	None
225	приграничных	1446	None	None
226	районов	1459	None	None
227	Узбекистана	1467	coref	1426
228	постоянно	1479	None	None
229	циркулируют	1489	None	None
230	слухи	1501	None	None
231	о	1507	None	None
232	том	1509	None	None
233	,	1512	None	None
234	что	1514	None	None
235	территория	1518	None	None
236	по	1529	None	None
237	ту	1532	None	None
238	сторону	1535	None	None
239	реки	1543	None	None
240	якобы	1548	None	None
241	перешла	1554	None	None
242	в	1562	None	None
243	руки	1564	None	None
244	Северного	1569	None	None
245	альянса	1579	None	None
246	и	1587	None	None
247	мост	1589	coref	1425
248	Хайратон	1594	coref	1425
249	вот	1603	None	None
250	-	1606	coref	1428
251	вот	1607	None	None
252	будет	1611	None	None
253	разблокирован	1617	None	None
254	.	1630	None	None
