	word	start_char	type	chain_id
0	Звонок	0	None	None
1	о	7	None	None
2	якобы	9	None	None
3	заложенном	15	None	None
4	в	26	None	None
5	одной	28	coref	880
6	из	34	coref	880
7	столичных	37	coref	880
8	школ	47	coref	880
9	взрывном	52	coref	881
10	устройстве	61	coref	881
11	не	72	None	None
12	подтвердился	75	None	None
13	Анонимный	89	None	None
14	звонок	99	None	None
15	о	106	None	None
16	якобы	108	None	None
17	заложенном	114	None	None
18	в	125	None	None
19	158	127	coref	880
20	-	130	coref	880
21	й	131	coref	880
22	школе	133	coref	880
23	столицы	139	coref	880
24	взрывном	147	coref	881
25	устройстве	156	coref	881
26	не	167	None	None
27	подтвердился	170	None	None
28	.	182	None	None
29	Как	184	None	None
30	сообщает	188	None	None
31	РИА	197	None	None
32	«	201	None	None
33	Новости	202	None	None
34	»	209	None	None
35	,	210	None	None
36	после	212	None	None
37	тщательного	218	None	None
38	осмотра	230	None	None
39	здания	238	coref	880
40	взрывчатое	245	coref	881
41	вещество	256	coref	881
42	обнаружено	265	None	None
43	не	276	None	None
44	было	279	None	None
45	.	283	None	None
46	В	285	None	None
47	настоящее	287	None	None
48	время	297	None	None
49	занятия	303	None	None
50	в	311	None	None
51	школе	313	coref	880
52	возобновлены	319	None	None
53	.	331	None	None
54	Тревожный	334	None	None
55	сигнал	344	None	None
56	поступил	351	None	None
57	на	360	None	None
58	пульт	363	None	None
59	дежурного	369	None	None
60	по	379	None	None
61	городу	382	coref	882
62	около	389	None	None
63	10	395	None	None
64	:	397	None	None
65	15	398	None	None
66	по	401	None	None
67	московскому	404	None	None
68	времени	416	None	None
69	.	423	None	None
70	На	425	None	None
71	место	428	None	None
72	происшествия	434	None	None
73	немедленно	447	None	None
74	прибыли	458	None	None
75	спасатели	466	None	None
76	и	476	None	None
77	кинолог	478	None	None
78	со	486	None	None
79	специально	489	None	None
80	обученной	500	None	None
81	собакой	510	None	None
82	.	517	None	None
83	Все	519	None	None
84	школьники	523	None	None
85	и	533	None	None
86	учителя	535	None	None
87	были	543	None	None
88	немедленно	548	None	None
89	эвакуированы	559	None	None
90	из	572	coref	880
91	здания	575	coref	880
92	.	581	None	None
93	Сейчас	584	None	None
94	оперативники	591	None	None
95	пытаются	604	None	None
96	установить	613	None	None
97	личность	624	None	None
98	звонившего	633	None	None
99	.	643	None	None
100	За	646	None	None
101	минувшие	649	None	None
102	сутки	658	None	None
103	это	664	None	None
104	уже	668	None	None
105	третье	672	None	None
106	проявление	679	None	None
107	телефонного	690	None	None
108	терроризма	702	None	None
109	.	712	None	None
110	Накануне	714	None	None
111	днем	723	None	None
112	поступил	728	None	None
113	звонок	737	None	None
114	о	744	None	None
115	якобы	746	None	None
116	заложенном	752	None	None
117	взрывном	763	coref	881
118	устройстве	772	coref	881
119	на	783	None	None
120	заводе	786	None	None
121	«	793	None	None
122	Вилс	794	None	None
123	»	798	None	None
124	,	799	None	None
125	на	801	None	None
126	улице	804	None	None
127	Горбунова	810	None	None
128	.	819	None	None
129	К	821	None	None
130	вечеру	823	None	None
131	неизвестный	830	None	None
132	предупредил	842	None	None
133	о	854	None	None
134	готовящемся	856	None	None
135	взрыве	868	None	None
136	в	875	None	None
137	кинотеатре	877	None	None
138	«	888	None	None
139	Байконур	889	None	None
140	»	897	None	None
141	.	898	None	None
