	word	start_char	type	chain_id
0	Елена	0	coref	1100
1	Лиховцева	6	coref	1100
2	победила	16	None	None
3	в	25	None	None
4	первом	27	None	None
5	матче	34	None	None
6	турнира	40	None	None
7	Pan	48	None	None
8	-	51	None	None
9	Pacific	52	None	None
10	Open	60	None	None
11	,	64	None	None
12	проходящем	66	None	None
13	в	77	None	None
14	Токио	79	None	None
15	В	86	None	None
16	стартовом	88	None	None
17	матче	98	None	None
18	российская	104	coref	1100
19	теннисистка	115	coref	1100
20	уверенно	127	None	None
21	обыграла	136	None	None
22	американку	145	None	None
23	Корину	156	None	None
24	Морарю	163	None	None
25	6	170	None	None
26	:	171	None	None
27	3	172	None	None
28	,	173	None	None
29	6	175	None	None
30	:	176	None	None
31	2	177	None	None
32	.	178	None	None
33	В	180	None	None
34	других	182	None	None
35	поединках	189	None	None
36	первого	199	None	None
37	круга	207	None	None
38	болгарка	213	None	None
39	Магдалена	222	None	None
40	Малеева	232	None	None
41	победила	240	None	None
42	бельгийку	249	None	None
43	Элс	259	None	None
44	Калленс	263	None	None
45	6	271	None	None
46	:	272	None	None
47	3	273	None	None
48	,	274	None	None
49	6	276	None	None
50	:	277	None	None
51	4	278	None	None
52	,	279	None	None
53	француженка	281	None	None
54	Анн	293	None	None
55	-	296	None	None
56	Галль	297	None	None
57	Сидо	303	None	None
58	американку	308	None	None
59	Дженнифер	319	None	None
60	Хопкинс	329	None	None
61	3	337	None	None
62	:	338	None	None
63	6	339	None	None
64	,	340	None	None
65	6	342	None	None
66	:	343	None	None
67	2	344	None	None
68	,	345	None	None
69	6	347	None	None
70	:	348	None	None
71	3	349	None	None
72	,	350	None	None
73	хорватка	352	None	None
74	Ива	361	None	None
75	Майоли	365	None	None
76	австралийку	372	None	None
77	Николь	384	None	None
78	Пратт	391	None	None
79	6	397	None	None
80	:	398	None	None
81	4	399	None	None
82	,	400	None	None
83	6	402	None	None
84	:	403	None	None
85	0	404	None	None
86	.	405	None	None
87	В	408	None	None
88	матче	410	None	None
89	второго	416	None	None
90	круга	424	None	None
91	первая	430	None	None
92	ракетка	437	None	None
93	мира	445	None	None
94	,	449	None	None
95	швейцарка	451	None	None
96	Мартина	461	None	None
97	Хингис	469	None	None
98	,	475	None	None
99	справилась	477	None	None
100	с	488	None	None
101	Карой	490	None	None
102	Блэк	496	None	None
103	из	501	None	None
104	Зимбабве	504	None	None
105	6	513	None	None
106	:	514	None	None
107	3	515	None	None
108	,	516	None	None
109	6	518	None	None
110	:	519	None	None
111	3	520	None	None
112	.	521	None	None
