	word	start_char	type	chain_id
0	Тарифы	0	None	None
1	на	7	None	None
2	газ	10	None	None
3	в	14	None	None
4	этом	16	None	None
5	году	21	None	None
6	повышены	26	None	None
7	не	35	None	None
8	будут	38	None	None
9	Вице	45	coref	368
10	-	49	coref	368
11	премьер	50	coref	368
12	Виктор	58	coref	368
13	Христенко	65	coref	368
14	отверг	75	None	None
15	просьбу	82	None	None
16	«	90	coref	369
17	Газпрома	91	coref	369
18	»	99	coref	369
19	и	101	None	None
20	Федеральной	103	coref	370
21	энергетической	115	coref	370
22	комиссии	130	coref	370
23	(	139	None	None
24	ФЭК	140	None	None
25	)	143	None	None
26	о	145	None	None
27	повышении	147	None	None
28	тарифов	157	None	None
29	на	165	None	None
30	газ	168	None	None
31	.	171	None	None
32	До	173	None	None
33	конца	176	None	None
34	года	182	None	None
35	тарифы	187	None	None
36	останутся	194	None	None
37	неизменными	204	None	None
38	,	215	None	None
39	и	217	None	None
40	это	219	None	None
41	значит	223	None	None
42	,	229	None	None
43	что	231	None	None
44	газовый	235	coref	369
45	монополист	243	coref	369
46	недосчитается	254	None	None
47	22	268	None	None
48	млрд	271	None	None
49	.	275	None	None
50	руб	277	None	None
51	.	280	None	None
52	Желание	282	None	None
53	правительства	290	coref	371
54	сдержать	304	None	None
55	инфляцию	313	None	None
56	оказалось	322	None	None
57	сильнее	332	None	None
58	аргументов	340	None	None
59	газовиков	351	coref	369
60	,	360	None	None
61	пишут	362	None	None
62	«	368	coref	369
63	Ведомости	369	None	None
64	»	378	coref	369
65	.	380	None	None
66	Глава	383	None	None
67	«	389	coref	369
68	Газпрома	390	coref	369
69	»	398	coref	369
70	Алексей	400	None	None
71	Миллер	408	None	None
72	требовал	415	None	None
73	повысить	424	None	None
74	тариф	433	None	None
75	на	439	None	None
76	20	442	None	None
77	%	444	None	None
78	для	446	None	None
79	промышленных	450	None	None
80	потребителей	463	None	None
81	и	476	None	None
82	на	478	None	None
83	25	481	None	None
84	%	483	None	None
85	для	485	None	None
86	населения	489	None	None
87	.	498	None	None
88	Федеральная	500	coref	370
89	энергетическая	512	coref	370
90	комиссия	527	coref	370
91	согласилась	536	None	None
92	с	548	None	None
93	просьбой	550	None	None
94	«	559	coref	369
95	Газпрома	560	coref	369
96	»	568	coref	369
97	и	570	None	None
98	рекомендовала	572	None	None
99	правительству	586	coref	371
100	повысить	600	None	None
101	тариф	609	None	None
102	с	615	None	None
103	октября	617	None	None
104	.	624	None	None
105	По	626	None	None
106	ряду	629	None	None
107	причин	634	None	None
108	«	641	coref	369
109	Газпрому	642	coref	369
110	»	650	coref	369
111	было	652	None	None
112	важно	657	None	None
113	повысить	663	None	None
114	тариф	672	None	None
115	до	678	None	None
116	конца	681	None	None
117	этого	687	None	None
118	года	693	None	None
119	:	697	None	None
120	во	699	None	None
121	-	701	coref	368
122	первых	702	None	None
123	,	708	None	None
124	со	710	None	None
125	следующего	713	None	None
126	правительство	724	coref	371
127	вводит	738	None	None
128	строгие	745	None	None
129	лимиты	753	None	None
130	повышения	760	None	None
131	тарифов	770	None	None
132	для	778	None	None
133	естественных	782	None	None
134	монополий	795	None	None
135	(	805	None	None
136	20	806	None	None
137	%	808	None	None
138	для	810	None	None
139	«	814	coref	369
140	Газпрома	815	coref	369
141	»	823	coref	369
142	)	824	None	None
143	,	825	None	None
144	во	827	None	None
145	-	829	coref	368
146	вторых	830	None	None
147	,	836	None	None
148	по	838	None	None
149	мнению	841	None	None
150	аналитиков	848	None	None
151	,	858	None	None
152	издержки	860	None	None
153	компании	869	coref	369
154	в	878	None	None
155	этом	880	None	None
156	году	885	None	None
157	серьезно	890	None	None
158	повысились	899	None	None
159	.	909	None	None
160	Против	912	None	None
161	повышения	919	None	None
162	выступило	929	None	None
163	Минэкономразвития	939	coref	372
164	,	956	None	None
165	в	958	None	None
166	котором	960	coref	372
167	уверены	968	None	None
168	,	975	None	None
169	что	977	None	None
170	рост	981	None	None
171	цен	986	None	None
172	на	990	None	None
173	газ	993	None	None
174	на	997	None	None
175	четверть	1000	None	None
176	добавит	1009	None	None
177	к	1017	None	None
178	инфляции	1019	None	None
179	этого	1028	None	None
180	года	1034	None	None
181	лишних	1039	None	None
182	0	1046	None	None
183	,	1047	None	None
184	5	1048	None	None
185	%	1049	None	None
186	и	1051	None	None
187	удержать	1053	None	None
188	инфляцию	1062	None	None
189	в	1071	None	None
190	обозначенных	1073	None	None
191	Владимиром	1086	coref	373
192	Путиным	1097	coref	373
193	пределах	1105	None	None
194	-	1114	coref	368
195	18	1116	None	None
196	%	1118	None	None
197	-	1120	coref	368
198	не	1122	None	None
199	удастся	1125	None	None
200	.	1132	None	None
201	Вчера	1135	None	None
202	Виктор	1141	coref	368
203	Христенко	1148	coref	368
204	разрешил	1158	None	None
205	противоречие	1167	None	None
206	:	1179	None	None
207	увеличивать	1181	None	None
208	тарифы	1193	None	None
209	на	1200	None	None
210	газ	1203	None	None
211	«	1207	coref	369
212	необходимо	1208	None	None
213	только	1219	None	None
214	после	1226	None	None
215	обсуждения	1232	None	None
216	концепции	1243	coref	374
217	реформирования	1253	coref	374
218	газового	1268	coref	374
219	рынка	1277	coref	374
220	страны	1283	coref	374
221	»	1289	coref	369
222	,	1290	None	None
223	передает	1292	None	None
224	«	1301	coref	369
225	Интерфакс	1302	coref	375
226	»	1311	coref	369
227	.	1312	None	None
228	Концепцию	1314	coref	374
229	предполагается	1324	None	None
230	принять	1339	None	None
231	в	1347	None	None
232	начале	1349	None	None
233	2002	1356	None	None
234	года	1361	None	None
235	.	1365	None	None
236	Эксперты	1368	None	None
237	приветствуют	1377	None	None
238	это	1390	None	None
239	решение	1394	None	None
240	,	1401	None	None
241	говоря	1403	None	None
242	,	1409	None	None
243	что	1411	None	None
244	«	1415	coref	369
245	впервые	1416	None	None
246	правительственный	1424	None	None
247	чиновник	1442	None	None
248	увязал	1451	None	None
249	вопрос	1458	None	None
250	повышения	1465	None	None
251	тарифов	1475	None	None
252	с	1483	None	None
253	необходимостью	1485	None	None
254	делать	1500	None	None
255	шаги	1507	None	None
256	реформирования	1512	coref	374
257	»	1526	coref	369
258	.	1527	None	None
259	Впрочем	1530	None	None
260	,	1537	None	None
261	Владимир	1539	coref	373
262	Путин	1548	coref	373
263	недавно	1554	None	None
264	принял	1562	None	None
265	решение	1569	None	None
266	отложить	1577	None	None
267	как	1586	None	None
268	минимум	1590	None	None
269	до	1598	None	None
270	конца	1601	None	None
271	2002	1607	None	None
272	года	1612	None	None
273	структурные	1617	None	None
274	преобразования	1629	None	None
275	в	1644	None	None
276	«	1646	coref	369
277	Газпроме	1647	coref	369
278	»	1655	coref	369
279	,	1656	None	None
280	и	1658	None	None
281	потому	1660	None	None
282	концепция	1667	coref	374
283	,	1676	None	None
284	скорее	1678	None	None
285	всего	1685	None	None
286	,	1690	None	None
287	будет	1692	None	None
288	являться	1698	None	None
289	планом	1707	None	None
290	постепенного	1714	None	None
291	повышения	1727	None	None
292	тарифов	1737	None	None
293	на	1745	None	None
294	газ	1748	None	None
295	,	1751	None	None
296	заключает	1753	None	None
297	газета	1763	coref	375
298	.	1769	None	None
299	Ключевым	1772	None	None
300	вопросом	1781	None	None
301	при	1790	None	None
302	реформировании	1794	None	None
303	компании	1809	coref	369
304	является	1818	None	None
305	следующий	1827	None	None
306	:	1836	None	None
307	допускать	1838	None	None
308	ли	1848	None	None
309	сторонних	1851	None	None
310	производителей	1861	None	None
311	газа	1876	None	None
312	к	1881	None	None
313	экспорту	1883	None	None
314	.	1891	None	None
315	Минэкономразвития	1893	coref	372
316	предлагает	1911	None	None
317	создать	1922	None	None
318	независимую	1930	None	None
319	от	1942	None	None
320	«	1945	coref	369
321	Газпрома	1946	coref	369
322	»	1954	coref	369
323	газотранспортную	1956	None	None
324	компанию	1973	None	None
325	,	1981	None	None
326	чтобы	1983	None	None
327	и	1989	None	None
328	другие	1991	None	None
329	производители	1998	None	None
330	участвовали	2012	None	None
331	в	2024	None	None
332	малорентабельном	2026	None	None
333	внутреннем	2043	None	None
334	рынке	2054	None	None
335	в	2060	None	None
336	обмен	2062	None	None
337	на	2068	None	None
338	долю	2071	None	None
339	в	2076	None	None
340	суперприбыльном	2078	None	None
341	экспорте	2094	None	None
342	.	2102	None	None
343	Представители	2104	None	None
344	«	2118	coref	369
345	Газпрома	2119	coref	369
346	»	2127	coref	369
347	утверждают	2129	None	None
348	,	2139	None	None
349	что	2141	None	None
350	это	2145	None	None
351	разрушит	2149	None	None
352	систему	2158	None	None
353	газоснабжения	2166	None	None
354	,	2179	None	None
355	и	2181	None	None
356	предлагают	2183	None	None
357	начать	2194	None	None
358	формирование	2201	None	None
359	рынка	2214	coref	374
360	газа	2220	None	None
361	с	2225	None	None
362	повышения	2227	None	None
363	собственных	2237	None	None
364	тарифов	2249	None	None
365	и	2257	None	None
366	с	2259	None	None
367	разрешения	2261	None	None
368	продавать	2272	None	None
369	50	2282	None	None
370	млрд	2285	None	None
371	.	2289	None	None
372	куб	2291	None	None
373	.	2294	None	None
374	м	2296	None	None
375	газа	2298	None	None
376	в	2303	None	None
377	год	2305	None	None
378	по	2309	None	None
379	нерегулируемым	2312	None	None
380	ценам	2327	None	None
381	.	2332	None	None
382	В	2334	None	None
383	«	2336	coref	369
384	Газпроме	2337	coref	369
385	»	2345	coref	369
386	считают	2347	None	None
387	,	2354	None	None
388	что	2356	None	None
389	до	2360	None	None
390	2006	2363	None	None
391	года	2368	None	None
392	тарифы	2373	None	None
393	надо	2380	None	None
394	повысить	2385	None	None
395	минимум	2394	None	None
396	на	2402	None	None
397	150	2405	None	None
398	%	2408	None	None
399	.	2409	None	None
