	word	start_char	type	chain_id
0	ЮАР	0	coref	1121
1	готова	4	None	None
2	принять	11	None	None
3	чемпионат	19	None	None
4	мира	29	None	None
5	по	34	None	None
6	футболу	37	None	None
7	В	46	None	None
8	воскресенье	48	None	None
9	официально	60	None	None
10	представители	71	coref	1122
11	федерации	85	coref	1122
12	должны	95	None	None
13	окончательно	102	None	None
14	утвердить	115	None	None
15	заявку	125	None	None
16	на	132	None	None
17	проведение	135	None	None
18	чемпионата	146	None	None
19	мира	157	None	None
20	2010	162	None	None
21	года	167	None	None
22	.	171	None	None
23	«	173	None	None
24	Мы	174	coref	1122
25	,	176	None	None
26	естественно	178	None	None
27	,	189	None	None
28	будем	191	None	None
29	участвовать	197	None	None
30	в	209	None	None
31	борьбе	211	None	None
32	,	217	None	None
33	вопрос	219	None	None
34	лишь	226	None	None
35	в	231	None	None
36	том	233	None	None
37	,	236	None	None
38	какие	238	None	None
39	изменения	244	None	None
40	мы	254	coref	1122
41	обязаны	257	None	None
42	произвести	265	None	None
43	»	275	None	None
44	-	277	None	None
45	сказал	279	None	None
46	сегодня	286	None	None
47	представитель	294	None	None
48	футбольной	308	coref	1123
49	федерации	319	coref	1122
50	ЮАР	329	coref	1121
51	.	332	None	None
52	Такое	334	None	None
53	решение	340	None	None
54	было	348	None	None
55	принято	353	None	None
56	спустя	361	None	None
57	,	367	None	None
58	всего	369	None	None
59	неделю	375	None	None
60	после	382	None	None
61	того	388	None	None
62	,	392	None	None
63	как	394	None	None
64	ФИФА	398	coref	1124
65	заявил	403	None	None
66	о	410	None	None
67	своем	412	coref	1124
68	решении	418	None	None
69	провести	426	None	None
70	чемпионат	435	None	None
71	мира	445	None	None
72	2010	450	None	None
73	в	455	None	None
74	Африке	457	None	None
75	.	463	None	None
76	Также	465	None	None
77	о	471	None	None
78	своем	473	coref	1124
79	желании	479	None	None
80	провести	487	None	None
81	турнир	496	None	None
82	заявили	503	None	None
83	Марокко	511	coref	1126
84	,	518	None	None
85	Египет	520	coref	1127
86	и	527	None	None
87	Тунис	529	coref	1128
88	.	534	None	None
