	word	start_char	type	chain_id
0	Сборной	0	coref	1062
1	России	8	coref	1062
2	предстоят	15	None	None
3	тяжелые	25	None	None
4	матчи	33	None	None
5	«	40	None	None
6	Предстоящие	41	None	None
7	матчи	53	None	None
8	с	59	None	None
9	национальными	61	coref	1064
10	командами	75	coref	1064
11	Словении	85	coref	1064
12	и	94	coref	1064
13	Фарерских	96	coref	1064
14	островов	106	coref	1064
15	получатся	115	None	None
16	очень	125	None	None
17	тяжелыми	131	None	None
18	для	140	None	None
19	сборной	144	coref	1062
20	России	152	coref	1062
21	»	158	None	None
22	,	159	None	None
23	-	161	None	None
24	считает	163	None	None
25	главный	171	coref	1066
26	тренер	179	coref	1066
27	национальной	186	coref	1062
28	российской	199	coref	1062
29	команды	210	coref	1062
30	Олег	218	coref	1066
31	Романцев	223	coref	1066
32	.	231	None	None
33	«	233	None	None
34	Во	234	None	None
35	-	236	None	None
36	первых	237	None	None
37	,	243	None	None
38	даже	245	None	None
39	у	250	None	None
40	сборной	252	coref	1062
41	Франции	260	None	None
42	,	267	None	None
43	чемпиона	269	None	None
44	мира	278	None	None
45	и	283	coref	1064
46	Европы	285	None	None
47	,	291	None	None
48	есть	293	None	None
49	некоторые	298	None	None
50	проблемы	308	None	None
51	,	316	None	None
52	не	318	None	None
53	говоря	321	None	None
54	уже	328	None	None
55	о	332	None	None
56	нас	334	coref	1062
57	.	337	None	None
58	Во	339	None	None
59	-	341	None	None
60	вторых	342	None	None
61	,	348	None	None
62	словенцы	350	coref	1067
63	играют	359	None	None
64	очень	366	None	None
65	жестко	372	None	None
66	,	378	None	None
67	а	380	None	None
68	фарерцы	382	coref	1068
69	слишком	390	None	None
70	закрыто	398	None	None
71	.	405	None	None
72	Сегодня	407	None	None
73	футбол	415	None	None
74	находится	422	None	None
75	в	432	None	None
76	таком	434	None	None
77	состоянии	440	None	None
78	,	449	None	None
79	что	451	None	None
80	выигрывает	455	None	None
81	тот	466	None	None
82	,	469	None	None
83	кто	471	None	None
84	не	475	None	None
85	делит	478	None	None
86	матчи	484	None	None
87	на	490	None	None
88	важные	493	None	None
89	и	500	coref	1064
90	второстепенные	502	None	None
91	,	516	None	None
92	выходит	518	None	None
93	играть	526	None	None
94	со	533	None	None
95	стопроцентной	536	None	None
96	отдачей	550	None	None
97	.	557	None	None
98	Если	559	None	None
99	мы	564	coref	1062
100	сыграем	567	None	None
101	на	575	None	None
102	75	578	None	None
103	процентов	581	None	None
104	с	591	None	None
105	теми	593	None	None
106	же	598	None	None
107	футболистами	601	coref	1068
108	Фарерских	614	coref	1064
109	островов	624	coref	1064
110	,	632	None	None
111	очков	634	None	None
112	мы	640	coref	1062
113	не	643	None	None
114	увидим	646	None	None
115	»	652	None	None
116	,	653	None	None
117	-	655	None	None
118	такое	657	None	None
119	мнение	663	None	None
120	высказал	670	None	None
121	Романцев	679	coref	1066
122	на	688	None	None
123	прессконференции	691	coref	1069
124	сборной	708	coref	1062
125	России	716	coref	1062
126	,	722	None	None
127	которая	724	coref	1069
128	состоялась	732	None	None
129	во	743	None	None
130	вторник	746	None	None
131	.	753	None	None
