	word	start_char	type	chain_id
0	Шамиль	0	coref	1079
1	Тарпищев	7	coref	1079
2	рассказал	16	None	None
3	о	26	None	None
4	готовности	28	None	None
5	организаторов	39	None	None
6	Кубка	53	coref	1079
7	Кремля	59	coref	1079
8	к	66	None	None
9	проведению	68	None	None
10	турнира	79	coref	1080
11	Традиционно	88	None	None
12	сильным	100	None	None
13	по	108	None	None
14	составу	111	None	None
15	участников	119	coref	1091
16	получится	130	None	None
17	и	140	coref	1098
18	нынешний	142	coref	1080
19	розыгрыш	151	coref	1080
20	теннисного	160	coref	1080
21	турнира	171	coref	1080
22	Кубок	179	coref	1080
23	Кремля	185	coref	1079
24	,	191	coref	1079
25	который	193	coref	1080
26	пройдет	201	None	None
27	в	209	coref	1084
28	столичном	211	coref	1081
29	спорткомплексе	221	coref	1081
30	«	236	coref	1081
31	Олимпийский	237	coref	1081
32	»	248	coref	1081
33	с	250	None	None
34	29	252	None	None
35	сентября	255	None	None
36	по	264	None	None
37	7	267	None	None
38	октября	269	None	None
39	.	276	None	None
40	Согласно	278	None	None
41	заявочным	287	None	None
42	спискам	297	None	None
43	,	304	coref	1079
44	обнародованным	306	None	None
45	сегодня	321	None	None
46	организаторами	329	None	None
47	турнира	344	coref	1080
48	на	352	None	None
49	пресс	355	None	None
50	-	360	coref	1084
51	конференции	361	None	None
52	в	373	coref	1084
53	гостинице	375	None	None
54	«	385	coref	1081
55	Шератон	386	None	None
56	»	393	coref	1081
57	,	394	coref	1079
58	любители	396	None	None
59	тенниса	405	None	None
60	вновь	413	None	None
61	смогут	419	None	None
62	насладиться	426	None	None
63	игрой	438	None	None
64	первой	444	coref	1082
65	«	451	coref	1081
66	ракетки	452	coref	1082
67	»	459	coref	1081
68	мира	461	coref	1082
69	Мартины	466	coref	1082
70	Хингис	474	coref	1082
71	из	481	coref	1082
72	Швейцарии	484	coref	1082
73	,	493	coref	1079
74	которой	495	coref	1082
75	предстоит	503	None	None
76	защищать	513	None	None
77	прошлогодний	522	None	None
78	титул	535	None	None
79	победительницы	541	None	None
80	,	555	coref	1079
81	сообщает	557	None	None
82	ИТАР	566	None	None
83	-	570	coref	1084
84	ТАСС	571	None	None
85	.	575	None	None
86	Ожидается	578	None	None
87	,	587	coref	1079
88	что	589	None	None
89	на	593	None	None
90	корты	596	None	None
91	«	602	coref	1081
92	Олимпийского	603	coref	1081
93	»	615	coref	1081
94	выйдут	617	None	None
95	и	624	coref	1098
96	ближайшие	626	coref	1084
97	преследовательницы	636	coref	1084
98	Мартины	655	coref	1082
99	в	663	coref	1084
100	рейтинг	665	coref	1084
101	-	672	coref	1084
102	листе	673	coref	1084
103	WTA	679	coref	1084
104	американки	683	None	None
105	Линдсэй	694	coref	1085
106	Дэвенпорт	702	coref	1085
107	и	712	coref	1098
108	Винус	714	coref	1086
109	Уильямс	720	coref	1086
110	.	727	None	None
111	Готовы	729	None	None
112	приехать	736	None	None
113	в	745	coref	1084
114	Москву	747	None	None
115	и	754	coref	1098
116	восходящие	756	None	None
117	звезды	767	None	None
118	мирового	774	None	None
119	тенниса	783	None	None
120	Ким	791	coref	1087
121	Клийстерс	795	coref	1087
122	(	805	coref	1079
123	Бельгия	806	None	None
124	)	813	coref	1079
125	и	815	coref	1098
126	Елена	817	coref	1088
127	Докич	823	coref	1088
128	(	829	coref	1079
129	Югославия	830	None	None
130	)	839	coref	1079
131	.	840	None	None
132	На	842	None	None
133	родных	845	None	None
134	кортах	852	None	None
135	бросят	859	None	None
136	вызов	866	None	None
137	сильнейшим	872	coref	1089
138	соперницам	883	coref	1089
139	Анна	894	None	None
140	Курникова	899	None	None
141	,	908	coref	1079
142	Елена	910	coref	1088
143	Дементьева	916	None	None
144	и	927	coref	1098
145	Елена	929	coref	1088
146	Лиховцева	935	None	None
147	.	944	None	None
148	Четырехкратный	947	None	None
149	триумфатор	962	None	None
150	Кубка	973	coref	1079
151	Кремля	979	coref	1079
152	,	985	coref	1079
153	олимпийский	987	None	None
154	чемпион	999	None	None
155	Евгений	1007	None	None
156	Кафельников	1015	None	None
157	и	1027	coref	1098
158	победитель	1029	None	None
159	Открытого	1040	None	None
160	чемпионата	1050	None	None
161	США	1061	coref	1090
162	прошлого	1065	None	None
163	года	1074	None	None
164	Марат	1079	None	None
165	Сафин	1085	None	None
166	возглавят	1091	None	None
167	список	1101	coref	1091
168	участников	1108	coref	1091
169	мужского	1119	coref	1091
170	турнира	1128	coref	1080
171	.	1135	None	None
172	В	1137	None	None
173	нем	1139	coref	1091
174	также	1143	None	None
175	такие	1149	None	None
176	известные	1155	None	None
177	имена	1165	None	None
178	,	1170	coref	1079
179	как	1172	None	None
180	Роже	1176	None	None
181	Федерер	1181	None	None
182	(	1189	coref	1079
183	Швейцария	1190	coref	1083
184	)	1199	coref	1079
185	,	1200	coref	1079
186	Томас	1202	None	None
187	Энквист	1208	None	None
188	и	1216	coref	1098
189	Томас	1218	None	None
190	Юханссон	1224	None	None
191	(	1233	coref	1079
192	Швеция	1234	None	None
193	)	1240	coref	1079
194	,	1241	coref	1079
195	Томми	1243	None	None
196	Хаас	1249	None	None
197	(	1254	coref	1079
198	Германия	1255	None	None
199	)	1263	coref	1079
200	,	1264	coref	1079
201	Доминик	1266	None	None
202	Хрбаты	1274	None	None
203	(	1281	coref	1079
204	Словакия	1282	None	None
205	)	1290	coref	1079
206	.	1291	None	None
207	Как	1294	None	None
208	рассказал	1298	None	None
209	президент	1308	coref	1079
210	Всероссийской	1318	coref	1079
211	теннисной	1332	coref	1079
212	ассоциации	1342	coref	1079
213	(	1353	coref	1079
214	ВТА	1354	coref	1079
215	)	1357	coref	1079
216	,	1358	coref	1079
217	председатель	1360	coref	1079
218	Совета	1373	coref	1079
219	директоров	1380	coref	1079
220	Кубка	1391	coref	1079
221	Кремля	1397	coref	1079
222	Шамиль	1404	coref	1079
223	Тарпищев	1411	coref	1079
224	,	1419	coref	1079
225	вопрос	1421	None	None
226	о	1428	None	None
227	предоставлении	1430	None	None
228	уайлд	1445	None	None
229	-	1450	coref	1084
230	кард	1451	None	None
231	будет	1456	None	None
232	решаться	1462	None	None
233	на	1471	None	None
234	правлении	1474	None	None
235	федерации	1484	None	None
236	,	1493	coref	1079
237	но	1495	None	None
238	очевидно	1498	None	None
239	,	1506	coref	1079
240	что	1508	None	None
241	приоритет	1512	None	None
242	будет	1522	None	None
243	у	1528	None	None
244	перспективных	1530	coref	1092
245	российских	1544	coref	1092
246	теннисистов	1555	coref	1092
247	:	1566	None	None
248	Михаила	1568	coref	1093
249	Южного	1576	coref	1093
250	,	1582	coref	1079
251	Андрея	1584	coref	1094
252	Столярова	1591	coref	1094
253	,	1600	coref	1079
254	Лины	1602	coref	1095
255	Красноруцкой	1607	coref	1095
256	,	1619	coref	1079
257	Надежды	1621	coref	1096
258	Петровой	1629	coref	1096
259	,	1637	coref	1079
260	Динары	1639	coref	1097
261	Сафиной	1646	coref	1097
262	.	1653	None	None
263	Формула	1656	coref	1098
264	одновременного	1664	coref	1098
265	проведения	1679	coref	1098
266	мужского	1690	coref	1091
267	и	1699	coref	1098
268	женского	1701	coref	1098
269	турниров	1710	coref	1098
270	была	1719	None	None
271	опробована	1724	None	None
272	в	1735	coref	1084
273	прошлом	1737	None	None
274	году	1745	None	None
275	,	1749	coref	1079
276	не	1751	None	None
277	изменится	1754	None	None
278	она	1764	coref	1098
279	и	1768	coref	1098
280	на	1770	None	None
281	этот	1773	None	None
282	раз	1778	None	None
283	.	1781	None	None
284	Новым	1783	None	None
285	будет	1789	None	None
286	покрытие	1795	coref	1099
287	кортов	1804	coref	1099
288	-	1811	coref	1084
289	терафлекс	1813	coref	1099
290	,	1822	coref	1079
291	на	1824	None	None
292	котором	1827	coref	1099
293	играют	1835	None	None
294	,	1841	coref	1079
295	в	1843	coref	1084
296	частности	1845	None	None
297	,	1854	coref	1079
298	на	1856	None	None
299	турнирах	1859	None	None
300	во	1868	None	None
301	Франции	1871	None	None
302	-	1879	coref	1084
303	в	1881	coref	1084
304	Лионе	1883	None	None
305	и	1889	coref	1098
306	Париже	1891	None	None
307	.	1897	None	None
308	Примечательно	1900	None	None
309	,	1913	coref	1079
310	что	1915	None	None
311	в	1919	coref	1084
312	этом	1921	None	None
313	году	1926	None	None
314	цены	1931	None	None
315	билетов	1936	None	None
316	будут	1944	None	None
317	колебаться	1950	None	None
318	от	1961	None	None
319	10	1964	None	None
320	рублей	1967	None	None
321	до	1974	None	None
322	900	1977	None	None
323	долларов	1981	None	None
324	США	1990	coref	1090
325	.	1993	None	None
326	«	1995	coref	1081
327	Существует	1996	None	None
328	своеобразная	2007	None	None
329	ценовая	2020	None	None
330	ниша	2028	None	None
331	,	2032	coref	1079
332	поэтому	2034	None	None
333	все	2042	None	None
334	любители	2046	None	None
335	тенниса	2055	None	None
336	смогут	2063	None	None
337	насладиться	2070	None	None
338	игрой	2082	None	None
339	»	2087	coref	1081
340	,	2088	coref	1079
341	-	2090	coref	1084
342	отметили	2092	None	None
343	организаторы	2101	None	None
344	.	2113	None	None
345	Во	2115	None	None
346	время	2118	None	None
347	турнира	2124	coref	1080
348	ведущие	2132	None	None
349	игроки	2140	None	None
350	Ассоциации	2147	None	None
351	теннисистов	2158	coref	1092
352	-	2169	coref	1084
353	профессионалов	2170	None	None
354	и	2185	coref	1098
355	Женской	2187	None	None
356	теннисной	2195	coref	1079
357	ассоциации	2205	coref	1079
358	по	2216	None	None
359	уже	2219	None	None
360	сложившейся	2223	None	None
361	традиции	2235	None	None
362	проведут	2244	None	None
363	мастер	2253	None	None
364	-	2259	coref	1084
365	классы	2260	None	None
366	.	2266	None	None
