	word	start_char	type	chain_id
0	Власти	0	None	None
1	Краснодарского	7	coref	742
2	края	22	coref	742
3	лишили	27	None	None
4	турок	34	coref	743
5	-	39	coref	743
6	месхетинцев	40	coref	743
7	права	52	None	None
8	вести	58	None	None
9	хозяйство	64	None	None
10	И	75	None	None
11	без	77	None	None
12	того	81	None	None
13	бесправное	86	None	None
14	положение	97	None	None
15	тысяч	107	coref	743
16	турок	113	coref	743
17	-	118	coref	743
18	месхетинцев	119	coref	743
19	,	130	None	None
20	проживающих	132	None	None
21	в	144	None	None
22	Краснодарском	146	coref	742
23	крае	160	coref	742
24	,	164	None	None
25	стало	166	None	None
26	совсем	172	None	None
27	невыносимым	179	None	None
28	,	190	None	None
29	после	192	None	None
30	того	198	None	None
31	как	203	None	None
32	местные	207	None	None
33	власти	215	None	None
34	отказали	222	None	None
35	им	231	coref	743
36	в	234	None	None
37	аренде	236	None	None
38	земли	243	None	None
39	,	248	None	None
40	таким	250	None	None
41	образом	256	None	None
42	лишив	264	None	None
43	их	270	coref	743
44	средств	273	None	None
45	к	281	None	None
46	существованию	283	None	None
47	.	296	None	None
48	Раньше	299	None	None
49	турки	306	coref	744
50	получали	312	None	None
51	здесь	321	coref	742
52	неплохие	327	None	None
53	урожаи	336	None	None
54	и	343	None	None
55	могли	345	None	None
56	жить	351	None	None
57	.	355	None	None
58	Теперь	357	None	None
59	их	364	coref	743
60	обвинили	367	None	None
61	в	376	None	None
62	том	378	None	None
63	,	381	None	None
64	что	383	None	None
65	они	387	coref	744
66	специально	391	None	None
67	заселили	402	None	None
68	стратегически	411	coref	742
69	важный	425	coref	742
70	край	432	coref	742
71	с	437	None	None
72	целью	439	None	None
73	прибрать	445	None	None
74	к	454	None	None
75	рукам	456	None	None
76	землю	462	None	None
77	,	467	None	None
78	хотя	469	None	None
79	это	474	None	None
80	даже	478	None	None
81	теоретически	483	None	None
82	невозможно	496	None	None
83	.	506	None	None
84	По	509	None	None
85	законам	512	None	None
86	Краснодарского	520	coref	742
87	края	535	coref	742
88	турки	540	coref	744
89	-	545	coref	743
90	месхетинцы	546	coref	745
91	,	556	None	None
92	переселившиеся	558	None	None
93	в	573	None	None
94	Краснодарский	575	coref	742
95	край	589	coref	742
96	из	594	None	None
97	Средней	597	None	None
98	Азии	605	None	None
99	после	610	None	None
100	ферганских	616	None	None
101	погромов	627	None	None
102	в	636	None	None
103	1989	638	None	None
104	году	643	None	None
105	,	647	None	None
106	не	649	None	None
107	имеют	652	None	None
108	права	658	None	None
109	на	664	None	None
110	российское	667	None	None
111	гражданство	678	None	None
112	,	689	None	None
113	не	691	None	None
114	могут	694	None	None
115	иметь	700	None	None
116	собственные	706	None	None
117	дома	718	None	None
118	,	722	None	None
119	не	724	None	None
120	вправе	727	None	None
121	регистрировать	734	None	None
122	детей	749	None	None
123	под	755	None	None
124	своей	759	coref	745
125	фамилией	765	None	None
126	.	773	None	None
127	С	775	None	None
128	первого	777	None	None
129	февраля	785	None	None
130	турок	793	coref	743
131	в	799	None	None
132	крае	801	coref	742
133	перестали	806	None	None
134	даже	816	None	None
135	временно	821	None	None
136	регистрировать	830	None	None
137	.	844	None	None
138	Около	846	coref	743
139	13	852	coref	743
140	тысяч	855	coref	743
141	человек	861	coref	743
142	оказались	869	None	None
143	полностью	879	None	None
144	вне	889	None	None
145	закона	893	None	None
146	.	899	None	None
147	Турок	902	coref	746
148	не	908	None	None
149	берут	911	None	None
150	на	917	None	None
151	работу	920	None	None
152	,	926	None	None
153	им	928	coref	743
154	не	931	None	None
155	разрешают	934	None	None
156	торговать	944	None	None
157	,	953	None	None
158	так	955	None	None
159	как	959	None	None
160	для	963	None	None
161	этого	967	None	None
162	нужны	973	None	None
163	документы	979	coref	747
164	,	988	None	None
165	которые	990	coref	747
166	можно	998	None	None
167	получить	1004	None	None
168	только	1013	None	None
169	при	1020	None	None
170	наличии	1024	None	None
171	регистрации	1032	None	None
172	.	1043	None	None
173	Местные	1045	None	None
174	жители	1053	None	None
175	ничего	1060	None	None
176	против	1067	None	None
177	турок	1074	coref	743
178	не	1080	None	None
179	имеют	1083	None	None
180	,	1088	None	None
181	даже	1090	None	None
182	хвалят	1095	None	None
183	их	1102	coref	743
184	.	1104	None	None
185	Зато	1106	None	None
186	против	1111	None	None
187	них	1118	coref	748
188	власть	1122	None	None
189	и	1129	None	None
190	сила	1131	None	None
191	.	1135	None	None
192	Местные	1137	None	None
193	казаки	1145	None	None
194	выступают	1152	None	None
195	за	1162	None	None
196	выселение	1165	None	None
197	турок	1175	coref	743
198	.	1180	None	None
199	Говорят	1182	None	None
200	,	1189	None	None
201	что	1191	None	None
202	казачий	1195	None	None
203	и	1203	None	None
204	азиатский	1205	None	None
205	уклад	1215	None	None
206	жизни	1221	None	None
207	несовместимы	1227	None	None
208	,	1239	None	None
209	поэтому	1241	None	None
210	назревают	1249	None	None
211	межнациональные	1259	None	None
212	конфликты	1275	None	None
213	.	1284	None	None
214	Всех	1286	None	None
215	турок	1291	coref	743
216	поголовно	1297	None	None
217	здесь	1307	coref	742
218	обвиняют	1313	None	None
219	в	1322	None	None
220	распространении	1324	None	None
221	ваххабизма	1340	None	None
222	на	1351	None	None
223	Кубани	1354	coref	742
224	.	1360	None	None
225	Сейчас	1363	None	None
226	турки	1370	coref	744
227	-	1375	coref	743
228	месхетинцы	1376	coref	745
229	ждут	1387	None	None
230	,	1391	None	None
231	когда	1393	None	None
232	грузинский	1399	coref	749
233	президент	1410	coref	749
234	выполнит	1420	None	None
235	свое	1429	coref	749
236	обещание	1434	None	None
237	разрешить	1443	None	None
238	туркам	1453	None	None
239	-	1459	coref	743
240	месхетинцам	1460	None	None
241	вернуться	1472	None	None
242	на	1482	None	None
243	родину	1485	None	None
244	в	1492	None	None
245	Месхетию	1494	None	None
246	.	1502	None	None
