	word	start_char	type	chain_id
0	Руководство	0	None	None
1	«	12	coref	1015
2	Рейнджерс	13	coref	1015
3	»	22	coref	1015
4	готово	24	None	None
5	дать	31	None	None
6	шанс	36	None	None
7	Брайану	41	coref	1016
8	Берарду	49	coref	1016
9	Один	58	coref	1016
10	из	63	coref	1016
11	самых	66	coref	1016
12	талантливых	72	coref	1016
13	молодых	84	coref	1016
14	защитников	92	coref	1016
15	НХЛ	103	coref	1016
16	,	106	None	None
17	получивший	108	None	None
18	тяжелую	119	None	None
19	травму	127	None	None
20	глаза	134	coref	1017
21	,	139	None	None
22	не	141	None	None
23	намерен	144	None	None
24	вешать	152	None	None
25	коньки	159	None	None
26	на	166	None	None
27	гвоздь	169	None	None
28	и	176	None	None
29	делает	178	None	None
30	все	185	None	None
31	возможное	189	None	None
32	для	199	None	None
33	своего	203	coref	1016
34	возвращения	210	None	None
35	в	222	None	None
36	большой	224	None	None
37	хоккей	232	None	None
38	.	238	None	None
39	Напомним	240	None	None
40	,	248	None	None
41	что	250	None	None
42	Берард	254	coref	1016
43	завершил	261	None	None
44	свою	270	coref	1016
45	карьеру	275	None	None
46	,	282	None	None
47	после	284	None	None
48	того	290	None	None
49	как	295	None	None
50	получил	299	None	None
51	травму	307	None	None
52	глаза	314	coref	1017
53	в	320	None	None
54	столкновении	322	None	None
55	с	335	None	None
56	Марианом	337	None	None
57	Хоссой	346	None	None
58	во	353	None	None
59	время	356	None	None
60	одного	362	None	None
61	из	369	coref	1016
62	матчей	372	None	None
63	сезона	379	None	None
64	1999	386	None	None
65	-	390	coref	1015
66	2000	391	None	None
67	.	395	None	None
68	Но	397	None	None
69	сейчас	400	None	None
70	,	406	None	None
71	после	408	None	None
72	семи	414	None	None
73	перенесенных	419	None	None
74	операций	432	None	None
75	,	440	None	None
76	талантливый	442	coref	1016
77	защитник	454	coref	1016
78	надеется	463	None	None
79	вернуться	472	None	None
80	в	482	None	None
81	хоккей	484	None	None
82	.	490	None	None
83	В	493	None	None
84	его	495	coref	1016
85	услугах	499	None	None
86	уже	507	None	None
87	выразили	511	None	None
88	заинтересованность	520	None	None
89	ряд	539	coref	1018
90	команд	543	coref	1018
91	,	549	None	None
92	в	551	None	None
93	числе	553	None	None
94	которых	559	coref	1019
95	значатся	567	None	None
96	«	576	coref	1015
97	Нью	577	coref	1015
98	-	580	coref	1015
99	Йорк	581	coref	1015
100	Рейнджерс	586	coref	1015
101	»	595	coref	1015
102	,	596	None	None
103	«	598	coref	1015
104	Финикс	599	coref	1020
105	Койотиз	606	coref	1020
106	»	613	coref	1015
107	,	614	None	None
108	«	616	coref	1015
109	Детройт	617	coref	1021
110	Ред	625	coref	1021
111	Уингз	629	coref	1021
112	»	634	coref	1015
113	и	636	None	None
114	«	638	coref	1015
115	Сент	639	coref	1022
116	-	643	coref	1015
117	Луис	644	coref	1022
118	Блюз	649	coref	1022
119	»	653	coref	1015
120	.	654	None	None
121	Сам	656	coref	1016
122	Брайан	660	coref	1016
123	остановил	667	None	None
124	свой	677	coref	1016
125	выбор	682	None	None
126	на	688	None	None
127	«	691	coref	1015
128	Рейнджерс	692	coref	1015
129	»	701	coref	1015
130	,	702	None	None
131	с	704	None	None
132	которыми	706	coref	1015
133	в	715	None	None
134	ближайшие	717	None	None
135	дни	727	None	None
136	рассчитывает	731	None	None
137	подписать	744	None	None
138	контракт	754	None	None
139	на	763	None	None
140	испытательных	766	None	None
141	условиях	780	None	None
142	.	788	None	None
143	Как	790	None	None
144	сообщает	794	None	None
145	ИО	803	None	None
146	«	806	coref	1015
147	Весь	807	None	None
148	Хоккей	812	None	None
149	»	818	coref	1015
150	,	819	None	None
151	сегодня	821	None	None
152	генеральный	829	coref	1023
153	менеджер	841	coref	1023
154	клуба	850	coref	1015
155	Глен	856	coref	1023
156	Сатер	861	coref	1023
157	заявил	867	None	None
158	,	873	None	None
159	что	875	None	None
160	«	879	coref	1015
161	Рейнджерс	880	coref	1015
162	»	889	coref	1015
163	заинтересован	891	None	None
164	в	905	None	None
165	приобретении	907	None	None
166	24	920	coref	1016
167	-	922	coref	1015
168	летнего	923	coref	1016
169	защитника	931	coref	1016
170	,	940	None	None
171	если	942	None	None
172	его	947	coref	1016
173	возвращение	951	None	None
174	на	963	None	None
175	лед	966	None	None
176	все	970	None	None
177	-	973	coref	1015
178	таки	974	None	None
179	состоится	979	None	None
180	.	988	None	None
181	«	990	coref	1015
182	Ему	991	coref	1016
183	придется	995	None	None
184	многое	1004	None	None
185	преодолеть	1011	None	None
186	,	1021	None	None
187	чтобы	1023	None	None
188	снова	1029	None	None
189	заиграть	1035	None	None
190	,	1043	None	None
191	-	1045	coref	1015
192	считает	1047	None	None
193	Сатер	1055	coref	1023
194	.	1060	None	None
195	-	1062	coref	1015
196	Я	1064	coref	1023
197	хотел	1066	None	None
198	бы	1072	None	None
199	,	1074	None	None
200	чтобы	1076	None	None
201	он	1082	coref	1016
202	начал	1085	None	None
203	тренировки	1091	None	None
204	уже	1102	None	None
205	сейчас	1106	None	None
206	,	1112	None	None
207	но	1114	None	None
208	,	1116	None	None
209	в	1118	None	None
210	принципе	1120	None	None
211	,	1128	None	None
212	мы	1130	coref	1015
213	всегда	1133	None	None
214	будем	1140	None	None
215	рады	1146	None	None
216	видеть	1151	None	None
217	его	1158	coref	1016
218	среди	1162	None	None
219	наших	1168	coref	1015
220	игроков	1174	None	None
221	,	1181	None	None
222	даже	1183	None	None
223	если	1188	None	None
224	сезон	1193	None	None
225	уже	1199	None	None
226	начнется	1203	None	None
227	»	1211	coref	1015
228	.	1212	None	None
229	Если	1215	None	None
230	возвращение	1220	None	None
231	Берарда	1232	coref	1016
232	состоится	1240	None	None
233	,	1249	None	None
234	ему	1251	coref	1016
235	придется	1255	None	None
236	играть	1264	None	None
237	в	1271	None	None
238	специальных	1273	None	None
239	линзах	1285	None	None
240	и	1292	None	None
241	защитном	1294	None	None
242	шлеме	1303	None	None
243	.	1308	None	None
