	word	start_char	type	chain_id
0	Год	0	None	None
1	с	4	None	None
2	президентом	6	coref	1393
3	Путиным	18	coref	1393
4	не	26	None	None
5	рассеял	29	None	None
6	тревоги	37	None	None
7	общества	45	coref	1398
8	и	54	None	None
9	вызвал	56	None	None
10	еще	63	None	None
11	больше	67	None	None
12	вопросов	74	None	None
13	Год	84	None	None
14	спустя	88	None	None
15	после	95	None	None
16	избрания	101	None	None
17	Владимира	110	coref	1393
18	Путина	120	coref	1393
19	президентом	127	coref	1393
20	России	139	coref	1394
21	его	146	coref	1393
22	команда	150	coref	1395
23	,	157	None	None
24	большая	159	None	None
25	часть	167	None	None
26	членов	173	None	None
27	которой	180	coref	1395
28	являются	188	None	None
29	бывшими	197	None	None
30	сотрудниками	205	None	None
31	ФСБ	218	coref	1396
32	,	221	None	None
33	«	223	None	None
34	продолжает	224	None	None
35	производить	235	None	None
36	впечатление	247	None	None
37	нестабильного	259	None	None
38	конгломерата	273	None	None
39	,	285	None	None
40	объединяющего	287	None	None
41	сторонников	301	None	None
42	жесткой	313	None	None
43	линии	321	None	None
44	и	327	None	None
45	либералов	329	None	None
46	»	338	None	None
47	,	339	None	None
48	пишет	341	None	None
49	сегодня	347	None	None
50	французская	355	coref	1397
51	газета	367	coref	1397
52	Liberation	374	coref	1397
53	.	384	None	None
54	Приход	386	None	None
55	этих	393	None	None
56	людей	398	None	None
57	«	404	None	None
58	с	405	None	None
59	зачастую	407	None	None
60	неясным	416	None	None
61	прошлым	424	None	None
62	»	431	None	None
63	,	432	None	None
64	вызвал	434	None	None
65	серьезную	441	None	None
66	растерянность	451	None	None
67	у	465	None	None
68	части	467	coref	1398
69	общества	473	coref	1398
70	,	481	None	None
71	которая	483	coref	1398
72	еще	491	None	None
73	хранит	495	None	None
74	воспоминания	502	None	None
75	о	515	None	None
76	репрессиях	517	None	None
77	коммунистических	528	None	None
78	времен	545	None	None
79	.	551	None	None
80	«	554	None	None
81	Назначение	555	None	None
82	полномочными	566	None	None
83	представителями	579	None	None
84	президента	595	coref	1393
85	в	606	None	None
86	округах	608	None	None
87	многих	616	None	None
88	бывших	623	None	None
89	сотрудников	630	None	None
90	ФСБ	642	coref	1396
91	еще	646	None	None
92	больше	650	None	None
93	усилило	657	None	None
94	тревогу	665	None	None
95	,	672	None	None
96	обострившуюся	674	None	None
97	в	688	None	None
98	результате	690	None	None
99	роста	701	None	None
100	числа	707	None	None
101	кандидатов	713	None	None
102	из	724	coref	1402
103	бывших	727	None	None
104	сотрудников	734	None	None
105	ФСБ	746	coref	1396
106	и	750	None	None
107	генералов	752	None	None
108	на	762	None	None
109	региональных	765	None	None
110	выборах	778	None	None
111	»	785	None	None
112	,	786	None	None
113	заявляют	788	None	None
114	авторы	797	None	None
115	статьи	804	None	None
116	.	810	None	None
117	Многие	813	None	None
118	обозреватели	820	None	None
119	до	833	None	None
120	сих	836	None	None
121	пор	840	None	None
122	не	844	None	None
123	могут	847	None	None
124	дать	853	None	None
125	однозначную	858	None	None
126	оценку	870	None	None
127	реальным	877	coref	1399
128	последствиям	886	coref	1399
129	,	898	None	None
130	к	900	None	None
131	которым	902	coref	1399
132	может	910	None	None
133	привести	916	None	None
134	пребывание	925	None	None
135	такого	936	None	None
136	большого	943	None	None
137	числа	952	None	None
138	выходцев	958	None	None
139	из	967	coref	1402
140	силовых	970	coref	1396
141	структур	978	coref	1396
142	в	987	None	None
143	окружении	989	None	None
144	президента	999	coref	1393
145	.	1009	None	None
146	«	1011	None	None
147	Год	1012	None	None
148	назад	1016	None	None
149	я	1022	coref	1400
150	вас	1024	None	None
151	предупреждал	1028	None	None
152	о	1041	None	None
153	том	1043	None	None
154	,	1046	None	None
155	что	1048	None	None
156	Россия	1052	coref	1394
157	может	1059	None	None
158	превратиться	1065	None	None
159	в	1078	None	None
160	полицейское	1080	None	None
161	государство	1092	coref	1394
162	,	1103	None	None
163	-	1105	None	None
164	отмечает	1107	None	None
165	политолог	1116	coref	1400
166	Владимир	1126	coref	1400
167	Прибыловский	1135	coref	1400
168	.	1147	None	None
169	-	1149	None	None
170	Сегодня	1151	None	None
171	я	1159	coref	1400
172	уже	1161	None	None
173	так	1165	None	None
174	не	1169	None	None
175	думаю	1172	None	None
176	.	1177	None	None
177	Существуют	1179	None	None
178	определенные	1190	None	None
179	тенденции	1203	None	None
180	,	1212	None	None
181	стремление	1214	None	None
182	продвигаться	1225	None	None
183	в	1238	None	None
184	данном	1240	None	None
185	направлении	1247	None	None
186	,	1258	None	None
187	но	1260	None	None
188	нет	1263	None	None
189	сил	1267	None	None
190	для	1271	None	None
191	подобных	1275	None	None
192	действий	1284	None	None
193	»	1292	None	None
194	.	1293	None	None
195	Тот	1295	coref	1400
196	же	1299	coref	1400
197	аналитик	1302	coref	1400
198	подчеркивает	1311	None	None
199	,	1323	None	None
200	что	1325	None	None
201	бывшие	1329	coref	1401
202	сотрудники	1336	coref	1401
203	КГБ	1347	coref	1396
204	занимают	1351	None	None
205	чиновничьи	1360	None	None
206	должности	1371	None	None
207	,	1380	None	None
208	и	1382	None	None
209	что	1384	None	None
210	лишь	1388	None	None
211	немногие	1393	None	None
212	из	1402	coref	1402
213	них	1405	coref	1401
214	сумели	1409	None	None
215	одержать	1416	None	None
216	победу	1425	None	None
217	на	1432	None	None
218	выборах	1435	None	None
219	.	1442	None	None
220	Наиболее	1445	None	None
221	высокая	1454	None	None
222	концентрация	1462	None	None
223	бывших	1475	None	None
224	агентов	1482	None	None
225	спецслужб	1490	coref	1396
226	отмечается	1500	None	None
227	в	1511	None	None
228	аппаратах	1513	None	None
229	суперрегионов	1523	None	None
230	,	1536	None	None
231	созданных	1538	None	None
232	президентом	1548	coref	1393
233	летом	1560	None	None
234	прошлого	1566	None	None
235	года	1575	None	None
236	.	1579	None	None
237	5	1581	coref	1402
238	из	1583	coref	1402
239	7	1586	coref	1402
240	полпредов	1588	coref	1402
241	президента	1598	coref	1393
242	и	1609	None	None
243	28	1611	None	None
244	%	1613	None	None
245	их	1615	coref	1403
246	сотрудников	1618	None	None
247	являются	1630	None	None
248	выходцами	1639	None	None
249	из	1649	coref	1402
250	так	1652	None	None
251	называемых	1656	None	None
252	«	1667	None	None
253	силовых	1668	coref	1396
254	структур	1676	coref	1396
255	»	1684	None	None
256	МВД	1686	None	None
257	,	1689	None	None
258	армии	1691	None	None
259	,	1696	None	None
260	безопасности	1698	None	None
261	.	1710	None	None
262	Путин	1713	coref	1393
263	разместил	1719	None	None
264	людей	1729	None	None
265	своего	1735	coref	1393
266	клана	1742	None	None
267	и	1748	None	None
268	в	1750	None	None
269	министерствах	1752	None	None
270	,	1765	None	None
271	продолжает	1767	None	None
272	газета	1778	coref	1397
273	.	1784	None	None
274	Он	1786	coref	1393
275	все	1789	None	None
276	еще	1793	None	None
277	занимается	1797	None	None
278	укреплением	1808	None	None
279	своих	1820	coref	1393
280	позиций	1826	None	None
281	в	1834	None	None
282	Кремле	1836	None	None
283	и	1843	None	None
284	«	1845	None	None
285	крайне	1846	None	None
286	осторожно	1853	None	None
287	маневрирует	1863	None	None
288	между	1875	None	None
289	различными	1881	coref	1404
290	группами	1892	coref	1404
291	,	1900	None	None
292	среди	1902	None	None
293	которых	1908	coref	1404
294	выходцы	1916	None	None
295	из	1924	coref	1402
296	КГБ	1927	coref	1396
297	составляют	1931	None	None
298	незначительную	1942	None	None
299	часть	1957	None	None
300	»	1962	None	None
301	.	1963	None	None
302	Он	1965	coref	1393
303	считает	1968	None	None
304	необходимым	1976	None	None
305	оставить	1988	None	None
306	либералов	1997	None	None
307	у	2007	None	None
308	руля	2009	None	None
309	экономики	2014	None	None
310	.	2023	None	None
311	Кроме	2025	None	None
312	того	2031	None	None
313	,	2035	None	None
314	он	2037	coref	1393
315	оставил	2040	None	None
316	некоторое	2048	None	None
317	пространство	2058	None	None
318	и	2071	None	None
319	бывшим	2073	None	None
320	представителям	2080	None	None
321	клана	2095	None	None
322	Ельцина	2101	None	None
323	.	2108	None	None
324	«	2111	None	None
325	Если	2112	None	None
326	либеральные	2117	None	None
327	экономисты	2129	None	None
328	потерпят	2140	None	None
329	неудачу	2149	None	None
330	,	2156	None	None
331	Путин	2158	coref	1393
332	повернется	2164	None	None
333	лицом	2175	None	None
334	к	2181	None	None
335	сторонникам	2183	None	None
336	государственного	2195	None	None
337	управления	2212	None	None
338	экономикой	2223	None	None
339	,	2233	None	None
340	-	2235	None	None
341	говорит	2237	None	None
342	Прибыловский	2245	coref	1400
343	.	2257	None	None
344	-	2259	None	None
345	Бывшие	2261	coref	1405
346	кагебешники	2268	coref	1405
347	ничего	2280	None	None
348	не	2287	None	None
349	смыслят	2290	None	None
350	в	2298	None	None
351	экономике	2300	None	None
352	.	2309	None	None
353	Они	2311	coref	1405
354	лишь	2315	None	None
355	знают	2320	None	None
356	,	2325	None	None
357	что	2327	None	None
358	нужно	2331	None	None
359	восстановить	2337	None	None
360	государство	2350	coref	1394
361	,	2361	None	None
362	но	2363	None	None
363	все	2366	None	None
364	еще	2370	None	None
365	не	2374	None	None
366	могут	2377	None	None
367	сделать	2383	None	None
368	выбор	2391	None	None
369	между	2397	None	None
370	молотком	2403	None	None
371	и	2412	None	None
372	компьютером	2414	None	None
373	»	2425	None	None
374	.	2426	None	None
