	word	start_char	type	chain_id
0	Клинтону	0	coref	1226
1	сделали	9	None	None
2	операцию	17	coref	1227
3	,	25	None	None
4	в	27	None	None
5	ходе	29	None	None
6	которой	34	coref	1227
7	ему	42	coref	1226
8	была	46	None	None
9	удалена	51	None	None
10	раковая	59	coref	1228
11	опухоль	67	coref	1228
12	на	75	coref	1228
13	коже	78	coref	1228
14	Президенту	84	coref	1226
15	США	95	coref	1226
16	Биллу	99	coref	1226
17	Клинтону	105	coref	1226
18	сделали	114	None	None
19	операцию	122	coref	1227
20	,	130	None	None
21	в	132	None	None
22	ходе	134	None	None
23	которой	139	coref	1227
24	ему	147	coref	1226
25	удалили	151	None	None
26	раковое	159	coref	1228
27	образование	167	coref	1228
28	на	179	coref	1228
29	коже	182	coref	1228
30	.	186	None	None
31	Оно	188	coref	1228
32	было	192	None	None
33	выявлено	197	None	None
34	в	206	None	None
35	ходе	208	None	None
36	регулярного	213	None	None
37	медицинского	225	None	None
38	осмотра	238	None	None
39	в	246	None	None
40	минувшую	248	None	None
41	пятницу	257	None	None
42	.	264	None	None
43	Как	266	None	None
44	заявил	270	None	None
45	во	277	None	None
46	вторник	280	None	None
47	,	287	None	None
48	16	289	None	None
49	января	292	None	None
50	,	298	None	None
51	представитель	300	coref	1230
52	Белого	314	coref	1230
53	дома	321	coref	1230
54	Джейк	326	coref	1230
55	Сиверт	332	coref	1230
56	,	338	None	None
57	успешно	340	None	None
58	удаленное	348	None	None
59	новообразование	358	coref	1228
60	на	374	coref	1228
61	спине	377	coref	1228
62	было	383	None	None
63	поверхностной	388	None	None
64	карциномой	402	None	None
65	.	412	None	None
66	«	414	None	None
67	Это	415	None	None
68	сравнительно	419	None	None
69	распространенная	432	None	None
70	форма	449	None	None
71	рака	455	None	None
72	кожи	460	None	None
73	,	464	None	None
74	встречающаяся	466	None	None
75	почти	480	None	None
76	у	486	None	None
77	миллиона	488	None	None
78	пациентов	497	None	None
79	»	506	None	None
80	,	507	None	None
81	-	509	coref	1226
82	заявил	511	None	None
83	Джейк	518	coref	1230
84	Сиверт	524	coref	1230
85	.	530	None	None
86	Следующий	533	None	None
87	осмотр	543	None	None
88	Билла	550	coref	1226
89	Клинтона	556	coref	1226
90	,	564	None	None
91	чей	566	coref	1226
92	президентский	570	None	None
93	срок	584	None	None
94	заканчивается	589	None	None
95	20	603	None	None
96	января	606	None	None
97	,	612	None	None
98	пройдет	614	None	None
99	через	622	None	None
100	полгода	628	None	None
101	.	635	None	None
102	По	637	None	None
103	словам	640	None	None
104	представителя	647	coref	1230
105	Белого	661	coref	1230
106	дома	668	coref	1230
107	,	672	None	None
108	риск	674	None	None
109	повторного	679	None	None
110	возникновения	690	None	None
111	новообразования	704	coref	1228
112	невелик	720	None	None
113	.	727	None	None
114	Помимо	730	None	None
115	этого	737	coref	1228
116	заболевания	743	coref	1228
117	врачи	755	None	None
118	обнаружили	761	None	None
119	у	772	None	None
120	Билла	774	coref	1226
121	Клинтона	780	coref	1226
122	повышенный	789	None	None
123	уровень	800	None	None
124	холестерина	808	None	None
125	в	820	None	None
126	крови	822	None	None
127	.	827	None	None
128	В	829	None	None
129	связи	831	None	None
130	с	837	None	None
131	этим	839	None	None
132	ему	844	coref	1226
133	было	848	None	None
134	предписано	853	None	None
135	пройти	864	None	None
136	соответствующий	871	None	None
137	курс	887	None	None
138	лечения	892	None	None
139	.	899	None	None
140	По	901	None	None
141	словам	904	None	None
142	врачей	911	None	None
143	,	917	None	None
144	общее	919	None	None
145	состояние	925	None	None
146	здоровья	935	None	None
147	54	944	coref	1226
148	-	946	coref	1226
149	летнего	947	coref	1226
150	Клинтона	955	coref	1226
151	удовлетворительное	964	None	None
152	.	982	None	None
