	word	start_char	type	chain_id
0	Югославские	0	coref	1347
1	силы	12	coref	1347
2	безопасности	17	coref	1347
3	ведут	30	None	None
4	крупную	36	None	None
5	операцию	44	None	None
6	на	53	coref	1358
7	границе	56	coref	1348
8	Сербии	64	coref	1348
9	и	71	coref	1348
10	Косово	73	coref	1348
11	Совместные	81	coref	1347
12	подразделения	92	coref	1347
13	сербской	106	coref	1347
14	полиции	115	coref	1347
15	на	123	coref	1358
16	границе	126	coref	1348
17	Сербии	134	coref	1348
18	и	141	coref	1348
19	Косова	143	coref	1348
20	сегодня	150	None	None
21	впервые	158	None	None
22	вошли	166	None	None
23	в	172	None	None
24	последний	174	coref	1351
25	незанятый	184	coref	1351
26	сектор	194	coref	1351
27	буферной	201	coref	1351
28	зоны	210	coref	1351
29	.	214	None	None
30	По	216	None	None
31	данным	219	None	None
32	военных	226	None	None
33	,	233	None	None
34	именно	235	None	None
35	здесь	242	coref	1351
36	прячутся	248	None	None
37	албанские	257	coref	1352
38	террористы	267	coref	1352
39	.	277	None	None
40	Цель	279	None	None
41	операции	284	None	None
42	,	292	None	None
43	как	294	None	None
44	заявляет	298	None	None
45	сербское	307	None	None
46	руководство	316	None	None
47	,	327	None	None
48	нормализовать	329	None	None
49	жизнь	343	None	None
50	в	349	None	None
51	зоне	351	None	None
52	безопасности	356	coref	1347
53	.	368	None	None
54	По	371	None	None
55	словам	374	None	None
56	местных	381	None	None
57	властей	389	None	None
58	,	396	None	None
59	можно	398	None	None
60	было	404	None	None
61	ожидать	409	None	None
62	более	417	None	None
63	жесткого	423	None	None
64	сопротивления	432	None	None
65	албанских	446	coref	1352
66	боевиков	456	coref	1352
67	-	465	coref	1358
68	накануне	467	None	None
69	они	476	coref	1352
70	заявляли	480	None	None
71	о	489	None	None
72	том	491	None	None
73	,	494	None	None
74	что	496	None	None
75	не	500	None	None
76	допустят	503	None	None
77	подобного	512	None	None
78	развития	522	None	None
79	событий	531	None	None
80	,	538	None	None
81	создав	540	None	None
82	в	547	None	None
83	этих	549	None	None
84	секторах	554	None	None
85	очень	563	None	None
86	мощные	569	None	None
87	линии	576	None	None
88	обороны	582	None	None
89	.	589	None	None
90	Но	591	None	None
91	операция	594	None	None
92	проходит	603	None	None
93	достаточно	612	None	None
94	мирно	623	None	None
95	-	629	coref	1358
96	всего	631	None	None
97	лишь	637	None	None
98	несколько	642	coref	1360
99	раз	652	None	None
100	югославские	656	None	None
101	колонны	668	None	None
102	были	676	None	None
103	обстреляны	681	None	None
104	из	692	coref	1354
105	засад	695	None	None
106	.	700	None	None
107	Наибольшая	702	None	None
108	проблема	713	None	None
109	югославской	722	coref	1347
110	армии	734	coref	1347
111	сейчас	740	None	None
112	состоит	747	None	None
113	в	755	None	None
114	том	757	None	None
115	,	760	None	None
116	что	762	None	None
117	все	766	coref	1353
118	дороги	770	coref	1353
119	в	777	None	None
120	этих	779	None	None
121	районах	784	None	None
122	заминированы	792	None	None
123	.	804	None	None
124	Сегодня	806	None	None
125	утром	814	None	None
126	на	820	coref	1358
127	одной	823	coref	1354
128	из	829	coref	1354
129	дорог	832	coref	1354
130	возле	838	coref	1354
131	Прешево	844	coref	1354
132	подорвался	852	None	None
133	югославский	863	None	None
134	джип	875	None	None
135	,	879	None	None
136	но	881	None	None
137	,	883	None	None
138	как	885	None	None
139	сообщает	889	None	None
140	югославская	898	coref	1347
141	армия	910	coref	1347
142	,	915	None	None
143	никто	917	None	None
144	из	923	coref	1354
145	солдат	926	None	None
146	не	933	None	None
147	пострадал	936	None	None
148	.	945	None	None
149	Операция	948	None	None
150	югославских	957	coref	1347
151	сил	969	coref	1347
152	безопасности	973	coref	1347
153	должна	986	None	None
154	завершиться	993	None	None
155	до	1005	None	None
156	31	1008	None	None
157	мая	1011	None	None
158	.	1014	None	None
159	К	1016	None	None
160	этому	1018	None	None
161	времени	1024	None	None
162	район	1032	coref	1351
163	должен	1038	None	None
164	перейти	1045	None	None
165	под	1053	None	None
166	контроль	1057	None	None
167	сербской	1066	coref	1347
168	армии	1075	coref	1347
169	.	1080	None	None
170	Сегодня	1083	None	None
171	также	1091	None	None
172	подобную	1097	None	None
173	операцию	1106	None	None
174	проводит	1115	None	None
175	армия	1124	coref	1347
176	соседней	1130	coref	1355
177	Македонии	1139	coref	1355
178	.	1148	None	None
179	Македонские	1150	coref	1355
180	солдаты	1162	coref	1355
181	пытаются	1170	None	None
182	вытеснить	1179	None	None
183	албанских	1189	coref	1352
184	боевиков	1199	coref	1352
185	из	1208	coref	1354
186	населенных	1211	coref	1358
187	пунктов	1222	coref	1358
188	на	1230	coref	1358
189	северо	1233	coref	1358
190	-	1239	coref	1358
191	востоке	1240	coref	1358
192	страны	1248	coref	1356
193	на	1255	coref	1358
194	границе	1258	coref	1348
195	с	1266	coref	1358
196	Косово	1268	coref	1348
197	.	1274	None	None
198	Однако	1276	None	None
199	,	1282	None	None
200	как	1284	None	None
201	сообщает	1288	None	None
202	корреспондент	1297	None	None
203	НТВ	1311	None	None
204	,	1314	None	None
205	местная	1316	coref	1359
206	полиция	1324	coref	1359
207	практически	1332	None	None
208	не	1344	None	None
209	продвинулась	1347	None	None
210	ни	1360	None	None
211	на	1363	coref	1358
212	метр	1366	None	None
213	из	1371	coref	1354
214	-	1373	coref	1358
215	за	1374	None	None
216	очень	1377	None	None
217	жесткого	1383	None	None
218	сопротивления	1392	None	None
219	албанских	1406	coref	1352
220	боевиков	1416	coref	1352
221	.	1424	None	None
222	Продолжая	1426	None	None
223	мощные	1436	None	None
224	обстрелы	1443	None	None
225	,	1451	None	None
226	они	1453	coref	1352
227	прикрываются	1457	None	None
228	как	1470	None	None
229	живым	1474	None	None
230	щитом	1480	None	None
231	мирными	1486	None	None
232	жителями	1494	None	None
233	.	1502	None	None
234	Это	1504	None	None
235	одна	1508	None	None
236	из	1513	coref	1354
237	причин	1516	None	None
238	того	1523	None	None
239	,	1527	None	None
240	что	1529	None	None
241	македонская	1533	coref	1355
242	полиция	1545	coref	1359
243	и	1553	coref	1348
244	армия	1555	coref	1347
245	до	1561	None	None
246	сих	1564	None	None
247	пор	1568	None	None
248	не	1572	None	None
249	заняли	1575	None	None
250	там	1582	coref	1358
251	позиции	1586	None	None
252	албанских	1594	coref	1352
253	боевиков	1604	coref	1352
254	.	1612	None	None
255	Но	1614	None	None
256	самое	1617	None	None
257	главное	1623	None	None
258	,	1630	None	None
259	как	1632	None	None
260	говорят	1636	None	None
261	местные	1644	None	None
262	военные	1652	None	None
263	эксперты	1660	None	None
264	,	1668	None	None
265	что	1670	None	None
266	македонская	1674	coref	1355
267	армия	1686	coref	1347
268	не	1692	None	None
269	столь	1695	None	None
270	искусна	1701	None	None
271	в	1709	None	None
272	подобных	1711	None	None
273	операциях	1720	None	None
274	,	1729	None	None
275	как	1731	None	None
276	,	1734	None	None
277	например	1736	None	None
278	,	1744	None	None
279	сербы	1746	coref	1347
280	,	1751	None	None
281	у	1753	None	None
282	которых	1755	coref	1347
283	больший	1763	None	None
284	опыт	1771	None	None
285	.	1775	None	None
286	В	1778	None	None
287	Македонии	1780	coref	1355
288	уже	1790	None	None
289	есть	1794	None	None
290	несколько	1799	coref	1360
291	раненых	1809	coref	1360
292	полицейских	1817	coref	1360
293	.	1828	None	None
294	Они	1830	coref	1360
295	оставлены	1834	None	None
296	в	1844	None	None
297	больницу	1846	None	None
298	в	1855	None	None
299	Скопье	1857	None	None
300	.	1863	None	None
301	Сейчас	1865	None	None
302	из	1872	coref	1354
303	этих	1875	None	None
304	районов	1880	None	None
305	выходят	1888	None	None
306	мирные	1896	None	None
307	жители	1903	None	None
308	.	1909	None	None
309	В	1911	None	None
310	основном	1913	None	None
311	,	1921	None	None
312	это	1923	None	None
313	сербы	1927	coref	1347
314	и	1933	coref	1348
315	македонцы	1935	None	None
316	,	1944	None	None
317	албанцы	1946	None	None
318	же	1954	None	None
319	остаются	1957	None	None
320	в	1966	None	None
321	тех	1968	coref	1358
322	селах	1972	coref	1358
323	,	1977	None	None
324	где	1979	coref	1358
325	продолжают	1983	None	None
326	отстреливаться	1994	None	None
327	албанские	2009	coref	1352
328	боевики	2019	coref	1357
329	.	2026	None	None
