	word	start_char	type	chain_id
0	Колмогоров	0	coref	704
1	доволен	11	None	None
2	результатами	19	None	None
3	поездки	32	coref	710
4	в	40	None	None
5	Испанию	42	coref	705
6	Заместитель	51	coref	704
7	Генерального	63	coref	704
8	прокурора	76	coref	704
9	России	86	coref	704
10	Василий	93	coref	704
11	Колмогоров	101	coref	704
12	сегодня	112	None	None
13	заявил	120	None	None
14	,	126	None	None
15	что	128	None	None
16	он	132	coref	704
17	ездил	135	None	None
18	в	141	None	None
19	Мадрид	143	coref	707
20	«	150	coref	708
21	встретиться	151	None	None
22	,	162	None	None
23	в	164	None	None
24	первую	166	None	None
25	очередь	173	None	None
26	,	180	None	None
27	с	182	None	None
28	руководителями	184	None	None
29	испанской	199	None	None
30	юстиции	209	None	None
31	и	217	None	None
32	,	218	None	None
33	кроме	220	None	None
34	того	226	None	None
35	,	230	None	None
36	отвезти	232	None	None
37	в	240	None	None
38	Испанию	242	coref	705
39	некоторые	250	coref	708
40	документы	260	coref	708
41	по	270	coref	708
42	делу	273	coref	708
43	Гусинского	278	coref	708
44	»	288	coref	708
45	.	289	None	None
46	По	291	None	None
47	словам	294	None	None
48	Колмогорова	301	coref	704
49	,	312	None	None
50	вернувшегося	314	None	None
51	из	327	None	None
52	командировки	330	None	None
53	в	343	None	None
54	Москву	345	None	None
55	в	352	None	None
56	четверг	354	None	None
57	утром	362	None	None
58	,	367	None	None
59	он	369	coref	704
60	«	372	coref	708
61	удовлетворен	373	None	None
62	результатами	386	None	None
63	поездки	399	coref	710
64	,	406	None	None
65	которая	408	coref	710
66	позволила	416	None	None
67	снять	426	None	None
68	ряд	432	None	None
69	вопросов	436	None	None
70	»	444	coref	708
71	.	445	None	None
72	«	448	coref	708
73	В	449	None	None
74	частности	451	None	None
75	,	460	None	None
76	я	462	coref	704
77	встречался	464	None	None
78	с	475	None	None
79	генеральным	477	None	None
80	прокурором	489	None	None
81	Испании	500	coref	705
82	и	508	None	None
83	заместителем	510	None	None
84	министра	523	None	None
85	юстиции	532	None	None
86	,	539	None	None
87	ну	541	None	None
88	и	544	None	None
89	,	545	None	None
90	конечно	547	None	None
91	,	554	None	None
92	с	556	None	None
93	судьей	558	coref	711
94	Гарсоном	565	coref	711
95	,	573	None	None
96	который	575	coref	711
97	будет	583	None	None
98	решать	589	None	None
99	вопрос	596	None	None
100	о	603	None	None
101	выдаче	605	None	None
102	Владимира	612	coref	709
103	Гусинского	622	coref	708
104	,	632	None	None
105	-	634	coref	708
106	заявил	636	None	None
107	заместитель	643	coref	704
108	Генерального	655	coref	704
109	прокурора	668	coref	704
110	,	677	None	None
111	-	679	coref	708
112	но	681	None	None
113	эта	684	None	None
114	встреча	688	None	None
115	,	695	None	None
116	как	697	None	None
117	я	701	coref	704
118	уже	703	None	None
119	говорил	707	None	None
120	,	714	None	None
121	была	716	None	None
122	визитом	721	None	None
123	вежливости	729	None	None
124	»	739	coref	708
125	.	740	None	None
126	По	743	None	None
127	словам	746	None	None
128	,	752	None	None
129	Василия	754	coref	704
130	Колмогорова	762	coref	704
131	,	773	None	None
132	в	775	None	None
133	документах	777	coref	708
134	,	787	None	None
135	которые	789	coref	708
136	переданы	797	None	None
137	испанскому	806	None	None
138	суду	817	None	None
139	«	822	coref	708
140	речь	823	None	None
141	идет	828	None	None
142	о	833	None	None
143	действительном	835	None	None
144	положении	850	None	None
145	компаний	860	None	None
146	,	868	None	None
147	входящих	870	None	None
148	в	879	None	None
149	«	881	coref	708
150	Медиа	882	coref	708
151	-	887	coref	708
152	Мост	888	coref	712
153	»	892	coref	708
154	.	893	None	None
155	«	895	coref	708
156	Правда	896	None	None
157	,	902	None	None
158	бумаги	904	coref	708
159	я	911	coref	704
160	передавал	913	None	None
161	не	923	None	None
162	сам	926	None	None
163	,	929	None	None
164	а	931	None	None
165	,	932	None	None
166	как	934	None	None
167	и	938	None	None
168	положено	940	None	None
169	,	948	None	None
170	по	950	coref	708
171	дипломатическим	953	None	None
172	каналам	969	None	None
173	»	976	coref	708
174	,	977	None	None
175	-	979	coref	708
176	сообщил	981	None	None
177	Колмогоров	989	coref	704
178	.	999	None	None
179	Ранее	1002	None	None
180	представители	1008	None	None
181	прокуратуры	1022	coref	713
182	говорили	1034	None	None
183	,	1042	None	None
184	что	1044	None	None
185	Василий	1048	coref	704
186	Колмогоров	1056	coref	704
187	отправился	1067	None	None
188	в	1078	None	None
189	Мадрид	1080	coref	707
190	именно	1087	None	None
191	по	1094	coref	708
192	делу	1097	coref	708
193	Владимира	1102	coref	709
194	Гусинского	1112	coref	708
195	,	1122	None	None
196	чтобы	1124	None	None
197	«	1130	coref	708
198	получше	1131	None	None
199	узнать	1139	None	None
200	испанские	1146	None	None
201	законы	1156	None	None
202	об	1163	None	None
203	экстрадиции	1166	None	None
204	»	1177	coref	708
205	.	1178	None	None
206	Тогда	1180	None	None
207	в	1186	None	None
208	прокуратуре	1188	coref	713
209	заявляли	1200	None	None
210	,	1208	None	None
211	что	1210	None	None
212	те	1214	coref	708
213	документы	1217	coref	708
214	по	1227	coref	708
215	делу	1230	coref	708
216	«	1235	coref	708
217	Медиа	1236	coref	708
218	-	1241	coref	708
219	Моста	1242	coref	708
220	»	1247	coref	708
221	,	1248	None	None
222	которые	1250	coref	708
223	Колмогоров	1258	coref	704
224	взял	1269	None	None
225	с	1274	None	None
226	собой	1276	None	None
227	на	1282	None	None
228	всякий	1285	None	None
229	случай	1292	None	None
230	,	1298	None	None
231	ему	1300	coref	704
232	не	1304	None	None
233	пригодились	1307	None	None
234	,	1318	None	None
235	потому	1320	None	None
236	что	1327	None	None
237	у	1331	None	None
238	испанских	1333	None	None
239	властей	1343	None	None
240	«	1351	coref	708
241	и	1352	None	None
242	так	1354	None	None
243	достаточно	1358	None	None
244	информации	1369	None	None
245	»	1379	coref	708
246	.	1380	None	None
