	word	start_char	type	chain_id
0	U2	0	coref	337
1	призвали	3	None	None
2	фанатов	12	None	None
3	помочь	20	None	None
4	жертвам	27	None	None
5	терактов	35	coref	338
6	Музыканты	45	coref	337
7	группы	55	coref	337
8	U2	62	coref	337
9	обратились	65	None	None
10	к	76	None	None
11	фанатам	78	None	None
12	с	86	None	None
13	просьбой	88	None	None
14	помочь	97	None	None
15	пострадавшим	104	coref	338
16	от	117	coref	338
17	терактов	120	coref	338
18	в	129	coref	338
19	Нью	131	coref	338
20	-	134	coref	338
21	Йорке	135	coref	338
22	и	141	coref	338
23	Вашингтоне	143	coref	338
24	,	153	None	None
25	сообщает	155	None	None
26	Ananova	164	None	None
27	.	171	None	None
28	com	172	None	None
29	.	175	None	None
30	Они	177	coref	337
31	призвали	181	None	None
32	сделать	190	None	None
33	пожертвования	198	None	None
34	в	212	coref	338
35	фонд	214	coref	339
36	американского	219	coref	339
37	Красного	233	coref	339
38	Креста	242	coref	339
39	по	249	coref	339
40	ликвидации	252	coref	339
41	последствий	263	coref	339
42	катастрофы	275	coref	339
43	.	285	None	None
44	На	288	None	None
45	официальном	291	None	None
46	сайте	303	None	None
47	U2	309	coref	337
48	вывешено	312	None	None
49	объявление	321	None	None
50	:	331	None	None
51	«	333	None	None
52	Все	334	None	None
53	пожертвования	338	None	None
54	будут	352	None	None
55	переданы	358	None	None
56	Красному	367	coref	339
57	Кресту	376	coref	339
58	,	382	None	None
59	чтобы	384	None	None
60	оказать	390	None	None
61	помощь	398	None	None
62	жертвам	405	None	None
63	этой	413	None	None
64	и	418	coref	338
65	других	420	None	None
66	трагедий	427	None	None
67	┘	435	None	None
68	Мы	437	coref	337
69	выражаем	440	None	None
70	наши	449	coref	337
71	соболезнования	454	None	None
72	всем	469	coref	338
73	пострадавшим	474	coref	338
74	»	486	None	None
75	.	487	None	None
