	word	start_char	type	chain_id
0	В	0	None	None
1	связи	2	None	None
2	с	8	None	None
3	жарой	10	None	None
4	усилен	16	None	None
5	контроль	23	None	None
6	состояния	32	None	None
7	российских	42	None	None
8	железных	53	None	None
9	дорог	62	None	None
10	Подразделения	69	None	None
11	Московской	83	coref	984
12	железной	94	coref	984
13	дороги	103	coref	984
14	(	110	None	None
15	МЖД	111	coref	984
16	)	114	None	None
17	усилили	116	None	None
18	контроль	124	None	None
19	за	133	None	None
20	безопасности	136	None	None
21	движения	149	None	None
22	поездов	158	None	None
23	.	165	None	None
24	Как	167	None	None
25	сообщает	171	None	None
26	«	180	None	None
27	Интерфакс	181	None	None
28	»	190	None	None
29	,	191	None	None
30	теперь	193	None	None
31	ежедневно	200	None	None
32	с	210	None	None
33	помощью	212	None	None
34	специально	220	None	None
35	оборудованных	231	None	None
36	вагонов	245	None	None
37	специалисты	253	None	None
38	МЖД	265	coref	984
39	проводят	269	None	None
40	контроль	278	None	None
41	технического	287	None	None
42	состояния	300	None	None
43	всех	310	None	None
44	рельсовых	315	None	None
45	путей	325	None	None
46	магистрали	331	None	None
47	.	341	None	None
48	По	344	None	None
49	словам	347	None	None
50	руководителя	354	None	None
51	пресс	367	None	None
52	-	372	None	None
53	службы	373	None	None
54	МЖД	380	coref	984
55	Константина	384	None	None
56	Пашкова	396	None	None
57	,	403	None	None
58	это	405	None	None
59	связано	409	None	None
60	с	417	None	None
61	жаркой	419	coref	985
62	июльской	426	coref	985
63	погодой	435	coref	985
64	,	442	None	None
65	из	444	None	None
66	-	446	None	None
67	за	447	None	None
68	которой	450	coref	985
69	рельсы	458	None	None
70	сильно	465	None	None
71	нагреваются	472	None	None
72	.	483	None	None
73	Как	485	None	None
74	отмечают	489	None	None
75	специалисты	498	None	None
76	,	509	None	None
77	расчетный	511	None	None
78	температурный	521	None	None
79	максимум	535	None	None
80	составляет	544	None	None
81	60	555	None	None
82	градусов	558	None	None
83	.	566	None	None
84	Между	568	None	None
85	тем	574	None	None
86	в	578	None	None
87	некоторых	580	None	None
88	частях	590	None	None
89	МЖД	597	coref	984
90	температура	601	coref	986
91	,	612	None	None
92	до	614	None	None
93	которой	617	coref	985
94	разогревались	625	None	None
95	рельсы	639	None	None
96	под	646	None	None
97	солнцем	650	None	None
98	,	657	None	None
99	уже	659	None	None
100	практически	663	None	None
101	достигала	675	None	None
102	этого	685	None	None
103	критического	691	None	None
104	уровня	704	None	None
105	.	710	None	None
106	Например	712	None	None
107	,	720	None	None
108	на	722	None	None
109	южных	725	None	None
110	участках	731	None	None
111	МЖД	740	coref	984
112	рельсы	744	None	None
113	нагреваются	751	None	None
114	до	763	None	None
115	58	766	None	None
116	градусов	769	None	None
117	.	777	None	None
118	В	780	None	None
119	связи	782	None	None
120	с	788	None	None
121	жарой	790	None	None
122	на	796	None	None
123	магистралях	799	None	None
124	Юго	811	None	None
125	-	814	None	None
126	Восточной	815	None	None
127	железной	825	coref	984
128	дороги	834	coref	984
129	(	841	None	None
130	Россия	842	None	None
131	)	848	None	None
132	,	849	None	None
133	на	851	None	None
134	Украине	854	None	None
135	и	862	None	None
136	в	864	None	None
137	Белоруссии	866	None	None
138	уже	877	None	None
139	введены	881	None	None
140	ограничения	889	None	None
141	скорости	901	None	None
142	движения	910	None	None
143	поездов	919	None	None
144	до	927	None	None
145	60	930	None	None
146	километров	933	None	None
147	в	944	None	None
148	час	946	None	None
149	.	949	None	None
150	Однако	951	None	None
151	по	958	None	None
152	магистралям	961	None	None
153	МЖД	973	coref	984
154	составы	977	None	None
155	идут	985	None	None
156	пока	990	None	None
157	по	995	None	None
158	обычному	998	None	None
159	графику	1007	None	None
160	.	1014	None	None
