	word	start_char	type	chain_id
0	Водолазы	0	coref	718
1	установили	9	None	None
2	на	20	None	None
3	отверстиях	23	coref	719
4	«	34	coref	719
5	Курска	35	coref	719
6	»	41	coref	719
7	16	43	coref	719
8	направляющих	46	coref	721
9	корзин	59	coref	721
10	Водолазы	67	coref	718
11	,	75	None	None
12	ведущие	77	None	None
13	работы	85	None	None
14	на	92	None	None
15	корпусе	95	coref	722
16	«	103	coref	719
17	Курска	104	coref	719
18	»	110	coref	719
19	,	111	None	None
20	завершили	113	None	None
21	установку	123	None	None
22	направляющих	133	coref	721
23	корзин	146	coref	721
24	в	153	None	None
25	16	155	coref	719
26	технологических	158	coref	719
27	отверстиях	174	coref	719
28	,	184	None	None
29	расположенных	186	None	None
30	на	200	None	None
31	3	203	None	None
32	,	204	None	None
33	4	206	None	None
34	и	208	coref	725
35	5	210	None	None
36	отсеках	212	None	None
37	субмарины	220	coref	720
38	.	229	None	None
39	Об	231	None	None
40	этом	234	None	None
41	сообщает	239	None	None
42	«	248	coref	719
43	Интерфакс	249	None	None
44	»	258	coref	719
45	со	260	None	None
46	ссылкой	263	None	None
47	начальника	271	coref	723
48	пресс	282	coref	723
49	-	287	coref	723
50	службы	288	coref	723
51	Северного	295	coref	723
52	флота	305	coref	723
53	Владимира	311	coref	723
54	Навроцкого	321	coref	723
55	.	331	None	None
56	Как	334	None	None
57	сказал	338	None	None
58	Навроцкий	345	coref	723
59	,	354	None	None
60	сейчас	356	None	None
61	глубоководники	363	coref	724
62	работают	378	None	None
63	в	387	None	None
64	районе	389	None	None
65	7	396	coref	725
66	и	398	coref	725
67	8	400	coref	725
68	отсеков	402	coref	725
69	.	409	None	None
70	Еще	411	None	None
71	один	415	None	None
72	-	420	coref	723
73	находится	422	None	None
74	в	432	None	None
75	«	434	coref	719
76	колоколе	435	None	None
77	»	443	coref	719
78	.	444	None	None
79	При	446	None	None
80	этом	450	None	None
81	на	455	None	None
82	7	458	coref	725
83	-	459	coref	723
84	ом	460	coref	726
85	отсеке	463	coref	726
86	водолаз	470	coref	727
87	спущен	478	None	None
88	внутрь	485	None	None
89	отверстия	492	coref	728
90	,	501	None	None
91	где	503	coref	728
92	занимается	507	None	None
93	расчисткой	518	None	None
94	прочного	529	None	None
95	корпуса	538	None	None
96	.	545	None	None
97	Со	548	None	None
98	ссылкой	551	None	None
99	на	559	None	None
100	слова	562	None	None
101	начальника	568	coref	723
102	Экспедиции	579	None	None
103	особого	590	None	None
104	назначения	598	None	None
105	Михаила	609	None	None
106	Моцака	617	None	None
107	Владимир	624	coref	723
108	Навроцкий	633	coref	723
109	отметил	643	None	None
110	,	650	None	None
111	что	652	None	None
112	расчетное	656	None	None
113	время	666	None	None
114	окончания	672	None	None
115	всех	682	None	None
116	работ	687	None	None
117	по	693	None	None
118	установке	696	None	None
119	направляющих	706	coref	721
120	конструкций	719	None	None
121	на	731	None	None
122	корпусе	734	coref	722
123	«	742	coref	719
124	Курска	743	coref	719
125	»	749	coref	719
126	-	751	coref	723
127	25	753	None	None
128	-	755	coref	723
129	26	756	None	None
130	сентября	759	None	None
131	.	767	None	None
