	word	start_char	type	chain_id
0	Аман	0	coref	959
1	Тулеев	5	coref	959
2	первым	12	None	None
3	зарегистрирован	19	None	None
4	в	35	None	None
5	качестве	37	None	None
6	кандидата	46	coref	964
7	в	56	None	None
8	губернаторы	58	None	None
9	Кемеровской	70	coref	960
10	области	82	coref	960
11	Кемеровский	91	coref	961
12	областной	103	coref	961
13	избирком	113	coref	961
14	сегодня	122	None	None
15	,	129	None	None
16	17	131	None	None
17	февраля	134	None	None
18	,	141	None	None
19	принял	143	None	None
20	решение	150	None	None
21	о	158	None	None
22	регистрации	160	None	None
23	Амана	172	coref	959
24	Тулеева	178	coref	959
25	кандидатом	186	None	None
26	в	197	None	None
27	губернаторы	199	None	None
28	Кузбасса	211	coref	959
29	.	219	None	None
30	Выборы	221	None	None
31	главы	228	None	None
32	региона	234	coref	960
33	намечены	242	None	None
34	на	251	None	None
35	22	254	None	None
36	апреля	257	None	None
37	.	263	None	None
38	Из	266	None	None
39	23	269	None	None
40	тысяч	272	None	None
41	подписей	278	None	None
42	,	286	None	None
43	представленных	288	None	None
44	в	303	None	None
45	избирком	305	coref	961
46	в	314	None	None
47	поддержку	316	None	None
48	Тулеева	326	coref	959
49	,	333	None	None
50	уже	335	None	None
51	проверены	339	None	None
52	четыре	349	coref	962
53	тысячи	356	coref	962
54	,	362	None	None
55	среди	364	None	None
56	которых	370	coref	962
57	не	378	None	None
58	было	381	None	None
59	выявлено	386	None	None
60	недействительных	395	None	None
61	.	411	None	None
62	Избиркому	413	coref	961
63	по	423	None	None
64	закону	426	None	None
65	предстоит	433	None	None
66	проверить	443	None	None
67	сведения	453	None	None
68	об	462	None	None
69	имуществе	465	None	None
70	,	474	None	None
71	принадлежащем	476	None	None
72	Тулееву	490	coref	959
73	.	497	None	None
74	По	499	None	None
75	официальным	502	None	None
76	документам	514	None	None
77	,	524	None	None
78	в	526	None	None
79	личной	528	None	None
80	собственности	535	None	None
81	экс	549	coref	959
82	-	552	coref	959
83	губернатора	553	coref	959
84	никакого	565	None	None
85	движимого	574	None	None
86	и	584	None	None
87	недвижимого	586	None	None
88	имущества	598	None	None
89	нет	608	None	None
90	.	611	None	None
91	Вторым	614	None	None
92	кандидатом	621	None	None
93	,	631	None	None
94	получившим	633	None	None
95	сегодня	644	None	None
96	регистрацию	652	None	None
97	,	663	None	None
98	стал	665	None	None
99	депутат	670	coref	963
100	Госдумы	678	coref	963
101	Сергей	686	coref	963
102	Неверов	693	coref	963
103	.	700	None	None
104	Он	702	coref	963
105	не	705	None	None
106	стал	708	None	None
107	собирать	713	None	None
108	подписи	722	None	None
109	,	729	None	None
110	а	731	None	None
111	внес	733	None	None
112	избирательный	738	None	None
113	залог	752	None	None
114	в	758	None	None
115	установленном	760	None	None
116	законом	774	None	None
117	размере	782	None	None
118	в	790	None	None
119	200	792	None	None
120	тысяч	796	None	None
121	рублей	802	None	None
122	.	808	None	None
123	О	811	None	None
124	своем	813	coref	959
125	желании	819	None	None
126	баллотироваться	827	None	None
127	заявили	843	None	None
128	еще	851	coref	964
129	два	855	coref	964
130	кандидата	859	coref	964
131	-	869	coref	959
132	член	871	coref	965
133	КПРФ	876	coref	965
134	директор	881	coref	965
135	кемеровского	890	coref	965
136	профессионально	903	coref	965
137	-	918	coref	959
138	технического	919	coref	965
139	колледжа	932	coref	965
140	Сергей	941	coref	963
141	Носков	948	coref	965
142	,	954	None	None
143	воспользовавшийся	956	None	None
144	правом	974	None	None
145	самовыдвижения	981	None	None
146	,	995	None	None
147	и	997	None	None
148	директор	999	coref	965
149	коммерческой	1008	coref	966
150	фирмы	1021	coref	966
151	города	1027	coref	966
152	Белово	1034	coref	966
153	Кемеровской	1041	coref	960
154	области	1053	coref	960
155	Николай	1061	coref	966
156	Власов	1069	coref	966
157	,	1075	None	None
158	выдвинутый	1077	None	None
159	избирателями	1088	None	None
160	.	1100	None	None
161	Регистрация	1103	None	None
162	кандидатов	1115	None	None
163	в	1126	None	None
164	губернаторы	1128	None	None
165	Кузбасса	1140	coref	959
166	продлится	1149	None	None
167	до	1159	None	None
168	18	1162	None	None
169	марта	1165	None	None
170	.	1170	None	None
171	Аман	1173	coref	959
172	Тулеев	1178	coref	959
173	в	1185	None	None
174	1990	1187	None	None
175	году	1192	None	None
176	был	1197	None	None
177	избран	1201	None	None
178	председателем	1208	None	None
179	областного	1222	None	None
180	совета	1233	None	None
181	Кузбасса	1240	coref	959
182	.	1248	None	None
183	В	1250	None	None
184	1996	1252	None	None
185	году	1257	None	None
186	занимал	1262	None	None
187	пост	1270	None	None
188	министра	1275	None	None
189	России	1284	None	None
190	по	1291	None	None
191	сотрудничеству	1294	None	None
192	с	1309	None	None
193	государствами	1311	None	None
194	-	1325	coref	959
195	участниками	1327	None	None
196	Содружества	1339	None	None
197	Независимых	1351	None	None
198	Государств	1363	None	None
199	.	1373	None	None
200	Через	1375	None	None
201	год	1381	None	None
202	Тулеев	1385	coref	959
203	победил	1392	None	None
204	на	1400	None	None
205	первых	1403	None	None
206	выборах	1410	None	None
207	губернатора	1418	coref	959
208	Кемеровской	1430	coref	960
209	области	1442	coref	960
210	,	1449	None	None
211	набрав	1451	None	None
212	почти	1458	None	None
213	95	1464	None	None
214	%	1466	None	None
215	голосов	1468	None	None
216	избирателей	1476	None	None
217	.	1487	None	None
218	В	1490	None	None
219	конце	1492	None	None
220	января	1498	None	None
221	2001	1505	None	None
222	года	1510	None	None
223	Аман	1515	coref	959
224	Тулеев	1520	coref	959
225	неожиданно	1527	None	None
226	объявил	1538	None	None
227	о	1546	None	None
228	своем	1548	coref	959
229	решении	1554	None	None
230	сложить	1562	None	None
231	свои	1570	coref	959
232	полномочия	1575	None	None
233	досрочно	1586	None	None
234	.	1594	None	None
235	Свое	1596	coref	959
236	решение	1601	None	None
237	губернатор	1609	coref	959
238	Кузбасса	1620	coref	959
239	мотивировал	1629	None	None
240	тем	1641	None	None
241	,	1644	None	None
242	что	1646	None	None
243	«	1650	None	None
244	такова	1651	None	None
245	воля	1658	None	None
246	его	1663	coref	959
247	избирателей	1667	None	None
248	»	1678	None	None
249	.	1679	None	None
250	«	1681	None	None
251	Так	1682	None	None
252	получилось	1686	None	None
253	,	1696	None	None
254	-	1698	coref	959
255	сказал	1700	None	None
256	он	1707	coref	959
257	,	1709	None	None
258	-	1711	coref	959
259	что	1713	None	None
260	в	1717	None	None
261	Кемеровской	1719	coref	960
262	области	1731	coref	960
263	на	1739	None	None
264	2001	1742	None	None
265	год	1747	None	None
266	приходится	1751	None	None
267	проведение	1762	None	None
268	21	1773	None	None
269	выборов	1776	None	None
270	,	1783	None	None
271	начиная	1785	None	None
272	от	1793	None	None
273	муниципальных	1796	None	None
274	и	1810	None	None
275	заканчивая	1812	None	None
276	в	1823	None	None
277	октябре	1825	None	None
278	губернаторскими	1833	None	None
279	»	1848	None	None
280	.	1849	None	None
281	Если	1851	None	None
282	это	1856	None	None
283	делать	1860	None	None
284	,	1866	None	None
285	считает	1868	None	None
286	он	1876	coref	959
287	,	1878	None	None
288	то	1880	None	None
289	«	1883	None	None
290	Кузбасс	1884	coref	960
291	окажется	1892	None	None
292	парализованным	1901	None	None
293	на	1916	None	None
294	все	1919	None	None
295	12	1923	None	None
296	месяцев	1926	None	None
297	и	1934	None	None
298	потратит	1936	None	None
299	уйму	1945	None	None
300	средств	1950	None	None
301	из	1958	None	None
302	бюджета	1961	None	None
303	»	1968	None	None
304	.	1969	None	None
305	Тулеев	1972	coref	959
306	же	1979	None	None
307	тогда	1982	None	None
308	пояснил	1988	None	None
309	,	1995	None	None
310	что	1997	None	None
311	его	2001	coref	959
312	досрочный	2005	None	None
313	уход	2015	None	None
314	позволит	2020	None	None
315	совместить	2029	None	None
316	выборы	2040	None	None
317	в	2047	None	None
318	местные	2049	None	None
319	органы	2057	None	None
320	власти	2064	None	None
321	и	2071	None	None
322	досрочные	2073	None	None
323	выборы	2083	None	None
324	губернатора	2090	coref	959
325	,	2101	None	None
326	что	2103	None	None
327	сэкономит	2107	None	None
328	бюджетные	2117	None	None
329	средства	2127	None	None
330	.	2135	None	None
331	В	2138	None	None
332	то	2140	None	None
333	же	2143	None	None
334	время	2146	None	None
335	ушедшие	2152	None	None
336	в	2160	None	None
337	отставку	2162	None	None
338	губернаторы	2171	None	None
339	,	2182	None	None
340	скорее	2184	None	None
341	всего	2191	None	None
342	,	2196	None	None
343	в	2198	None	None
344	ближайшее	2200	None	None
345	время	2210	None	None
346	будут	2216	None	None
347	лишены	2222	None	None
348	права	2229	None	None
349	участвовать	2235	None	None
350	в	2247	None	None
351	новых	2249	None	None
352	выборах	2255	None	None
353	.	2262	None	None
354	По	2264	None	None
355	данным	2267	None	None
356	телекомпании	2274	None	None
357	НТВ	2287	None	None
358	,	2290	None	None
359	глава	2292	coref	967
360	Центризбиркома	2298	coref	967
361	Алексаднр	2313	coref	967
362	Вешняков	2323	coref	967
363	сообщил	2332	None	None
364	несколько	2340	None	None
365	дней	2350	None	None
366	назад	2355	None	None
367	,	2360	None	None
368	что	2362	None	None
369	его	2366	coref	959
370	ведомство	2370	None	None
371	подготовило	2380	None	None
372	законопроект	2392	coref	968
373	,	2404	None	None
374	в	2406	None	None
375	соответствии	2408	None	None
376	с	2421	None	None
377	которым	2423	coref	968
378	ушедший	2431	None	None
379	в	2439	None	None
380	отставку	2441	None	None
381	губернатор	2450	coref	959
382	будет	2461	None	None
383	лишен	2467	None	None
384	права	2473	None	None
385	впоследствии	2479	None	None
386	участвовать	2492	None	None
387	в	2504	None	None
388	досрочных	2506	None	None
389	выборах	2516	None	None
390	главы	2524	None	None
391	администрации	2530	None	None
392	.	2543	None	None
