	word	start_char	type	chain_id
0	В	0	None	None
1	Казахстане	2	coref	1406
2	на	13	None	None
3	Павлодарском	16	coref	1407
4	химическом	29	coref	1407
5	заводе	40	coref	1407
6	произошла	47	None	None
7	крупная	57	None	None
8	утечка	65	None	None
9	ртути	72	coref	1408
10	В	79	None	None
11	Казахстане	81	coref	1406
12	на	92	None	None
13	Павлодарском	95	coref	1407
14	химическом	108	coref	1407
15	заводе	119	coref	1407
16	произошла	126	None	None
17	крупная	136	None	None
18	утечка	144	None	None
19	ртути	151	coref	1408
20	,	156	None	None
21	сообщает	158	None	None
22	НТВ	167	None	None
23	.	170	None	None
24	И	172	None	None
25	грунтовые	174	None	None
26	воды	184	None	None
27	несут	189	None	None
28	ядовитый	195	coref	1408
29	металл	204	coref	1408
30	в	211	None	None
31	Иртыш	213	coref	1409
32	.	218	None	None
33	Чтобы	220	None	None
34	ликвидировать	226	None	None
35	последствия	240	None	None
36	аварии	252	None	None
37	,	258	None	None
38	необходимо	260	None	None
39	160	271	None	None
40	миллионов	275	None	None
41	рублей	285	None	None
42	.	291	None	None
43	Эту	294	None	None
44	сумму	298	None	None
45	власти	304	None	None
46	Казахстана	311	coref	1406
47	выделить	322	None	None
48	не	331	None	None
49	могут	334	None	None
50	.	339	None	None
51	Всего	341	None	None
52	в	347	None	None
53	почву	349	None	None
54	попало	355	None	None
55	около	362	None	None
56	тонны	368	None	None
57	опасного	374	coref	1408
58	для	383	coref	1408
59	человека	387	coref	1408
60	вещества	396	coref	1408
61	.	404	None	None
62	На	406	None	None
63	заводе	409	coref	1407
64	объявлена	416	None	None
65	чрезвычайная	426	None	None
66	ситуация	439	None	None
67	.	447	None	None
68	Предельно	449	None	None
69	допустимая	459	None	None
70	концентрация	470	None	None
71	ртути	483	coref	1408
72	в	489	None	None
73	воздухе	491	None	None
74	превышает	499	None	None
75	норму	509	None	None
76	в	515	None	None
77	20	517	None	None
78	раз	520	None	None
79	.	523	None	None
80	На	525	None	None
81	бетонном	528	None	None
82	полу	537	None	None
83	завода	542	coref	1407
84	можно	549	None	None
85	увидеть	555	None	None
86	целые	563	None	None
87	лужи	569	None	None
88	металла	574	coref	1408
89	.	581	None	None
90	По	583	None	None
91	расчетам	586	None	None
92	специалистов	595	None	None
93	,	607	None	None
94	если	609	None	None
95	не	614	None	None
96	принять	617	None	None
97	срочных	625	None	None
98	мер	633	None	None
99	,	636	None	None
100	ртуть	638	coref	1408
101	попадет	644	None	None
102	в	652	None	None
103	Иртыш	654	coref	1409
104	уже	660	None	None
105	через	664	None	None
106	2	670	None	None
107	года	672	None	None
108	.	676	None	None
