	word	start_char	type	chain_id
0	Против	0	None	None
1	талибов	7	None	None
2	воюют	15	None	None
3	генералы	21	None	None
4	,	29	None	None
5	прошедшие	31	None	None
6	обучение	41	None	None
7	в	50	None	None
8	СССР	52	coref	1516
9	Войска	58	None	None
10	антиталибской	65	coref	1517
11	коалиции	79	coref	1517
12	в	88	None	None
13	Афганистане	90	coref	1518
14	ведут	102	None	None
15	наступление	108	None	None
16	на	120	None	None
17	севере	123	None	None
18	страны	130	coref	1518
19	.	136	None	None
20	Отряды	138	None	None
21	генерала	145	None	None
22	Дустума	154	None	None
23	находятся	162	None	None
24	уже	172	None	None
25	на	176	None	None
26	подступах	179	None	None
27	к	189	None	None
28	Мазари	191	None	None
29	-	197	coref	1521
30	Шерифу	198	None	None
31	,	204	None	None
32	однако	206	None	None
33	там	213	None	None
34	же	217	None	None
35	находится	220	None	None
36	и	230	None	None
37	крупная	232	None	None
38	группировка	240	None	None
39	талибов	252	None	None
40	.	259	None	None
41	По	262	None	None
42	данным	265	None	None
43	разведки	272	None	None
44	Северного	281	coref	1519
45	альянса	291	coref	1519
46	талибы	299	coref	1520
47	укрепили	306	None	None
48	линию	315	None	None
49	своей	321	coref	1520
50	обороны	327	None	None
51	,	334	None	None
52	расположив	336	None	None
53	на	347	None	None
54	близлежащих	350	None	None
55	холмах	362	None	None
56	танки	369	None	None
57	и	375	None	None
58	артиллерию	377	None	None
59	.	387	None	None
60	Афганская	389	None	None
61	тактика	399	None	None
62	ведения	407	None	None
63	войны	415	None	None
64	больше	421	None	None
65	похожа	428	None	None
66	на	435	None	None
67	партизанскую	438	None	None
68	.	450	None	None
69	Днем	452	None	None
70	из	457	coref	1521
71	-	459	coref	1521
72	за	460	None	None
73	жары	463	None	None
74	противоборствующие	468	None	None
75	стороны	487	None	None
76	отдыхают	495	None	None
77	,	503	None	None
78	а	505	None	None
79	ночью	507	None	None
80	воюют	513	None	None
81	.	518	None	None
82	Многие	521	None	None
83	полевые	528	None	None
84	командиры	536	None	None
85	антиталибской	546	coref	1517
86	коалиции	560	coref	1517
87	получили	569	None	None
88	военное	578	None	None
89	образование	586	None	None
90	в	598	None	None
91	Советском	600	coref	1516
92	Союзе	610	coref	1516
93	,	615	None	None
94	как	617	None	None
95	,	620	None	None
96	например	622	None	None
97	,	630	None	None
98	46	632	coref	1521
99	-	634	coref	1521
100	летний	635	coref	1521
101	генерал	642	coref	1521
102	-	649	coref	1521
103	майор	650	coref	1521
104	Абдул	656	coref	1521
105	Даян	662	coref	1521
106	из	667	coref	1521
107	провинции	670	coref	1521
108	Баглан	680	coref	1521
109	.	686	None	None
110	Абдул	688	coref	1521
111	Даян	694	coref	1521
112	кадровый	699	coref	1522
113	военный	708	coref	1522
114	,	715	None	None
115	которых	717	coref	1522
116	в	725	None	None
117	антиталибской	727	coref	1517
118	коалиции	741	coref	1517
119	немало	750	None	None
120	,	756	None	None
121	сообщает	758	None	None
122	НТВ	767	None	None
123	.	770	None	None
124	О	772	None	None
125	годах	774	None	None
126	учебы	780	None	None
127	в	786	None	None
128	Москве	788	None	None
129	вспоминает	795	None	None
130	с	806	None	None
131	чувством	808	None	None
132	тоски	817	None	None
133	и	823	None	None
134	теплоты	825	None	None
135	.	832	None	None
136	Это	834	None	None
137	было	838	None	None
138	в	843	None	None
139	80	845	None	None
140	-	847	coref	1521
141	е	848	None	None
142	годы	850	None	None
143	.	854	None	None
144	С	856	None	None
145	тех	858	None	None
146	пор	862	None	None
147	он	866	coref	1521
148	ни	869	None	None
149	разу	872	None	None
150	не	877	None	None
151	выезжал	880	None	None
152	из	888	coref	1521
153	Афганистана	891	coref	1518
154	за	903	None	None
155	границу	906	None	None
156	-	914	coref	1521
157	война	916	None	None
158	без	922	None	None
159	перерыва	926	None	None
160	.	934	None	None
161	Абдул	937	coref	1521
162	Даян	943	coref	1521
163	говорит	948	None	None
164	,	955	None	None
165	что	957	None	None
166	многим	961	coref	1523
167	его	968	coref	1521
168	танкистам	972	coref	1523
169	нет	982	None	None
170	еще	986	None	None
171	18	990	None	None
172	лет	993	None	None
173	.	996	None	None
174	Он	998	coref	1521
175	шутит	1001	None	None
176	:	1006	None	None
177	«	1008	None	None
178	Ребята	1009	coref	1523
179	родились	1016	None	None
180	под	1025	None	None
181	звуки	1029	None	None
182	взрывов	1035	None	None
183	и	1043	None	None
184	автоматных	1045	None	None
185	очередей	1056	None	None
186	.	1064	None	None
187	Мир	1066	None	None
188	им	1070	coref	1523
189	только	1073	None	None
190	снится	1080	None	None
191	»	1086	None	None
192	.	1087	None	None
193	В	1089	None	None
194	беседе	1091	None	None
195	с	1098	None	None
196	корреспондентом	1100	None	None
197	генерал	1116	coref	1521
198	сказал	1124	None	None
199	,	1130	None	None
200	что	1132	None	None
201	только	1136	None	None
202	совместные	1143	None	None
203	действия	1154	None	None
204	России	1163	None	None
205	и	1170	None	None
206	Америки	1172	coref	1524
207	помогут	1180	None	None
208	победить	1188	None	None
209	террористический	1197	None	None
210	режим	1214	None	None
211	талибов	1220	None	None
212	.	1227	None	None
213	Он	1229	coref	1521
214	надеется	1232	None	None
215	,	1240	None	None
216	что	1242	None	None
217	в	1246	None	None
218	ближайшее	1248	None	None
219	время	1258	None	None
220	Северному	1264	coref	1519
221	альянсу	1274	coref	1519
222	будет	1282	None	None
223	оказана	1288	None	None
224	крупная	1296	None	None
225	военно	1304	None	None
226	-	1310	coref	1521
227	техническая	1311	None	None
228	помощь	1323	None	None
229	.	1329	None	None
230	«	1332	None	None
231	Это	1333	None	None
232	хорошо	1337	None	None
233	,	1343	None	None
234	что	1345	None	None
235	Америка	1349	coref	1524
236	решила	1357	None	None
237	не	1364	None	None
238	посылать	1367	None	None
239	сюда	1376	coref	1518
240	войска	1381	None	None
241	.	1387	None	None
242	Дайте	1389	None	None
243	нам	1395	coref	1517
244	побольше	1399	None	None
245	оружия	1408	None	None
246	и	1415	None	None
247	боеприпасов	1417	None	None
248	,	1428	None	None
249	а	1430	None	None
250	мы	1432	coref	1517
251	сами	1435	None	None
252	освободим	1440	None	None
253	Афганистан	1450	coref	1518
254	от	1461	None	None
255	талибов	1464	None	None
256	»	1471	None	None
257	,	1472	None	None
258	-	1474	coref	1521
259	говорит	1476	None	None
260	Абдул	1484	coref	1521
261	Даян	1490	coref	1521
262	.	1494	None	None
263	После	1497	None	None
264	смерти	1503	None	None
265	Ахмадшаха	1510	None	None
266	Масуда	1520	None	None
267	очень	1527	None	None
268	многие	1533	None	None
269	жители	1540	None	None
270	Афганистана	1547	coref	1518
271	присоединяются	1559	None	None
272	к	1574	None	None
273	антиталибской	1576	coref	1517
274	коалиции	1590	coref	1517
275	.	1598	None	None
276	Теперь	1600	None	None
277	дальнейшее	1607	None	None
278	развитие	1618	None	None
279	ситуации	1627	None	None
280	в	1636	None	None
281	Афганистане	1638	coref	1518
282	зависит	1650	None	None
283	от	1658	None	None
284	мирового	1661	None	None
285	сообщества	1670	None	None
286	.	1680	None	None
