	word	start_char	type	chain_id
0	Геращенко	0	coref	376
1	объясняет	10	None	None
2	падение	20	None	None
3	золотовалютных	28	None	None
4	резервов	43	coref	381
5	Снижение	53	None	None
6	объема	62	None	None
7	золотовалютных	69	None	None
8	резервов	84	coref	381
9	РФ	93	coref	376
10	в	96	coref	379
11	последние	98	None	None
12	недели	108	None	None
13	произошло	115	None	None
14	по	125	None	None
15	ряду	128	None	None
16	причин	133	None	None
17	,	139	None	None
18	в	141	coref	379
19	частности	143	None	None
20	,	152	None	None
21	из	154	None	None
22	-	156	None	None
23	за	157	None	None
24	снижения	160	None	None
25	норматива	169	None	None
26	обязательной	179	coref	379
27	продажи	192	coref	379
28	экспортной	200	None	None
29	выручки	211	None	None
30	до	219	None	None
31	50	222	None	None
32	%	225	None	None
33	с	227	None	None
34	75	229	None	None
35	%	232	None	None
36	в	234	coref	379
37	августе	236	None	None
38	,	243	None	None
39	сказал	245	None	None
40	в	252	coref	379
41	интервью	254	None	None
42	«	263	None	None
43	Интерфаксу	264	None	None
44	»	274	None	None
45	председатель	276	coref	376
46	Центробанка	289	coref	376
47	РФ	301	coref	376
48	Виктор	304	coref	376
49	Геращенко	311	coref	376
50	.	320	None	None
51	«	323	None	None
52	Быстротечное	324	coref	379
53	решение	337	coref	379
54	в	345	coref	379
55	один	347	coref	379
56	день	352	coref	379
57	вопроса	357	coref	379
58	о	365	coref	379
59	снижении	367	coref	379
60	обязательной	376	coref	379
61	продажи	389	coref	379
62	валюты	397	coref	379
63	экспортерами	404	coref	379
64	,	416	None	None
65	которое	418	coref	379
66	якобы	426	None	None
67	давало	432	None	None
68	положительный	439	None	None
69	экономический	453	None	None
70	результат	467	None	None
71	,	476	None	None
72	обернулось	478	None	None
73	нам	489	coref	378
74	боком	493	None	None
75	,	498	None	None
76	о	500	coref	379
77	чем	502	None	None
78	мы	506	coref	378
79	предупреждали	509	None	None
80	»	522	None	None
81	,	523	None	None
82	-	525	None	None
83	заявил	527	None	None
84	Геращенко	534	coref	376
85	,	543	None	None
86	который	545	coref	376
87	является	553	None	None
88	последовательным	562	None	None
89	противником	579	None	None
90	снижения	591	None	None
91	и	600	None	None
92	тем	602	None	None
93	более	606	None	None
94	отмены	612	None	None
95	нормы	619	None	None
96	обязательной	625	coref	379
97	продажи	638	coref	379
98	валюты	646	coref	379
99	.	652	None	None
100	В	655	None	None
101	качестве	657	None	None
102	других	666	None	None
103	причин	673	None	None
104	снижения	680	None	None
105	резервов	689	coref	381
106	банкир	698	coref	376
107	назвал	705	None	None
108	рост	712	None	None
109	официального	717	None	None
110	оттока	730	None	None
111	капитала	737	None	None
112	,	745	None	None
113	платежи	747	None	None
114	,	754	None	None
115	произведенные	756	None	None
116	в	770	coref	379
117	счет	772	None	None
118	погашения	777	None	None
119	долга	787	None	None
120	перед	793	None	None
121	Международным	799	None	None
122	валютным	813	None	None
123	фондом	822	None	None
124	на	829	None	None
125	2	832	None	None
126	,	833	None	None
127	8	834	None	None
128	млрд	836	None	None
129	.	840	None	None
130	долл	842	None	None
131	.	846	None	None
132	начиная	848	None	None
133	с	856	None	None
134	20	858	None	None
135	сентября	861	None	None
136	2001	870	None	None
137	года	875	None	None
138	,	879	None	None
139	а	881	None	None
140	также	883	None	None
141	то	889	None	None
142	,	891	None	None
143	что	893	None	None
144	Минфин	897	coref	380
145	в	904	coref	379
146	этот	906	None	None
147	период	911	None	None
148	погасил	918	None	None
149	свои	926	coref	380
150	обязательства	931	None	None
151	по	945	None	None
152	облигациям	948	None	None
153	и	959	None	None
154	кредитам	961	None	None
155	почти	970	None	None
156	на	976	None	None
157	2	979	None	None
158	млрд	981	None	None
159	.	985	None	None
160	долл	987	None	None
161	.	991	None	None
162	«	994	None	None
163	Конечно	995	None	None
164	,	1002	None	None
165	все	1004	None	None
166	это	1008	None	None
167	не	1012	None	None
168	могло	1015	None	None
169	не	1021	None	None
170	сказаться	1024	None	None
171	на	1034	None	None
172	снижении	1037	coref	379
173	валютных	1046	coref	381
174	резервов	1055	coref	381
175	,	1063	None	None
176	но	1065	None	None
177	оно	1068	coref	381
178	нас	1072	coref	378
179	не	1076	None	None
180	беспокоит	1079	None	None
181	»	1088	None	None
182	,	1089	None	None
183	-	1091	None	None
184	сказал	1093	None	None
185	банкир	1100	coref	376
186	.	1106	None	None
187	В	1109	None	None
188	период	1111	None	None
189	c	1118	None	None
190	23	1120	None	None
191	ноября	1123	None	None
192	по	1130	None	None
193	14	1133	None	None
194	декабря	1136	None	None
195	2001	1144	None	None
196	года	1149	None	None
197	золотовалютные	1154	None	None
198	резервы	1169	None	None
199	РФ	1177	coref	376
200	снизились	1180	None	None
201	на	1190	None	None
202	2	1193	None	None
203	,	1194	None	None
204	4	1195	None	None
205	млрд	1197	None	None
206	.	1201	None	None
207	долл	1203	None	None
208	.	1207	None	None
