	word	start_char	type	chain_id
0	Радуев	0	coref	867
1	обвинил	7	None	None
2	СМИ	15	None	None
3	в	19	None	None
4	очернении	21	None	None
5	его	31	coref	867
6	«	35	None	None
7	чести	36	None	None
8	и	42	None	None
9	достоинства	44	None	None
10	»	55	None	None
11	Главный	58	coref	867
12	подсудимый	66	coref	867
13	на	77	coref	867
14	процессе	80	coref	867
15	по	89	coref	867
16	делу	92	coref	867
17	о	97	coref	867
18	нападении	99	coref	867
19	чеченских	109	coref	867
20	боевиков	119	coref	867
21	на	128	coref	867
22	Кизляр	131	coref	867
23	Салман	138	coref	867
24	Радуев	145	coref	867
25	обвиняет	152	None	None
26	СМИ	161	None	None
27	в	165	None	None
28	очернении	167	None	None
29	его	177	coref	867
30	«	181	None	None
31	чести	182	None	None
32	и	188	None	None
33	достоинства	190	None	None
34	»	201	None	None
35	.	202	None	None
36	Как	204	None	None
37	передает	208	None	None
38	РИА	217	None	None
39	«	221	None	None
40	Новости	222	None	None
41	»	229	None	None
42	,	230	coref	869
43	в	232	None	None
44	среду	234	None	None
45	Радуев	240	coref	867
46	выступил	247	None	None
47	с	256	None	None
48	заявлением	258	None	None
49	,	268	coref	869
50	что	270	None	None
51	средства	274	None	None
52	массовой	283	None	None
53	информации	292	None	None
54	в	303	None	None
55	сообщениях	305	None	None
56	с	316	None	None
57	судебных	318	None	None
58	заседаний	327	None	None
59	«	337	None	None
60	наносят	338	None	None
61	вред	346	None	None
62	его	351	coref	867
63	престижу	355	None	None
64	»	363	None	None
65	.	364	None	None
66	Очередной	366	None	None
67	выпад	376	None	None
68	Радуев	382	coref	867
69	сделал	389	None	None
70	в	396	None	None
71	адрес	398	None	None
72	ОРТ	404	coref	868
73	.	407	None	None
74	Поводом	409	None	None
75	для	417	None	None
76	этого	421	None	None
77	послужило	427	None	None
78	то	437	None	None
79	,	439	coref	869
80	что	441	None	None
81	Общественное	445	coref	868
82	российское	458	coref	868
83	телевидение	469	coref	868
84	много	481	None	None
85	внимания	487	None	None
86	обратило	496	None	None
87	на	505	coref	867
88	показания	508	None	None
89	против	518	None	None
90	него	525	coref	867
91	на	530	coref	867
92	судебном	533	None	None
93	заседании	542	None	None
94	Дадашевой	552	None	None
95	и	562	None	None
96	Таймасхановой	564	None	None
97	,	577	coref	869
98	осужденных	579	None	None
99	за	590	None	None
100	террористический	593	None	None
101	акт	610	None	None
102	-	614	None	None
103	взрыв	616	None	None
104	на	622	coref	867
105	железнодорожном	625	None	None
106	вокзале	641	None	None
107	Пятигорска	649	None	None
108	.	659	None	None
109	В	661	None	None
110	то	663	None	None
111	же	666	None	None
112	время	669	None	None
113	глава	675	coref	869
114	гособвинения	681	coref	869
115	на	694	coref	867
116	процессе	697	coref	867
117	,	705	coref	869
118	Генеральный	707	coref	869
119	прокурор	719	coref	869
120	России	728	coref	869
121	Владимир	735	coref	869
122	Устинов	744	coref	869
123	не	752	None	None
124	видит	755	None	None
125	предвзятости	761	None	None
126	при	774	None	None
127	освещении	778	None	None
128	СМИ	788	None	None
129	хода	792	None	None
130	суда	797	None	None
131	.	801	None	None
132	Генпрокурор	803	coref	869
133	,	814	coref	869
134	комментируя	816	None	None
135	то	828	None	None
136	,	830	coref	869
137	что	832	None	None
138	в	836	None	None
139	среду	838	None	None
140	на	844	coref	867
141	утреннем	847	None	None
142	заседании	856	None	None
143	в	866	None	None
144	суде	868	None	None
145	были	873	None	None
146	зачитаны	878	None	None
147	письменные	887	None	None
148	показания	898	None	None
149	не	908	None	None
150	явившихся	911	None	None
151	на	921	coref	867
152	процесс	924	None	None
153	по	932	coref	867
154	различным	935	None	None
155	причинам	945	None	None
156	потерпевших	954	None	None
157	и	966	None	None
158	свидетелей	968	None	None
159	,	978	coref	869
160	сообщил	980	None	None
161	,	987	coref	869
162	что	989	None	None
163	не	993	None	None
164	считает	996	None	None
165	это	1004	None	None
166	нарушением	1008	None	None
167	закона	1019	None	None
168	.	1025	None	None
169	После	1027	None	None
170	перерыва	1033	None	None
171	процесс	1042	None	None
172	продолжится	1050	None	None
173	в	1062	None	None
174	14	1064	None	None
175	:	1066	None	None
176	00	1067	None	None
177	по	1070	coref	867
178	московскому	1073	None	None
179	времени	1085	None	None
180	.	1092	None	None
