	word	start_char	type	chain_id
0	Александр	0	coref	929
1	Тихонов	10	coref	929
2	обвинил	18	None	None
3	в	26	None	None
4	подготовке	28	None	None
5	покушения	39	None	None
6	на	49	None	None
7	Тулеева	52	coref	930
8	Олега	60	coref	931
9	Дерипаску	66	coref	931
10	Александр	77	coref	929
11	Тихонов	87	coref	929
12	,	94	coref	929
13	который	96	coref	929
14	находится	104	None	None
15	в	114	None	None
16	Австрии	116	None	None
17	на	124	None	None
18	лечении	127	None	None
19	,	134	coref	929
20	наблюдает	136	None	None
21	за	146	None	None
22	ходом	149	None	None
23	судебного	155	None	None
24	процесса	165	None	None
25	по	174	None	None
26	делу	177	None	None
27	его	182	coref	929
28	брата	186	coref	932
29	Виктора	192	coref	932
30	.	199	None	None
31	Он	201	coref	929
32	обещает	204	None	None
33	вернуться	212	None	None
34	на	222	None	None
35	родину	225	None	None
36	,	231	coref	929
37	чтобы	233	None	None
38	«	239	coref	931
39	со	240	None	None
40	всем	243	None	None
41	разобраться	248	None	None
42	»	259	coref	931
43	,	260	coref	929
44	сообщают	262	None	None
45	«	271	coref	931
46	Известия	272	None	None
47	.	280	None	None
48	Ru	281	None	None
49	»	283	coref	931
50	.	285	None	None
51	В	288	None	None
52	частности	290	None	None
53	,	299	coref	929
54	Александр	301	coref	929
55	Тихонов	311	coref	929
56	отметил	319	None	None
57	,	326	coref	929
58	что	328	None	None
59	уверен	332	None	None
60	на	339	None	None
61	100	342	None	None
62	%	345	None	None
63	в	347	None	None
64	причастности	349	None	None
65	к	362	None	None
66	покушению	364	None	None
67	на	374	None	None
68	Амана	377	coref	930
69	Тулеева	383	coref	930
70	главы	391	coref	931
71	«	397	coref	931
72	Русского	398	coref	931
73	алюминия	407	coref	931
74	»	415	coref	931
75	Олега	417	coref	931
76	Дерипаски	423	coref	931
77	.	432	None	None
78	«	434	coref	931
79	Инвалиды	435	None	None
80	и	444	None	None
81	олимпийские	446	None	None
82	чемпионы	458	None	None
83	умирают	467	None	None
84	от	475	None	None
85	голода	478	None	None
86	,	484	coref	929
87	а	486	None	None
88	Дерипаски	488	coref	931
89	занимаются	498	None	None
90	захватом	509	None	None
91	предприятий	518	None	None
92	»	529	coref	931
93	,	530	coref	929
94	-	532	coref	933
95	сказал	534	None	None
96	Тихонов	541	coref	929
97	.	548	None	None
98	Кроме	551	None	None
99	того	557	None	None
100	,	561	coref	929
101	по	563	None	None
102	мнению	566	None	None
103	олимпийского	573	coref	929
104	чемпиона	586	coref	929
105	,	594	coref	929
106	инициативы	596	None	None
107	Дерипаски	607	coref	931
108	выполняет	617	None	None
109	Западно	627	coref	933
110	-	634	coref	933
111	Сибирский	635	coref	933
112	РУБОП	645	coref	933
113	.	650	None	None
114	Достаточно	652	None	None
115	сказать	663	None	None
116	,	670	coref	929
117	что	672	None	None
118	когда	676	None	None
119	из	682	None	None
120	Кузбасса	685	None	None
121	выгоняли	694	None	None
122	«	703	coref	931
123	МИКОМ	704	None	None
124	»	709	coref	931
125	,	710	coref	929
126	Западно	712	coref	933
127	-	719	coref	933
128	Сибирский	720	coref	933
129	РУБОП	730	coref	933
130	участвовал	736	None	None
131	в	747	None	None
132	захвате	749	None	None
133	КМК	757	None	None
134	и	761	None	None
135	НкАЗа	763	None	None
136	.	768	None	None
137	«	770	coref	931
138	Начальник	771	coref	934
139	Западно	781	coref	933
140	-	788	coref	933
141	Сибирского	789	coref	933
142	РУБОПа	800	coref	933
143	Юрий	807	coref	934
144	Прощалыкин	812	coref	934
145	-	823	coref	933
146	это	825	None	None
147	законченная	829	None	None
148	мразь	841	None	None
149	.	846	None	None
150	Я	848	coref	929
151	убежден	850	None	None
152	,	857	coref	929
153	что	859	None	None
154	это	863	None	None
155	его	867	coref	929
156	рук	871	None	None
157	дело	875	None	None
158	»	879	coref	931
159	,	880	coref	929
160	-	882	coref	933
161	не	884	None	None
162	стеснялся	887	None	None
163	в	897	None	None
164	выражениях	899	None	None
165	Александр	910	coref	929
166	Тихонов	920	coref	929
167	.	927	None	None
168	Признательные	929	None	None
169	показания	943	None	None
170	своего	953	coref	929
171	брата	960	coref	932
172	Виктора	966	coref	932
173	в	974	None	None
174	начале	976	None	None
175	следствия	983	None	None
176	олимпийский	993	coref	929
177	чемпион	1005	coref	929
178	объяснил	1013	None	None
179	прессингом	1022	None	None
180	.	1032	None	None
181	Он	1034	coref	929
182	рассказал	1037	None	None
183	об	1047	None	None
184	издевательствах	1050	coref	935
185	,	1065	coref	929
186	которым	1067	coref	935
187	подвергся	1075	None	None
188	сам	1085	None	None
189	.	1088	None	None
190	«	1090	coref	931
191	Мне	1091	coref	929
192	,	1094	coref	929
193	подполковнику	1096	coref	929
194	МВД	1110	coref	929
195	,	1113	coref	929
196	награжденному	1115	None	None
197	орденом	1129	None	None
198	Трудового	1137	None	None
199	Красного	1147	None	None
200	Знамени	1156	None	None
201	,	1163	coref	929
202	орденом	1165	None	None
203	Красной	1173	None	None
204	Звезды	1181	None	None
205	,	1187	coref	929
206	именным	1189	None	None
207	оружием	1197	None	None
208	,	1204	coref	929
209	начальник	1206	None	None
210	отдела	1216	None	None
211	Западно	1223	coref	933
212	-	1230	coref	933
213	Сибирского	1231	coref	933
214	РУБОПа	1242	coref	933
215	Александр	1249	coref	929
216	Никитин	1259	None	None
217	говорил	1267	None	None
218	,	1274	coref	929
219	что	1276	None	None
220	«	1280	coref	931
221	мы	1281	coref	933
222	тебе	1284	coref	929
223	помажем	1289	None	None
224	лоб	1297	None	None
225	зеленкой	1301	None	None
226	»	1309	coref	931
227	(	1311	None	None
228	имеется	1312	None	None
229	в	1320	None	None
230	виду	1322	None	None
231	подготовка	1327	None	None
232	к	1338	None	None
233	смертной	1340	None	None
234	казни	1349	None	None
235	)	1354	None	None
236	.	1355	None	None
237	С	1357	None	None
238	открытой	1359	None	None
239	формой	1368	None	None
240	туберкулеза	1375	None	None
241	меня	1387	coref	929
242	держали	1392	None	None
243	в	1400	None	None
244	камере	1402	None	None
245	.	1408	None	None
246	Никаких	1410	None	None
247	посылок	1418	None	None
248	от	1426	None	None
249	друзей	1429	None	None
250	мне	1436	coref	929
251	не	1440	None	None
252	передавали	1443	None	None
253	.	1453	None	None
254	Один	1455	None	None
255	раз	1460	None	None
256	родня	1464	None	None
257	мне	1470	coref	929
258	передала	1474	None	None
259	колбасу	1483	coref	936
260	,	1490	coref	929
261	четыре	1492	None	None
262	дня	1499	None	None
263	продержали	1503	None	None
264	ее	1514	coref	936
265	в	1517	None	None
266	кабинете	1519	None	None
267	,	1527	coref	929
268	а	1529	None	None
269	дело	1531	None	None
270	было	1536	None	None
271	в	1541	None	None
272	августе	1543	None	None
273	.	1550	None	None
274	Колбаса	1552	coref	936
275	начала	1560	None	None
276	гнить	1567	None	None
277	,	1572	coref	929
278	и	1574	None	None
279	когда	1576	None	None
280	мне	1582	coref	929
281	ее	1586	coref	936
282	передали	1589	None	None
283	,	1597	coref	929
284	по	1599	None	None
285	колбасе	1602	coref	936
286	ползали	1610	None	None
287	черви	1618	None	None
288	.	1623	None	None
289	Я	1625	coref	929
290	сидел	1627	None	None
291	на	1633	None	None
292	хлебе	1636	None	None
293	и	1642	None	None
294	воде	1644	None	None
295	.	1648	None	None
296	Все	1650	None	None
297	делали	1654	None	None
298	для	1661	None	None
299	того	1665	None	None
300	,	1669	coref	929
301	чтобы	1671	None	None
302	я	1677	coref	929
303	сломался	1679	None	None
304	»	1687	coref	931
305	.	1688	None	None
