	word	start_char	type	chain_id
0	АЛРОСА	0	coref	340
1	и	7	coref	343
2	De	9	coref	341
3	Beers	12	coref	341
4	начали	18	None	None
5	очередные	25	None	None
6	переговоры	35	None	None
7	по	46	None	None
8	торговле	49	None	None
9	алмазами	58	None	None
10	Российский	68	coref	340
11	алмазный	79	coref	340
12	монополист	88	coref	340
13	АЛРОСА	99	coref	340
14	и	106	coref	343
15	транснациональная	108	coref	341
16	компания	126	coref	341
17	De	135	coref	341
18	Beers	138	coref	341
19	во	144	None	None
20	вторник	147	None	None
21	и	155	coref	343
22	среду	157	None	None
23	в	163	None	None
24	Москве	165	coref	342
25	проведут	172	None	None
26	очередной	181	None	None
27	раунд	191	None	None
28	переговоров	197	None	None
29	по	209	None	None
30	вопросу	212	None	None
31	заключения	220	None	None
32	нового	231	coref	343
33	торгового	238	coref	343
34	соглашения	248	coref	343
35	,	258	None	None
36	сообщает	260	None	None
37	«	269	None	None
38	Интерфакс	270	None	None
39	»	279	None	None
40	со	281	None	None
41	ссылкой	284	None	None
42	на	292	None	None
43	главу	295	coref	344
44	московского	301	coref	344
45	представительства	313	coref	344
46	De	331	coref	341
47	Beers	334	coref	341
48	Рэймонда	340	coref	344
49	Кларка	349	coref	344
50	.	355	None	None
51	По	358	None	None
52	его	361	coref	344
53	словам	365	None	None
54	,	371	None	None
55	во	373	None	None
56	вторник	376	None	None
57	обсуждение	384	None	None
58	перспектив	395	None	None
59	нового	406	coref	343
60	торгового	413	coref	343
61	соглашения	423	coref	343
62	АЛРОСА	434	coref	340
63	и	441	coref	343
64	De	443	coref	341
65	Beers	446	coref	341
66	состоится	452	None	None
67	в	462	None	None
68	рамках	464	None	None
69	работы	471	None	None
70	рабочей	478	None	None
71	группы	486	None	None
72	.	492	None	None
73	В	494	None	None
74	среду	496	None	None
75	этот	502	None	None
76	же	507	None	None
77	вопрос	510	None	None
78	обсудят	517	None	None
79	официально	525	None	None
80	руководства	536	None	None
81	АЛРОСА	548	coref	340
82	и	555	coref	343
83	De	557	coref	341
84	Beers	560	coref	341
85	.	565	None	None
86	Для	567	None	None
87	участия	571	None	None
88	в	579	None	None
89	переговорах	581	None	None
90	вечером	593	None	None
91	во	601	None	None
92	вторник	604	None	None
93	в	612	None	None
94	Москву	614	coref	342
95	прибудет	621	None	None
96	управляющий	630	None	None
97	директор	642	None	None
98	De	651	coref	341
99	Beers	654	coref	341
100	Гэрри	660	None	None
101	Рэльф	666	None	None
102	(	672	None	None
103	Gary	673	None	None
104	Ralfe	678	None	None
105	)	683	None	None
106	.	684	None	None
107	Кларк	687	coref	344
108	выразил	693	None	None
109	уверенность	701	None	None
110	в	713	None	None
111	успешном	715	None	None
112	исходе	724	None	None
113	переговоров	731	None	None
114	.	742	None	None
115	Предыдущее	745	coref	345
116	торговое	756	coref	345
117	соглашение	765	coref	345
118	между	776	coref	345
119	Россией	782	coref	345
120	и	790	coref	343
121	De	792	coref	341
122	Beers	795	coref	341
123	было	801	None	None
124	заключено	806	None	None
125	осенью	816	None	None
126	1998	823	None	None
127	года	828	None	None
128	,	832	None	None
129	срок	834	None	None
130	его	839	coref	344
131	действия	843	None	None
132	истекает	852	None	None
133	в	861	None	None
134	конце	863	None	None
135	2001	869	None	None
136	года	874	None	None
137	.	878	None	None
138	В	880	None	None
139	соответствии	882	None	None
140	с	895	None	None
141	этим	897	coref	345
142	документом	902	coref	345
143	АЛРОСА	913	coref	340
144	имеет	920	None	None
145	право	926	None	None
146	ежегодно	932	None	None
147	продавать	941	None	None
148	в	951	None	None
149	адрес	953	None	None
150	De	959	coref	341
151	Beers	962	coref	341
152	алмазов	968	None	None
153	на	976	None	None
154	сумму	979	None	None
155	не	985	None	None
156	менее	988	None	None
157	550	994	None	None
158	млн	998	None	None
159	.	1001	None	None
160	долл	1003	None	None
161	.	1007	None	None
162	,	1008	None	None
163	но	1010	None	None
164	не	1013	None	None
165	более	1016	None	None
166	26	1022	None	None
167	%	1024	None	None
168	от	1026	None	None
169	ежегодного	1029	None	None
170	объема	1040	None	None
171	продаж	1047	None	None
172	De	1054	coref	341
173	Beers	1057	coref	341
174	.	1062	None	None
175	Соглашение	1064	coref	345
176	предусматривает	1075	None	None
177	также	1091	None	None
178	право	1097	None	None
179	России	1103	coref	346
180	продавать	1110	None	None
181	на	1120	None	None
182	свободном	1123	None	None
183	рынке	1133	None	None
184	5	1139	None	None
185	%	1140	None	None
186	из	1142	None	None
187	текущей	1145	None	None
188	добычи	1153	None	None
189	алмазов	1160	None	None
190	плюс	1168	None	None
191	20	1173	None	None
192	%	1175	None	None
193	от	1177	None	None
194	поставок	1180	None	None
195	из	1189	None	None
196	государственных	1192	None	None
197	запасов	1208	None	None
198	.	1215	None	None
199	На	1218	None	None
200	долю	1221	None	None
201	АЛРОСА	1226	coref	340
202	приходится	1233	None	None
203	около	1244	None	None
204	20	1250	None	None
205	%	1252	None	None
206	мировой	1254	None	None
207	добычи	1262	None	None
208	алмазов	1269	None	None
209	.	1276	None	None
