	word	start_char	type	chain_id
0	Объявление	0	None	None
1	Туровера	11	coref	1567
2	в	20	coref	1570
3	международный	22	None	None
4	розыск	36	None	None
5	«	43	coref	1569
6	это	44	None	None
7	месть	48	None	None
8	наемников	54	None	None
9	господина	64	coref	1568
10	Бородина	74	coref	1568
11	»	82	coref	1569
12	Гражданин	85	coref	1567
13	Испании	95	coref	1567
14	и	103	coref	1567
15	Израиля	105	coref	1567
16	,	112	coref	1567
17	предприниматель	114	coref	1567
18	Филипп	130	coref	1567
19	Туровер	137	coref	1567
20	сегодня	145	None	None
21	в	153	coref	1570
22	интервью	155	None	None
23	газете	164	coref	1569
24	«	171	coref	1569
25	Сегодня	172	coref	1569
26	»	179	coref	1569
27	отверг	181	None	None
28	обвинения	188	coref	1570
29	в	198	coref	1570
30	подстрекательстве	200	coref	1570
31	в	218	coref	1570
32	даче	220	coref	1570
33	взятки	225	coref	1570
34	,	231	coref	1567
35	мошенничестве	233	coref	1570
36	и	247	coref	1567
37	краже	249	coref	1570
38	,	254	coref	1567
39	на	256	None	None
40	основании	259	None	None
41	которых	269	coref	1570
42	Генеральная	277	coref	1571
43	прокуратура	289	coref	1571
44	РФ	301	coref	1571
45	объявила	304	None	None
46	его	313	coref	1567
47	в	317	coref	1570
48	международный	319	None	None
49	розыск	333	None	None
50	,	339	coref	1567
51	о	341	None	None
52	чем	343	None	None
53	заявил	347	None	None
54	накануне	354	None	None
55	начальник	363	None	None
56	Управления	373	None	None
57	по	384	None	None
58	расследованию	387	None	None
59	особо	401	None	None
60	важных	407	None	None
61	дел	414	None	None
62	Генрокуратуры	418	coref	1571
63	России	432	coref	1571
64	Владимир	439	None	None
65	Лысейко	448	None	None
66	.	455	None	None
67	«	458	coref	1569
68	Если	459	None	None
69	это	464	None	None
70	действительно	468	None	None
71	так	482	None	None
72	,	485	coref	1567
73	то	487	None	None
74	это	490	None	None
75	месть	494	None	None
76	наемников	500	None	None
77	господина	510	coref	1568
78	Бородина	520	coref	1568
79	за	529	None	None
80	мои	532	coref	1567
81	интервью	536	None	None
82	,	544	coref	1567
83	телевизионные	546	None	None
84	выступления	560	None	None
85	.	571	None	None
86	Типичное	573	None	None
87	сфабрикованное	582	None	None
88	дело	597	None	None
89	»	601	coref	1569
90	,	602	coref	1567
91	-	604	None	None
92	заявил	606	None	None
93	Туровер	613	coref	1567
94	в	621	coref	1570
95	интервью	623	None	None
96	газете	632	coref	1569
97	«	639	coref	1569
98	Сегодня	640	coref	1569
99	»	647	coref	1569
100	.	648	None	None
101	По	650	None	None
102	словам	653	None	None
103	Туровера	660	coref	1567
104	,	668	coref	1567
105	«	670	coref	1569
106	в	671	coref	1570
107	течение	673	None	None
108	последних	681	None	None
109	полутора	691	None	None
110	лет	700	None	None
111	присутствуют	704	None	None
112	все	717	None	None
113	формы	721	None	None
114	давления	727	None	None
115	на	736	None	None
116	него	739	coref	1567
117	:	743	None	None
118	угрозы	745	None	None
119	,	751	coref	1567
120	запугивания	753	None	None
121	,	764	coref	1567
122	какие	766	None	None
123	-	771	None	None
124	то	772	None	None
125	странные	775	None	None
126	предложения	784	None	None
127	,	795	coref	1567
128	намеки	797	None	None
129	.	803	None	None
130	.	804	None	None
131	.	805	None	None
132	'	-1	None	None
133	'	-1	None	None
134	,	112	coref	1567
135	а	124	None	None
136	последние	811	None	None
137	действия	821	None	None
138	Генпрокуратуры	830	coref	1571
139	,	844	coref	1567
140	по	846	None	None
141	его	849	coref	1567
142	мнению	853	None	None
143	,	859	coref	1567
144	-	861	None	None
145	«	863	coref	1569
146	это	864	None	None
147	уже	868	None	None
148	акт	872	None	None
149	отчаяния	876	None	None
150	,	884	coref	1567
151	у	886	None	None
152	них	888	coref	1571
153	просто	892	None	None
154	не	899	None	None
155	выдержали	902	None	None
156	нервы	912	None	None
157	»	917	coref	1569
158	.	918	None	None
159	Как	921	None	None
160	пишет	925	None	None
161	«	931	coref	1569
162	Сегодня	932	coref	1569
163	»	939	coref	1569
164	,	940	coref	1567
165	дело	942	None	None
166	против	947	None	None
167	Туровера	954	coref	1567
168	было	963	None	None
169	заведено	968	None	None
170	по	977	None	None
171	заявлению	980	None	None
172	одной	990	coref	1573
173	гражданки	996	coref	1573
174	о	1006	None	None
175	том	1008	None	None
176	,	1011	coref	1567
177	что	1013	None	None
178	он	1017	coref	1567
179	,	1019	coref	1567
180	представляясь	1021	None	None
181	советником	1035	None	None
182	Генпрокурора	1046	None	None
183	Скуратова	1059	None	None
184	,	1068	coref	1567
185	якобы	1070	None	None
186	пообещал	1076	None	None
187	ей	1085	coref	1573
188	прекратить	1088	None	None
189	уголовное	1099	None	None
190	дело	1109	None	None
191	в	1114	coref	1570
192	отношении	1116	None	None
193	ее	1126	coref	1573
194	дочери	1129	None	None
195	.	1135	None	None
196	Туровер	1137	coref	1567
197	подтвердил	1145	None	None
198	,	1155	coref	1567
199	что	1157	None	None
200	когда	1161	None	None
201	он	1167	coref	1567
202	был	1170	None	None
203	еще	1174	None	None
204	в	1178	coref	1570
205	России	1180	coref	1571
206	,	1186	coref	1567
207	его	1188	coref	1567
208	приглашали	1192	None	None
209	в	1203	coref	1570
210	связи	1205	None	None
211	с	1211	None	None
212	этим	1213	None	None
213	в	1218	coref	1570
214	МВД	1220	None	None
215	.	1223	None	None
216	Заявление	1225	coref	1574
217	этой	1235	coref	1573
218	дамы	1240	coref	1573
219	почему	1245	None	None
220	-	1251	None	None
221	то	1252	None	None
222	попало	1255	None	None
223	в	1262	coref	1570
224	ФСБ	1264	coref	1575
225	.	1267	None	None
226	Там	1269	coref	1575
227	поставили	1273	None	None
228	на	1283	None	None
229	нем	1286	coref	1574
230	резолюцию	1290	None	None
231	с	1300	None	None
232	просьбой	1302	None	None
233	к	1311	None	None
234	господину	1313	None	None
235	Рушайло	1323	None	None
236	принять	1331	None	None
237	меры	1339	None	None
238	.	1343	None	None
239	«	1345	coref	1569
240	Тогда	1346	None	None
241	,	1351	coref	1567
242	видимо	1353	None	None
243	,	1359	coref	1567
244	нужно	1361	None	None
245	было	1367	None	None
246	устроить	1372	None	None
247	провокацию	1381	None	None
248	,	1391	coref	1567
249	чтобы	1393	None	None
250	спасти	1399	None	None
251	«	1406	coref	1569
252	Семью	1407	None	None
253	»	1412	coref	1569
254	-	1414	None	None
255	это	1416	None	None
256	было	1420	None	None
257	в	1425	coref	1570
258	разгар	1427	None	None
259	скандала	1434	None	None
260	вокруг	1443	None	None
261	Mabetex	1450	coref	1576
262	.	1457	None	None
263	Я	1459	coref	1567
264	снял	1461	None	None
265	копию	1466	None	None
266	с	1472	None	None
267	этого	1474	coref	1574
268	документа	1480	coref	1574
269	и	1490	coref	1567
270	в	1492	coref	1570
271	ближайшее	1494	None	None
272	время	1504	None	None
273	его	1510	coref	1567
274	опубликую	1514	None	None
275	»	1523	coref	1569
276	,	1524	coref	1567
277	-	1526	None	None
278	заявил	1528	None	None
279	Филипп	1535	coref	1567
280	Туровер	1542	coref	1567
281	.	1549	None	None
282	Туровер	1552	coref	1567
283	,	1559	coref	1567
284	являющийся	1561	None	None
285	основным	1572	None	None
286	свидетелем	1581	None	None
287	по	1592	None	None
288	«	1595	coref	1569
289	делу	1596	None	None
290	Mabetex	1601	coref	1576
291	»	1608	coref	1569
292	,	1609	coref	1567
293	по	1611	None	None
294	-	1613	None	None
295	прежнему	1614	None	None
296	готов	1623	None	None
297	дать	1629	None	None
298	свидетельские	1634	None	None
299	показания	1648	None	None
300	.	1657	None	None
301	Однако	1659	None	None
302	эти	1666	None	None
303	показания	1670	None	None
304	будут	1680	None	None
305	даны	1686	None	None
306	не	1691	None	None
307	российскому	1694	None	None
308	следователю	1706	None	None
309	.	1717	None	None
310	По	1720	None	None
311	мнению	1723	None	None
312	Туровера	1730	coref	1567
313	,	1738	coref	1567
314	это	1740	None	None
315	было	1744	None	None
316	бы	1749	None	None
317	с	1752	None	None
318	его	1754	coref	1567
319	стороны	1758	None	None
320	глупо	1766	None	None
321	.	1771	None	None
322	Следствие	1773	None	None
323	по	1783	None	None
324	делу	1786	None	None
325	Mabetex	1791	coref	1576
326	было	1799	None	None
327	закрыто	1804	None	None
328	Генпрокуратурой	1812	coref	1571
329	РФ	1828	coref	1571
330	8	1831	None	None
331	декабря	1833	None	None
332	2000	1841	None	None
333	года	1846	None	None
334	за	1851	None	None
335	отсутствием	1854	None	None
336	состава	1866	None	None
337	преступления	1874	None	None
338	.	1886	None	None
339	На	1888	None	None
340	вопрос	1891	None	None
341	о	1898	None	None
342	возможности	1900	None	None
343	разговора	1912	None	None
344	со	1922	None	None
345	следователем	1925	None	None
346	в	1938	coref	1570
347	российской	1940	coref	1571
348	прокуратуре	1951	coref	1571
349	Туровер	1963	coref	1567
350	сказал	1971	None	None
351	,	1977	coref	1567
352	что	1979	None	None
353	«	1983	coref	1569
354	героизм	1984	None	None
355	и	1992	coref	1567
356	идиотизм	1994	None	None
357	-	2003	None	None
358	это	2005	None	None
359	разные	2009	None	None
360	вещи	2016	None	None
361	»	2020	coref	1569
362	.	2021	None	None
