	word	start_char	type	chain_id
0	В	0	None	None
1	Латвии	2	coref	288
2	начинаются	9	None	None
3	съемки	20	None	None
4	российского	27	coref	289
5	детективного	39	coref	289
6	сериала	52	coref	289
7	Кинематографисты	61	None	None
8	российского	78	coref	289
9	телеканала	90	None	None
10	«	101	coref	289
11	Культура	102	None	None
12	»	110	coref	289
13	приступают	112	None	None
14	в	123	None	None
15	Латвии	125	coref	288
16	к	132	None	None
17	съемкам	134	None	None
18	нового	142	coref	289
19	детективного	149	coref	289
20	сериала	162	coref	289
21	«	170	coref	289
22	Дама	171	coref	289
23	»	175	coref	289
24	.	176	None	None
25	Его	178	coref	289
26	ставят	182	None	None
27	два	189	None	None
28	российских	193	None	None
29	режиссера	204	None	None
30	:	213	None	None
31	Юрий	215	None	None
32	Голдин	220	None	None
33	и	227	None	None
34	Олег	229	None	None
35	Бабицкий	234	None	None
36	.	242	None	None
37	Главные	244	None	None
38	роли	252	None	None
39	исполняют	257	None	None
40	россияне	267	None	None
41	,	275	None	None
42	но	277	None	None
43	в	280	None	None
44	съемках	282	None	None
45	также	290	None	None
46	будет	296	None	None
47	занято	302	None	None
48	36	309	None	None
49	латвийских	312	None	None
50	актеров	323	None	None
51	.	330	None	None
52	Руководитель	333	None	None
53	проекта	346	None	None
54	Сергей	354	None	None
55	Бердечевский	361	None	None
56	сообщил	374	None	None
57	агентству	382	None	None
58	BNS	392	None	None
59	,	395	None	None
60	что	397	None	None
61	съемки	401	None	None
62	будут	408	None	None
63	проходить	414	None	None
64	в	424	None	None
65	Риге	426	None	None
66	,	430	None	None
67	Сигулде	432	None	None
68	,	439	None	None
69	Иерики	441	None	None
70	,	447	None	None
71	Юрмале	449	None	None
72	и	456	None	None
73	других	458	None	None
74	местах	465	None	None
75	.	471	None	None
76	По	473	None	None
77	сценарию	476	None	None
78	же	485	None	None
79	действие	488	None	None
80	фильма	497	coref	289
81	происходит	504	None	None
82	во	515	None	None
83	Франции	518	None	None
84	.	525	None	None
85	Фильм	528	coref	289
86	планируется	534	None	None
87	закончить	546	None	None
88	до	556	None	None
89	18	559	None	None
90	августа	562	None	None
91	.	569	None	None
92	Его	571	coref	289
93	премьера	575	None	None
94	состоится	584	None	None
95	не	594	None	None
96	раньше	597	None	None
97	зимы	604	None	None
98	.	608	None	None
