	word	start_char	type	chain_id
0	В	0	None	None
1	Канаде	2	coref	1588
2	арестованы	9	None	None
3	трое	20	coref	1589
4	моряков	25	coref	1589
5	российского	33	coref	1589
6	танкера	45	coref	1589
7	«	53	coref	1589
8	Вирго	54	coref	1589
9	»	59	coref	1589
10	Трое	62	coref	1589
11	моряков	67	coref	1589
12	российского	75	coref	1589
13	танкера	87	coref	1589
14	«	95	coref	1589
15	Вирго	96	coref	1589
16	»	101	coref	1589
17	,	102	None	None
18	задержанного	104	None	None
19	в	117	None	None
20	канадском	119	coref	1591
21	порту	129	coref	1591
22	Комбэй	135	coref	1591
23	-	141	coref	1591
24	Чэнс	142	coref	1591
25	по	147	None	None
26	подозрению	150	None	None
27	в	161	None	None
28	столкновении	163	None	None
29	с	176	None	None
30	американскими	178	coref	1592
31	траулером	192	coref	1592
32	Starpound	202	coref	1592
33	в	212	None	None
34	130	214	None	None
35	милях	218	None	None
36	от	224	None	None
37	Кэйп	227	None	None
38	-	231	coref	1591
39	Энн	232	None	None
40	в	236	None	None
41	штате	238	None	None
42	Массачусетс	244	None	None
43	,	255	None	None
44	США	257	None	None
45	,	260	None	None
46	арестованы	262	None	None
47	в	273	None	None
48	ночь	275	None	None
49	с	280	None	None
50	14	282	None	None
51	на	285	None	None
52	15	288	None	None
53	августа	291	None	None
54	при	299	None	None
55	посадке	303	None	None
56	в	311	None	None
57	самолет	313	None	None
58	,	320	None	None
59	вылетающий	322	None	None
60	в	333	None	None
61	Лондон	335	None	None
62	.	341	None	None
63	Как	343	None	None
64	сообщается	347	None	None
65	в	358	None	None
66	пресс	360	coref	1593
67	-	365	coref	1591
68	релизе	366	coref	1593
69	ОАО	373	coref	1593
70	«	377	coref	1589
71	Приморское	378	coref	1593
72	морское	389	coref	1593
73	пароходство	397	coref	1593
74	»	408	coref	1589
75	,	409	None	None
76	арестованы	411	None	None
77	капитан	422	coref	1595
78	танкера	430	coref	1589
79	Владимир	438	coref	1595
80	Иванов	447	coref	1595
81	,	453	None	None
82	второй	455	coref	1596
83	помощник	462	coref	1596
84	капитана	471	coref	1595
85	Богданов	480	coref	1596
86	и	489	None	None
87	матрос	491	coref	1597
88	Герасименко	498	coref	1597
89	.	509	None	None
90	По	512	None	None
91	версии	515	None	None
92	представителей	522	coref	1598
93	Королевской	537	coref	1598
94	канадской	549	coref	1598
95	конной	559	coref	1598
96	полиции	566	coref	1598
97	,	573	None	None
98	которые	575	coref	1598
99	совместно	583	None	None
100	с	593	None	None
101	американской	595	coref	1599
102	береговой	608	coref	1599
103	охраной	618	coref	1599
104	проводят	626	None	None
105	расследование	635	None	None
106	,	648	None	None
107	именно	650	None	None
108	российское	657	coref	1590
109	судно	668	coref	1590
110	«	674	coref	1589
111	Вирго	675	coref	1589
112	»	680	coref	1589
113	,	681	None	None
114	шедшее	683	None	None
115	под	690	None	None
116	кипрским	694	None	None
117	флагом	703	None	None
118	,	709	None	None
119	7	711	None	None
120	августа	713	None	None
121	протаранило	721	None	None
122	американское	733	coref	1592
123	судно	746	coref	1590
124	,	751	None	None
125	которое	753	coref	1592
126	из	761	coref	1605
127	-	763	coref	1591
128	за	764	None	None
129	полученных	767	None	None
130	пробоин	778	None	None
131	затонуло	786	None	None
132	.	794	None	None
133	Из	796	None	None
134	четырех	799	coref	1600
135	членов	807	coref	1600
136	команды	814	coref	1600
137	Starpound	822	coref	1592
138	трое	832	coref	1589
139	погибли	837	None	None
140	.	844	None	None
141	В	847	None	None
142	суд	849	None	None
143	также	853	None	None
144	поступили	859	None	None
145	документы	869	coref	1602
146	предварительного	879	coref	1602
147	следствия	896	coref	1602
148	,	905	None	None
149	в	907	None	None
150	которых	909	coref	1602
151	со	917	None	None
152	слов	920	None	None
153	спасшегося	925	coref	1603
154	матроса	936	coref	1603
155	капитан	944	coref	1595
156	«	952	coref	1589
157	Вирго	953	coref	1589
158	»	958	coref	1589
159	обвиняется	960	None	None
160	в	971	None	None
161	том	973	None	None
162	,	976	None	None
163	что	978	None	None
164	якобы	982	None	None
165	не	988	None	None
166	обеспечил	991	None	None
167	должного	1001	None	None
168	наблюдения	1010	None	None
169	по	1021	None	None
170	курсу	1024	None	None
171	судна	1030	coref	1589
172	,	1035	None	None
173	и	1037	None	None
174	поэтому	1039	None	None
175	произошла	1047	None	None
176	трагедия	1057	None	None
177	.	1065	None	None
178	«	1067	coref	1589
179	Однако	1068	None	None
180	прямых	1075	None	None
181	доказательств	1082	None	None
182	этому	1096	None	None
183	нет	1102	None	None
184	»	1105	coref	1589
185	,	1106	None	None
186	-	1108	coref	1591
187	говорится	1110	None	None
188	в	1120	None	None
189	документе	1122	coref	1593
190	.	1131	None	None
191	Россияне	1134	coref	1589
192	продолжают	1143	None	None
193	настаивать	1154	None	None
194	на	1165	None	None
195	том	1168	None	None
196	,	1171	None	None
197	что	1173	None	None
198	они	1177	coref	1589
199	непричастны	1181	None	None
200	к	1193	None	None
201	инциденту	1195	None	None
202	.	1204	None	None
203	Капитан	1206	coref	1595
204	«	1214	coref	1589
205	Вирго	1215	coref	1589
206	»	1220	coref	1589
207	Владимир	1222	coref	1595
208	Иванов	1231	coref	1595
209	,	1237	None	None
210	постоянно	1239	None	None
211	находящийся	1249	None	None
212	в	1261	None	None
213	контакте	1263	None	None
214	с	1272	None	None
215	владельцем	1274	None	None
216	судна	1285	coref	1589
217	,	1290	None	None
218	а	1292	None	None
219	также	1294	None	None
220	с	1300	None	None
221	представителями	1302	None	None
222	российского	1318	coref	1589
223	посольства	1330	None	None
224	в	1341	None	None
225	Канаде	1343	coref	1588
226	,	1349	None	None
227	заявляет	1351	None	None
228	,	1359	None	None
229	что	1361	None	None
230	экипаж	1365	coref	1589
231	непричастен	1372	None	None
232	к	1384	None	None
233	происшествию	1386	None	None
234	.	1398	None	None
235	По	1400	None	None
236	его	1403	coref	1595
237	словам	1407	None	None
238	,	1413	None	None
239	в	1415	None	None
240	день	1417	None	None
241	столкновения	1422	None	None
242	ни	1435	None	None
243	он	1438	coref	1595
244	,	1440	None	None
245	ни	1442	None	None
246	его	1445	coref	1595
247	подопечные	1449	coref	1604
248	не	1460	None	None
249	заметили	1463	None	None
250	на	1472	None	None
251	море	1475	None	None
252	ничего	1480	None	None
253	необычного	1487	None	None
254	.	1497	None	None
255	Кроме	1499	None	None
256	того	1505	None	None
257	,	1509	None	None
258	известно	1511	None	None
259	,	1519	None	None
260	что	1521	None	None
261	помимо	1525	None	None
262	«	1532	coref	1589
263	Вирго	1533	coref	1589
264	»	1538	coref	1589
265	в	1540	None	None
266	районе	1542	None	None
267	столкновения	1549	None	None
268	находились	1562	None	None
269	несколько	1573	coref	1605
270	десятков	1583	coref	1605
271	судов	1592	coref	1605
272	из	1598	coref	1605
273	других	1601	coref	1605
274	стран	1608	coref	1605
275	.	1613	None	None
276	Часть	1615	None	None
277	из	1621	coref	1605
278	них	1624	coref	1605
279	осмотрена	1628	None	None
280	властями	1638	None	None
281	и	1647	None	None
282	отпущена	1649	None	None
283	.	1657	None	None
284	Представители	1659	None	None
285	американской	1673	coref	1599
286	береговой	1686	coref	1599
287	охраны	1696	coref	1599
288	взяли	1703	None	None
289	на	1709	None	None
290	анализ	1712	None	None
291	пробы	1719	None	None
292	краски	1725	None	None
293	с	1732	None	None
294	борта	1734	None	None
295	«	1740	coref	1589
296	Вирго	1741	coref	1589
297	»	1746	coref	1589
298	.	1747	None	None
299	Следствие	1749	None	None
300	пытается	1759	None	None
301	найти	1768	None	None
302	доказательства	1774	None	None
303	столкновения	1789	None	None
304	.	1801	None	None
305	Однако	1803	None	None
306	результаты	1810	None	None
307	этих	1821	None	None
308	химических	1826	None	None
309	исследований	1837	None	None
310	пока	1850	None	None
311	не	1855	None	None
312	сообщаются	1858	None	None
313	.	1868	None	None
314	Во	1871	None	None
315	вторник	1874	None	None
316	стало	1882	None	None
317	известно	1888	None	None
318	,	1896	None	None
319	что	1898	None	None
320	владельцы	1902	None	None
321	американского	1912	coref	1592
322	траулера	1926	coref	1592
323	возбудили	1935	None	None
324	судебный	1945	coref	1606
325	иск	1954	coref	1606
326	против	1958	coref	1606
327	ОАО	1965	coref	1593
328	«	1969	coref	1589
329	Приморское	1970	coref	1593
330	морское	1981	coref	1593
331	пароходство	1989	coref	1593
332	»	2000	coref	1589
333	владельца	2002	coref	1594
334	российского	2012	coref	1589
335	танкера	2024	coref	1589
336	«	2032	coref	1589
337	Вирго	2033	coref	1589
338	»	2038	coref	1589
339	.	2039	None	None
340	В	2042	None	None
341	документе	2044	coref	1593
342	содержится	2054	None	None
343	требование	2065	None	None
344	о	2076	None	None
345	компенсации	2078	None	None
346	нанесенного	2090	None	None
347	материального	2102	None	None
348	ущерба	2116	None	None
349	в	2123	None	None
350	размере	2125	None	None
351	1	2133	None	None
352	,	2134	None	None
353	5	2135	None	None
354	миллиона	2137	None	None
355	долларов	2146	None	None
356	.	2154	None	None
357	Кроме	2156	None	None
358	того	2162	None	None
359	,	2166	None	None
360	иском	2168	coref	1606
361	,	2173	None	None
362	поданным	2175	None	None
363	в	2184	None	None
364	канадский	2186	None	None
365	федеральный	2196	None	None
366	суд	2208	None	None
367	в	2212	None	None
368	провинции	2214	None	None
369	Ньюфаундленд	2224	None	None
370	,	2236	None	None
371	предусмотрено	2238	None	None
372	также	2252	None	None
373	взыскание	2258	None	None
374	компенсации	2268	None	None
375	в	2280	None	None
376	пользу	2282	None	None
377	семей	2289	None	None
378	погибших	2295	coref	1601
379	моряков	2304	coref	1589
380	.	2311	None	None
381	Задержанный	2314	None	None
382	канадскими	2326	None	None
383	властями	2337	None	None
384	российский	2346	coref	1590
385	танкер	2357	coref	1590
386	«	2364	coref	1589
387	Вирго	2365	coref	1589
388	»	2370	coref	1589
389	был	2372	None	None
390	отпущен	2376	None	None
391	10	2384	None	None
392	августа	2387	None	None
393	и	2395	None	None
394	до	2397	None	None
395	вчерашнего	2400	None	None
396	дня	2411	None	None
397	стоял	2415	None	None
398	под	2421	None	None
399	погрузкой	2425	None	None
400	в	2435	None	None
401	канадском	2437	coref	1591
402	порту	2447	coref	1591
403	Камбэй	2453	coref	1591
404	-	2459	coref	1591
405	Чэнс	2460	coref	1591
406	.	2464	None	None
407	Во	2466	None	None
408	вторник	2469	None	None
409	вечером	2477	None	None
410	экипаж	2485	coref	1589
411	российского	2492	coref	1589
412	судна	2504	coref	1589
413	без	2510	None	None
414	объяснений	2514	None	None
415	был	2525	None	None
416	снят	2529	None	None
417	с	2534	None	None
418	судна	2536	coref	1589
419	и	2542	None	None
420	помещен	2544	None	None
421	в	2552	None	None
422	гостиницу	2554	None	None
423	«	2564	coref	1589
424	Сент	2565	None	None
425	Джонс	2570	None	None
426	»	2575	coref	1589
427	.	2576	None	None
428	На	2578	None	None
429	борту	2581	None	None
430	для	2587	None	None
431	обеспечения	2591	None	None
432	безопасности	2603	None	None
433	судна	2616	coref	1589
434	во	2622	None	None
435	время	2625	None	None
436	стоянки	2631	None	None
437	у	2639	None	None
438	причала	2641	None	None
439	было	2649	None	None
440	оставлено	2654	None	None
441	лишь	2664	None	None
442	4	2669	None	None
443	человека	2671	None	None
444	.	2679	None	None
