	word	start_char	type	chain_id
0	Москвичам	0	None	None
1	впервые	10	None	None
2	покажут	18	None	None
3	настоящую	26	None	None
4	корриду	36	None	None
5	Единственная	45	coref	714
6	в	58	coref	714
7	мире	60	coref	714
8	женщина	65	coref	714
9	-	72	coref	714
10	тореадор	73	coref	714
11	Лидия	82	coref	714
12	Артамонова	88	coref	714
13	намерена	99	None	None
14	организовать	108	None	None
15	в	121	coref	714
16	Москве	123	None	None
17	настоящую	130	None	None
18	корриду	140	None	None
19	.	147	None	None
20	Об	149	None	None
21	этом	152	None	None
22	заявила	157	None	None
23	сама	165	coref	714
24	Артамонова	170	coref	714
25	в	181	coref	714
26	интервью	183	None	None
27	радиостанции	192	None	None
28	«	205	None	None
29	Эхо	206	None	None
30	Мосвы	210	None	None
31	»	215	None	None
32	.	216	None	None
33	Правда	218	None	None
34	,	224	None	None
35	это	226	None	None
36	будет	230	None	None
37	так	236	None	None
38	называемый	240	None	None
39	португальский	251	coref	715
40	вариант	265	coref	715
41	,	272	None	None
42	который	274	coref	715
43	не	282	None	None
44	предусматривает	285	None	None
45	убийства	301	None	None
46	быка	310	None	None
47	тореадором	315	None	None
48	.	325	None	None
49	В	328	None	None
50	этом	330	None	None
51	виде	335	None	None
52	корриды	340	None	None
53	бык	348	coref	716
54	защищен	352	None	None
55	специальными	360	None	None
56	щитками	373	None	None
57	,	380	None	None
58	на	382	None	None
59	рога	385	None	None
60	ему	390	coref	716
61	надевают	394	None	None
62	резиновые	403	None	None
63	чехлы	413	None	None
64	,	418	None	None
65	а	420	None	None
66	пики	422	None	None
67	тореадора	427	coref	714
68	снабжены	437	None	None
69	резиновыми	446	None	None
70	протекторами	457	None	None
71	.	469	None	None
72	А	471	None	None
73	в	473	coref	714
74	остальном	475	None	None
75	все	485	None	None
76	будет	489	None	None
77	по	495	None	None
78	-	497	coref	714
79	настоящему	498	None	None
80	.	508	None	None
81	Москвичам	510	None	None
82	предложат	520	None	None
83	12	530	None	None
84	поединков	533	None	None
85	по	543	None	None
86	4	546	None	None
87	пеших	548	None	None
88	и	554	None	None
89	2	556	None	None
90	конных	558	None	None
91	.	564	None	None
92	Выступления	566	None	None
93	запланированы	578	None	None
94	на	592	None	None
95	8	595	None	None
96	-	596	coref	714
97	9	597	None	None
98	сентября	599	None	None
99	.	607	None	None
100	По	610	None	None
101	словам	613	None	None
102	Артамоновой	620	coref	714
103	,	631	None	None
104	конная	633	None	None
105	коррида	640	None	None
106	существует	648	None	None
107	уже	659	None	None
108	2000	663	None	None
109	лет	668	None	None
110	,	671	None	None
111	«	673	None	None
112	и	674	None	None
113	это	676	None	None
114	очень	680	None	None
115	яркое	686	None	None
116	,	691	None	None
117	красивое	693	None	None
118	зрелище	702	None	None
119	»	709	None	None
120	.	710	None	None
121	«	712	None	None
122	Цель	713	None	None
123	португальской	718	None	None
124	корриды	732	None	None
125	-	740	coref	714
126	показать	742	None	None
127	степень	751	None	None
128	выездки	759	None	None
129	лошади	767	coref	717
130	,	773	None	None
131	как	775	None	None
132	она	779	coref	714
133	подчиняется	783	None	None
134	человеку	795	None	None
135	.	803	None	None
136	По	805	None	None
137	сути	808	None	None
138	дела	813	None	None
139	португальская	818	None	None
140	коррида	832	None	None
141	-	840	coref	714
142	это	842	None	None
143	танец	846	None	None
144	лошади	852	coref	717
145	под	859	None	None
146	угрозой	863	None	None
147	рога	871	None	None
148	быка	876	None	None
149	»	880	None	None
150	,	881	None	None
151	-	883	coref	714
152	добавила	885	None	None
153	она	894	coref	714
154	.	897	None	None
155	На	899	None	None
156	счету	902	None	None
157	женщины	908	coref	714
158	-	915	coref	714
159	тореадора	916	coref	714
160	около	926	None	None
161	200	932	None	None
162	боев	936	None	None
163	с	941	None	None
164	быками	943	None	None
165	.	949	None	None
166	Кроме	951	None	None
167	самой	957	None	None
168	Лидии	963	coref	714
169	Артомоновой	969	coref	714
170	в	981	coref	714
171	шоу	983	None	None
172	примет	987	None	None
173	участие	994	None	None
174	звезда	1002	None	None
175	арен	1009	None	None
176	Испании	1014	None	None
177	,	1021	None	None
178	Португалии	1023	None	None
179	и	1034	None	None
180	Мексики	1036	None	None
181	Виктор	1044	None	None
182	Мендес	1051	None	None
183	.	1057	None	None
