	word	start_char	type	chain_id
0	Число	0	None	None
1	жертв	6	None	None
2	теракта	12	None	None
3	в	20	None	None
4	Косово	22	coref	1339
5	достигло	29	None	None
6	10	38	None	None
7	человек	41	None	None
8	Число	50	None	None
9	жертв	56	None	None
10	террористического	62	None	None
11	акта	80	None	None
12	,	84	None	None
13	совершенного	86	None	None
14	в	99	None	None
15	конце	101	None	None
16	прошлой	107	None	None
17	недели	115	None	None
18	на	122	None	None
19	севере	125	None	None
20	Косово	132	coref	1339
21	,	138	None	None
22	достигло	140	None	None
23	10	149	None	None
24	человек	152	None	None
25	.	159	None	None
26	Первоначально	161	None	None
27	сообщалось	175	None	None
28	о	186	None	None
29	7	188	None	None
30	погибших	190	None	None
31	.	198	None	None
32	Как	200	None	None
33	заявил	204	None	None
34	представитель	211	None	None
35	миссии	225	None	None
36	ООН	232	None	None
37	в	236	None	None
38	Косово	238	coref	1339
39	,	244	None	None
40	в	246	None	None
41	больницах	248	None	None
42	еще	258	None	None
43	остаются	262	None	None
44	15	271	None	None
45	раненых	274	None	None
46	.	281	None	None
47	Автобус	284	coref	1340
48	,	291	None	None
49	перевозивший	293	None	None
50	несколько	306	coref	1341
51	десятков	316	coref	1341
52	сербов	325	coref	1341
53	,	331	None	None
54	взорвался	333	None	None
55	в	343	None	None
56	пятницу	345	None	None
57	,	352	None	None
58	16	354	None	None
59	февраля	357	None	None
60	,	364	None	None
61	на	366	None	None
62	мине	369	coref	1344
63	неподалеку	374	None	None
64	от	385	None	None
65	косовского	388	None	None
66	города	399	None	None
67	Подуево	406	None	None
68	.	413	None	None
69	Хотя	415	None	None
70	никто	420	None	None
71	не	426	None	None
72	взял	429	None	None
73	на	434	None	None
74	себя	437	None	None
75	ответственности	442	None	None
76	за	458	None	None
77	это	461	coref	1342
78	преступление	465	coref	1342
79	,	477	None	None
80	в	479	None	None
81	Белграде	481	coref	1343
82	убеждены	490	None	None
83	,	498	None	None
84	что	500	None	None
85	оно	504	coref	1342
86	было	508	None	None
87	совершено	513	None	None
88	албанскими	523	None	None
89	экстремистами	534	None	None
90	.	547	None	None
91	Автобус	550	coref	1340
92	был	558	None	None
93	полностью	562	None	None
94	уничтожен	572	None	None
95	,	581	None	None
96	и	583	None	None
97	уже	585	None	None
98	тогда	589	None	None
99	Reuters	595	None	None
100	передавало	603	None	None
101	,	613	None	None
102	что	615	None	None
103	«	619	None	None
104	жертв	620	None	None
105	будет	626	None	None
106	не	632	None	None
107	7	635	None	None
108	человек	637	None	None
109	,	644	None	None
110	а	646	None	None
111	гораздо	648	None	None
112	больше	656	None	None
113	»	662	None	None
114	.	663	None	None
115	В	665	None	None
116	результате	667	None	None
117	взрыва	678	None	None
118	было	685	None	None
119	ранено	690	None	None
120	35	697	coref	1341
121	сербов	700	coref	1341
122	,	706	None	None
123	из	708	None	None
124	них	711	coref	1341
125	10	715	None	None
126	тяжело	718	None	None
127	.	724	None	None
128	AP	726	None	None
129	назвало	729	None	None
130	этот	737	None	None
131	теракт	742	None	None
132	«	749	None	None
133	одним	750	None	None
134	из	756	None	None
135	самых	759	None	None
136	ужасных	765	None	None
137	со	773	None	None
138	времени	776	None	None
139	окончания	784	None	None
140	войны	794	None	None
141	1999	800	None	None
142	года	805	None	None
143	»	809	None	None
144	.	810	None	None
145	Двумя	813	None	None
146	днями	819	None	None
147	позже	825	None	None
148	на	831	None	None
149	юге	834	None	None
150	Сербии	838	coref	1343
151	,	844	None	None
152	недалеко	846	None	None
153	от	855	None	None
154	границы	858	None	None
155	с	866	coref	1345
156	Косово	868	coref	1339
157	,	874	None	None
158	на	876	None	None
159	мине	879	coref	1344
160	подорвалась	884	None	None
161	машина	896	coref	1345
162	с	903	coref	1345
163	тремя	905	coref	1345
164	сербскими	911	coref	1345
165	полицейскими	921	coref	1345
166	.	933	None	None
167	Машина	935	coref	1345
168	была	942	None	None
169	полностью	947	None	None
170	разрушена	957	None	None
171	взрывной	967	None	None
172	волной	976	None	None
173	,	982	None	None
174	рядом	984	None	None
175	с	990	coref	1345
176	ней	992	coref	1345
177	образовалась	996	None	None
178	большая	1009	None	None
179	воронка	1017	None	None
180	.	1024	None	None
181	Полицейские	1026	coref	1346
182	погибли	1038	None	None
183	.	1045	None	None
184	Специалисты	1047	None	None
185	не	1059	None	None
186	смогли	1062	None	None
187	уточнить	1069	None	None
188	,	1077	None	None
189	было	1079	None	None
190	ли	1084	None	None
191	взрывное	1087	coref	1344
192	устройство	1096	coref	1344
193	радиоуправляемым	1107	None	None
194	.	1123	None	None
