	word	start_char	type	chain_id
0	Сильверстоуну	0	None	None
1	дали	14	None	None
2	зеленый	19	None	None
3	свет	27	None	None
4	Британский	33	None	None
5	Гран	44	None	None
6	-	48	coref	1035
7	при	49	None	None
8	по	53	coref	1033
9	автогонкам	56	None	None
10	«	67	coref	1040
11	Формула	68	None	None
12	-	75	coref	1035
13	1	76	None	None
14	»	77	coref	1040
15	на	79	coref	1034
16	трассе	82	coref	1032
17	Сильверстоуна	89	coref	1032
18	в	103	coref	1034
19	2002	105	None	None
20	году	110	None	None
21	состоится	115	None	None
22	-	125	coref	1035
23	несмотря	127	None	None
24	на	136	coref	1034
25	проблемы	139	coref	1033
26	с	148	coref	1033
27	движением	150	coref	1033
28	автотранспорта	160	coref	1033
29	по	175	coref	1033
30	близлежащей	178	coref	1033
31	дороге	190	coref	1033
32	,	196	coref	1034
33	из	198	None	None
34	-	200	coref	1035
35	за	201	None	None
36	которых	204	coref	1033
37	проведение	212	None	None
38	этого	223	None	None
39	этапа	229	None	None
40	чемпионата	235	None	None
41	мира	246	None	None
42	оказалось	251	None	None
43	под	261	None	None
44	угрозой	265	None	None
45	.	272	None	None
46	Это	274	None	None
47	решение	278	None	None
48	последовало	286	None	None
49	за	298	None	None
50	предложением	301	None	None
51	руководства	314	None	None
52	трассы	326	coref	1032
53	выпустить	333	None	None
54	специальные	343	coref	1034
55	бонды	355	coref	1034
56	на	361	coref	1034
57	сумму	364	coref	1034
58	в	370	coref	1034
59	3	372	coref	1034
60	,	373	coref	1034
61	4	374	coref	1034
62	миллиона	376	coref	1034
63	фунтов	385	coref	1034
64	стерлингов	392	coref	1034
65	(	403	None	None
66	5	404	None	None
67	миллионов	406	None	None
68	долларов	416	None	None
69	)	424	None	None
70	,	425	coref	1034
71	которые	427	coref	1034
72	гарантировали	435	None	None
73	бы	449	None	None
74	,	451	coref	1034
75	что	453	None	None
76	запланированные	457	None	None
77	работы	473	None	None
78	по	480	coref	1033
79	улучшению	483	None	None
80	системы	493	coref	1040
81	движения	501	None	None
82	транспорта	510	None	None
83	будут	521	None	None
84	завершены	527	None	None
85	до	537	None	None
86	начала	540	None	None
87	британского	547	None	None
88	гран	559	None	None
89	-	563	coref	1035
90	при	564	None	None
91	7	568	None	None
92	июля	570	None	None
93	.	574	None	None
94	Как	577	None	None
95	сообщает	581	None	None
96	ВВС	590	None	None
97	,	593	coref	1034
98	представители	595	None	None
99	компании	609	coref	1035
100	обещают	618	None	None
101	также	626	None	None
102	направить	632	None	None
103	60	642	None	None
104	миллионов	645	None	None
105	фунтов	655	coref	1034
106	(	662	None	None
107	100	663	None	None
108	миллионов	667	None	None
109	долларов	677	None	None
110	)	685	None	None
111	на	687	coref	1034
112	улучшение	690	None	None
113	самой	700	coref	1032
114	трассы	706	coref	1032
115	гонок	713	coref	1032
116	.	718	None	None
117	Роб	721	coref	1036
118	Бэйн	725	coref	1036
119	,	729	coref	1034
120	исполнительный	731	coref	1036
121	директор	746	coref	1036
122	компании	755	coref	1035
123	-	763	coref	1035
124	промоутера	764	coref	1035
125	автогонок	775	coref	1035
126	Octagon	785	coref	1035
127	Motorsports	793	coref	1035
128	,	804	coref	1034
129	с	806	coref	1033
130	большой	808	None	None
131	радостью	816	None	None
132	воспринял	825	None	None
133	известие	835	None	None
134	о	844	None	None
135	решении	846	None	None
136	ФИА	854	coref	1037
137	.	857	None	None
138	«	859	coref	1040
139	Мы	860	coref	1035
140	предложили	863	None	None
141	им	874	coref	1037
142	идею	877	None	None
143	с	882	coref	1033
144	бондами	884	coref	1034
145	,	891	coref	1034
146	чтобы	893	None	None
147	показать	899	None	None
148	нашу	908	coref	1035
149	полную	913	None	None
150	убежденность	920	None	None
151	в	933	coref	1034
152	необходимости	935	None	None
153	завершения	949	None	None
154	этой	960	None	None
155	фазы	965	None	None
156	нашей	970	coref	1035
157	работы	976	None	None
158	до	983	None	None
159	старта	986	None	None
160	гран	993	None	None
161	-	997	coref	1035
162	при	998	None	None
163	2002	1002	None	None
164	года	1007	None	None
165	,	1011	coref	1034
166	-	1013	coref	1035
167	сказал	1015	None	None
168	он	1022	coref	1036
169	.	1024	None	None
170	-	1026	coref	1035
171	Встречи	1028	None	None
172	с	1036	coref	1033
173	представителями	1038	None	None
174	правительства	1054	None	None
175	и	1068	coref	1038
176	местными	1070	None	None
177	властями	1079	None	None
178	убедили	1088	None	None
179	нас	1096	coref	1035
180	в	1100	coref	1034
181	том	1102	None	None
182	,	1105	coref	1034
183	что	1107	None	None
184	мы	1111	coref	1035
185	осилим	1114	None	None
186	эту	1121	None	None
187	работу	1125	None	None
188	»	1131	coref	1040
189	.	1132	None	None
190	Проведение	1135	None	None
191	гонки	1146	None	None
192	на	1152	coref	1034
193	этот	1155	None	None
194	раз	1160	None	None
195	оказалось	1164	None	None
196	поставленным	1174	None	None
197	в	1187	coref	1034
198	зависимость	1189	None	None
199	от	1201	None	None
200	исхода	1204	None	None
201	проводимого	1211	None	None
202	британской	1223	coref	1038
203	Ассоциацией	1234	coref	1038
204	авто	1246	coref	1038
205	-	1250	coref	1035
206	и	1252	coref	1038
207	мотоспорта	1254	coref	1038
208	(	1265	None	None
209	MSA	1266	coref	1038
210	)	1269	None	None
211	расследования	1271	None	None
212	транспортных	1285	None	None
213	проблем	1298	None	None
214	.	1305	None	None
215	В	1307	None	None
216	среду	1309	None	None
217	MSA	1315	coref	1038
218	выступило	1319	None	None
219	с	1329	coref	1033
220	заявлением	1331	coref	1039
221	,	1341	coref	1034
222	из	1343	None	None
223	которого	1346	coref	1039
224	явствовало	1355	None	None
225	,	1365	coref	1034
226	что	1367	None	None
227	Ассоциация	1371	coref	1038
228	поддерживает	1382	None	None
229	усилия	1395	None	None
230	организаторов	1402	None	None
231	,	1415	coref	1034
232	и	1417	coref	1038
233	что	1419	None	None
234	в	1423	coref	1034
235	2001	1425	None	None
236	году	1430	None	None
237	уже	1435	None	None
238	имелись	1439	None	None
239	«	1447	coref	1040
240	вполне	1448	None	None
241	материальные	1455	None	None
242	и	1468	coref	1038
243	заметные	1470	None	None
244	улучшения	1479	None	None
245	в	1489	coref	1034
246	организации	1491	None	None
247	транспортных	1503	None	None
248	потоков	1516	None	None
249	»	1523	coref	1040
250	.	1524	None	None
251	А	1527	None	None
252	на	1529	coref	1034
253	этой	1532	None	None
254	неделе	1537	None	None
255	Octagon	1544	coref	1035
256	попытался	1552	None	None
257	развеять	1562	None	None
258	опасения	1571	None	None
259	ФИА	1580	coref	1037
260	.	1583	None	None
261	Компания	1585	coref	1035
262	намерена	1594	None	None
263	направить	1603	None	None
264	средства	1613	None	None
265	на	1622	coref	1034
266	упрощение	1625	None	None
267	доступа	1635	None	None
268	к	1643	None	None
269	трассе	1645	coref	1032
270	,	1651	coref	1034
271	на	1653	coref	1034
272	модификацию	1656	None	None
273	въездов	1668	None	None
274	и	1676	coref	1038
275	автостоянок	1678	None	None
276	,	1689	coref	1034
277	а	1691	coref	1040
278	также	1693	None	None
279	на	1699	coref	1034
280	обустройство	1702	None	None
281	так	1715	coref	1040
282	системы	1719	coref	1040
283	«	1727	coref	1040
284	паркуйся	1728	coref	1040
285	,	1736	coref	1034
286	а	1738	coref	1040
287	дальше	1740	coref	1040
288	-	1747	coref	1035
289	пешком	1749	coref	1040
290	»	1755	coref	1040
291	,	1756	coref	1034
292	которая	1758	coref	1040
293	широко	1766	None	None
294	применяется	1773	None	None
295	в	1785	coref	1034
296	Британии	1787	None	None
297	в	1796	coref	1034
298	местах	1798	None	None
299	массового	1805	None	None
300	скопления	1815	None	None
301	публики	1825	None	None
302	.	1832	None	None
