	word	start_char	type	chain_id
0	Клонирование	0	None	None
1	человека	13	None	None
2	будет	22	None	None
3	начато	28	None	None
4	в	35	None	None
5	октябре	37	None	None
6	О	46	None	None
7	своем	48	coref	1326
8	намерении	54	None	None
9	начать	64	None	None
10	в	71	None	None
11	октябре	73	None	None
12	работы	81	None	None
13	по	88	None	None
14	клонированию	91	None	None
15	человека	104	None	None
16	заявил	113	None	None
17	известный	120	coref	1326
18	итальянский	130	coref	1326
19	врач	142	coref	1326
20	Северино	147	coref	1326
21	Антинори	156	coref	1326
22	.	164	None	None
23	Он	166	coref	1326
24	сообщил	169	None	None
25	в	177	None	None
26	эксклюзивном	179	None	None
27	интервью	192	None	None
28	британским	201	None	None
29	журналистам	212	None	None
30	,	223	None	None
31	что	225	None	None
32	«	229	None	None
33	одна	230	coref	1327
34	из	235	coref	1327
35	средиземноморских	238	coref	1327
36	стран	256	coref	1327
37	»	261	None	None
38	уже	263	None	None
39	выдала	267	None	None
40	ему	274	coref	1326
41	лицензию	278	None	None
42	на	287	None	None
43	эти	290	None	None
44	работы	294	None	None
45	,	300	None	None
46	передает	302	None	None
47	BBC	311	None	None
48	.	314	None	None
49	В	317	None	None
50	середине	319	None	None
51	будущего	328	None	None
52	года	337	None	None
53	Антинори	342	coref	1326
54	намерен	351	None	None
55	представить	359	None	None
56	миру	371	None	None
57	первого	376	None	None
58	клонированного	384	None	None
59	ребенка	399	None	None
60	.	406	None	None
61	По	408	None	None
62	словам	411	None	None
63	профессора	418	coref	1326
64	,	428	None	None
65	сейчас	430	None	None
66	к	437	coref	1333
67	нему	439	coref	1326
68	поступило	444	None	None
69	около	454	None	None
70	600	460	None	None
71	заявок	464	None	None
72	на	471	None	None
73	клонирование	474	None	None
74	от	487	None	None
75	супружеских	490	coref	1332
76	пар	502	coref	1332
77	со	506	None	None
78	всего	509	None	None
79	мира	515	None	None
80	.	519	None	None
81	В	521	None	None
82	настоящее	523	None	None
83	время	533	None	None
84	идет	539	None	None
85	отбор	544	None	None
86	кандидатов	550	None	None
87	.	560	None	None
88	Ранее	563	None	None
89	о	569	None	None
90	намерении	571	None	None
91	начать	581	None	None
92	эксперимент	588	None	None
93	по	600	None	None
94	клонированию	603	None	None
95	человека	616	None	None
96	заявлял	625	None	None
97	профессор	633	coref	1328
98	из	643	coref	1327
99	Университета	646	coref	1328
100	Кентукки	659	coref	1328
101	(	668	coref	1328
102	США	669	coref	1328
103	)	672	coref	1328
104	Панос	674	coref	1328
105	Завос	680	coref	1328
106	,	685	None	None
107	который	687	coref	1328
108	входит	695	None	None
109	в	702	None	None
110	международную	704	None	None
111	группу	718	None	None
112	ученых	725	None	None
113	по	732	None	None
114	подготовке	735	None	None
115	уникального	746	None	None
116	опыта	758	None	None
117	.	763	None	None
118	Он	765	coref	1326
119	также	768	None	None
120	говорил	774	None	None
121	,	781	None	None
122	что	783	None	None
123	исторический	787	None	None
124	эксперимент	800	None	None
125	пройдет	812	None	None
126	в	820	None	None
127	одной	822	coref	1327
128	из	828	coref	1327
129	средиземноморских	831	coref	1327
130	стран	849	coref	1327
131	.	854	None	None
132	После	857	None	None
133	того	863	None	None
134	,	867	None	None
135	как	869	None	None
136	парламент	873	None	None
137	Британии	883	None	None
138	одобрил	892	None	None
139	законопроект	900	None	None
140	,	912	None	None
141	разрешающий	914	None	None
142	клонирование	926	None	None
143	человеческих	939	coref	1330
144	клеток	952	coref	1330
145	,	958	None	None
146	между	960	None	None
147	научными	966	None	None
148	лабораториями	975	None	None
149	началась	989	None	None
150	жесткая	998	None	None
151	конкурентная	1006	None	None
152	борьба	1019	None	None
153	.	1025	None	None
154	Технология	1028	coref	1330
155	клонирования	1039	coref	1330
156	человеческих	1052	coref	1330
157	клеток	1065	coref	1330
158	,	1071	None	None
159	которую	1073	coref	1330
160	собираются	1081	None	None
161	разработать	1092	None	None
162	ученые	1104	None	None
163	,	1110	None	None
164	основана	1112	None	None
165	на	1121	None	None
166	пятилетнем	1124	None	None
167	опыте	1135	None	None
168	шотландских	1141	None	None
169	биологов	1153	None	None
170	из	1162	coref	1327
171	Рослинского	1165	None	None
172	института	1177	None	None
173	,	1186	None	None
174	создавших	1188	None	None
175	знаменитую	1198	None	None
176	овечку	1209	None	None
177	Долли	1216	None	None
178	.	1221	None	None
179	Сегодня	1223	None	None
180	в	1231	None	None
181	лабораториях	1233	None	None
182	разных	1246	None	None
183	стран	1253	coref	1327
184	получены	1259	None	None
185	клоны	1268	None	None
186	ягнят	1274	None	None
187	и	1280	None	None
188	телят	1282	None	None
189	.	1287	None	None
190	А	1289	None	None
191	в	1291	None	None
192	США	1293	coref	1328
193	недавно	1297	None	None
194	клонировали	1305	None	None
195	обезьян	1317	coref	1331
196	.	1324	None	None
197	Их	1326	coref	1331
198	генетический	1329	None	None
199	код	1342	None	None
200	на	1346	None	None
201	95	1349	None	None
202	%	1351	None	None
203	совпадает	1353	None	None
204	с	1363	None	None
205	человеческим	1365	None	None
206	.	1377	None	None
207	Ученые	1380	None	None
208	считают	1387	None	None
209	,	1394	None	None
210	что	1396	None	None
211	технология	1400	None	None
212	клонирования	1411	coref	1330
213	человеческих	1424	coref	1330
214	клеток	1437	coref	1330
215	позволит	1444	None	None
216	решить	1453	None	None
217	проблемы	1460	None	None
218	бесплодных	1469	coref	1332
219	супружеских	1480	coref	1332
220	пар	1492	coref	1332
221	.	1495	None	None
222	Они	1497	coref	1332
223	смогут	1501	None	None
224	иметь	1508	None	None
225	детей	1514	None	None
226	с	1520	None	None
227	генами	1522	None	None
228	родителей	1529	None	None
229	,	1538	None	None
230	без	1540	None	None
231	участия	1544	None	None
232	доноров	1552	None	None
233	.	1559	None	None
234	Для	1561	None	None
235	этого	1565	None	None
236	нужно	1571	None	None
237	выделить	1577	None	None
238	у	1586	None	None
239	женщины	1588	None	None
240	хотя	1596	coref	1333
241	бы	1601	coref	1333
242	одну	1604	coref	1333
243	способную	1609	coref	1333
244	к	1619	coref	1333
245	оплодотворению	1621	coref	1333
246	яйцеклетку	1636	coref	1333
247	и	1647	None	None
248	размножить	1649	None	None
249	ее	1660	coref	1333
250	,	1662	None	None
251	тем	1664	None	None
252	самым	1668	None	None
253	значительно	1674	None	None
254	увеличивая	1686	None	None
255	вероятность	1697	None	None
256	зачатия	1709	None	None
257	.	1716	None	None
258	Специалисты	1718	None	None
259	говорят	1730	None	None
260	,	1737	None	None
261	что	1739	None	None
262	через	1743	None	None
263	год	1749	None	None
264	или	1753	None	None
265	два	1757	None	None
266	мир	1761	None	None
267	увидит	1765	None	None
268	первого	1772	None	None
269	клонированного	1780	None	None
270	младенца	1795	None	None
271	.	1803	None	None
