	word	start_char	type	chain_id
0	Мэр	0	coref	583
1	Грозного	4	coref	583
2	настаивает	13	None	None
3	на	24	None	None
4	необходимости	27	None	None
5	уничтожения	41	None	None
6	террористов	53	coref	591
7	на	65	None	None
8	месте	68	None	None
9	преступления	74	None	None
10	Мэр	88	coref	583
11	Грозного	92	coref	583
12	Бислан	101	coref	583
13	Гантамиров	108	coref	583
14	в	119	coref	586
15	эфире	121	None	None
16	радиостанции	127	None	None
17	«	140	None	None
18	Эхо	141	None	None
19	Москвы	145	None	None
20	»	151	None	None
21	вновь	153	None	None
22	подтвердил	159	None	None
23	свое	170	coref	583
24	мнение	175	None	None
25	о	182	None	None
26	том	184	None	None
27	,	187	None	None
28	что	189	None	None
29	террористов	193	coref	591
30	,	204	None	None
31	застигнутых	206	None	None
32	на	218	None	None
33	месте	221	None	None
34	преступления	227	None	None
35	,	239	None	None
36	нужно	241	None	None
37	бескомпромиссно	247	None	None
38	уничтожать	263	None	None
39	.	273	None	None
40	По	275	None	None
41	словам	278	None	None
42	Гантамирова	285	coref	583
43	,	296	None	None
44	при	298	None	None
45	этом	302	None	None
46	речь	307	None	None
47	не	312	None	None
48	идет	315	None	None
49	о	320	None	None
50	том	322	None	None
51	,	325	None	None
52	чтобы	327	None	None
53	стрелять	333	None	None
54	во	342	None	None
55	всех	345	None	None
56	подозрительных	350	None	None
57	чеченцев	365	None	None
58	.	373	None	None
59	Кроме	375	None	None
60	того	381	None	None
61	,	385	None	None
62	Гантамиров	387	coref	583
63	не	398	None	None
64	видит	401	None	None
65	в	407	coref	586
66	своих	409	coref	583
67	словах	415	None	None
68	ничего	422	None	None
69	экстремистского	429	None	None
70	и	445	None	None
71	утверждает	447	None	None
72	,	457	None	None
73	что	459	None	None
74	его	463	coref	583
75	идеи	467	None	None
76	пользуются	472	None	None
77	широкой	483	None	None
78	поддержкой	491	None	None
79	у	502	None	None
80	населения	504	None	None
81	Чечни	514	coref	585
82	.	519	None	None
83	Гантамиров	521	coref	583
84	сказал	532	None	None
85	,	538	None	None
86	что	540	None	None
87	Чечня	544	coref	585
88	сейчас	550	None	None
89	живет	557	None	None
90	в	563	coref	586
91	условиях	565	None	None
92	военного	574	None	None
93	времени	583	None	None
94	,	590	None	None
95	поэтому	592	None	None
96	других	600	None	None
97	методов	607	None	None
98	борьбы	615	None	None
99	с	622	None	None
100	терроризмом	624	None	None
101	быть	636	None	None
102	не	641	None	None
103	может	644	None	None
104	.	649	None	None
105	«	651	None	None
106	Цацкаться	652	None	None
107	хватит	662	None	None
108	уже	669	None	None
109	»	672	None	None
110	,	673	None	None
111	-	675	None	None
112	подчеркнул	677	None	None
113	грозненский	688	coref	583
114	мэр	700	coref	583
115	.	703	None	None
116	Два	706	None	None
117	дня	710	None	None
118	назад	714	None	None
119	он	720	coref	583
120	заявил	723	None	None
121	,	729	None	None
122	что	731	None	None
123	застигнутых	735	None	None
124	в	747	coref	586
125	Чечне	749	coref	585
126	на	755	None	None
127	месте	758	None	None
128	преступления	764	None	None
129	террористов	777	coref	591
130	«	789	None	None
131	надо	790	None	None
132	расстреливать	795	None	None
133	без	809	None	None
134	суда	813	None	None
135	и	818	None	None
136	следствия	820	None	None
137	»	829	None	None
138	.	830	None	None
139	Как	832	None	None
140	уже	836	None	None
141	сообщалось	840	None	None
142	,	850	None	None
143	в	852	coref	586
144	связи	854	None	None
145	с	860	None	None
146	этим	862	None	None
147	сегодня	867	None	None
148	специальный	875	coref	586
149	представитель	887	coref	586
150	Владимира	901	coref	586
151	Путина	911	coref	586
152	по	918	coref	586
153	правам	921	coref	586
154	человека	928	coref	586
155	в	937	coref	586
156	Чечне	939	coref	585
157	Владимир	945	coref	586
158	Каламанов	954	coref	586
159	заявил	964	None	None
160	,	970	None	None
161	что	972	None	None
162	«	976	None	None
163	готов	977	None	None
164	подать	983	None	None
165	в	990	coref	586
166	суд	992	None	None
167	на	996	None	None
168	мэра	999	coref	583
169	Грозного	1004	coref	583
170	Бислана	1013	coref	583
171	Гантамирова	1021	coref	583
172	»	1032	None	None
173	.	1033	None	None
174	«	1035	None	None
175	Несколько	1036	None	None
176	дней	1046	None	None
177	назад	1051	None	None
178	Гантамиров	1057	coref	583
179	сказал	1068	None	None
180	,	1074	None	None
181	что	1076	None	None
182	отдает	1080	None	None
183	приказ	1087	coref	590
184	своим	1094	coref	583
185	подчиненным	1100	None	None
186	уничтожать	1112	None	None
187	террористов	1123	coref	591
188	,	1134	None	None
189	застигнутых	1136	None	None
190	на	1148	None	None
191	месте	1151	None	None
192	преступления	1157	None	None
193	без	1170	None	None
194	суда	1174	None	None
195	и	1179	None	None
196	следствия	1181	None	None
197	.	1190	None	None
198	Но	1192	None	None
199	это	1195	None	None
200	по	1199	coref	586
201	сути	1202	None	None
202	призыв	1207	None	None
203	к	1214	None	None
204	беспределу	1216	None	None
205	,	1226	None	None
206	грубейшее	1228	None	None
207	нарушение	1238	None	None
208	закона	1248	None	None
209	,	1254	None	None
210	и	1256	None	None
211	я	1258	coref	586
212	готов	1260	None	None
213	подать	1266	None	None
214	в	1273	coref	586
215	суд	1275	None	None
216	на	1279	None	None
217	мэра	1282	coref	583
218	Грозного	1287	coref	583
219	»	1295	None	None
220	,	1296	None	None
221	-	1298	None	None
222	заявил	1300	None	None
223	Каламанов	1307	coref	586
224	.	1316	None	None
225	Кроме	1318	None	None
226	того	1324	None	None
227	,	1328	None	None
228	расследование	1330	coref	587
229	по	1344	coref	586
230	поводу	1347	coref	587
231	этого	1354	coref	587
232	заявления	1360	coref	587
233	Бислана	1370	coref	583
234	Гантамирова	1378	coref	583
235	уже	1390	None	None
236	открыла	1394	None	None
237	Генеральная	1402	None	None
238	прокуратура	1414	None	None
239	России	1426	coref	588
240	.	1432	None	None
241	Его	1434	coref	587
242	ведет	1438	None	None
243	заместитель	1444	None	None
244	Владимира	1456	coref	586
245	Устинова	1466	None	None
246	Сергей	1475	None	None
247	Фридинский	1482	None	None
248	.	1492	None	None
249	Министр	1495	coref	589
250	внутренних	1503	coref	589
251	дел	1514	coref	589
252	Борис	1518	coref	589
253	Грызлов	1524	coref	589
254	ранее	1532	None	None
255	уже	1538	None	None
256	прокомментировал	1542	None	None
257	заявление	1559	None	None
258	мэра	1569	coref	583
259	Грозного	1574	coref	583
260	Бислана	1583	coref	583
261	Гантамирова	1591	coref	583
262	о	1603	None	None
263	том	1605	None	None
264	,	1608	None	None
265	что	1610	None	None
266	террористов	1614	coref	591
267	нужно	1626	None	None
268	расстреливать	1632	None	None
269	на	1646	None	None
270	месте	1649	None	None
271	преступления	1655	None	None
272	.	1667	None	None
273	По	1669	None	None
274	словам	1672	None	None
275	главы	1679	coref	589
276	МВД	1685	coref	589
277	,	1688	None	None
278	призыв	1690	None	None
279	мэра	1697	coref	583
280	Грозного	1702	coref	583
281	является	1711	None	None
282	«	1720	None	None
283	экстремистским	1721	None	None
284	»	1735	None	None
285	.	1736	None	None
286	По	1738	None	None
287	словам	1741	None	None
288	министра	1748	coref	589
289	,	1756	None	None
290	такие	1758	None	None
291	вопросы	1764	None	None
292	должны	1772	None	None
293	решаться	1779	None	None
294	только	1788	None	None
295	в	1795	coref	586
296	рамках	1797	None	None
297	закона	1804	None	None
298	,	1810	None	None
299	правовым	1812	None	None
300	путем	1821	None	None
301	.	1826	None	None
302	Бислан	1829	coref	583
303	Гантамиров	1836	coref	583
304	со	1847	None	None
305	своей	1850	None	None
306	стороны	1856	None	None
307	выразил	1864	None	None
308	надежду	1872	None	None
309	,	1879	None	None
310	что	1881	None	None
311	с	1885	None	None
312	назначением	1887	None	None
313	нового	1899	coref	589
314	министра	1906	coref	589
315	внутренних	1915	coref	589
316	дел	1926	coref	589
317	России	1930	coref	588
318	в	1937	coref	586
319	стране	1939	coref	588
320	должно	1946	None	None
321	прекратиться	1953	None	None
322	необоснованное	1966	None	None
323	преследование	1981	None	None
324	лиц	1995	None	None
325	чеченской	1999	coref	584
326	национальности	2009	None	None
327	.	2023	None	None
328	Гантамиров	2025	coref	583
329	заявил	2036	None	None
330	,	2042	None	None
331	что	2044	None	None
332	новый	2048	coref	589
333	глава	2054	coref	589
334	МВД	2060	coref	589
335	Борис	2064	coref	589
336	Грызлов	2070	coref	589
337	должен	2078	None	None
338	отменить	2085	None	None
339	приказ	2094	coref	590
340	своего	2101	coref	589
341	предшественника	2108	coref	590
342	Владимира	2124	coref	586
343	Рушайло	2134	coref	590
344	от	2142	coref	590
345	1999	2145	coref	590
346	года	2150	coref	590
347	,	2154	None	None
348	в	2156	coref	586
349	котором	2158	coref	590
350	,	2165	None	None
351	по	2167	coref	586
352	его	2170	coref	583
353	словам	2174	None	None
354	,	2180	None	None
355	в	2182	coref	586
356	частности	2184	None	None
357	,	2193	None	None
358	предписывается	2195	None	None
359	«	2210	None	None
360	создать	2211	None	None
361	жесткие	2219	None	None
362	условия	2227	None	None
363	для	2235	None	None
364	жизни	2239	None	None
365	и	2245	None	None
366	деятельности	2247	None	None
367	лиц	2260	None	None
368	чеченской	2264	coref	584
369	национальности	2274	None	None
370	на	2289	None	None
371	территории	2292	None	None
372	России	2303	coref	588
373	»	2309	None	None
374	,	2310	None	None
375	«	2312	None	None
376	ограничить	2313	None	None
377	выезд	2324	None	None
378	лиц	2330	None	None
379	чеченской	2334	coref	584
380	национальности	2344	None	None
381	из	2359	None	None
382	мест	2362	None	None
383	постоянного	2367	None	None
384	проживания	2379	None	None
385	»	2389	None	None
386	и	2391	None	None
387	«	2393	None	None
388	ограничить	2394	None	None
389	выдачу	2405	None	None
390	виз	2412	None	None
391	и	2416	None	None
392	загранпаспортов	2418	None	None
393	лицам	2434	None	None
394	чеченской	2440	coref	584
395	национальности	2450	None	None
396	»	2464	None	None
397	.	2465	None	None
398	Как	2467	None	None
399	утверждает	2471	None	None
400	мэр	2482	coref	583
401	Грозного	2486	coref	583
402	,	2494	None	None
403	данный	2496	coref	590
404	приказ	2503	coref	590
405	,	2509	None	None
406	который	2511	coref	590
407	,	2518	None	None
408	по	2520	coref	586
409	его	2523	coref	583
410	мнению	2527	None	None
411	,	2533	None	None
412	«	2535	None	None
413	нарушает	2536	None	None
414	права	2545	None	None
415	человека	2551	coref	586
416	»	2559	None	None
417	,	2560	None	None
418	действует	2562	None	None
419	до	2572	None	None
420	сих	2575	None	None
421	пор	2579	None	None
422	.	2582	None	None
423	Мэр	2585	coref	583
424	Грозного	2589	coref	583
425	заявил	2598	None	None
426	также	2605	None	None
427	,	2610	None	None
428	что	2612	None	None
429	«	2616	None	None
430	серьезно	2617	None	None
431	говорить	2626	None	None
432	о	2635	None	None
433	том	2637	None	None
434	,	2640	None	None
435	что	2642	None	None
436	боевики	2646	None	None
437	захватят	2654	None	None
438	Грозный	2663	coref	584
439	,	2670	None	None
440	не	2672	None	None
441	приходится	2675	None	None
442	,	2685	None	None
443	если	2687	None	None
444	,	2691	None	None
445	конечно	2693	None	None
446	,	2700	None	None
447	мы	2702	None	None
448	его	2705	coref	583
449	сами	2709	None	None
450	не	2714	None	None
451	сдадим	2717	None	None
452	»	2723	None	None
453	.	2724	None	None
454	В	2726	None	None
455	то	2728	None	None
456	же	2731	None	None
457	время	2734	None	None
458	,	2739	None	None
459	утверждает	2741	None	None
460	он	2752	coref	583
461	,	2754	None	None
462	в	2756	coref	586
463	чеченской	2758	coref	584
464	столице	2768	coref	584
465	собралось	2776	None	None
466	«	2786	None	None
467	достаточное	2787	coref	591
468	количество	2799	coref	591
469	террористов	2810	coref	591
470	,	2821	None	None
471	и	2823	None	None
472	они	2825	coref	591
473	не	2829	None	None
474	очень	2832	None	None
475	-	2837	None	None
476	то	2838	None	None
477	скрываются	2841	None	None
478	»	2851	None	None
479	.	2852	None	None
