	word	start_char	type	chain_id
0	Сын	0	coref	1369
1	Усамы	4	coref	1369
2	бен	10	coref	1369
3	Ладена	14	coref	1369
4	должен	21	None	None
5	будет	28	None	None
6	застрелить	34	None	None
7	его	45	coref	1370
8	,	48	None	None
9	если	50	None	None
10	террорист	55	coref	1370
11	попадет	65	None	None
12	в	73	coref	1379
13	окружение	75	None	None
14	Международный	86	coref	1370
15	террорист	100	coref	1370
16	Усама	110	coref	1370
17	бен	116	coref	1369
18	Ладен	120	coref	1370
19	отдал	126	None	None
20	приказ	132	None	None
21	своему	139	coref	1370
22	ближайшему	146	None	None
23	окружению	157	None	None
24	,	166	None	None
25	включая	168	None	None
26	собственного	176	coref	1369
27	сына	189	coref	1369
28	,	193	None	None
29	застрелить	195	None	None
30	его	206	coref	1370
31	в	210	coref	1379
32	случае	212	None	None
33	,	218	None	None
34	если	220	None	None
35	возникнет	225	None	None
36	угроза	235	None	None
37	его	242	coref	1370
38	пленения	246	None	None
39	силами	255	None	None
40	антитеррористической	262	None	None
41	коалиции	283	None	None
42	,	291	None	None
43	передает	293	None	None
44	РИА	302	None	None
45	«	306	coref	1379
46	Новости	307	None	None
47	»	314	coref	1379
48	.	315	None	None
49	Об	317	None	None
50	этом	320	None	None
51	пишет	325	None	None
52	в	331	coref	1379
53	понедельник	333	None	None
54	The	345	coref	1371
55	Time	349	coref	1371
56	.	353	None	None
57	В	355	None	None
58	случае	357	None	None
59	поражения	364	None	None
60	в	374	coref	1379
61	глазах	376	None	None
62	своих	383	coref	1370
63	последователей	389	None	None
64	бен	404	coref	1369
65	Ладен	408	coref	1370
66	хочет	414	None	None
67	выглядеть	420	None	None
68	«	430	coref	1379
69	мучеником	431	None	None
70	»	440	coref	1379
71	.	441	None	None
72	Командование	444	None	None
73	американской	457	None	None
74	военной	470	None	None
75	операции	478	None	None
76	в	487	coref	1379
77	Афганистане	489	coref	1372
78	тоже	501	None	None
79	исходит	506	None	None
80	из	514	coref	1382
81	того	517	None	None
82	,	521	None	None
83	что	523	None	None
84	террорист	527	coref	1370
85	не	537	None	None
86	сдастся	540	None	None
87	живым	548	None	None
88	.	553	None	None
89	Журнал	555	coref	1371
90	сообщает	562	None	None
91	также	571	None	None
92	,	576	None	None
93	что	578	None	None
94	в	582	coref	1379
95	последние	584	None	None
96	несколько	594	None	None
97	суток	604	None	None
98	пакистанской	610	coref	1373
99	разведке	623	coref	1373
100	от	632	coref	1380
101	ее	635	coref	1373
102	агентуры	638	None	None
103	среди	647	None	None
104	талибов	653	None	None
105	стало	661	None	None
106	известно	667	None	None
107	,	675	None	None
108	что	677	None	None
109	бен	681	coref	1369
110	Ладен	685	coref	1370
111	,	690	None	None
112	уходя	692	None	None
113	от	698	coref	1380
114	спецназовцев	701	None	None
115	,	713	None	None
116	все	715	None	None
117	время	719	None	None
118	передвигается	725	None	None
119	с	739	None	None
120	места	741	None	None
121	на	747	None	None
122	место	750	None	None
123	в	756	coref	1379
124	районе	758	coref	1374
125	Тора	765	coref	1374
126	-	769	coref	1374
127	Бора	770	coref	1374
128	возле	775	coref	1374
129	Джелалабада	781	coref	1374
130	,	792	None	None
131	где	794	coref	1374
132	его	798	coref	1370
133	охраняют	802	None	None
134	около	811	None	None
135	1	817	None	None
136	,	818	None	None
137	5	819	None	None
138	тысячи	821	None	None
139	арабских	828	None	None
140	наемников	837	None	None
141	,	846	None	None
142	отказавшихся	848	None	None
143	уйти	861	None	None
144	вместе	866	None	None
145	с	873	None	None
146	отступающими	875	None	None
147	талибами	888	None	None
148	.	896	None	None
149	Бен	898	coref	1370
150	Ладен	902	coref	1370
151	передвигается	908	None	None
152	только	922	None	None
153	ночью	929	None	None
154	и	935	coref	1385
155	пользуется	937	None	None
156	системой	948	None	None
157	пещер	957	None	None
158	в	963	coref	1379
159	горах	965	coref	1376
160	,	970	None	None
161	сеть	972	None	None
162	которых	977	coref	1376
163	простирается	985	None	None
164	от	998	coref	1380
165	Джелалабада	1001	coref	1374
166	до	1013	None	None
167	северной	1016	None	None
168	части	1025	None	None
169	провинции	1031	coref	1377
170	Урузган	1041	coref	1377
171	,	1048	None	None
172	пишет	1050	None	None
173	The	1056	coref	1371
174	Time	1060	coref	1371
175	.	1064	None	None
176	Ссылаясь	1067	None	None
177	на	1076	None	None
178	собственные	1079	None	None
179	источники	1091	None	None
180	среди	1101	None	None
181	отступающих	1107	None	None
182	талибов	1119	None	None
183	,	1126	None	None
184	другой	1128	coref	1378
185	американский	1135	coref	1378
186	журнал	1148	coref	1378
187	US	1155	coref	1378
188	news	1158	coref	1378
189	and	1163	coref	1378
190	world	1167	coref	1378
191	report	1173	coref	1378
192	-	1180	coref	1374
193	также	1182	None	None
194	сообщил	1188	None	None
195	в	1196	coref	1379
196	понедельник	1198	None	None
197	,	1209	None	None
198	что	1211	None	None
199	бен	1215	coref	1369
200	Ладен	1219	coref	1370
201	и	1225	coref	1385
202	другие	1227	coref	1379
203	оставшиеся	1234	coref	1379
204	в	1245	coref	1379
205	живых	1247	coref	1379
206	лидеры	1253	coref	1379
207	«	1260	coref	1379
208	Аль	1261	coref	1379
209	-	1264	coref	1374
210	Каиды	1265	coref	1379
211	»	1270	coref	1379
212	ушли	1272	None	None
213	в	1277	coref	1379
214	горы	1279	coref	1380
215	в	1284	coref	1379
216	провинции	1286	coref	1377
217	Урузган	1296	coref	1377
218	к	1304	coref	1380
219	северу	1306	coref	1380
220	от	1313	coref	1380
221	Кандагара	1316	coref	1380
222	,	1325	None	None
223	где	1327	coref	1374
224	в	1331	coref	1379
225	пещерах	1333	None	None
226	у	1341	None	None
227	них	1343	coref	1381
228	заготовлены	1347	None	None
229	склады	1359	None	None
230	с	1366	None	None
231	оружием	1368	None	None
232	для	1376	None	None
233	партизанской	1380	None	None
234	войны	1393	None	None
235	.	1398	None	None
236	Об	1400	None	None
237	этом	1403	None	None
238	заявил	1408	None	None
239	один	1415	coref	1382
240	из	1420	coref	1382
241	руководителей	1423	coref	1382
242	Северного	1437	coref	1382
243	альянса	1447	coref	1382
244	в	1455	coref	1379
245	Кабуле	1457	coref	1382
246	Юнис	1464	coref	1382
247	Кануни	1469	coref	1382
248	.	1475	None	None
249	По	1477	None	None
250	его	1480	coref	1370
251	словам	1484	None	None
252	,	1490	None	None
253	талибы	1492	None	None
254	пытаются	1499	None	None
255	обмануть	1508	None	None
256	и	1517	coref	1385
257	дезориентировать	1519	None	None
258	мировое	1536	None	None
259	сообщество	1544	None	None
260	,	1554	None	None
261	чтобы	1556	None	None
262	прекратить	1562	None	None
263	бомбардировки	1573	None	None
264	.	1586	None	None
265	С	1588	None	None
266	этой	1590	None	None
267	целью	1595	None	None
268	постоянно	1601	None	None
269	говорят	1611	None	None
270	о	1619	None	None
271	том	1621	None	None
272	,	1624	None	None
273	что	1626	None	None
274	Усама	1630	coref	1370
275	бен	1636	coref	1369
276	Ладен	1640	coref	1370
277	якобы	1646	None	None
278	покинул	1652	None	None
279	Афганистан	1660	coref	1372
280	.	1670	None	None
281	Американский	1673	coref	1383
282	спецназ	1686	coref	1383
283	,	1693	None	None
284	который	1695	coref	1383
285	сжимает	1703	None	None
286	кольцо	1711	None	None
287	вокруг	1718	None	None
288	района	1725	coref	1374
289	,	1731	None	None
290	где	1733	coref	1374
291	,	1736	None	None
292	предположительно	1738	None	None
293	,	1754	None	None
294	скрывается	1756	None	None
295	бен	1767	coref	1369
296	Ладен	1771	coref	1370
297	,	1776	None	None
298	вынужден	1778	None	None
299	сейчас	1787	None	None
300	действовать	1794	None	None
301	в	1806	coref	1379
302	ускоренном	1808	None	None
303	режиме	1819	None	None
304	,	1825	None	None
305	так	1827	None	None
306	как	1831	None	None
307	США	1835	coref	1384
308	опасаются	1839	None	None
309	,	1848	None	None
310	что	1850	None	None
311	террористы	1854	coref	1381
312	,	1864	None	None
313	отлично	1866	None	None
314	знающие	1874	None	None
315	местность	1882	None	None
316	,	1891	None	None
317	уйдут	1893	None	None
318	за	1899	None	None
319	границу	1902	None	None
320	.	1909	None	None
321	Журналу	1912	coref	1378
322	стало	1920	None	None
323	известно	1926	None	None
324	,	1934	None	None
325	что	1936	None	None
326	арабские	1940	coref	1385
327	и	1949	coref	1385
328	пакистанские	1951	coref	1385
329	боевики	1964	coref	1385
330	начали	1972	None	None
331	уходить	1979	None	None
332	в	1987	coref	1379
333	Пакистан	1989	None	None
334	и	1998	coref	1385
335	что	2000	None	None
336	некоторые	2004	None	None
337	из	2014	coref	1382
338	них	2017	coref	1381
339	пытаются	2021	None	None
340	использовать	2030	None	None
341	для	2043	None	None
342	этого	2047	None	None
343	тайные	2053	None	None
344	тропы	2060	None	None
345	,	2065	None	None
346	использовавшиеся	2067	None	None
347	ранее	2084	None	None
348	для	2090	None	None
349	контрабанды	2094	None	None
350	опиума	2106	None	None
351	.	2112	None	None
352	У	2114	None	None
353	американской	2116	None	None
354	разведки	2129	None	None
355	есть	2138	None	None
356	карты	2143	None	None
357	таких	2149	None	None
358	троп	2155	None	None
359	,	2159	None	None
360	и	2161	coref	1385
361	спецназ	2163	coref	1383
362	США	2171	coref	1384
363	работает	2175	None	None
364	над	2184	None	None
365	тем	2188	None	None
366	,	2191	None	None
367	чтобы	2193	None	None
368	попытаться	2199	None	None
369	«	2210	coref	1379
370	перехватить	2211	None	None
371	»	2222	coref	1379
372	бандитов	2224	coref	1386
373	,	2232	None	None
374	прежде	2234	None	None
375	чем	2241	None	None
376	они	2245	coref	1386
377	пересекут	2249	None	None
378	пакистанскую	2259	None	None
379	границу	2272	None	None
380	.	2279	None	None
