	word	start_char	type	chain_id
0	В	0	None	None
1	Швейцарии	2	coref	1541
2	в	12	coref	1551
3	альпийском	14	coref	1542
4	туннеле	25	coref	1542
5	произошла	33	None	None
6	крупная	43	None	None
7	катастрофа	51	None	None
8	В	63	None	None
9	альпийском	65	coref	1542
10	туннеле	76	coref	1542
11	Сен	84	coref	1542
12	-	87	coref	1542
13	Готар	88	coref	1542
14	,	93	None	None
15	соединяющем	95	None	None
16	Швейцарию	107	coref	1541
17	и	117	coref	1548
18	Италию	119	coref	1543
19	,	125	None	None
20	сегодня	127	None	None
21	примерно	135	None	None
22	в	144	coref	1551
23	9	146	None	None
24	:	147	None	None
25	45	148	None	None
26	по	151	None	None
27	местному	154	None	None
28	времени	163	None	None
29	произошла	171	None	None
30	крупная	181	None	None
31	катастрофа	189	None	None
32	,	199	None	None
33	сообщает	201	None	None
34	ИТАР	210	None	None
35	-	214	coref	1542
36	ТАСС	215	None	None
37	.	219	None	None
38	После	221	None	None
39	лобового	227	None	None
40	столкновения	236	None	None
41	двух	249	coref	1544
42	тяжелых	254	coref	1544
43	грузовиков	262	coref	1544
44	,	272	None	None
45	один	274	coref	1545
46	из	279	coref	1545
47	которых	282	coref	1544
48	перевозил	290	None	None
49	автомобильные	300	coref	1546
50	покрышки	314	coref	1546
51	,	322	None	None
52	в	324	coref	1551
53	туннеле	326	coref	1542
54	вспыхнул	334	None	None
55	сильнейший	343	None	None
56	пожар	354	None	None
57	.	359	None	None
58	Ряд	361	None	None
59	источников	365	None	None
60	передают	376	None	None
61	,	384	None	None
62	что	386	None	None
63	пламя	390	None	None
64	охватило	396	None	None
65	десятки	405	None	None
66	машин	413	coref	1553
67	.	418	None	None
68	По	420	None	None
69	данным	423	None	None
70	швейцарской	430	coref	1547
71	полиции	442	coref	1547
72	,	449	None	None
73	трагедия	451	None	None
74	сопровождалась	460	None	None
75	многочисленными	475	None	None
76	жертвами	491	None	None
77	.	499	None	None
78	Авария	502	None	None
79	произошла	509	None	None
80	примерно	519	None	None
81	в	528	coref	1551
82	километре	530	None	None
83	от	540	None	None
84	южного	543	None	None
85	входа	550	None	None
86	в	556	coref	1551
87	туннель	558	coref	1542
88	,	565	None	None
89	расположенного	567	None	None
90	в	582	coref	1551
91	швейцарском	584	None	None
92	кантоне	596	None	None
93	Тичино	604	None	None
94	.	610	None	None
95	Правоохранительным	613	None	None
96	органам	632	None	None
97	Швейцарии	640	coref	1541
98	еще	650	None	None
99	предстоит	654	None	None
100	установить	664	None	None
101	точное	675	None	None
102	количество	682	None	None
103	жертв	693	None	None
104	,	698	None	None
105	сообщает	700	None	None
106	«	709	None	None
107	Интерфакс	710	None	None
108	»	719	None	None
109	.	720	None	None
110	Однако	722	None	None
111	известно	729	None	None
112	,	737	None	None
113	что	739	None	None
114	,	742	None	None
115	по	744	None	None
116	меньшей	747	None	None
117	мере	755	None	None
118	,	759	None	None
119	десять	761	None	None
120	человек	768	None	None
121	погибли	776	None	None
122	и	784	coref	1548
123	несколько	786	None	None
124	отравились	796	None	None
125	продуктами	807	None	None
126	горения	818	None	None
127	.	825	None	None
128	Некоторым	827	None	None
129	автомобилистам	837	None	None
130	,	851	None	None
131	находившимся	853	None	None
132	в	866	coref	1551
133	момент	868	None	None
134	аварии	875	None	None
135	в	882	coref	1551
136	туннеле	884	coref	1542
137	,	891	None	None
138	удалось	893	None	None
139	выйти	901	None	None
140	наружу	907	None	None
141	.	913	None	None
142	Сообщается	915	None	None
143	также	926	None	None
144	,	931	None	None
145	что	933	None	None
146	часть	937	None	None
147	туннеля	943	coref	1542
148	обрушилась	951	None	None
149	.	961	None	None
150	Сейчас	963	None	None
151	Сен	970	coref	1542
152	-	973	coref	1542
153	Готар	974	coref	1542
154	закрыт	980	None	None
155	для	987	None	None
156	движения	991	None	None
157	транспорта	1000	None	None
158	.	1010	None	None
159	Полиция	1012	coref	1547
160	призвала	1020	None	None
161	жителей	1029	None	None
162	близлежащего	1037	None	None
163	городка	1050	None	None
164	Айроло	1058	None	None
165	оставаться	1065	None	None
166	дома	1076	None	None
167	.	1080	None	None
168	На	1083	None	None
169	месте	1086	None	None
170	катастрофы	1092	None	None
171	борьбу	1103	None	None
172	с	1110	None	None
173	огнем	1112	None	None
174	ведут	1118	None	None
175	около	1124	coref	1548
176	150	1130	coref	1548
177	спасателей	1134	coref	1548
178	и	1145	coref	1548
179	пожарных	1147	coref	1548
180	.	1155	None	None
181	Их	1157	coref	1548
182	работу	1160	None	None
183	сильно	1167	None	None
184	затрудняет	1174	None	None
185	густой	1185	coref	1549
186	едкий	1192	coref	1549
187	дым	1198	coref	1549
188	,	1201	None	None
189	причиной	1203	None	None
190	которого	1212	coref	1549
191	стало	1221	None	None
192	возгорание	1227	None	None
193	покрышек	1238	coref	1546
194	,	1246	None	None
195	перевозимых	1248	None	None
196	грузовиком	1260	coref	1545
197	.	1270	None	None
198	Пожарным	1272	None	None
199	пока	1281	None	None
200	не	1286	None	None
201	удалось	1289	None	None
202	пробиться	1297	None	None
203	к	1307	None	None
204	месту	1309	None	None
205	трагедии	1315	None	None
206	.	1323	None	None
207	Туннель	1326	coref	1542
208	Сен	1334	coref	1542
209	-	1337	coref	1542
210	Готар	1338	coref	1542
211	находится	1344	None	None
212	на	1354	None	None
213	автомобильной	1357	None	None
214	артерии	1371	None	None
215	,	1378	None	None
216	соединяющей	1380	None	None
217	Цюрих	1392	None	None
218	с	1398	None	None
219	севером	1400	None	None
220	Италии	1408	coref	1543
221	.	1414	None	None
222	17	1416	coref	1542
223	-	1418	coref	1542
224	километровый	1419	coref	1542
225	туннель	1432	coref	1542
226	имеет	1440	None	None
227	важное	1446	None	None
228	транспортное	1453	None	None
229	значение	1466	None	None
230	не	1475	None	None
231	только	1478	None	None
232	для	1485	None	None
233	Швейцарии	1489	coref	1541
234	,	1498	None	None
235	но	1500	None	None
236	и	1503	coref	1548
237	для	1505	None	None
238	всей	1509	None	None
239	Европы	1514	None	None
240	.	1520	None	None
241	По	1522	None	None
242	нему	1525	coref	1542
243	осуществляются	1530	None	None
244	,	1544	None	None
245	в	1546	coref	1551
246	частности	1548	None	None
247	,	1557	None	None
248	транзитные	1559	None	None
249	перевозки	1570	None	None
250	из	1580	coref	1545
251	Германии	1583	None	None
252	в	1592	coref	1551
253	Италию	1594	coref	1543
254	.	1600	None	None
255	Аварии	1603	None	None
256	в	1610	coref	1551
257	многокилометровых	1612	None	None
258	туннелях	1630	coref	1551
259	,	1638	None	None
260	проложенных	1640	None	None
261	через	1652	None	None
262	Альпы	1658	coref	1550
263	,	1663	None	None
264	далеко	1665	None	None
265	не	1672	None	None
266	редкость	1675	None	None
267	.	1683	None	None
268	Трижды	1685	None	None
269	за	1692	None	None
270	последние	1695	None	None
271	2	1705	None	None
272	,	1706	None	None
273	5	1707	None	None
274	года	1709	None	None
275	в	1714	coref	1551
276	автомобильных	1716	coref	1551
277	туннелях	1730	coref	1551
278	в	1739	coref	1551
279	этих	1741	coref	1550
280	горах	1746	coref	1550
281	или	1752	None	None
282	в	1756	coref	1551
283	непосредственной	1758	None	None
284	близости	1775	None	None
285	от	1784	None	None
286	них	1787	coref	1551
287	вспыхивали	1791	None	None
288	крупные	1802	None	None
289	пожары	1810	None	None
290	,	1816	None	None
291	повлекшие	1818	None	None
292	человеческие	1828	None	None
293	жертвы	1841	None	None
294	.	1847	None	None
295	25	1850	None	None
296	марта	1853	None	None
297	1999	1859	None	None
298	года	1864	None	None
299	30	1869	None	None
300	человек	1872	None	None
301	погибли	1880	None	None
302	в	1888	coref	1551
303	результате	1890	None	None
304	пожара	1901	None	None
305	в	1908	coref	1551
306	12	1910	None	None
307	-	1912	coref	1542
308	километровом	1913	None	None
309	туннеле	1926	coref	1542
310	Монблан	1934	None	None
311	между	1942	None	None
312	Францией	1948	coref	1552
313	и	1957	coref	1548
314	Италией	1959	coref	1543
315	.	1966	None	None
316	Мощный	1968	None	None
317	пожар	1975	None	None
318	возник	1981	None	None
319	после	1988	None	None
320	того	1994	None	None
321	,	1998	None	None
322	как	2000	None	None
323	в	2004	coref	1551
324	самом	2006	None	None
325	центре	2012	None	None
326	галереи	2019	None	None
327	загорелся	2027	None	None
328	один	2037	coref	1545
329	из	2042	coref	1545
330	грузовиков	2045	coref	1544
331	,	2055	None	None
332	направлявшийся	2057	None	None
333	в	2072	coref	1551
334	сторону	2074	None	None
335	Италии	2082	coref	1543
336	.	2088	None	None
337	В	2090	None	None
338	результате	2092	None	None
339	около	2103	coref	1548
340	трех	2109	coref	1553
341	десятков	2114	coref	1553
342	машин	2123	coref	1553
343	оказались	2129	None	None
344	блокированы	2139	None	None
345	,	2150	None	None
346	а	2152	None	None
347	находившиеся	2154	None	None
348	в	2167	coref	1551
349	них	2169	coref	1551
350	люди	2173	None	None
351	отрезаны	2178	None	None
352	огнем	2187	None	None
353	и	2193	coref	1548
354	токсичным	2195	coref	1554
355	дымом	2205	coref	1554
356	,	2210	None	None
357	с	2212	None	None
358	которым	2214	coref	1554
359	не	2222	None	None
360	смогла	2225	None	None
361	справиться	2232	None	None
362	вентиляционная	2243	None	None
363	система	2258	None	None
364	.	2265	None	None
365	28	2267	None	None
366	мая	2270	None	None
367	нынешнего	2274	None	None
368	года	2284	None	None
369	на	2289	None	None
370	подъездах	2292	None	None
371	к	2302	None	None
372	другому	2304	None	None
373	туннелю	2312	None	None
374	между	2320	None	None
375	Италией	2326	coref	1543
376	и	2334	coref	1548
377	Францией	2336	coref	1552
378	-	2345	coref	1542
379	13	2347	None	None
380	-	2349	coref	1542
381	километровому	2350	None	None
382	Фрежюс	2364	None	None
383	-	2371	coref	1542
384	загорелся	2373	None	None
385	грузовик	2383	None	None
386	.	2391	None	None
387	Тогда	2393	None	None
388	14	2399	None	None
389	человек	2402	None	None
390	пострадали	2410	None	None
391	в	2421	coref	1551
392	результате	2423	None	None
393	отравления	2434	None	None
394	продуктами	2445	None	None
395	горения	2456	None	None
396	и	2464	coref	1548
397	были	2466	None	None
398	отправлены	2471	None	None
399	в	2482	coref	1551
400	больницу	2484	None	None
401	.	2492	None	None
402	Перед	2495	None	None
403	лицом	2501	None	None
404	растущей	2507	None	None
405	опасности	2516	None	None
406	движения	2526	None	None
407	по	2535	None	None
408	автомобильным	2538	None	None
409	туннелям	2552	None	None
410	в	2561	coref	1551
411	Альпах	2563	coref	1550
412	власти	2570	None	None
413	Италии	2577	coref	1543
414	,	2583	None	None
415	Франции	2585	coref	1552
416	и	2593	coref	1548
417	Швейцарии	2595	coref	1541
418	обсуждают	2605	None	None
419	вопрос	2615	None	None
420	о	2622	None	None
421	прокладке	2624	None	None
422	скоростной	2634	None	None
423	железной	2645	None	None
424	дороги	2654	None	None
425	в	2661	coref	1551
426	горах	2663	coref	1550
427	.	2668	None	None
428	В	2670	None	None
429	частности	2672	None	None
430	,	2681	None	None
431	к	2683	None	None
432	2015	2685	None	None
433	году	2690	None	None
434	планируется	2695	None	None
435	ввести	2707	None	None
436	в	2714	coref	1551
437	строй	2716	None	None
438	участок	2722	None	None
439	Турин	2730	None	None
440	-	2736	coref	1542
441	Лион	2738	None	None
442	,	2742	None	None
443	в	2744	coref	1551
444	результате	2746	None	None
445	чего	2757	None	None
446	будут	2762	None	None
447	состыкованы	2768	None	None
448	ныне	2780	None	None
449	разрозненные	2785	None	None
450	участки	2798	None	None
451	«	2806	None	None
452	быстрых	2807	None	None
453	рельсов	2815	None	None
454	»	2822	None	None
455	в	2824	coref	1551
456	южной	2826	None	None
457	части	2832	None	None
458	Западной	2838	None	None
459	Европы	2847	None	None
460	.	2853	None	None
