	word	start_char	type	chain_id
0	Задержанный	0	None	None
1	в	12	coref	1471
2	Праге	14	coref	1469
3	узбекский	20	coref	1470
4	террорист	30	coref	1470
5	просит	40	None	None
6	предоставить	47	None	None
7	ему	60	coref	1470
8	политическое	64	coref	1471
9	убежище	77	coref	1471
10	в	85	coref	1471
11	Чехии	87	coref	1469
12	Задержанный	94	None	None
13	в	106	coref	1471
14	четверг	108	None	None
15	в	116	coref	1471
16	Праге	118	coref	1469
17	Салай	124	coref	1470
18	Мадаминов	130	coref	1470
19	просит	140	None	None
20	предоставить	147	None	None
21	политическое	160	coref	1471
22	убежище	173	coref	1471
23	в	181	coref	1471
24	Чехии	183	coref	1469
25	.	188	None	None
26	Об	190	None	None
27	этом	193	None	None
28	,	197	None	None
29	как	199	None	None
30	передает	203	None	None
31	РИА	212	None	None
32	«	216	coref	1472
33	Новости	217	None	None
34	»	224	coref	1472
35	,	225	None	None
36	сообщила	227	None	None
37	пресс	236	coref	1472
38	-	241	coref	1472
39	секретарь	242	coref	1472
40	радио	252	coref	1472
41	«	258	coref	1472
42	Свобода	259	coref	1472
43	»	266	coref	1472
44	Соня	268	coref	1472
45	Винтерова	273	coref	1472
46	.	282	None	None
47	По	284	None	None
48	ее	287	coref	1472
49	словам	290	None	None
50	,	296	None	None
51	такое	298	coref	1474
52	заявление	304	coref	1474
53	Мадаминов	314	coref	1470
54	сделал	324	None	None
55	на	331	None	None
56	заседании	334	None	None
57	пражского	344	coref	1475
58	суда	354	coref	1475
59	в	359	coref	1471
60	пятницу	361	None	None
61	и	369	None	None
62	оно	371	coref	1474
63	,	374	None	None
64	как	376	None	None
65	утверждает	380	None	None
66	Винтерова	391	coref	1472
67	,	400	None	None
68	«	402	coref	1472
69	меняет	403	None	None
70	правовую	410	None	None
71	ситуацию	419	None	None
72	»	427	coref	1472
73	.	428	None	None
74	При	430	None	None
75	этом	434	None	None
76	она	439	coref	1472
77	не	443	None	None
78	уточнила	446	None	None
79	,	454	None	None
80	что	456	None	None
81	имеется	460	None	None
82	в	468	coref	1471
83	виду	470	None	None
84	под	475	None	None
85	изменением	479	None	None
86	правовой	490	None	None
87	ситуации	499	None	None
88	.	507	None	None
89	Высказывания	510	None	None
90	представителя	523	coref	1472
91	Радио	537	coref	1472
92	«	543	coref	1472
93	Свободы	544	coref	1472
94	»	551	coref	1472
95	процитировало	553	None	None
96	чешское	567	None	None
97	информационное	575	None	None
98	агентство	590	None	None
99	ЧТК	600	None	None
100	.	603	None	None
101	Салай	606	coref	1470
102	Мадаминов	612	coref	1470
103	/	622	None	None
104	известный	623	None	None
105	также	633	None	None
106	под	639	None	None
107	именем	643	None	None
108	Мухаммад	650	None	None
109	Салих	659	None	None
110	/	664	None	None
111	в	666	coref	1471
112	четверг	668	None	None
113	был	676	None	None
114	задержан	680	None	None
115	в	689	coref	1471
116	пражском	691	None	None
117	международном	700	None	None
118	аэропорту	714	None	None
119	«	724	coref	1472
120	Рузыне	725	None	None
121	»	731	coref	1472
122	.	732	None	None
123	Правоохранительные	734	None	None
124	органы	753	None	None
125	Узбекистана	760	coref	1476
126	называют	772	None	None
127	Мадаминова	781	coref	1470
128	одним	792	None	None
129	из	798	None	None
130	главарей	801	None	None
131	узбекских	810	None	None
132	террористов	820	None	None
133	.	831	None	None
134	Чешские	834	None	None
135	СМИ	842	None	None
136	,	845	None	None
137	комментируя	847	None	None
138	развитие	859	None	None
139	событий	868	None	None
140	вокруг	876	None	None
141	задержания	883	None	None
142	Мадаминова	894	coref	1470
143	,	904	None	None
144	отмечают	906	None	None
145	,	914	None	None
146	что	916	None	None
147	его	920	coref	1470
148	официальная	924	coref	1474
149	просьба	936	coref	1474
150	о	944	coref	1474
151	предоставлении	946	coref	1474
152	политического	961	coref	1471
153	убежища	975	coref	1471
154	в	983	coref	1471
155	Чехии	985	coref	1469
156	могла	991	None	None
157	бы	997	None	None
158	быть	1000	None	None
159	правовым	1005	None	None
160	путем	1014	None	None
161	,	1019	None	None
162	препятствующим	1021	None	None
163	выдаче	1036	None	None
164	властям	1043	None	None
165	Узбекистана	1051	coref	1476
166	.	1062	None	None
167	Пражский	1065	coref	1475
168	городской	1074	coref	1475
169	суд	1084	coref	1475
170	принял	1088	None	None
171	решение	1095	None	None
172	оставить	1103	None	None
173	под	1112	None	None
174	стражей	1116	None	None
175	обвиняемого	1124	None	None
176	узбекскими	1136	None	None
177	властями	1147	None	None
178	в	1156	coref	1471
179	терроризме	1158	None	None
180	Салая	1169	coref	1470
181	Мадаминова	1175	coref	1470
182	.	1185	None	None
183	Согласно	1187	None	None
184	действующему	1196	None	None
185	в	1209	coref	1471
186	Чехии	1211	coref	1469
187	законодательству	1217	None	None
188	,	1233	None	None
189	задержанный	1235	None	None
190	может	1247	None	None
191	содержаться	1253	None	None
192	в	1265	coref	1471
193	изоляторе	1267	None	None
194	временного	1277	None	None
195	содержания	1288	None	None
196	не	1299	None	None
197	более	1302	None	None
198	48	1308	None	None
199	часов	1311	None	None
200	.	1316	None	None
201	17	1319	None	None
202	ноября	1322	None	None
203	этого	1329	None	None
204	года	1335	None	None
205	Мадаминов	1340	coref	1470
206	был	1350	None	None
207	заочно	1354	None	None
208	приговорен	1361	None	None
209	Верховным	1372	None	None
210	судом	1382	None	None
211	Узбекистана	1388	coref	1476
212	к	1400	None	None
213	15	1402	None	None
214	,	1404	None	None
215	5	1405	None	None
216	годам	1407	None	None
217	лишения	1413	None	None
218	свободы	1421	None	None
219	с	1429	None	None
220	конфискацией	1431	None	None
221	имущества	1444	None	None
222	и	1454	None	None
223	отбытием	1456	None	None
224	срока	1465	None	None
225	в	1471	coref	1471
226	колонии	1473	None	None
227	строгого	1481	None	None
228	режима	1490	None	None
229	.	1496	None	None
230	Среди	1498	None	None
231	других	1504	None	None
232	11	1511	None	None
233	осужденных	1514	None	None
234	он	1525	coref	1470
235	был	1528	None	None
236	обвинен	1532	None	None
237	в	1540	coref	1471
238	попытке	1542	None	None
239	свержения	1550	None	None
240	конституционного	1560	None	None
241	строя	1577	None	None
242	в	1583	coref	1471
243	Узбекистане	1585	coref	1476
244	,	1596	None	None
245	покушении	1598	None	None
246	на	1608	None	None
247	жизнь	1611	None	None
248	президента	1617	None	None
249	Ислама	1628	None	None
250	Каримова	1635	None	None
251	,	1643	None	None
252	в	1645	coref	1471
253	организации	1647	None	None
254	многочисленных	1659	None	None
255	терактов	1674	None	None
256	,	1682	None	None
257	убийствах	1684	None	None
258	,	1693	None	None
259	попытке	1695	None	None
260	разжигания	1703	None	None
261	национальной	1714	None	None
262	розни	1727	None	None
263	и	1733	None	None
264	других	1735	None	None
265	тяжких	1742	None	None
266	преступлениях	1749	None	None
267	.	1762	None	None
