	word	start_char	type	chain_id
0	Суд	0	coref	918
1	отложил	4	None	None
2	рассмотрение	12	None	None
3	иска	25	coref	919
4	о	30	coref	919
5	ликвидации	32	coref	919
6	НТВ	43	coref	919
7	на	47	None	None
8	4	50	None	None
9	апреля	52	None	None
10	Московский	60	coref	918
11	арбитражный	71	coref	918
12	суд	83	coref	918
13	отложил	87	None	None
14	рассмотрение	95	None	None
15	иска	108	coref	919
16	налоговой	113	coref	919
17	инспекции	123	coref	919
18	Центрального	133	coref	919
19	административного	146	coref	919
20	округа	164	coref	919
21	к	171	coref	919
22	телекомпании	173	coref	919
23	«	186	coref	919
24	НТВ	187	coref	919
25	»	190	coref	919
26	на	192	None	None
27	4	195	None	None
28	апреля	197	None	None
29	в	204	None	None
30	связи	206	None	None
31	с	212	None	None
32	ходатайством	214	None	None
33	обеих	227	coref	922
34	сторон	233	coref	922
35	.	239	None	None
36	Представители	242	None	None
37	НТВ	256	coref	919
38	заявили	260	None	None
39	о	268	coref	919
40	необходимости	270	None	None
41	представить	284	None	None
42	в	296	None	None
43	суд	298	coref	918
44	бухгалтерский	302	None	None
45	баланс	316	None	None
46	за	323	None	None
47	2000	326	None	None
48	год	331	None	None
49	.	334	None	None
50	В	337	None	None
51	свою	339	None	None
52	очередь	344	None	None
53	,	351	None	None
54	представитель	353	None	None
55	налоговой	367	coref	919
56	инспекции	377	coref	919
57	мотивировал	387	None	None
58	ходатайство	399	None	None
59	тем	411	None	None
60	,	414	None	None
61	что	416	None	None
62	в	420	None	None
63	налоговую	422	coref	921
64	инспекцию	432	coref	921
65	поступило	442	None	None
66	письмо	452	coref	923
67	из	459	coref	923
68	АО	462	coref	923
69	«	465	coref	919
70	Газпром	466	coref	923
71	»	473	coref	919
72	,	474	None	None
73	где	476	coref	923
74	якобы	480	None	None
75	изложены	486	None	None
76	сведения	495	coref	924
77	,	503	None	None
78	которые	505	coref	924
79	надо	513	None	None
80	проверить	518	None	None
81	для	528	None	None
82	правильного	532	None	None
83	рассмотрения	544	None	None
84	данного	557	coref	919
85	дела	565	coref	919
86	.	569	None	None
87	Суд	572	coref	918
88	обязал	576	None	None
89	истца	583	coref	921
90	представить	589	None	None
91	документальное	601	None	None
92	подтверждение	616	None	None
93	иска	630	coref	919
94	,	634	None	None
95	а	636	None	None
96	ответчика	638	coref	920
97	-	648	None	None
98	годовой	650	None	None
99	баланс	658	None	None
100	.	664	None	None
