	word	start_char	type	chain_id
0	Принц	0	coref	1477
1	Чарльз	6	coref	1477
2	срочно	13	None	None
3	госпитализирован	20	None	None
4	после	37	None	None
5	падения	43	None	None
6	с	51	None	None
7	лошади	53	coref	1478
8	Британский	61	coref	1477
9	принц	72	coref	1477
10	Чарльз	78	coref	1477
11	срочно	85	None	None
12	госпитализирован	92	None	None
13	после	109	None	None
14	падения	115	None	None
15	с	123	None	None
16	лошади	125	coref	1478
17	во	132	None	None
18	время	135	None	None
19	игры	141	None	None
20	в	146	None	None
21	поло	148	None	None
22	.	152	None	None
23	Инцидент	154	None	None
24	произошел	163	None	None
25	во	173	None	None
26	время	176	None	None
27	благотворительного	182	None	None
28	матча	201	None	None
29	в	207	None	None
30	Киренчестере	209	None	None
31	,	221	None	None
32	графство	223	None	None
33	Глочестер	232	None	None
34	.	241	None	None
35	Инцидент	244	None	None
36	произошел	253	None	None
37	во	263	None	None
38	время	266	None	None
39	второго	272	None	None
40	периода	280	None	None
41	около	288	None	None
42	4	294	None	None
43	часов	296	None	None
44	по	302	None	None
45	местному	305	None	None
46	времени	314	None	None
47	.	321	None	None
48	Это	323	None	None
49	единственная	327	coref	1479
50	подробность	340	coref	1479
51	,	351	None	None
52	которую	353	coref	1479
53	сообщил	361	None	None
54	журналистам	369	None	None
55	пресс	381	None	None
56	-	386	coref	1477
57	секретарь	387	None	None
58	наследника	397	coref	1477
59	британской	408	coref	1477
60	короны	419	coref	1477
61	.	425	None	None
62	Так	427	None	None
63	что	431	None	None
64	пока	435	None	None
65	неизвестно	440	None	None
66	,	450	None	None
67	получил	452	None	None
68	ли	460	None	None
69	принц	463	coref	1477
70	какие	469	None	None
71	-	474	coref	1477
72	либо	475	None	None
73	переломы	480	None	None
74	в	489	None	None
75	результате	491	None	None
76	падения	502	None	None
77	.	509	None	None
78	52	512	coref	1477
79	-	514	coref	1477
80	летний	515	coref	1477
81	принц	522	coref	1477
82	Чарльз	528	coref	1477
83	играл	535	None	None
84	в	541	None	None
85	одной	543	None	None
86	команде	549	None	None
87	вместе	557	None	None
88	со	564	None	None
89	своими	567	coref	1477
90	сыновьями	574	coref	1480
91	Уильямом	584	coref	1480
92	и	593	coref	1480
93	Гарри	595	coref	1480
94	.	600	None	None
95	Сайт	602	None	None
96	Ananova	607	None	None
97	.	614	None	None
98	com	615	None	None
99	сообщает	619	None	None
100	,	627	None	None
101	что	629	None	None
102	сыновья	633	coref	1480
103	не	641	None	None
104	последовали	644	None	None
105	с	656	None	None
106	отцом	658	coref	1477
107	в	664	None	None
108	госпиталь	666	None	None
109	,	675	None	None
110	предпочтя	677	None	None
111	завершить	687	None	None
112	матч	697	None	None
113	.	701	None	None
114	А	703	None	None
115	принца	705	coref	1477
116	Чарльза	712	coref	1477
117	заменил	720	None	None
118	запасной	728	None	None
119	игрок	737	None	None
120	.	742	None	None
121	Через	745	None	None
122	несколько	751	None	None
123	часов	761	None	None
124	принц	767	coref	1477
125	Чарльз	773	coref	1477
126	должен	780	None	None
127	был	787	None	None
128	принять	791	None	None
129	участие	799	None	None
130	в	807	None	None
131	празднованиях	809	None	None
132	в	823	None	None
133	честь	825	None	None
134	101	831	None	None
135	-	834	coref	1477
136	летия	835	None	None
137	Королевы	841	coref	1481
138	-	849	coref	1477
139	матери	850	coref	1481
140	.	856	None	None
141	Напомним	858	None	None
142	,	866	None	None
143	что	868	None	None
144	накануне	872	None	None
145	мать	881	coref	1481
146	Елизаветы	886	coref	1481
147	II	896	coref	1481
148	была	899	None	None
149	выписана	904	None	None
150	из	913	None	None
151	лондонского	916	coref	1482
152	госпиталя	928	coref	1482
153	имени	938	coref	1482
154	короля	944	coref	1482
155	Эдуарда	951	coref	1482
156	IV	959	coref	1482
157	,	961	None	None
158	куда	963	coref	1482
159	она	968	coref	1481
160	была	972	None	None
161	доставлена	977	None	None
162	с	988	None	None
163	диагнозом	990	None	None
164	«	1000	None	None
165	анемия	1001	None	None
166	»	1007	None	None
167	и	1009	coref	1480
168	где	1011	coref	1482
169	ей	1015	coref	1481
170	было	1018	None	None
171	сделано	1023	None	None
172	переливание	1031	None	None
173	крови	1043	None	None
174	.	1048	None	None
175	Подобные	1051	None	None
176	инциденты	1060	None	None
177	прежде	1070	None	None
178	уже	1077	None	None
179	случались	1081	None	None
180	.	1090	None	None
181	Так	1092	None	None
182	,	1095	None	None
183	в	1097	None	None
184	пресс	1099	None	None
185	-	1104	coref	1477
186	службе	1105	None	None
187	Букингемского	1112	None	None
188	дворца	1126	None	None
189	напомнили	1133	None	None
190	,	1142	None	None
191	что	1144	None	None
192	в	1148	None	None
193	начале	1150	None	None
194	этого	1157	None	None
195	года	1163	None	None
196	принц	1168	coref	1477
197	Чарльз	1174	coref	1477
198	во	1181	None	None
199	время	1184	None	None
200	охоты	1190	None	None
201	на	1196	None	None
202	лис	1199	None	None
203	также	1203	None	None
204	упал	1209	None	None
205	с	1214	None	None
206	лошади	1216	coref	1478
207	и	1223	coref	1480
208	сломал	1225	None	None
209	руку	1232	None	None
210	.	1236	None	None
