	word	start_char	type	chain_id
0	Шаттл	0	coref	1253
1	Endeavour	6	coref	1253
2	вернулся	16	None	None
3	на	25	None	None
4	Землю	28	coref	1254
5	после	34	None	None
6	12	40	None	None
7	дней	43	None	None
8	на	48	None	None
9	орбите	51	coref	1255
10	Шаттл	59	coref	1253
11	Endeavour	65	coref	1253
12	,	74	None	None
13	на	76	None	None
14	котором	79	coref	1253
15	с	87	None	None
16	Международной	89	coref	1256
17	космической	103	coref	1256
18	станцию	115	coref	1256
19	на	123	None	None
20	Землю	126	coref	1254
21	возвращались	132	None	None
22	5	145	coref	1257
23	американцев	147	coref	1257
24	и	159	None	None
25	два	161	coref	1258
26	российских	165	coref	1258
27	космонавта	176	coref	1258
28	,	186	None	None
29	вечером	188	None	None
30	в	196	None	None
31	понедельник	198	None	None
32	,	209	None	None
33	приземлился	211	None	None
34	на	223	None	None
35	посадочной	226	None	None
36	полосе	237	None	None
37	в	244	None	None
38	штате	246	coref	1259
39	Флорида	252	coref	1259
40	.	259	None	None
41	Космический	261	coref	1253
42	корабль	273	coref	1253
43	сел	281	None	None
44	на	285	None	None
45	мысе	288	None	None
46	Канаверал	293	None	None
47	около	303	None	None
48	9	309	None	None
49	часов	311	None	None
50	вечера	317	None	None
51	по	324	None	None
52	московскому	327	None	None
53	времени	339	None	None
54	,	346	None	None
55	после	348	None	None
56	12	354	None	None
57	дней	357	None	None
58	в	362	None	None
59	космосе	364	None	None
60	.	371	None	None
61	На	374	None	None
62	Endeavour	377	coref	1253
63	на	387	None	None
64	Землю	390	coref	1254
65	,	395	None	None
66	среди	397	None	None
67	прочих	403	None	None
68	,	409	None	None
69	вернулись	411	None	None
70	Фрэнк	421	coref	1260
71	Калбертсон	427	coref	1260
72	,	437	None	None
73	Владимир	439	coref	1261
74	Дежуров	448	coref	1261
75	и	456	None	None
76	Михаил	458	coref	1262
77	Тюрин	465	coref	1262
78	«	471	coref	1263
79	третья	472	None	None
80	постоянная	479	coref	1268
81	экспедиция	490	coref	1268
82	на	501	None	None
83	Международную	504	coref	1256
84	космическую	518	coref	1256
85	станцию	530	coref	1256
86	»	537	coref	1263
87	-	539	coref	1264
88	которые	541	coref	1263
89	провели	549	None	None
90	на	557	None	None
91	МКС	560	coref	1256
92	129	564	None	None
93	дней	568	None	None
94	,	572	None	None
95	и	574	None	None
96	за	576	None	None
97	это	579	None	None
98	время	583	None	None
99	пролетели	589	None	None
100	по	599	None	None
101	орбите	602	coref	1255
102	почти	609	None	None
103	90	615	None	None
104	миллионов	618	None	None
105	километров	628	None	None
106	больше	639	None	None
107	половины	646	None	None
108	дороги	655	None	None
109	от	662	None	None
110	Земли	665	coref	1254
111	до	671	None	None
112	солнца	674	None	None
113	.	680	None	None
114	Как	682	None	None
115	передает	686	None	None
116	CNN	695	None	None
117	,	698	None	None
118	за	700	None	None
119	приземлением	703	None	None
120	шаттла	716	coref	1253
121	в	723	None	None
122	Космическом	725	None	None
123	центре	737	None	None
124	имени	744	None	None
125	Кеннеди	750	None	None
126	во	758	None	None
127	Флориде	761	coref	1259
128	наблюдали	769	None	None
129	жена	779	None	None
130	Калбертсона	784	coref	1260
131	и	796	None	None
132	его	798	coref	1260
133	пять	802	None	None
134	детей	807	None	None
135	,	812	None	None
136	а	814	None	None
137	также	816	None	None
138	жены	822	None	None
139	Дежурова	827	coref	1261
140	и	836	None	None
141	Тюрина	838	coref	1262
142	.	844	None	None
143	«	847	coref	1263
144	Третий	848	coref	1263
145	экипаж	855	coref	1263
146	»	861	coref	1263
147	был	863	None	None
148	на	867	None	None
149	МКС	870	coref	1256
150	11	874	None	None
151	сентября	877	None	None
152	,	885	None	None
153	когда	887	None	None
154	террористы	893	None	None
155	устроили	904	None	None
156	атаки	913	None	None
157	на	919	None	None
158	Нью	922	coref	1264
159	-	925	coref	1264
160	Йорк	926	coref	1264
161	и	931	None	None
162	Вашингтон	933	coref	1265
163	.	942	None	None
164	Позже	944	None	None
165	космонавты	950	coref	1263
166	рассказывали	961	None	None
167	,	973	None	None
168	что	975	None	None
169	с	979	None	None
170	орбиты	981	coref	1255
171	был	988	None	None
172	хорошо	992	None	None
173	виден	999	None	None
174	дым	1005	None	None
175	,	1008	None	None
176	идущий	1010	None	None
177	от	1017	None	None
178	разрушенных	1020	None	None
179	башен	1032	None	None
180	Всемирного	1038	None	None
181	торгового	1049	None	None
182	центра	1059	None	None
183	в	1066	None	None
184	Нью	1068	coref	1264
185	-	1071	coref	1264
186	Йорке	1072	coref	1264
187	и	1078	None	None
188	от	1080	None	None
189	здания	1083	None	None
190	Пентагона	1090	None	None
191	в	1100	None	None
192	Вашингтоне	1102	coref	1265
193	.	1112	None	None
194	«	1114	coref	1263
195	Это	1115	None	None
196	было	1119	None	None
197	ужасно	1124	None	None
198	видеть	1131	None	None
199	из	1138	coref	1272
200	космоса	1141	None	None
201	то	1149	None	None
202	,	1151	None	None
203	что	1153	None	None
204	происходит	1157	None	None
205	,	1167	None	None
206	зная	1169	None	None
207	,	1173	None	None
208	что	1175	None	None
209	сами	1179	coref	1263
210	мы	1184	coref	1263
211	так	1187	None	None
212	далеко	1191	None	None
213	от	1198	None	None
214	наших	1201	coref	1263
215	семей	1207	None	None
216	»	1212	coref	1263
217	,	1213	None	None
218	-	1215	coref	1264
219	рассказывал	1217	None	None
220	позже	1229	None	None
221	Фрэнк	1235	coref	1260
222	Калбертсон	1241	coref	1260
223	.	1251	None	None
224	Reuters	1254	None	None
225	передает	1262	None	None
226	,	1270	None	None
227	что	1272	None	None
228	из	1276	coref	1272
229	-	1278	coref	1264
230	за	1279	None	None
231	этих	1282	None	None
232	терактов	1287	None	None
233	,	1295	None	None
234	возможности	1297	None	None
235	саботажа	1309	None	None
236	и	1318	None	None
237	войны	1320	coref	1266
238	,	1325	None	None
239	которую	1327	coref	1266
240	США	1335	None	None
241	ведут	1339	None	None
242	в	1345	None	None
243	Афганистане	1347	None	None
244	,	1358	None	None
245	посадка	1360	None	None
246	шаттла	1368	coref	1253
247	проходила	1375	None	None
248	с	1385	None	None
249	беспрецедентными	1387	None	None
250	мерами	1404	None	None
251	безопасности	1411	None	None
252	.	1423	None	None
253	На	1425	None	None
254	Endeavour	1428	coref	1253
255	в	1438	None	None
256	космос	1440	None	None
257	летали	1447	None	None
258	несколько	1454	coref	1267
259	тысяч	1464	coref	1267
260	американских	1470	coref	1267
261	флагов	1483	coref	1267
262	,	1489	None	None
263	которые	1491	coref	1263
264	будут	1499	None	None
265	переданы	1505	None	None
266	НАСА	1514	None	None
267	семьям	1519	None	None
268	тех	1526	None	None
269	,	1529	None	None
270	кто	1531	None	None
271	погиб	1535	None	None
272	и	1541	None	None
273	выжившим	1543	None	None
274	в	1552	None	None
275	атаках	1554	None	None
276	11	1561	None	None
277	сентября	1564	None	None
278	вместе	1573	None	None
279	с	1580	None	None
280	сертификатами	1582	None	None
281	,	1595	None	None
282	что	1597	None	None
283	эти	1601	coref	1267
284	флаги	1605	coref	1267
285	действительно	1611	None	None
286	были	1625	None	None
287	на	1630	None	None
288	борту	1633	None	None
289	шаттла	1639	coref	1253
290	во	1646	None	None
291	время	1649	None	None
292	полета	1655	None	None
293	к	1662	None	None
294	МКС	1664	coref	1256
295	.	1667	None	None
296	Сейчас	1670	None	None
297	на	1677	None	None
298	Международной	1680	coref	1256
299	космической	1694	coref	1256
300	станции	1706	coref	1256
301	работает	1714	None	None
302	«	1723	coref	1263
303	четвертая	1724	coref	1268
304	постоянная	1734	coref	1268
305	экспедиция	1745	coref	1268
306	»	1755	coref	1263
307	-	1757	coref	1264
308	командир	1759	coref	1269
309	Юрий	1768	coref	1269
310	Онуфриенко	1773	coref	1269
311	и	1784	None	None
312	астронавты	1786	None	None
313	Карл	1797	coref	1270
314	Валц	1802	coref	1270
315	и	1807	None	None
316	Дэниэл	1809	coref	1271
317	Берч	1816	coref	1271
318	.	1820	None	None
319	Они	1822	coref	1268
320	пробудут	1826	None	None
321	на	1835	None	None
322	станции	1838	coref	1256
323	до	1846	None	None
324	мая	1849	None	None
325	следующего	1853	None	None
326	года	1864	None	None
327	,	1868	None	None
328	и	1870	None	None
329	,	1871	None	None
330	вероятно	1873	None	None
331	,	1881	None	None
332	именно	1883	None	None
333	к	1890	None	None
334	ним	1892	coref	1268
335	в	1896	None	None
336	гости	1898	None	None
337	прилетил	1904	None	None
338	второй	1913	coref	1272
339	космический	1920	coref	1272
340	турист	1932	coref	1272
341	бизнесмен	1939	coref	1272
342	из	1949	coref	1272
343	ЮАР	1952	coref	1272
344	Марк	1956	coref	1272
345	Шаттлуорт	1961	coref	1272
346	,	1970	None	None
347	поле	1972	None	None
348	которого	1977	coref	1272
349	намечен	1986	None	None
350	на	1994	None	None
351	апрель	1997	None	None
352	2002	2004	None	None
353	года	2009	None	None
354	.	2013	None	None
