	word	start_char	type	chain_id
0	Производство	0	None	None
1	«	13	coref	347
2	Нивы	14	coref	347
3	»	18	coref	347
4	в	20	None	None
5	Эквадоре	22	coref	348
6	будет	31	None	None
7	увеличено	37	None	None
8	В	48	None	None
9	ноябре	50	None	None
10	2000	57	None	None
11	года	62	None	None
12	эквадорская	67	coref	349
13	компания	79	coref	349
14	«	88	coref	347
15	Аймеса	89	coref	349
16	»	95	coref	347
17	в	97	None	None
18	сотрудничестве	99	None	None
19	с	114	None	None
20	«	116	coref	347
21	АвтоВАЗом	117	coref	350
22	»	126	coref	347
23	начала	128	None	None
24	выпуск	135	None	None
25	российского	142	coref	347
26	вездеходника	154	coref	347
27	«	167	coref	347
28	Нива	168	coref	347
29	»	172	coref	347
30	на	174	None	None
31	собственных	177	None	None
32	мощностях	189	None	None
33	из	199	None	None
34	комплектов	202	None	None
35	,	212	None	None
36	поставляемых	214	None	None
37	волжским	227	coref	350
38	автозаводом	236	coref	350
39	.	247	None	None
40	К	249	None	None
41	апрелю	251	None	None
42	2001	258	None	None
43	года	263	None	None
44	в	268	None	None
45	Эквадоре	270	coref	348
46	было	279	None	None
47	произведено	284	None	None
48	более	296	None	None
49	2000	302	None	None
50	автомобилей	307	None	None
51	.	318	None	None
52	Модель	320	coref	347
53	пользуется	327	None	None
54	хорошим	338	None	None
55	спросом	346	None	None
56	на	354	None	None
57	местном	357	None	None
58	рынке	365	None	None
59	,	370	None	None
60	и	372	None	None
61	эквадорская	374	coref	349
62	фирма	386	coref	349
63	вынуждена	392	None	None
64	откладывать	402	None	None
65	заявки	414	None	None
66	на	421	None	None
67	поставки	424	None	None
68	из	433	None	None
69	стран	436	None	None
70	-	441	None	None
71	соседей	442	None	None
72	.	449	None	None
73	Партия	451	None	None
74	«	458	coref	347
75	Нивы	459	coref	347
76	»	463	coref	347
77	была	465	None	None
78	направлена	470	None	None
79	лишь	481	None	None
80	в	486	None	None
81	Венесуэлу	488	None	None
82	.	497	None	None
83	Компания	500	coref	349
84	«	509	coref	347
85	Аймеса	510	coref	349
86	»	516	coref	347
87	обратилась	518	None	None
88	к	529	None	None
89	«	531	coref	347
90	АвтоВАЗу	532	coref	350
91	»	540	coref	347
92	с	542	None	None
93	просьбой	544	None	None
94	увеличить	553	None	None
95	количество	563	None	None
96	поставляемых	574	None	None
97	для	587	None	None
98	сборки	591	None	None
99	комплектов	598	None	None
100	.	608	None	None
101	В	610	None	None
102	мае	612	None	None
103	ОАО	616	coref	350
104	«	620	coref	347
105	АвтоВАЗ	621	coref	350
106	»	628	coref	347
107	увеличит	630	None	None
108	поставки	639	None	None
109	в	648	None	None
110	Эквадор	650	coref	348
111	на	658	None	None
112	48	661	None	None
113	коплектов	664	None	None
114	в	674	None	None
115	месяц	676	None	None
116	.	681	None	None
117	С	683	None	None
118	сентября	685	None	None
119	объем	694	None	None
120	дополнительных	700	None	None
121	поставок	715	None	None
122	увеличится	724	None	None
123	еще	735	None	None
124	в	739	None	None
125	два	741	None	None
126	раза	745	None	None
127	.	749	None	None
128	Таким	751	None	None
129	образом	757	None	None
130	за	765	None	None
131	2001	768	None	None
132	год	773	None	None
133	в	777	None	None
134	Эквадоре	779	coref	348
135	планируется	788	None	None
136	собрать	800	None	None
137	более	808	None	None
138	4000	814	None	None
139	автомобилей	819	None	None
140	ВАЗ	831	None	None
141	повышенной	835	None	None
142	проходимости	846	None	None
143	.	858	None	None
144	Об	860	None	None
145	этом	863	None	None
146	сообщает	868	None	None
147	пресс	877	None	None
148	-	882	None	None
149	служба	883	None	None
150	ОАО	890	coref	350
151	«	894	coref	347
152	АВТОВАЗ	895	coref	350
153	»	902	coref	347
154	.	903	None	None
