	word	start_char	type	chain_id
0	В	0	None	None
1	Москве	2	coref	512
2	при	9	None	None
3	пожаре	13	None	None
4	на	20	None	None
5	Ярославском	23	coref	513
6	вокзале	35	coref	513
7	один	43	coref	514
8	человек	48	coref	514
9	погиб	56	None	None
10	,	61	coref	514
11	еще	63	coref	515
12	один	67	coref	514
13	серьезно	72	None	None
14	пострадал	81	None	None
15	В	92	None	None
16	Москве	94	coref	512
17	при	101	None	None
18	пожаре	105	None	None
19	на	112	None	None
20	Ярославском	115	coref	513
21	вокзале	127	coref	513
22	один	135	coref	514
23	человек	140	coref	514
24	погиб	148	None	None
25	,	153	coref	514
26	еще	155	coref	515
27	один	159	coref	514
28	серьезно	164	None	None
29	пострадал	173	None	None
30	.	182	None	None
31	При	184	None	None
32	осмотре	188	None	None
33	мусоропровода	196	coref	516
34	выяснилось	210	None	None
35	,	220	coref	514
36	что	222	None	None
37	в	226	None	None
38	результате	228	None	None
39	возгорания	239	None	None
40	погиб	250	None	None
41	один	256	coref	514
42	человек	261	coref	514
43	,	268	coref	514
44	предположительно	270	coref	514
45	,	286	coref	514
46	бомж	288	coref	514
47	.	292	None	None
48	Еще	294	coref	515
49	один	298	coref	514
50	находившийся	303	coref	515
51	рядом	316	coref	515
52	бомж	322	coref	514
53	получил	327	None	None
54	серьезные	335	None	None
55	ожоги	345	None	None
56	.	350	None	None
57	Как	353	None	None
58	сообщает	357	None	None
59	НТВ	366	None	None
60	со	370	None	None
61	ссылкой	373	None	None
62	на	381	None	None
63	«	384	None	None
64	Интерфакс	385	None	None
65	»	394	None	None
66	,	395	coref	514
67	в	397	None	None
68	Управлении	399	None	None
69	государственной	410	None	None
70	противопожарной	426	None	None
71	службы	442	None	None
72	сообщили	449	None	None
73	,	457	coref	514
74	что	459	None	None
75	сигнал	463	None	None
76	о	470	None	None
77	незначительном	472	None	None
78	возгорании	487	None	None
79	в	498	None	None
80	мусоропроводе	500	coref	516
81	здания	514	coref	516
82	вокзала	521	coref	513
83	поступил	529	None	None
84	на	538	None	None
85	пульт	541	None	None
86	дежурного	547	None	None
87	«	557	None	None
88	01	558	None	None
89	»	560	None	None
90	около	562	None	None
91	1	568	None	None
92	:	569	None	None
93	00	570	None	None
94	по	573	None	None
95	московскому	576	None	None
96	времени	588	None	None
97	.	595	None	None
98	Прибывшие	597	None	None
99	на	607	None	None
100	место	610	None	None
101	пожарные	616	None	None
102	быстро	625	None	None
103	потушили	632	None	None
104	пламя	641	None	None
105	.	646	None	None
106	На	648	None	None
107	месте	651	None	None
108	происшествия	657	None	None
109	работает	670	None	None
110	оперативно	679	None	None
111	-	689	None	None
112	следственная	690	None	None
113	группа	703	None	None
114	.	709	None	None
