	word	start_char	type	chain_id
0	Генерал	0	coref	1158
1	Дустум	8	coref	1158
2	назначен	15	None	None
3	заместителем	24	None	None
4	министра	37	coref	1159
5	обороны	46	coref	1159
6	Афганистана	54	coref	1159
7	Глава	67	coref	1161
8	временного	73	coref	1161
9	правительства	84	coref	1161
10	Афганистана	98	coref	1159
11	Хамид	110	coref	1161
12	Карзай	116	coref	1161
13	объявил	123	None	None
14	сегодня	131	None	None
15	о	139	None	None
16	назначении	141	None	None
17	на	152	None	None
18	пост	155	None	None
19	заместителя	160	None	None
20	министра	172	coref	1159
21	обороны	181	coref	1159
22	страны	189	coref	1160
23	генерала	196	coref	1158
24	Абдурашида	205	coref	1158
25	Дустума	216	coref	1158
26	,	223	None	None
27	сообщает	225	None	None
28	Reuters	234	None	None
29	.	241	None	None
30	Карзай	244	coref	1161
31	объявил	251	None	None
32	о	259	None	None
33	назначении	261	None	None
34	Дустума	272	coref	1158
35	после	280	None	None
36	состоявшейся	286	None	None
37	в	299	None	None
38	понедельник	301	None	None
39	встречи	313	None	None
40	министра	321	coref	1159
41	обороны	330	coref	1159
42	Мохаммада	338	coref	1159
43	Фахима	348	coref	1159
44	с	355	None	None
45	узбекским	357	coref	1158
46	генералом	367	coref	1158
47	Дустумом	377	coref	1158
48	.	385	None	None
49	Напомним	388	None	None
50	,	396	None	None
51	что	398	None	None
52	в	402	None	None
53	начале	404	None	None
54	декабря	411	None	None
55	сразу	419	None	None
56	же	425	None	None
57	после	428	None	None
58	состоявшейся	434	None	None
59	в	447	None	None
60	Бонне	449	None	None
61	конференции	455	None	None
62	по	467	None	None
63	Афганистану	470	coref	1160
64	под	482	None	None
65	эгидой	486	None	None
66	ООН	493	None	None
67	один	497	coref	1158
68	из	502	coref	1158
69	наиболее	505	coref	1158
70	влиятельных	514	coref	1158
71	командиров	526	coref	1158
72	Северного	537	coref	1158
73	альянса	547	coref	1158
74	генерал	555	coref	1158
75	Дустум	563	coref	1158
76	заявил	570	None	None
77	о	577	None	None
78	намерении	579	None	None
79	бойкотировать	589	None	None
80	сформированное	603	coref	1162
81	временное	618	coref	1162
82	правительство	628	coref	1162
83	Афганистана	642	coref	1159
84	.	653	None	None
85	Сегодня	656	None	None
86	же	664	None	None
87	пришли	667	None	None
88	сообщения	674	None	None
89	,	683	None	None
90	что	685	None	None
91	генерал	689	coref	1158
92	Дустум	697	coref	1158
93	передал	704	None	None
94	американской	712	coref	1164
95	стороне	725	coref	1164
96	первых	733	None	None
97	высокопоставленных	740	None	None
98	руководителей	759	None	None
99	движения	773	coref	1165
100	«	782	coref	1165
101	Талибан	783	coref	1165
102	»	790	coref	1165
103	-	792	coref	1171
104	мулла	794	coref	1166
105	Мохаммад	800	coref	1166
106	Фазиль	809	coref	1166
107	и	816	None	None
108	мулла	818	coref	1166
109	Нурулла	824	coref	1167
110	Нури	832	coref	1167
111	.	836	None	None
112	Как	838	None	None
113	сообщает	842	None	None
114	РИА	851	None	None
115	«	855	coref	1165
116	Новости	856	None	None
117	»	863	coref	1165
118	со	865	None	None
119	ссылкой	868	None	None
120	на	876	None	None
121	пакистанскую	879	coref	1168
122	газету	892	coref	1168
123	News	899	coref	1168
124	,	903	None	None
125	они	905	coref	1169
126	переправлены	909	None	None
127	на	922	None	None
128	корабль	925	None	None
129	ВМС	933	None	None
130	США	937	coref	1164
131	«	941	coref	1165
132	Пелелиу	942	None	None
133	»	949	coref	1165
134	в	951	None	None
135	Аравийском	953	None	None
136	море	964	None	None
137	.	968	None	None
138	Ранее	971	None	None
139	представители	977	None	None
140	Пентагона	991	None	None
141	заявляли	1001	None	None
142	,	1009	None	None
143	что	1011	None	None
144	на	1015	None	None
145	военных	1018	None	None
146	кораблях	1026	None	None
147	США	1035	coref	1164
148	находятся	1039	None	None
149	пятеро	1049	coref	1170
150	террористов	1056	coref	1170
151	,	1067	None	None
152	в	1069	None	None
153	том	1071	None	None
154	числе	1075	None	None
155	20	1081	coref	1171
156	-	1083	coref	1171
157	летний	1084	coref	1171
158	американский	1091	coref	1171
159	гражданин	1104	coref	1171
160	Джон	1114	coref	1171
161	Уолкер	1119	coref	1171
162	,	1125	None	None
163	добровольно	1127	None	None
164	сражавшийся	1139	None	None
165	на	1151	None	None
166	стороне	1154	coref	1164
167	фундаменталистов	1162	coref	1165
168	.	1178	None	None
169	Все	1180	coref	1170
170	они	1184	coref	1169
171	были	1188	None	None
172	захвачены	1193	None	None
173	в	1203	None	None
174	Мазари	1205	coref	1172
175	-	1211	coref	1171
176	Шарифе	1212	coref	1172
177	после	1219	None	None
178	сдачи	1225	None	None
179	этого	1231	coref	1172
180	города	1237	coref	1172
181	отрядам	1244	None	None
182	узбекского	1252	coref	1158
183	генерала	1263	coref	1158
184	Абдурашида	1272	coref	1158
185	Дустума	1283	coref	1158
186	.	1290	None	None
187	По	1292	None	None
188	соглашению	1295	None	None
189	о	1306	None	None
190	капитуляции	1308	None	None
191	,	1319	None	None
192	Северному	1321	coref	1163
193	альянсу	1331	coref	1163
194	сдались	1339	None	None
195	до	1347	None	None
196	5	1350	None	None
197	тыс	1352	None	None
198	.	1355	None	None
199	талибов	1357	coref	1165
200	,	1364	None	None
201	включая	1366	None	None
202	сотни	1374	None	None
203	иностранных	1380	None	None
204	наемников	1392	None	None
205	.	1401	None	None
206	Мулла	1404	coref	1166
207	Фазиль	1410	coref	1166
208	руководил	1417	None	None
209	силами	1427	None	None
210	талибов	1434	coref	1165
211	в	1442	None	None
212	Мазари	1444	coref	1172
213	-	1450	coref	1171
214	Шарифе	1451	coref	1172
215	.	1457	None	None
216	Он	1459	coref	1166
217	уроженец	1462	None	None
218	Кандагара	1471	coref	1173
219	и	1481	None	None
220	был	1483	None	None
221	выдвиженцем	1487	None	None
222	духовного	1499	coref	1174
223	лидера	1509	coref	1174
224	талибов	1516	coref	1165
225	муллы	1524	coref	1174
226	Омара	1530	coref	1174
227	,	1535	None	None
228	при	1537	None	None
229	котором	1541	coref	1174
230	сделал	1549	None	None
231	головокружительную	1556	None	None
232	карьеру	1575	None	None
233	и	1583	None	None
234	отличился	1585	None	None
235	на	1595	None	None
236	многих	1598	None	None
237	фронтах	1605	None	None
238	.	1612	None	None
239	Мулла	1615	coref	1166
240	Нури	1621	coref	1167
241	-	1626	coref	1171
242	узбек	1628	None	None
243	по	1634	None	None
244	национальности	1637	None	None
245	,	1651	None	None
246	был	1653	None	None
247	губернатором	1657	None	None
248	провинции	1670	coref	1175
249	Балх	1680	coref	1175
250	,	1684	None	None
251	а	1686	None	None
252	также	1688	None	None
253	возглавлял	1694	None	None
254	совет	1705	None	None
255	талибского	1711	None	None
256	руководства	1722	None	None
257	всех	1734	None	None
258	северных	1739	None	None
259	провинций	1748	None	None
260	-	1758	coref	1171
261	Кундуза	1760	None	None
262	,	1767	None	None
263	Балха	1769	coref	1175
264	,	1774	None	None
265	Джаузджана	1776	None	None
266	и	1787	None	None
267	Самангана	1789	None	None
268	.	1798	None	None
269	Газета	1801	coref	1168
270	со	1808	None	None
271	ссылкой	1811	None	None
272	на	1819	None	None
273	талибское	1822	None	None
274	руководство	1832	None	None
275	пишет	1844	None	None
276	,	1849	None	None
277	что	1851	None	None
278	,	1854	None	None
279	по	1856	None	None
280	соглашению	1859	None	None
281	о	1870	None	None
282	капитуляции	1872	None	None
283	,	1883	None	None
284	генерал	1885	coref	1158
285	Дустум	1893	coref	1158
286	якобы	1900	None	None
287	обещал	1906	None	None
288	двум	1913	coref	1169
289	лидерам	1918	coref	1169
290	талибов	1926	coref	1165
291	амнистию	1934	None	None
292	.	1942	None	None
293	Однако	1944	None	None
294	под	1951	None	None
295	давлением	1955	None	None
296	США	1965	coref	1164
297	он	1969	coref	1158
298	был	1972	None	None
299	вынужден	1976	None	None
300	передать	1985	None	None
301	их	1994	coref	1169
302	сотрудникам	1997	None	None
303	ЦРУ	2009	coref	1176
304	.	2012	None	None
305	По	2015	None	None
306	данным	2018	None	None
307	газеты	2025	coref	1168
308	,	2031	None	None
309	под	2033	None	None
310	Кандагаром	2037	coref	1173
311	и	2048	None	None
312	на	2050	None	None
313	авиабазе	2053	None	None
314	Баграм	2062	None	None
315	под	2069	None	None
316	Кабулом	2073	None	None
317	созданы	2081	None	None
318	центры	2089	None	None
319	ЦРУ	2096	coref	1176
320	.	2099	None	None
321	В	2101	None	None
322	спеццентре	2103	None	None
323	под	2114	None	None
324	Кандагаром	2118	coref	1173
325	прибывшие	2129	None	None
326	из	2139	coref	1158
327	США	2142	coref	1164
328	девять	2146	None	None
329	представителей	2153	None	None
330	спецслужб	2168	None	None
331	уже	2178	None	None
332	допрашивают	2182	None	None
333	20	2194	coref	1171
334	талибов	2197	coref	1165
335	и	2205	None	None
336	членов	2207	None	None
337	организации	2214	None	None
338	«	2226	coref	1165
339	Аль	2227	None	None
340	-	2230	coref	1171
341	Каида	2231	None	None
342	»	2236	coref	1165
343	,	2237	None	None
344	сообщает	2239	None	None
345	газета	2248	coref	1168
346	News	2255	coref	1168
347	.	2259	None	None
