	word	start_char	type	chain_id
0	На	0	None	None
1	юго	3	None	None
2	-	6	coref	755
3	востоке	7	None	None
4	Москвы	15	coref	750
5	две	22	coref	751
6	женщины	26	coref	751
7	ранены	34	None	None
8	рухнувшей	41	None	None
9	под	51	None	None
10	тяжестью	55	None	None
11	снега	64	None	None
12	крышей	70	coref	752
13	В	78	None	None
14	Москве	80	coref	750
15	вечером	87	None	None
16	в	95	coref	752
17	понедельник	97	None	None
18	два	109	coref	751
19	человека	113	coref	751
20	ранены	122	None	None
21	на	129	coref	758
22	Андроновском	132	coref	753
23	шоссе	145	coref	753
24	,	150	None	None
25	где	152	coref	753
26	около	156	None	None
27	17	162	None	None
28	:	164	None	None
29	00	165	None	None
30	обрушилась	168	None	None
31	крыша	179	coref	752
32	в	185	coref	752
33	доме	187	coref	752
34	32	192	coref	752
35	«	195	coref	752
36	а	196	coref	752
37	»	197	coref	752
38	,	198	None	None
39	передает	200	None	None
40	агентство	209	coref	755
41	ИТАР	219	coref	755
42	-	223	coref	755
43	ТАСС	224	coref	755
44	.	228	None	None
45	Подробности	231	None	None
46	инцидента	243	None	None
47	пока	253	None	None
48	не	258	None	None
49	приводятся	261	None	None
50	;	271	None	None
51	агентство	273	coref	755
52	сообщает	283	None	None
53	,	291	None	None
54	что	293	None	None
55	сейчас	297	None	None
56	на	304	coref	758
57	месте	307	None	None
58	инцидента	313	None	None
59	,	322	None	None
60	в	324	coref	752
61	Юго	326	None	None
62	-	329	coref	755
63	Восточном	330	None	None
64	административном	340	None	None
65	округе	357	None	None
66	,	363	None	None
67	работают	365	None	None
68	спасатели	374	None	None
69	министерства	384	None	None
70	по	397	None	None
71	чрезвычайным	400	None	None
72	ситуациям	413	None	None
73	.	422	None	None
74	Также	425	None	None
75	известно	431	None	None
76	,	439	None	None
77	что	441	None	None
78	в	445	coref	752
79	здании	447	coref	754
80	,	453	None	None
81	где	455	coref	753
82	упала	459	None	None
83	крыша	465	coref	752
84	,	470	None	None
85	находится	472	None	None
86	лабораторный	482	coref	756
87	склад	495	coref	756
88	,	500	None	None
89	а	502	coref	752
90	раненые	504	coref	751
91	люди	512	coref	751
92	это	517	None	None
93	две	521	coref	751
94	женщины	525	coref	751
95	,	532	None	None
96	работавшие	534	None	None
97	на	545	coref	758
98	складе	548	coref	756
99	.	554	None	None
100	Между	557	None	None
101	тем	563	None	None
102	ранее	567	None	None
103	сегодня	573	None	None
104	в	581	coref	752
105	Москве	583	coref	750
106	уже	590	None	None
107	произошел	594	None	None
108	подобный	604	None	None
109	случай	613	None	None
110	:	619	None	None
111	днем	621	None	None
112	крыша	626	coref	752
113	рухнула	632	None	None
114	в	640	coref	752
115	одном	642	coref	758
116	зданий	648	coref	758
117	завода	655	coref	758
118	«	662	coref	752
119	Техноком	663	coref	758
120	»	671	coref	752
121	на	673	coref	758
122	западе	676	coref	758
123	городе	683	coref	750
124	.	689	None	None
125	В	691	None	None
126	результате	693	None	None
127	один	704	coref	759
128	человек	709	None	None
129	погиб	717	None	None
130	и	723	None	None
131	еще	725	coref	759
132	один	729	coref	759
133	был	734	None	None
134	ранен	738	None	None
135	его	744	coref	759
136	отправили	748	None	None
137	в	758	coref	752
138	больницу	760	None	None
139	с	769	None	None
140	переломом	771	None	None
141	ноги	781	None	None
142	.	785	None	None
143	По	788	None	None
144	словам	791	None	None
145	представителей	798	None	None
146	властей	813	None	None
147	,	820	None	None
148	оба	822	None	None
149	происшествия	826	None	None
150	случились	839	None	None
151	из	849	None	None
152	-	851	coref	755
153	за	852	None	None
154	того	855	None	None
155	,	859	None	None
156	что	861	None	None
157	в	865	coref	752
158	Москве	867	coref	750
159	«	874	coref	752
160	выпало	875	None	None
161	слишком	882	None	None
162	много	890	None	None
163	снега	896	None	None
164	,	901	None	None
165	и	903	None	None
166	старые	905	coref	760
167	крыши	912	coref	760
168	в	918	coref	752
169	двух	920	coref	760
170	зданиях	925	coref	760
171	,	932	None	None
172	судя	934	None	None
173	по	939	None	None
174	всему	942	None	None
175	,	947	None	None
176	не	949	None	None
177	выдержали	952	None	None
178	нагрузки	962	None	None
179	»	970	coref	752
180	.	971	None	None
