	word	start_char	type	chain_id
0	В	0	None	None
1	Москву	2	coref	1625
2	привезут	9	None	None
3	Модильяни	18	coref	1626
4	,	27	None	None
5	Моне	29	coref	1627
6	,	33	None	None
7	Ван	35	coref	1628
8	Гога	39	coref	1628
9	и	44	coref	1630
10	Тулуз	46	coref	1629
11	-	51	coref	1627
12	Лотрека	52	coref	1629
13	Москвичи	61	None	None
14	скоро	70	None	None
15	увидят	76	None	None
16	картины	83	None	None
17	Модильяни	91	coref	1626
18	,	100	None	None
19	Моне	102	coref	1627
20	,	106	None	None
21	Ван	108	coref	1628
22	Гога	112	coref	1628
23	и	117	coref	1630
24	Тулуз	119	coref	1629
25	-	124	coref	1627
26	Лотрека	125	coref	1629
27	из	133	coref	1630
28	белградских	136	None	None
29	собраний	148	None	None
30	.	156	coref	1633
31	Выставка	158	coref	1630
32	европейской	167	coref	1630
33	живописи	179	coref	1630
34	и	188	coref	1630
35	графики	190	coref	1630
36	второй	198	coref	1630
37	половины	205	coref	1630
38	XIX	214	coref	1630
39	-	217	coref	1627
40	XX	218	coref	1630
41	века	221	coref	1630
42	из	226	coref	1630
43	собрания	229	coref	1630
44	Национального	238	coref	1630
45	музея	252	coref	1630
46	Белграда	258	coref	1630
47	под	267	coref	1630
48	названием	271	coref	1630
49	«	281	coref	1630
50	От	282	coref	1630
51	барбизонской	285	coref	1630
52	школы	298	coref	1630
53	до	304	coref	1630
54	классического	307	coref	1630
55	авангарда	321	coref	1630
56	»	330	coref	1630
57	откроется	332	None	None
58	8	342	None	None
59	октября	344	None	None
60	в	352	None	None
61	ГМИИ	354	coref	1633
62	им	359	coref	1633
63	.	361	coref	1633
64	А	363	coref	1633
65	.	364	coref	1633
66	С	365	coref	1633
67	.	366	coref	1633
68	Пушкина	367	coref	1633
69	,	374	None	None
70	сообщили	376	None	None
71	«	385	coref	1630
72	Интерфаксу	386	None	None
73	»	396	coref	1630
74	в	398	None	None
75	пресс	400	None	None
76	-	405	coref	1627
77	службе	406	None	None
78	музея	413	coref	1630
79	в	419	None	None
80	четверг	421	None	None
81	.	428	coref	1633
82	В	431	None	None
83	музее	433	coref	1633
84	рассказали	439	None	None
85	,	449	None	None
86	что	451	None	None
87	отдельные	455	None	None
88	произведения	465	None	None
89	из	478	coref	1630
90	коллекции	481	coref	1631
91	крупнейшего	491	coref	1631
92	музея	503	coref	1630
93	Югославии	509	coref	1631
94	выставлялись	519	None	None
95	в	532	None	None
96	Пушкинском	534	coref	1633
97	и	545	coref	1630
98	в	547	None	None
99	прошлом	549	None	None
100	,	556	None	None
101	но	558	None	None
102	«	561	coref	1630
103	настоящая	562	coref	1630
104	экспозиция	572	coref	1630
105	-	583	coref	1627
106	первая	585	None	None
107	по	592	None	None
108	полноте	595	None	None
109	и	603	coref	1630
110	масштабности	605	None	None
111	попытка	618	None	None
112	представить	626	None	None
113	наиболее	638	None	None
114	яркие	647	None	None
115	и	653	coref	1630
116	известные	655	None	None
117	картины	665	None	None
118	,	672	None	None
119	входящие	674	None	None
120	в	683	None	None
121	ее	685	coref	1631
122	состав	688	None	None
123	»	694	coref	1630
124	.	695	coref	1633
125	«	698	coref	1630
126	Проездом	699	None	None
127	»	707	coref	1630
128	из	709	coref	1630
129	Вены	712	None	None
130	привезут	717	None	None
131	свыше	726	None	None
132	100	732	None	None
133	работ	736	None	None
134	выдающихся	742	None	None
135	мастеров	753	None	None
136	живописи	762	coref	1630
137	,	770	None	None
138	среди	772	None	None
139	которых	778	None	None
140	:	785	None	None
141	Модильяни	787	coref	1626
142	,	796	None	None
143	Ренуар	798	None	None
144	,	804	None	None
145	Моне	806	coref	1627
146	,	810	None	None
147	Ван	812	coref	1628
148	Гог	816	coref	1628
149	,	819	None	None
150	Коро	821	None	None
151	,	825	None	None
152	Дега	827	None	None
153	,	831	None	None
154	Тулуз	833	coref	1629
155	-	838	coref	1627
156	Лотрек	839	coref	1629
157	,	845	None	None
158	Моро	847	None	None
159	и	852	coref	1630
160	другие	854	None	None
161	.	860	coref	1633
162	В	862	None	None
163	экспозиции	864	coref	1630
164	представлены	875	None	None
165	и	888	coref	1630
166	произведения	890	None	None
167	великих	903	None	None
168	русских	911	None	None
169	авангардистов	919	None	None
170	-	933	coref	1627
171	Кандинского	935	None	None
172	,	946	None	None
173	Лисицкого	948	None	None
174	,	957	None	None
175	Архипенко	959	None	None
176	.	968	coref	1633
177	Выставка	970	coref	1630
178	продлится	979	None	None
179	до	989	coref	1630
180	17	992	None	None
181	октября	995	None	None
182	.	1002	coref	1633
183	Напомним	1005	None	None
184	,	1013	None	None
185	что	1015	None	None
186	год	1019	None	None
187	назад	1023	None	None
188	в	1029	None	None
189	Москве	1031	coref	1625
190	выставлялись	1038	None	None
191	45	1051	coref	1634
192	полотен	1054	coref	1634
193	знаменитого	1062	coref	1627
194	французского	1074	coref	1627
195	художника	1087	coref	1627
196	-	1096	coref	1627
197	импрессиониста	1097	coref	1627
198	Клода	1112	coref	1627
199	Моне	1118	coref	1627
200	.	1122	coref	1633
201	Они	1124	coref	1634
202	были	1128	None	None
203	привезены	1133	None	None
204	на	1143	None	None
205	два	1146	None	None
206	месяца	1150	None	None
207	в	1157	None	None
208	столицу	1159	coref	1625
209	из	1167	coref	1630
210	Франции	1170	None	None
211	,	1177	None	None
212	Швейцарии	1179	None	None
213	,	1188	None	None
214	США	1190	None	None
215	.	1193	coref	1633
216	В	1195	None	None
217	экспозиции	1197	coref	1630
218	,	1207	None	None
219	разместившейся	1209	None	None
220	в	1224	None	None
221	залах	1226	None	None
222	ГМИИ	1232	coref	1633
223	им	1237	coref	1633
224	.	1239	coref	1633
225	Пушкина	1241	coref	1633
226	,	1248	None	None
227	были	1250	None	None
228	представлены	1255	None	None
229	картины	1268	None	None
230	Моне	1276	coref	1627
231	из	1281	coref	1630
232	запасников	1284	None	None
233	музея	1295	coref	1630
234	,	1300	None	None
235	составляющие	1302	None	None
236	ядро	1315	None	None
237	выставки	1320	coref	1635
238	,	1328	None	None
239	а	1330	None	None
240	также	1332	None	None
241	холсты	1338	None	None
242	,	1344	None	None
243	привезенные	1346	None	None
244	в	1358	None	None
245	Москву	1360	coref	1625
246	впервые	1367	None	None
247	.	1374	coref	1633
248	И	1376	None	None
249	все	1378	None	None
250	же	1382	None	None
251	российскую	1385	None	None
252	коллекцию	1396	None	None
253	полотен	1406	coref	1634
254	художников	1414	None	None
255	-	1424	coref	1627
256	импрессионистов	1425	None	None
257	специалисты	1441	None	None
258	считают	1453	None	None
259	одной	1461	None	None
260	из	1467	coref	1630
261	лучших	1470	None	None
262	в	1477	None	None
263	мире	1479	None	None
264	.	1483	coref	1633
