	word	start_char	type	chain_id
0	ОПЕК	0	coref	1789
1	избрала	5	None	None
2	генсеком	13	None	None
3	министра	22	coref	1790
4	энергетики	31	coref	1790
5	Венесуэлы	42	coref	1790
6	Альваро	52	coref	1790
7	Сильву	60	coref	1790
8	Министры	68	None	None
9	нефтяной	77	None	None
10	промышленности	86	coref	1790
11	стран	101	coref	1789
12	ОПЕК	107	coref	1789
13	в	112	coref	1793
14	среду	114	None	None
15	на	120	None	None
16	внеочередной	123	None	None
17	конференции	136	None	None
18	в	148	coref	1793
19	Вене	150	coref	1792
20	избрали	155	None	None
21	генеральным	163	None	None
22	секретарем	175	None	None
23	картеля	186	coref	1789
24	министра	194	coref	1790
25	энергетики	203	coref	1790
26	и	214	coref	1790
27	горнорудной	216	coref	1790
28	промышленности	228	coref	1790
29	Венесуэлы	243	coref	1790
30	Альваро	253	coref	1790
31	Сильву	261	coref	1790
32	Кальдерона	268	coref	1790
33	.	278	None	None
34	Об	280	None	None
35	этом	283	None	None
36	сообщил	288	None	None
37	глава	296	coref	1793
38	департамента	302	coref	1793
39	по	315	coref	1793
40	связям	318	coref	1793
41	с	325	coref	1793
42	прессой	327	coref	1793
43	секретариата	335	coref	1793
44	ОПЕК	348	coref	1789
45	в	353	coref	1793
46	Вене	355	coref	1792
47	Абдуррахман	360	coref	1793
48	аль	372	coref	1793
49	-	375	coref	1793
50	Харейджи	376	coref	1793
51	,	384	None	None
52	передает	386	None	None
53	Интерфакс	395	None	None
54	»	404	None	None
55	.	405	None	None
56	Президент	408	None	None
57	Венесуэлы	418	coref	1790
58	Уго	428	None	None
59	Чавес	432	None	None
60	в	438	coref	1793
61	апреле	440	None	None
62	назначил	447	None	None
63	генсека	456	coref	1793
64	ОПЕК	464	coref	1789
65	Али	469	coref	1793
66	Родригеса	473	coref	1793
67	президентом	483	None	None
68	национальной	495	None	None
69	нефтегазовой	508	None	None
70	компании	521	None	None
71	PdVSA	530	None	None
72	.	535	None	None
73	Имя	537	None	None
74	преемника	541	None	None
75	Родригеса	551	coref	1793
76	на	561	None	None
77	посту	564	None	None
78	главы	570	None	None
79	ОПЕК	576	coref	1789
80	до	581	None	None
81	последнего	584	None	None
82	дня	595	None	None
83	оставалось	599	None	None
84	в	610	coref	1793
85	секрете	612	None	None
86	.	619	None	None
87	На	622	None	None
88	конференции	625	None	None
89	также	637	None	None
90	было	643	None	None
91	принято	648	None	None
92	решение	656	None	None
93	оставить	664	None	None
94	неизменными	673	None	None
95	квоты	685	None	None
96	на	691	None	None
97	добычу	694	None	None
98	нефти	701	coref	1795
99	на	707	None	None
100	весь	710	None	None
101	III	715	None	None
102	квартал	719	None	None
103	текущего	727	None	None
104	года	736	None	None
105	.	740	None	None
106	Квоты	742	None	None
107	могут	748	None	None
108	быть	754	None	None
109	пересмотрены	759	None	None
110	на	772	None	None
111	очередной	775	None	None
112	конференции	785	None	None
113	картеля	797	coref	1789
114	,	804	None	None
115	намеченной	806	None	None
116	на	817	None	None
117	18	820	None	None
118	сентября	823	None	None
119	.	831	None	None
120	С	834	None	None
121	1	836	None	None
122	января	838	None	None
123	2002	845	None	None
124	года	850	None	None
125	общая	855	None	None
126	квота	861	None	None
127	стран	867	coref	1789
128	ОПЕК	873	coref	1789
129	,	877	None	None
130	за	879	None	None
131	исключением	882	None	None
132	Ирака	894	coref	1794
133	,	899	None	None
134	составляет	901	None	None
135	21	912	None	None
136	,	914	None	None
137	7	915	None	None
138	млн	917	None	None
139	.	920	None	None
140	баррелей	922	None	None
141	в	931	coref	1793
142	сутки	933	None	None
143	.	938	None	None
144	Представитель	941	coref	1793
145	картеля	955	coref	1789
146	также	963	None	None
147	напомнил	969	None	None
148	,	977	None	None
149	что	979	None	None
150	21	983	None	None
151	-	985	coref	1793
152	23	986	None	None
153	сентября	989	None	None
154	текущего	998	None	None
155	года	1007	None	None
156	в	1012	coref	1793
157	Осаке	1014	None	None
158	пройдет	1020	None	None
159	совещание	1028	coref	1795
160	с	1038	coref	1793
161	участием	1040	coref	1795
162	представителей	1049	coref	1795
163	стран	1064	coref	1789
164	-	1069	coref	1793
165	потребителей	1070	coref	1795
166	и	1083	coref	1790
167	производителей	1085	coref	1795
168	нефти	1100	coref	1795
169	,	1105	None	None
170	на	1107	None	None
171	котором	1110	coref	1795
172	будет	1118	None	None
173	обсуждаться	1124	None	None
174	вопрос	1136	None	None
175	цен	1143	None	None
176	и	1147	coref	1790
177	поставок	1149	None	None
178	сырья	1158	None	None
179	на	1164	None	None
180	рынок	1167	None	None
181	.	1172	None	None
