	word	start_char	type	chain_id
0	Среди	0	None	None
1	захваченных	6	coref	2063
2	заложников	18	coref	2063
3	есть	29	None	None
4	иностранцы	34	None	None
5	3	45	coref	2064
6	немца	47	coref	2064
7	и	53	None	None
8	3	55	coref	2064
9	британца	57	coref	2065
10	.	65	None	None
11	Среди	67	None	None
12	них	73	coref	2066
13	-	77	None	None
14	школьница	79	coref	2067
15	Трое	90	coref	2065
16	граждан	95	coref	2063
17	Великобритании	103	coref	2065
18	находятся	118	None	None
19	в	128	None	None
20	числе	130	None	None
21	граждан	136	coref	2063
22	,	143	None	None
23	захваченных	145	coref	2063
24	в	157	None	None
25	заложники	159	None	None
26	террористами	169	coref	2069
27	в	182	None	None
28	Москве	184	coref	2070
29	.	190	None	None
30	Об	192	None	None
31	этом	195	None	None
32	факте	200	None	None
33	сообщил	206	None	None
34	сегодня	214	None	None
35	ИТАР	222	None	None
36	-	226	None	None
37	ТАСС	227	None	None
38	официальный	232	None	None
39	представитель	244	coref	2073
40	МИД	258	coref	2073
41	Великобритании	262	coref	2065
42	,	276	None	None
43	отметив	278	None	None
44	,	285	None	None
45	что	287	None	None
46	более	291	None	None
47	точными	297	None	None
48	данными	305	None	None
49	не	313	None	None
50	располагает	316	None	None
51	.	327	None	None
52	По	330	None	None
53	данным	333	None	None
54	на	340	None	None
55	2	343	None	None
56	.	344	None	None
57	30	345	None	None
58	,	347	None	None
59	среди	349	None	None
60	заложников	355	coref	2063
61	,	365	None	None
62	удерживаемых	367	None	None
63	террористами	380	coref	2069
64	в	393	None	None
65	здании	395	None	None
66	московского	402	None	None
67	Театрального	414	None	None
68	центра	427	None	None
69	на	434	None	None
70	Дубровке	437	None	None
71	,	445	None	None
72	есть	447	None	None
73	также	452	None	None
74	3	458	coref	2064
75	гражданина	460	coref	2064
76	Германии	471	coref	2064
77	.	479	None	None
78	Об	481	None	None
79	этом	484	None	None
80	РИА	489	coref	2072
81	«	493	coref	2072
82	Новости	494	coref	2072
83	»	501	coref	2072
84	сообщил	503	None	None
85	представитель	511	coref	2073
86	германского	525	coref	2073
87	МИД	537	coref	2073
88	.	540	None	None
89	По	543	None	None
90	его	546	coref	2073
91	словам	550	None	None
92	,	556	None	None
93	в	558	None	None
94	Берлине	560	coref	2071
95	с	568	None	None
96	обеспокоенностью	570	None	None
97	следят	587	None	None
98	за	594	None	None
99	развитием	597	None	None
100	ситуации	607	None	None
101	с	616	None	None
102	заложниками	618	coref	2063
103	.	629	None	None
104	К	631	None	None
105	этой	633	None	None
106	работе	638	None	None
107	подключено	645	None	None
108	также	656	None	None
109	посольство	662	None	None
110	ФРГ	673	coref	2071
111	в	677	None	None
112	Москве	679	coref	2070
113	.	685	None	None
114	По	688	None	None
115	предварительной	691	None	None
116	информации	707	None	None
117	,	717	None	None
118	среди	719	None	None
119	заложников	725	coref	2063
120	есть	736	None	None
121	одна	741	coref	2067
122	немецкая	746	coref	2067
123	школьница	755	coref	2067
124	.	764	None	None
125	Она	766	coref	2067
126	позвонила	770	None	None
127	по	780	None	None
128	мобильному	783	None	None
129	телефону	794	None	None
130	родным	803	None	None
131	в	810	None	None
132	Германию	812	coref	2071
133	и	821	None	None
134	сообщила	823	None	None
135	,	831	None	None
136	что	833	None	None
137	с	837	None	None
138	ней	839	coref	2067
139	все	843	None	None
140	в	847	None	None
141	порядке	849	None	None
142	.	856	None	None
143	Кельнская	859	None	None
144	радиостанции	869	None	None
145	«	882	coref	2072
146	Немецкая	883	None	None
147	волна	892	None	None
148	»	897	coref	2072
149	сообщает	899	None	None
150	о	908	None	None
151	«	910	coref	2072
152	пожелавшем	911	None	None
153	остаться	922	None	None
154	неназванным	931	None	None
155	предпринимателе	943	coref	2074
156	,	958	None	None
157	который	960	coref	2074
158	поддерживает	968	None	None
159	постоянный	981	None	None
160	телефонный	992	None	None
161	контакт	1003	None	None
162	с	1011	None	None
163	сыном	1013	None	None
164	-	1019	None	None
165	сотрудником	1021	None	None
166	германо	1033	None	None
167	-	1040	None	None
168	швейцарской	1041	None	None
169	фирмы	1053	None	None
170	,	1058	None	None
171	находящимся	1060	None	None
172	в	1072	None	None
173	зале	1074	None	None
174	»	1078	coref	2072
175	.	1079	None	None
176	В	1082	None	None
177	свою	1084	None	None
178	очередь	1089	None	None
179	,	1096	None	None
180	представитель	1098	coref	2073
181	ведомства	1112	None	None
182	печати	1122	None	None
183	и	1129	None	None
184	информации	1131	None	None
185	правительства	1142	None	None
186	ФРГ	1156	coref	2071
187	сообщил	1160	None	None
188	РИА	1168	coref	2072
189	«	1172	coref	2072
190	Новости	1173	coref	2072
191	»	1180	coref	2072
192	,	1181	None	None
193	что	1183	None	None
194	канцлер	1187	None	None
195	Герхард	1195	None	None
196	Шредер	1203	None	None
197	и	1210	None	None
198	министр	1212	None	None
199	иностранных	1220	None	None
200	дел	1232	None	None
201	Йошка	1236	None	None
202	Фишер	1242	None	None
203	были	1248	None	None
204	незамедлительно	1253	None	None
205	проинформированы	1269	None	None
206	о	1286	None	None
207	драме	1288	None	None
208	с	1294	None	None
209	захватом	1296	None	None
210	заложников	1305	coref	2063
211	в	1316	None	None
212	Москве	1318	coref	2070
213	.	1324	None	None
