	word	start_char	type	chain_id
0	Российские	0	coref	1857
1	ученые	11	coref	1857
2	нашли	18	None	None
3	способ	24	None	None
4	напоить	31	None	None
5	Африку	39	coref	1858
6	Российские	47	coref	1857
7	ученые	58	coref	1857
8	открыли	65	None	None
9	в	73	coref	1860
10	пустыне	75	None	None
11	Сахара	83	None	None
12	полноводную	90	coref	1859
13	подземную	102	coref	1859
14	реку	112	coref	1859
15	.	116	None	None
16	Об	118	None	None
17	этом	121	None	None
18	заявил	126	None	None
19	заместитель	133	coref	1860
20	главы	145	coref	1860
21	представительства	151	coref	1860
22	в	169	coref	1860
23	Москве	171	coref	1860
24	Института	178	coref	1860
25	геоинформационного	188	coref	1860
26	анализа	207	coref	1860
27	Земли	215	coref	1860
28	Анатолий	221	coref	1860
29	Пучко	230	coref	1860
30	.	235	None	None
31	«	238	None	None
32	Группа	239	coref	1857
33	российских	246	coref	1857
34	ученых	257	coref	1857
35	по	264	None	None
36	просьбе	267	None	None
37	правительства	275	coref	1861
38	Мавритании	289	coref	1861
39	(	300	None	None
40	Cеверная	301	coref	1863
41	Африка	310	coref	1863
42	)	316	None	None
43	провела	318	None	None
44	на	326	None	None
45	территории	329	None	None
46	этой	340	coref	1862
47	старны	345	coref	1862
48	поиск	352	None	None
49	подземных	358	None	None
50	запасов	368	None	None
51	пресной	376	None	None
52	воды	384	None	None
53	,	388	None	None
54	-	390	None	None
55	сообщил	392	None	None
56	он	400	coref	1860
57	в	403	coref	1860
58	интервью	405	None	None
59	РИА	414	None	None
60	«	418	None	None
61	Новости	419	None	None
62	»	426	None	None
63	.	427	None	None
64	-	429	None	None
65	При	431	None	None
66	этом	435	None	None
67	был	440	None	None
68	использован	444	None	None
69	новый	456	None	None
70	метод	462	None	None
71	геологической	468	None	None
72	разведки	482	None	None
73	с	491	None	None
74	использованием	493	None	None
75	съемок	508	None	None
76	с	515	None	None
77	космических	517	None	None
78	аппаратов	529	None	None
79	»	538	None	None
80	.	539	None	None
81	По	541	None	None
82	словам	544	None	None
83	Пучко	551	coref	1860
84	,	556	None	None
85	эта	558	coref	1857
86	группа	562	coref	1857
87	совершенно	569	None	None
88	точно	580	None	None
89	указала	586	None	None
90	место	594	None	None
91	необходимого	600	None	None
92	бурения	613	None	None
93	.	620	None	None
94	Бурение	622	None	None
95	первой	630	None	None
96	же	637	None	None
97	скважины	640	None	None
98	в	649	coref	1860
99	июле	651	None	None
100	текущего	656	None	None
101	года	665	None	None
102	привело	670	None	None
103	к	678	None	None
104	открытию	680	None	None
105	подземного	689	coref	1859
106	водоисточника	700	coref	1859
107	на	714	None	None
108	глубине	717	coref	1864
109	всего	725	None	None
110	в	731	coref	1860
111	30	733	None	None
112	метров	736	None	None
113	.	742	None	None
114	Российские	745	coref	1857
115	геологи	756	coref	1857
116	предложили	764	None	None
117	коллегам	775	coref	1861
118	из	784	coref	1861
119	Мавритании	787	coref	1861
120	продолжить	798	None	None
121	буровые	809	None	None
122	работы	817	None	None
123	,	823	None	None
124	так	825	None	None
125	как	829	None	None
126	по	833	None	None
127	их	836	coref	1857
128	прогнозным	839	None	None
129	данным	850	None	None
130	и	857	None	None
131	расчетам	859	None	None
132	на	868	None	None
133	глубине	871	coref	1864
134	250	879	coref	1864
135	м	883	coref	1864
136	,	884	None	None
137	под	886	None	None
138	щитом	890	None	None
139	твердых	896	None	None
140	вулканических	904	None	None
141	пород	918	None	None
142	,	923	None	None
143	проходит	925	None	None
144	значительно	934	None	None
145	более	946	None	None
146	мощный	952	None	None
147	водный	959	None	None
148	поток	966	None	None
149	.	971	None	None
150	Сломав	974	None	None
151	три	981	None	None
152	алмазных	985	None	None
153	бура	994	None	None
154	,	998	None	None
155	мавританские	1000	coref	1861
156	геологи	1013	coref	1857
157	проникли	1021	None	None
158	на	1030	None	None
159	эту	1033	coref	1864
160	глубину	1037	coref	1864
161	и	1045	None	None
162	были	1047	None	None
163	ошеломлены	1052	None	None
164	открытием	1063	None	None
165	нового	1073	coref	1859
166	водного	1080	coref	1859
167	потока	1088	coref	1859
168	колоссальной	1095	coref	1859
169	мощности	1108	coref	1859
170	.	1116	None	None
171	По	1118	None	None
172	словам	1121	None	None
173	Пучко	1128	coref	1860
174	,	1133	None	None
175	начальный	1135	None	None
176	напор	1145	None	None
177	воды	1151	None	None
178	на	1156	None	None
179	скважине	1159	coref	1865
180	составил	1168	None	None
181	32	1177	None	None
182	тыс	1180	None	None
183	.	1183	None	None
184	литров	1185	None	None
185	в	1192	coref	1860
186	час	1194	None	None
187	,	1197	None	None
188	то	1199	None	None
189	есть	1202	None	None
190	более	1207	None	None
191	0	1213	None	None
192	,	1214	None	None
193	5	1215	None	None
194	т	1217	None	None
195	в	1219	coref	1860
196	минуту	1221	None	None
197	.	1227	None	None
198	Одна	1229	coref	1865
199	эта	1234	coref	1857
200	скважина	1238	coref	1865
201	способна	1247	None	None
202	снабдить	1256	None	None
203	расположенный	1265	None	None
204	рядом	1279	None	None
205	50	1285	None	None
206	-	1287	None	None
207	тысячный	1288	None	None
208	город	1297	None	None
209	Атар	1303	None	None
210	.	1307	None	None
211	Пучко	1310	coref	1860
212	отметил	1316	None	None
213	,	1323	None	None
214	что	1325	None	None
215	«	1329	None	None
216	ноу	1330	None	None
217	-	1333	None	None
218	хау	1334	None	None
219	»	1337	None	None
220	российских	1339	coref	1857
221	геологов	1350	coref	1857
222	по	1359	None	None
223	эффективному	1362	None	None
224	поиску	1375	None	None
225	сырьевых	1382	None	None
226	запасов	1391	None	None
227	и	1399	None	None
228	водных	1401	None	None
229	ресурсов	1408	None	None
230	будет	1417	None	None
231	использовано	1423	None	None
232	в	1436	coref	1860
233	ЮАР	1438	coref	1866
234	,	1441	None	None
235	в	1443	coref	1860
236	Объединенных	1445	None	None
237	Арабских	1458	None	None
238	Эмиратах	1467	None	None
239	,	1475	None	None
240	в	1477	coref	1860
241	Корее	1479	None	None
242	и	1485	None	None
243	других	1487	None	None
244	странах	1494	None	None
245	.	1501	None	None
