	word	start_char	type	chain_id
0	Компания	0	coref	2736
1	Boeing	9	coref	2736
2	занялась	16	None	None
3	исследованиями	25	None	None
4	антигравитации	40	None	None
5	Boeing	56	coref	2736
6	-	63	coref	2736
7	крупнейший	65	coref	2736
8	мировой	76	coref	2736
9	производитель	84	coref	2736
10	самолетов	98	coref	2736
11	-	108	coref	2736
12	стал	110	None	None
13	очередной	115	coref	2737
14	организацией	125	coref	2737
15	,	137	None	None
16	которая	139	coref	2737
17	заявила	147	None	None
18	о	155	None	None
19	своей	157	coref	2737
20	заинтересованности	163	None	None
21	в	182	None	None
22	изучении	184	None	None
23	спорного	193	None	None
24	явления	202	coref	2738
25	антигравитации	210	None	None
26	.	224	None	None
27	Большинство	227	None	None
28	ученых	239	None	None
29	считают	246	None	None
30	,	253	None	None
31	что	255	None	None
32	антигравитация	259	None	None
33	-	274	coref	2736
34	это	276	None	None
35	всего	280	None	None
36	лишь	286	None	None
37	вымысел	291	None	None
38	,	298	None	None
39	но	300	None	None
40	потенциальные	303	coref	2738
41	выгоды	317	coref	2738
42	революционных	324	coref	2738
43	возможностей	338	coref	2738
44	этого	351	coref	2738
45	явления	357	coref	2738
46	настолько	365	None	None
47	велики	375	None	None
48	,	381	None	None
49	что	383	None	None
50	пренебречь	387	None	None
51	ими	398	coref	2738
52	невозможно	402	None	None
53	.	412	None	None
54	Если	415	None	None
55	сила	420	None	None
56	антигравитации	425	None	None
57	сможет	440	None	None
58	поднять	447	None	None
59	космический	455	None	None
60	корабль	467	None	None
61	,	474	None	None
62	то	476	None	None
63	ракетный	479	None	None
64	реактивный	488	None	None
65	двигатель	499	None	None
66	уйдет	509	None	None
67	в	515	None	None
68	историю	517	None	None
69	.	524	None	None
70	Для	526	None	None
71	того	530	None	None
72	,	534	None	None
73	чтобы	536	None	None
74	ракета	542	coref	2739
75	оторвалась	549	None	None
76	от	560	None	None
77	земли	563	None	None
78	,	568	None	None
79	достаточно	570	None	None
80	будет	581	None	None
81	ее	587	coref	2739
82	чуть	590	None	None
83	-	594	coref	2736
84	чуть	595	None	None
85	подтолкнуть	600	None	None
86	,	611	None	None
87	пишет	613	None	None
88	The	619	coref	2740
89	Telegraph	623	coref	2740
90	,	632	None	None
91	статью	634	coref	2746
92	которой	641	coref	2740
93	публикует	649	None	None
94	сегодня	659	None	None
95	Inopressa	667	None	None
96	.	676	None	None
97	Журнал	679	None	None
98	Jane	686	None	None
99	'	690	None	None
100	s	691	None	None
101	Defence	693	None	None
102	Weekly	701	None	None
103	сообщил	708	None	None
104	о	716	None	None
105	проекте	718	coref	2741
106	Phantom	726	coref	2741
107	Works	734	coref	2741
108	,	739	None	None
109	над	741	None	None
110	которым	745	coref	2741
111	Boeing	753	coref	2736
112	работает	760	None	None
113	в	769	None	None
114	Сиэтле	771	None	None
115	в	778	None	None
116	рамках	780	None	None
117	одной	787	None	None
118	из	793	coref	2747
119	своих	796	coref	2736
120	самых	802	None	None
121	секретных	808	None	None
122	программ	818	None	None
123	.	826	None	None
124	Phantom	828	coref	2741
125	Works	836	coref	2741
126	-	842	coref	2736
127	очередная	844	coref	2742
128	попытка	854	coref	2742
129	победить	862	coref	2742
130	силы	871	coref	2742
131	гравитации	876	coref	2742
132	,	886	None	None
133	о	888	None	None
134	которой	890	coref	2740
135	стало	898	None	None
136	известно	904	None	None
137	широкой	913	None	None
138	общественности	921	None	None
139	.	935	None	None
140	Оборонное	938	None	None
141	подразделение	948	None	None
142	британской	962	coref	2743
143	компании	973	coref	2743
144	BAe	982	coref	2743
145	Systems	986	coref	2743
146	тоже	994	None	None
147	ведет	999	None	None
148	исследования	1005	None	None
149	в	1018	None	None
150	области	1020	None	None
151	антигравитации	1028	None	None
152	эта	1043	None	None
153	программа	1047	None	None
154	называется	1057	None	None
155	Project	1068	None	None
156	Greenglow	1076	None	None
157	.	1085	None	None
158	В	1087	None	None
159	настоящее	1089	None	None
160	время	1099	None	None
161	работы	1105	None	None
162	прекращены	1112	None	None
163	,	1122	None	None
164	но	1124	None	None
165	сообщается	1127	None	None
166	,	1137	None	None
167	что	1139	None	None
168	Bae	1143	coref	2743
169	не	1147	None	None
170	утратила	1150	None	None
171	интерес	1159	None	None
172	к	1167	None	None
173	идеям	1169	None	None
174	антигравитации	1175	None	None
175	.	1189	None	None
176	NASA	1192	coref	2744
177	тоже	1197	None	None
178	занимается	1202	None	None
179	исследованиями	1213	None	None
180	этого	1228	coref	2738
181	явления	1234	coref	2738
182	.	1241	None	None
183	В	1244	None	None
184	1992	1246	None	None
185	г	1251	None	None
186	.	1252	None	None
187	российский	1254	coref	2745
188	исследователь	1265	coref	2745
189	Евгений	1279	coref	2745
190	Подклетнов	1287	coref	2745
191	опубликовал	1298	None	None
192	в	1310	None	None
193	малоизвестном	1312	None	None
194	журнале	1326	None	None
195	Physica	1334	None	None
196	-	1341	coref	2736
197	C	1342	None	None
198	статью	1344	coref	2746
199	,	1350	None	None
200	в	1352	None	None
201	которой	1354	coref	2740
202	сообщил	1362	None	None
203	,	1369	None	None
204	что	1371	None	None
205	ему	1375	coref	2745
206	удалось	1379	None	None
207	избавить	1387	None	None
208	некую	1396	None	None
209	область	1402	None	None
210	пространства	1410	None	None
211	от	1423	None	None
212	сил	1426	None	None
213	гравитации	1430	coref	2742
214	.	1440	None	None
215	Для	1443	None	None
216	этого	1447	coref	2738
217	он	1453	coref	2745
218	использовал	1456	None	None
219	охлажденное	1468	coref	2747
220	намагниченное	1480	coref	2747
221	кольцо	1494	coref	2747
222	-	1500	coref	2736
223	диск	1501	coref	2747
224	из	1506	coref	2747
225	сверхпроводящего	1509	coref	2747
226	керамического	1526	coref	2747
227	материала	1540	coref	2747
228	.	1549	None	None
229	Подклетов	1552	coref	2745
230	пропускал	1562	None	None
231	импульсный	1572	None	None
232	электрический	1583	None	None
233	ток	1597	None	None
234	через	1601	None	None
235	провода	1607	None	None
236	вокруг	1615	None	None
237	кольца	1622	coref	2747
238	-	1628	coref	2736
239	диска	1629	coref	2747
240	.	1634	None	None
241	Вес	1636	None	None
242	любого	1640	None	None
243	объекта	1647	None	None
244	,	1654	None	None
245	размещенного	1656	None	None
246	над	1669	None	None
247	вращающимся	1673	coref	2747
248	кольцом	1685	coref	2747
249	,	1692	None	None
250	уменьшался	1694	None	None
251	на	1705	None	None
252	два	1708	None	None
253	процента	1712	None	None
254	.	1720	None	None
255	Чем	1723	None	None
256	быстрее	1727	None	None
257	вращался	1735	None	None
258	диск	1744	coref	2747
259	,	1748	None	None
260	тем	1750	None	None
261	меньше	1754	None	None
262	становилась	1761	None	None
263	сила	1773	None	None
264	гравитации	1778	coref	2742
265	.	1788	None	None
266	В	1791	None	None
267	1997	1793	None	None
268	г	1798	None	None
269	.	1799	None	None
270	ученые	1801	None	None
271	NASA	1808	coref	2744
272	в	1813	None	None
273	Алабаме	1815	None	None
274	безуспешно	1823	None	None
275	пытались	1834	None	None
276	повторить	1843	None	None
277	этот	1853	None	None
278	эксперимент	1858	None	None
279	.	1869	None	None
280	В	1872	None	None
281	настоящее	1874	None	None
282	время	1884	None	None
283	аэрокосмическое	1890	coref	2744
284	агентство	1906	coref	2744
285	пытается	1916	None	None
286	воссоздать	1925	None	None
287	копию	1936	None	None
288	аппарата	1942	None	None
289	Подклетова	1951	coref	2745
290	.	1961	None	None
