	word	start_char	type	chain_id
0	Нигерийцы	0	coref	2467
1	боятся	10	None	None
2	мести	17	None	None
3	Йозефа	23	coref	2468
4	Блаттера	30	coref	2468
5	Руководство	40	coref	2467
6	Федерации	52	coref	2467
7	футбола	62	coref	2467
8	Нигерии	70	coref	2467
9	(	78	None	None
10	ФФН	79	coref	2467
11	)	82	None	None
12	всерьез	84	None	None
13	опасается	92	None	None
14	«	102	None	None
15	благодарности	103	None	None
16	»	116	None	None
17	президента	118	coref	2468
18	ФИФА	129	coref	2468
19	Йозефа	134	coref	2468
20	Блаттера	141	coref	2468
21	после	150	None	None
22	того	156	None	None
23	,	160	None	None
24	как	162	None	None
25	в	166	None	None
26	минувшие	168	None	None
27	выходные	177	None	None
28	дни	186	None	None
29	эта	190	coref	2470
30	африканская	194	coref	2470
31	страна	206	coref	2470
32	оказала	213	None	None
33	весьма	221	None	None
34	«	228	None	None
35	гостеприимный	229	None	None
36	»	242	None	None
37	прием	244	None	None
38	самому	250	coref	2468
39	высокопоставленному	257	coref	2468
40	футбольному	277	coref	2468
41	функционеру	289	coref	2468
42	.	300	None	None
43	По	302	None	None
44	данным	305	None	None
45	ИТАР	312	None	None
46	-	316	None	None
47	ТАСС	317	None	None
48	,	321	None	None
49	власти	323	None	None
50	не	330	None	None
51	дали	333	None	None
52	разрешения	338	None	None
53	на	349	None	None
54	посадку	352	None	None
55	самолета	360	None	None
56	президента	369	coref	2468
57	ФИФА	380	coref	2468
58	.	384	None	None
59	Как	387	None	None
60	известно	391	None	None
61	,	399	None	None
62	очень	401	None	None
63	скоро	407	None	None
64	предстоят	413	None	None
65	выборы	423	None	None
66	президента	430	coref	2468
67	ФИФА	441	coref	2468
68	.	445	None	None
69	В	447	None	None
70	борьбе	449	None	None
71	за	456	None	None
72	этот	459	None	None
73	пост	464	None	None
74	главными	469	None	None
75	претендентами	478	None	None
76	считаются	492	None	None
77	действующий	502	coref	2468
78	президент	514	coref	2468
79	и	524	None	None
80	глава	526	coref	2472
81	Африканской	532	coref	2472
82	конфедерации	544	coref	2472
83	футбола	557	coref	2467
84	камерунец	565	coref	2472
85	Исса	575	coref	2472
86	Хайяту	580	coref	2472
87	.	586	None	None
88	Оба	588	coref	2473
89	они	592	coref	2473
90	сейчас	596	None	None
91	колесят	603	None	None
92	по	611	None	None
93	миру	614	None	None
94	,	618	None	None
95	стремясь	620	None	None
96	заручиться	629	None	None
97	поддержкой	640	None	None
98	национальных	651	None	None
99	федераций	664	None	None
100	перед	674	None	None
101	предстоящим	680	None	None
102	голосованием	692	None	None
103	.	704	None	None
104	Хайяту	706	coref	2472
105	уже	713	None	None
106	побывал	717	None	None
107	в	725	None	None
108	Нигерии	727	coref	2467
109	,	734	None	None
110	которая	736	coref	2470
111	на	744	None	None
112	самом	747	None	None
113	высоком	753	None	None
114	уровне	761	None	None
115	заявила	768	None	None
116	о	776	None	None
117	поддержке	778	None	None
118	его	788	coref	2468
119	кандидатуры	792	None	None
120	.	803	None	None
121	«	806	None	None
122	Блаттер	807	coref	2468
123	все	815	None	None
124	еще	819	None	None
125	является	823	None	None
126	президентом	832	None	None
127	ФИФА	844	coref	2468
128	,	848	None	None
129	-	850	None	None
130	отметил	852	None	None
131	в	860	None	None
132	заявлении	862	None	None
133	для	872	None	None
134	прессы	876	None	None
135	один	883	None	None
136	из	888	None	None
137	руководителей	891	None	None
138	ФФН	905	coref	2467
139	Амуджу	909	None	None
140	Пинник	916	None	None
141	.	922	None	None
142	-	924	None	None
143	Международная	926	coref	2471
144	федерация	940	coref	2471
145	финансирует	950	None	None
146	колоссальные	962	None	None
147	проекты	975	None	None
148	в	983	None	None
149	большинстве	985	None	None
150	развивающихся	997	None	None
151	стран	1011	None	None
152	.	1016	None	None
153	Из	1018	None	None
154	-	1020	None	None
155	за	1021	None	None
156	нашего	1024	coref	2470
157	приема	1031	None	None
158	мы	1038	coref	2470
159	рискуем	1041	None	None
160	лишиться	1049	None	None
161	этого	1058	None	None
162	»	1063	None	None
163	.	1064	None	None
164	«	1066	None	None
165	Именно	1067	None	None
166	Блаттер	1074	coref	2468
167	сделал	1082	None	None
168	возможным	1089	None	None
169	проведение	1099	None	None
170	в	1110	None	None
171	Нигерии	1112	coref	2467
172	в	1120	None	None
173	1999	1122	None	None
174	году	1127	None	None
175	чемпионата	1132	coref	2475
176	мира	1143	coref	2475
177	по	1148	None	None
178	футболу	1151	None	None
179	среди	1159	None	None
180	юниоров	1165	None	None
181	.	1172	None	None
182	И	1174	None	None
183	смотрите	1176	None	None
184	,	1184	None	None
185	как	1186	None	None
186	мы	1190	coref	2470
187	его	1193	coref	2468
188	за	1197	None	None
189	это	1200	None	None
190	отблагодарили	1204	None	None
191	»	1217	None	None
192	,	1218	None	None
193	-	1220	None	None
194	заметил	1222	None	None
195	другой	1230	None	None
196	представитель	1237	None	None
197	ФФН	1251	coref	2467
198	.	1254	None	None
199	Со	1257	None	None
200	своей	1260	None	None
201	стороны	1266	None	None
202	,	1273	None	None
203	президент	1275	coref	2468
204	ФФН	1285	coref	2467
205	Доминик	1289	coref	2474
206	Онейя	1297	coref	2474
207	заявил	1303	None	None
208	,	1309	None	None
209	что	1311	None	None
210	уже	1315	None	None
211	после	1319	None	None
212	инцидента	1325	None	None
213	связался	1335	None	None
214	по	1344	None	None
215	телефону	1347	None	None
216	с	1356	None	None
217	Блаттером	1358	coref	2468
218	.	1367	None	None
219	По	1369	None	None
220	его	1372	coref	2468
221	словам	1376	None	None
222	,	1382	None	None
223	президент	1384	coref	2468
224	ФИФА	1394	coref	2468
225	выразил	1399	None	None
226	сожаление	1407	None	None
227	в	1417	None	None
228	связи	1419	None	None
229	с	1425	None	None
230	тем	1427	None	None
231	,	1430	None	None
232	что	1432	None	None
233	его	1436	coref	2468
234	попытка	1440	None	None
235	встретиться	1448	None	None
236	с	1460	None	None
237	руководством	1462	coref	2467
238	ФФН	1475	coref	2467
239	провалилась	1479	None	None
240	.	1490	None	None
241	Тем	1492	None	None
242	не	1496	None	None
243	менее	1499	None	None
244	,	1504	None	None
245	он	1506	coref	2468
246	пообещал	1509	None	None
247	посетить	1518	None	None
248	Нигерию	1527	coref	2470
249	еще	1535	None	None
250	до	1539	None	None
251	начала	1542	None	None
252	чемпионата	1549	coref	2475
253	мира	1560	coref	2475
254	2002	1565	coref	2475
255	года	1570	coref	2475
256	,	1574	None	None
257	финалистом	1576	None	None
258	которого	1587	coref	2475
259	является	1596	None	None
260	сборная	1605	None	None
261	этой	1613	coref	2470
262	страны	1618	coref	2470
263	.	1624	None	None
