	word	start_char	type	chain_id
0	Москва	0	coref	1732
1	собирает	7	None	None
2	инвесторов	16	coref	1734
3	для	27	None	None
4	строительства	31	None	None
5	«	45	coref	1733
6	Сити	46	coref	1733
7	»	50	coref	1733
8	В	53	None	None
9	2003	55	None	None
10	году	60	None	None
11	закончится	65	None	None
12	формирование	76	None	None
13	международного	89	coref	1733
14	финансово	104	coref	1734
15	-	113	coref	1734
16	банковского	114	coref	1734
17	пула	126	coref	1734
18	,	130	coref	1735
19	который	132	coref	1734
20	привлечет	140	None	None
21	деньги	150	None	None
22	на	157	None	None
23	освоение	160	None	None
24	и	169	None	None
25	строительство	171	None	None
26	Московского	185	coref	1733
27	международного	197	coref	1733
28	делового	212	coref	1733
29	центра	221	coref	1733
30	«	228	coref	1733
31	Сити	229	coref	1733
32	»	233	coref	1733
33	.	234	coref	1737
34	Как	237	None	None
35	сообщает	241	None	None
36	«	250	coref	1733
37	Интерфакс	251	None	None
38	»	260	coref	1733
39	,	261	coref	1735
40	об	263	None	None
41	этом	266	None	None
42	заявил	271	None	None
43	в	278	coref	1735
44	пятницу	280	None	None
45	заместитель	288	coref	1735
46	мэра	300	coref	1735
47	в	305	coref	1735
48	правительстве	307	coref	1735
49	Москвы	321	coref	1732
50	,	327	coref	1735
51	руководитель	329	coref	1735
52	департамента	342	coref	1735
53	внешних	355	coref	1735
54	связей	363	coref	1735
55	Иосиф	370	coref	1735
56	Орджоникидзе	376	coref	1735
57	,	388	coref	1735
58	выступая	390	None	None
59	на	399	None	None
60	форуме	402	None	None
61	«	409	coref	1733
62	Москва	410	coref	1732
63	-	416	coref	1734
64	Инвест	417	None	None
65	2002	424	None	None
66	»	428	coref	1733
67	в	430	coref	1735
68	Милане	432	None	None
69	.	438	coref	1737
70	Если	441	None	None
71	все	446	None	None
72	пойдет	450	None	None
73	по	457	None	None
74	плану	460	None	None
75	,	465	coref	1735
76	то	467	None	None
77	в	470	coref	1735
78	следующем	472	None	None
79	году	482	None	None
80	начнется	487	None	None
81	«	496	coref	1733
82	одновременное	497	None	None
83	освоение	511	None	None
84	11	520	None	None
85	участков	523	None	None
86	«	532	coref	1733
87	Сити	533	coref	1733
88	»	537	coref	1733
89	.	538	coref	1737
90	В	540	None	None
91	результате	542	None	None
92	через	553	None	None
93	2	559	None	None
94	,	560	coref	1735
95	5	561	coref	1737
96	-	562	coref	1734
97	3	563	None	None
98	года	565	None	None
99	в	570	coref	1735
100	Москве	572	coref	1732
101	появятся	579	None	None
102	2	588	None	None
103	,	589	coref	1735
104	5	590	coref	1737
105	млн	592	coref	1737
106	.	595	coref	1737
107	кв	597	coref	1737
108	.	599	coref	1737
109	метров	601	coref	1737
110	новых	608	None	None
111	офисных	614	None	None
112	,	621	coref	1735
113	торговых	623	coref	1737
114	,	631	coref	1735
115	деловых	633	None	None
116	помещений	641	coref	1737
117	.	650	coref	1737
118	Орджоникидзе	652	coref	1735
119	пообещал	665	None	None
120	,	673	coref	1735
121	что	675	None	None
122	цены	679	None	None
123	на	684	None	None
124	аренду	687	None	None
125	снизятся	694	None	None
126	-	703	coref	1734
127	до	705	None	None
128	200	708	None	None
129	-	711	coref	1734
130	250	712	None	None
131	долл	716	None	None
132	.	720	coref	1737
133	за	722	None	None
134	кв	725	coref	1737
135	.	727	coref	1737
136	метр	729	None	None
137	в	734	coref	1735
138	год	736	None	None
139	.	739	coref	1737
140	Орджоникидзе	742	coref	1735
141	отметил	755	None	None
142	,	762	coref	1735
143	что	764	None	None
144	российской	768	coref	1732
145	столице	779	coref	1732
146	необходимо	787	None	None
147	еще	798	None	None
148	не	802	coref	1737
149	менее	805	coref	1737
150	5	811	coref	1737
151	млн	813	coref	1737
152	.	816	coref	1737
153	кв	818	coref	1737
154	.	820	coref	1737
155	метров	822	coref	1737
156	торговых	829	coref	1737
157	помещений	838	coref	1737
158	.	847	coref	1737
159	Когда	849	None	None
160	они	855	coref	1737
161	будут	859	None	None
162	построены	865	None	None
163	,	874	coref	1735
164	цена	876	None	None
165	за	881	None	None
166	аренду	884	None	None
167	1	891	None	None
168	кв	893	coref	1737
169	.	895	coref	1737
170	метра	897	None	None
171	в	903	coref	1735
172	год	905	None	None
173	под	909	None	None
174	торговые	913	None	None
175	помещения	922	None	None
176	упадет	932	None	None
177	с	939	None	None
178	нынешних	941	None	None
179	1100	950	None	None
180	долл	955	None	None
181	.	959	coref	1737
182	за	961	None	None
183	кв	964	coref	1737
184	.	966	coref	1737
185	метр	968	None	None
186	в	973	coref	1735
187	год	975	None	None
188	до	979	None	None
189	400	982	None	None
190	долл	986	None	None
191	.	990	coref	1737
192	,	991	coref	1735
193	пояснил	993	None	None
194	чиновник	1001	coref	1735
195	.	1009	coref	1737
196	«	1012	coref	1733
197	Надо	1013	None	None
198	это	1018	None	None
199	делать	1022	None	None
200	побыстрее	1029	None	None
201	и	1039	None	None
202	тогда	1041	None	None
203	цены	1047	None	None
204	в	1052	coref	1735
205	Москве	1054	coref	1732
206	«	1061	coref	1733
207	будут	1062	None	None
208	цивилизованными	1068	None	None
209	»	1083	coref	1733
210	,	1084	coref	1735
211	а	1086	None	None
212	не	1088	coref	1737
213	такими	1091	None	None
214	высокими	1098	None	None
215	,	1106	coref	1735
216	как	1108	None	None
217	сейчас	1112	None	None
218	»	1118	coref	1733
219	,	1119	coref	1735
220	-	1121	coref	1734
221	торопит	1123	None	None
222	вице	1131	coref	1735
223	-	1135	coref	1734
224	мэр	1136	coref	1735
225	.	1139	coref	1737
226	Правда	1141	None	None
227	,	1147	coref	1735
228	именно	1149	None	None
229	это	1156	None	None
230	и	1160	None	None
231	привлекает	1162	None	None
232	инвесторов	1173	coref	1734
233	.	1183	coref	1737
234	Кто	1186	None	None
235	войдет	1190	None	None
236	в	1197	coref	1735
237	пул	1199	coref	1734
238	инвесторов	1203	coref	1734
239	-	1214	coref	1734
240	вице	1216	coref	1735
241	-	1220	coref	1734
242	мэр	1221	coref	1735
243	не	1225	coref	1737
244	сообщил	1228	None	None
245	.	1235	coref	1737
246	Зато	1237	None	None
247	,	1241	coref	1735
248	по	1243	None	None
249	словам	1246	None	None
250	Орджоникидзе	1253	coref	1735
251	,	1265	coref	1735
252	правительство	1267	None	None
253	намерено	1281	None	None
254	активно	1290	None	None
255	привлекать	1298	None	None
256	деньги	1309	None	None
257	населения	1316	None	None
258	.	1325	coref	1737
259	По	1327	None	None
260	его	1330	coref	1735
261	словам	1334	None	None
262	,	1340	coref	1735
263	сейчас	1342	None	None
264	создалась	1349	None	None
265	такая	1359	None	None
266	ситуация	1365	None	None
267	,	1373	coref	1735
268	что	1375	None	None
269	«	1379	coref	1733
270	горячих	1380	coref	1738
271	»	1387	coref	1733
272	денег	1389	coref	1738
273	внутри	1395	coref	1738
274	Москвы	1402	coref	1732
275	больше	1409	None	None
276	,	1415	coref	1735
277	чем	1417	None	None
278	предложений	1421	None	None
279	для	1433	None	None
280	них	1437	coref	1738
281	,	1440	coref	1735
282	и	1442	None	None
283	власти	1444	None	None
284	просто	1451	None	None
285	не	1458	coref	1737
286	успевают	1461	None	None
287	инвесторам	1470	None	None
288	предлагать	1481	None	None
289	проекты	1492	None	None
290	по	1500	None	None
291	вложению	1503	None	None
292	денег	1512	coref	1738
293	в	1518	coref	1735
294	Москве	1520	coref	1732
295	.	1526	coref	1737
296	Именно	1529	None	None
297	поэтому	1536	None	None
298	столичные	1544	None	None
299	власти	1554	None	None
300	будут	1561	None	None
301	отдавать	1567	None	None
302	приоритет	1576	None	None
303	столичным	1586	None	None
304	инвесторам	1596	None	None
305	.	1606	coref	1737
306	Кроме	1608	None	None
307	того	1614	None	None
308	,	1618	coref	1735
309	предпочтение	1620	None	None
310	будет	1633	None	None
311	отдаваться	1639	None	None
312	компаниям	1650	coref	1739
313	,	1659	coref	1735
314	которые	1661	coref	1739
315	смогут	1669	None	None
316	привлечь	1676	None	None
317	средства	1685	None	None
318	населения	1694	None	None
319	.	1703	coref	1737
320	Заместитель	1705	coref	1735
321	мэра	1717	coref	1735
322	отметил	1722	None	None
323	,	1729	coref	1735
324	что	1731	None	None
325	по	1735	None	None
326	всем	1738	None	None
327	оценкам	1743	None	None
328	население	1751	None	None
329	имеет	1761	None	None
330	значительно	1767	None	None
331	больше	1779	None	None
332	денег	1786	coref	1738
333	«	1792	coref	1733
334	в	1793	coref	1735
335	чулках	1795	None	None
336	и	1802	None	None
337	под	1804	None	None
338	матрасом	1808	None	None
339	»	1816	coref	1733
340	,	1817	coref	1735
341	чем	1819	None	None
342	любая	1823	None	None
343	крупная	1829	None	None
344	инвестиционная	1837	None	None
345	компания	1852	None	None
346	.	1860	coref	1737
