	word	start_char	type	chain_id
0	Секса	0	None	None
1	в	6	coref	3091
2	обмен	8	None	None
3	на	14	None	None
4	еду	17	None	None
5	требовали	21	None	None
6	сотрудники	31	coref	3086
7	благотворительных	42	coref	3086
8	организаций	60	coref	3086
9	от	72	None	None
10	беженцев	75	coref	3088
11	в	84	coref	3091
12	Африке	86	coref	3091
13	Представители	94	None	None
14	Агентства	108	coref	3088
15	ООН	118	coref	3088
16	по	122	coref	3088
17	делам	125	coref	3088
18	беженцев	131	coref	3088
19	заявили	140	None	None
20	,	147	coref	3091
21	что	149	None	None
22	большое	153	coref	3090
23	число	161	coref	3090
24	детей	167	coref	3090
25	,	172	coref	3091
26	живущих	174	None	None
27	в	182	coref	3091
28	лагерях	184	coref	3091
29	для	192	coref	3091
30	беженцев	196	coref	3088
31	в	205	coref	3091
32	Западной	207	coref	3091
33	Африке	216	coref	3091
34	,	222	coref	3091
35	подвергается	224	None	None
36	сексуальным	237	None	None
37	домогательствам	249	None	None
38	со	265	None	None
39	стороны	268	None	None
40	работников	276	coref	3086
41	благотворительных	287	coref	3086
42	организаций	305	coref	3086
43	.	316	None	None
44	Такие	318	None	None
45	выводы	324	None	None
46	,	330	coref	3091
47	как	332	None	None
48	сообщает	336	None	None
49	BBC	345	None	None
50	,	349	coref	3091
51	сделала	351	None	None
52	группа	359	coref	3092
53	экспертов	366	coref	3092
54	ООН	376	coref	3088
55	и	380	coref	3091
56	группы	382	coref	3092
57	Save	389	coref	3092
58	the	394	coref	3092
59	children	398	coref	3092
60	,	406	coref	3091
61	которая	408	coref	3092
62	в	416	coref	3091
63	ноябре	418	None	None
64	прошлого	425	None	None
65	года	434	None	None
66	посетила	439	None	None
67	лагеря	448	coref	3091
68	в	455	coref	3091
69	Гвинее	457	coref	3091
70	,	463	coref	3091
71	Либерии	465	coref	3091
72	и	473	coref	3091
73	Сьерра	475	coref	3091
74	-	481	coref	3091
75	Леоне	482	coref	3091
76	.	487	None	None
77	Поездка	490	None	None
78	по	498	coref	3088
79	лагерям	501	coref	3091
80	продолжалась	509	None	None
81	более	522	coref	3086
82	40	528	coref	3086
83	дней	531	None	None
84	.	535	None	None
85	Эксперты	537	coref	3092
86	собрали	546	None	None
87	свидетельства	554	None	None
88	у	568	None	None
89	полутора	570	coref	3093
90	тысяч	579	coref	3093
91	детей	585	coref	3090
92	.	590	None	None
93	Многие	592	coref	3090
94	из	599	coref	3090
95	которых	602	coref	3090
96	жаловались	610	None	None
97	на	621	None	None
98	то	624	None	None
99	,	626	coref	3091
100	что	628	None	None
101	стали	632	None	None
102	жертвами	638	None	None
103	сексуального	647	None	None
104	насилия	660	None	None
105	.	667	None	None
106	Дети	669	coref	3090
107	рассказали	674	None	None
108	,	684	coref	3091
109	что	686	None	None
110	гуманитарная	690	None	None
111	помощь	703	None	None
112	предоставлялась	710	None	None
113	им	726	coref	3090
114	только	729	None	None
115	в	736	coref	3091
116	обмен	738	None	None
117	на	744	None	None
118	секс	747	None	None
119	.	751	None	None
120	Как	753	None	None
121	выяснилось	757	None	None
122	,	767	coref	3091
123	в	769	coref	3091
124	этот	771	None	None
125	скандал	776	None	None
126	вовлечены	784	None	None
127	сотрудники	794	coref	3086
128	более	805	coref	3086
129	40	811	coref	3086
130	благотворительных	814	coref	3086
131	организаций	832	coref	3086
132	,	843	coref	3091
133	в	845	coref	3091
134	том	847	None	None
135	числе	851	None	None
136	и	857	coref	3091
137	Агентства	859	coref	3088
138	ООН	869	coref	3088
139	по	873	coref	3088
140	делам	876	coref	3088
141	беженцев	882	coref	3088
142	.	890	None	None
143	Уже	892	None	None
144	известно	896	None	None
145	,	904	coref	3091
146	что	906	None	None
147	дети	910	coref	3090
148	опознали	915	None	None
149	более	924	coref	3086
150	70	930	None	None
151	человек	933	None	None
152	,	940	coref	3091
153	пристававших	942	None	None
154	к	955	None	None
155	ним	957	coref	3090
156	.	960	None	None
157	Большая	962	None	None
158	часть	970	None	None
159	пострадавших	976	coref	3090
160	-	989	coref	3091
161	девочки	991	None	None
162	до	999	None	None
163	18	1002	None	None
164	лет	1005	None	None
165	.	1008	None	None
166	В	1011	None	None
167	ООН	1013	coref	3088
168	заявляют	1017	None	None
169	,	1025	coref	3091
170	что	1027	None	None
171	расследование	1031	None	None
172	обвинений	1045	None	None
173	уже	1055	None	None
174	идет	1059	None	None
175	полным	1064	None	None
176	ходом	1071	None	None
177	,	1076	coref	3091
178	хотя	1078	None	None
179	там	1083	coref	3089
180	отмечают	1087	None	None
181	,	1095	coref	3091
182	что	1097	None	None
183	все	1101	None	None
184	обвинения	1105	None	None
185	основаны	1115	None	None
186	только	1124	None	None
187	на	1131	None	None
188	показаниях	1134	coref	3094
189	детей	1145	coref	3090
190	,	1150	coref	3091
191	которые	1152	coref	3094
192	пока	1160	None	None
193	еще	1165	None	None
194	не	1169	None	None
195	подтверждены	1172	None	None
196	.	1184	None	None
