	word	start_char	type	chain_id
0	Президент	0	coref	2488
1	РФС	10	coref	2488
2	возмущен	14	None	None
3	плохим	23	None	None
4	судейством	30	None	None
5	на	41	None	None
6	мировом	44	None	None
7	первенстве	52	None	None
8	Президент	64	coref	2488
9	Российского	74	coref	2488
10	футбольного	86	coref	2488
11	союза	98	coref	2488
12	Вячеслав	104	coref	2488
13	Колосков	113	coref	2488
14	назвал	122	None	None
15	чудовищной	129	None	None
16	ситуацию	140	None	None
17	с	149	None	None
18	судейством	151	None	None
19	на	162	None	None
20	мировом	165	None	None
21	первенстве	173	None	None
22	по	184	None	None
23	футболу	187	None	None
24	.	194	None	None
25	В	196	None	None
26	интервью	198	None	None
27	РИА	207	None	None
28	«	211	None	None
29	Новости	212	None	None
30	»	219	None	None
31	в	221	None	None
32	понедельник	223	None	None
33	он	235	coref	2488
34	отметил	238	None	None
35	,	245	coref	2495
36	что	247	None	None
37	на	251	None	None
38	нынешнем	254	None	None
39	турнире	263	None	None
40	произошел	271	None	None
41	целый	281	None	None
42	ряд	287	None	None
43	грубейших	291	None	None
44	судейских	301	None	None
45	ошибок	311	None	None
46	,	317	coref	2495
47	повлиявших	319	None	None
48	на	330	None	None
49	результаты	333	None	None
50	матчей	344	None	None
51	.	350	None	None
52	По	352	None	None
53	его	355	coref	2488
54	словам	359	None	None
55	,	365	coref	2495
56	сборные	367	None	None
57	Италии	375	coref	2490
58	и	382	coref	2495
59	Испании	384	coref	2491
60	стали	392	None	None
61	главными	398	None	None
62	жертвами	407	None	None
63	таких	416	None	None
64	ошибок	422	None	None
65	,	428	coref	2495
66	досрочно	430	None	None
67	прекратив	439	None	None
68	борьбу	449	None	None
69	за	456	None	None
70	медали	459	None	None
71	чемпионата	466	coref	2494
72	.	476	None	None
73	Может	478	None	None
74	предъявить	484	None	None
75	претензии	495	None	None
76	к	505	None	None
77	арбитрам	507	None	None
78	и	516	coref	2495
79	российская	518	coref	2492
80	сборная	529	coref	2492
81	,	536	coref	2495
82	в	538	None	None
83	частности	540	None	None
84	,	549	coref	2495
85	за	551	None	None
86	не	554	coref	2496
87	назначенный	557	None	None
88	немецким	569	None	None
89	арбитром	578	None	None
90	очевидный	587	None	None
91	пенальти	597	None	None
92	в	606	None	None
93	матче	608	None	None
94	Россия	614	coref	2493
95	-	620	coref	2496
96	Япония	621	None	None
97	.	627	None	None
98	Как	629	None	None
99	сказал	633	None	None
100	Колосков	640	coref	2488
101	,	648	coref	2495
102	действия	650	None	None
103	арбитров	659	None	None
104	станут	668	None	None
105	предметом	675	None	None
106	обсуждения	685	None	None
107	на	696	None	None
108	заседании	699	coref	2494
109	оргкомитета	709	coref	2494
110	чемпионата	721	coref	2494
111	мира	732	coref	2494
112	,	736	coref	2495
113	которое	738	coref	2494
114	состоится	746	None	None
115	в	756	None	None
116	четверг	758	None	None
117	,	765	coref	2495
118	28	767	None	None
119	июня	770	None	None
120	.	774	None	None
121	Президент	777	coref	2488
122	Российского	787	coref	2488
123	футбольного	799	coref	2488
124	союза	811	coref	2488
125	также	817	None	None
126	заявил	823	None	None
127	,	829	coref	2495
128	что	831	None	None
129	состав	835	None	None
130	полуфинальных	842	None	None
131	пар	856	None	None
132	отражает	860	None	None
133	непредсказуемость	869	None	None
134	нынешнего	887	None	None
135	чемпионата	897	coref	2494
136	мира	908	coref	2494
137	по	913	None	None
138	футболу	916	None	None
139	.	923	None	None
140	Мало	925	None	None
141	кто	930	None	None
142	ожидал	934	None	None
143	увидеть	941	None	None
144	в	949	None	None
145	полуфинале	951	None	None
146	сборную	962	None	None
147	Южной	970	None	None
148	Кореи	976	None	None
149	и	982	coref	2495
150	Турции	984	None	None
151	.	990	None	None
152	В	992	None	None
153	то	994	coref	2501
154	же	997	None	None
155	время	1000	None	None
156	,	1005	coref	2495
157	до	1007	None	None
158	этой	1010	None	None
159	стадии	1015	None	None
160	розыгрыша	1022	None	None
161	не	1032	coref	2496
162	дошли	1035	None	None
163	такие	1041	None	None
164	сильные	1047	None	None
165	сборные	1055	None	None
166	,	1062	coref	2495
167	как	1064	None	None
168	Аргентина	1068	None	None
169	,	1077	coref	2495
170	Франция	1079	None	None
171	,	1086	coref	2495
172	Италия	1088	coref	2490
173	,	1094	coref	2495
174	Испания	1096	coref	2491
175	и	1104	coref	2495
176	Англия	1106	None	None
177	.	1112	None	None
178	«	1114	None	None
179	И	1115	None	None
180	все	1117	coref	2496
181	же	1121	None	None
182	мне	1124	coref	2488
183	хотелось	1128	None	None
184	бы	1137	None	None
185	,	1139	coref	2495
186	-	1141	coref	2496
187	сказал	1143	None	None
188	Колосков	1150	coref	2488
189	,	1158	coref	2495
190	-	1160	coref	2496
191	чтобы	1162	None	None
192	в	1168	None	None
193	финал	1170	None	None
194	чемпионата	1176	coref	2494
195	мира	1187	coref	2494
196	вышли	1192	None	None
197	сборные	1198	None	None
198	Германии	1206	None	None
199	и	1215	coref	2495
200	Бразилии	1217	None	None
201	.	1225	None	None
202	Это	1227	None	None
203	будет	1231	None	None
204	классический	1237	None	None
205	футбольный	1250	None	None
206	поединок	1261	None	None
207	»	1269	None	None
208	.	1270	None	None
209	Касаясь	1273	None	None
210	вопроса	1281	None	None
211	о	1289	None	None
212	претендентах	1291	None	None
213	на	1304	None	None
214	пост	1307	None	None
215	главного	1312	None	None
216	тренера	1321	None	None
217	сборной	1329	coref	2492
218	России	1337	coref	2492
219	,	1343	coref	2495
220	Колосков	1345	coref	2488
221	сообщил	1354	None	None
222	,	1361	coref	2495
223	что	1363	None	None
224	он	1367	coref	2488
225	уже	1370	None	None
226	провел	1374	None	None
227	консультацию	1381	None	None
228	с	1394	None	None
229	коллегами	1396	None	None
230	из	1406	None	None
231	ряда	1409	None	None
232	европейских	1414	None	None
233	стран	1426	None	None
234	по	1432	None	None
235	поводу	1435	None	None
236	возможных	1442	None	None
237	кандидатов	1452	None	None
238	.	1462	None	None
239	Он	1464	coref	2488
240	встречался	1467	None	None
241	с	1478	None	None
242	представителями	1480	coref	2495
243	футбольных	1496	coref	2495
244	ассоциаций	1507	coref	2495
245	Италии	1518	coref	2490
246	,	1524	coref	2495
247	Испании	1526	coref	2491
248	,	1533	coref	2495
249	Англии	1535	coref	2495
250	и	1542	coref	2495
251	Франции	1544	coref	2495
252	,	1551	coref	2495
253	которые	1553	coref	2495
254	рассказали	1561	None	None
255	ему	1572	coref	2488
256	о	1576	None	None
257	ситуации	1578	None	None
258	на	1587	None	None
259	тренерском	1590	None	None
260	рынке	1601	None	None
261	.	1606	None	None
262	По	1608	None	None
263	словам	1611	None	None
264	Колоскова	1618	coref	2488
265	,	1627	coref	2495
266	сейчас	1629	None	None
267	трудно	1636	None	None
268	говорить	1643	None	None
269	о	1652	None	None
270	шансах	1654	None	None
271	какого	1661	coref	2501
272	-	1667	coref	2496
273	либо	1668	None	None
274	иностранного	1673	None	None
275	специалиста	1686	coref	2501
276	занять	1698	None	None
277	пост	1705	None	None
278	главного	1710	None	None
279	тренера	1719	None	None
280	сборной	1727	coref	2492
281	России	1735	coref	2492
282	.	1741	None	None
283	«	1743	None	None
284	Все	1744	None	None
285	зависит	1748	None	None
286	от	1756	None	None
287	фамилии	1759	None	None
288	»	1766	None	None
289	,	1767	coref	2495
290	-	1769	coref	2496
291	сказал	1771	None	None
292	президент	1778	coref	2488
293	РФС	1788	coref	2488
294	.	1791	None	None
295	По	1794	None	None
296	его	1797	coref	2488
297	мнению	1801	None	None
298	,	1807	coref	2495
299	сейчас	1809	None	None
300	в	1816	None	None
301	мире	1818	None	None
302	насчитывается	1823	None	None
303	не	1837	coref	2496
304	более	1840	coref	2496
305	10	1846	coref	2496
306	-	1848	coref	2496
307	ти	1849	coref	2496
308	великих	1852	coref	2496
309	тренеров	1860	coref	2496
310	,	1868	coref	2495
311	таких	1870	None	None
312	,	1875	coref	2495
313	как	1877	None	None
314	Хитцфельд	1881	coref	2497
315	,	1890	coref	2495
316	Липпи	1892	coref	2498
317	,	1897	coref	2495
318	Капелло	1899	coref	2499
319	,	1906	coref	2495
320	Фергюссон	1908	coref	2500
321	,	1917	coref	2495
322	но	1919	None	None
323	все	1922	coref	2496
324	они	1926	coref	2496
325	заняты	1930	None	None
326	.	1936	None	None
327	«	1938	None	None
328	А	1939	None	None
329	брать	1941	None	None
330	какого	1947	coref	2501
331	-	1953	coref	2496
332	то	1954	coref	2501
333	среднего	1957	coref	2501
334	специалиста	1966	coref	2501
335	нет	1978	None	None
336	смысла	1982	None	None
337	.	1988	None	None
338	Они	1990	coref	2501
339	ничем	1994	None	None
340	не	2000	coref	2496
341	превосходят	2003	None	None
342	российских	2015	coref	2502
343	коллег	2026	coref	2502
344	,	2032	coref	2495
345	в	2034	None	None
346	числе	2036	None	None
347	которых	2042	coref	2502
348	на	2050	None	None
349	пост	2053	None	None
350	главного	2058	None	None
351	тренера	2067	None	None
352	сборной	2075	coref	2492
353	России	2083	coref	2492
354	чаще	2090	None	None
355	всего	2095	None	None
356	называют	2101	None	None
357	Валерия	2110	coref	2503
358	Газзаева	2118	coref	2503
359	и	2127	coref	2495
360	Юрия	2129	coref	2504
361	Семина	2134	coref	2504
362	»	2140	None	None
363	,	2141	coref	2495
364	-	2143	coref	2496
365	считает	2145	None	None
366	президент	2153	coref	2488
367	РФС	2163	coref	2488
368	.	2166	None	None
369	Кадровый	2169	None	None
370	вопрос	2178	None	None
371	будет	2185	None	None
372	обсуждаться	2191	None	None
373	на	2203	None	None
374	исполкоме	2206	None	None
375	РФС	2216	coref	2488
376	в	2220	None	None
377	начале	2222	None	None
378	июля	2229	None	None
379	.	2233	None	None
380	Пока	2235	None	None
381	же	2240	None	None
382	он	2243	coref	2488
383	изучает	2246	None	None
384	иностранные	2254	None	None
385	кандидатуры	2266	None	None
386	,	2277	coref	2495
387	а	2279	None	None
388	генеральный	2281	None	None
389	директор	2293	None	None
390	РФС	2302	coref	2488
391	Александр	2306	None	None
392	Тукманов	2316	None	None
393	и	2325	coref	2495
394	генеральный	2327	None	None
395	секретарь	2339	None	None
396	Союза	2349	coref	2489
397	Владимир	2355	None	None
398	Родионов	2364	None	None
399	занимаются	2373	None	None
400	российскими	2384	None	None
401	специалистами	2396	None	None
402	.	2409	None	None
