	word	start_char	type	chain_id
0	Джордж	0	coref	3168
1	Буш	7	coref	3168
2	остается	11	None	None
3	в	20	None	None
4	стороне	22	None	None
5	от	30	None	None
6	олимпийских	33	None	None
7	скандалов	45	None	None
8	Администрация	56	None	None
9	президента	70	coref	3168
10	США	81	coref	3168
11	Джорджа	85	coref	3168
12	Буша	93	coref	3168
13	никак	98	None	None
14	не	104	None	None
15	вмешивается	107	None	None
16	и	119	None	None
17	не	121	None	None
18	намерена	124	None	None
19	вмешиваться	133	None	None
20	в	145	None	None
21	спорные	147	None	None
22	вопросы	155	None	None
23	,	162	None	None
24	связанные	164	None	None
25	со	174	None	None
26	спортивными	177	None	None
27	соревнованиями	189	None	None
28	на	204	None	None
29	зимней	207	None	None
30	Олимпиаде	214	None	None
31	.	223	None	None
32	Об	225	None	None
33	этом	228	None	None
34	заявил	233	None	None
35	представитель	240	coref	3169
36	Белого	254	coref	3169
37	дома	261	coref	3169
38	Ари	266	coref	3169
39	Флейшер	270	coref	3169
40	.	277	None	None
41	Он	280	coref	3169
42	отметил	283	None	None
43	при	291	None	None
44	этом	295	None	None
45	,	299	None	None
46	что	301	None	None
47	возникающие	305	None	None
48	на	317	None	None
49	играх	320	None	None
50	споры	326	None	None
51	относительно	332	None	None
52	исхода	345	None	None
53	тех	352	None	None
54	или	356	None	None
55	иных	360	None	None
56	соревнований	365	None	None
57	должны	378	None	None
58	решать	385	None	None
59	представители	392	None	None
60	Международного	406	None	None
61	и	421	None	None
62	национальных	423	None	None
63	олимпийских	436	None	None
64	комитетов	448	None	None
65	,	457	None	None
66	сообщает	459	None	None
67	ИТАР	468	None	None
68	-	472	None	None
69	ТАСС	473	None	None
70	.	477	None	None
