	word	start_char	type	chain_id
0	Испания	0	coref	2481
1	в	8	None	None
2	ожидании	10	None	None
3	полуфинала	19	None	None
4	Лиги	30	None	None
5	чемпионов	35	None	None
6	На	46	None	None
7	стадионе	49	None	None
8	«	58	coref	2482
9	Сантьяго	59	None	None
10	Бернабеу	68	None	None
11	»	76	coref	2482
12	сегодня	78	None	None
13	определится	86	None	None
14	второй	98	None	None
15	финалист	105	None	None
16	самого	114	None	None
17	престижного	121	None	None
18	в	133	None	None
19	Европе	135	None	None
20	клубного	142	None	None
21	соревнования	151	None	None
22	.	163	None	None
23	Накануне	165	None	None
24	решающего	174	None	None
25	матча	184	None	None
26	за	190	None	None
27	выход	193	None	None
28	в	199	None	None
29	финал	201	None	None
30	футбольные	207	None	None
31	страсти	218	None	None
32	в	226	None	None
33	Испании	228	coref	2481
34	раскалились	236	None	None
35	до	248	None	None
36	предела	251	None	None
37	.	258	None	None
38	Ожидается	260	None	None
39	,	269	None	None
40	что	271	None	None
41	решающую	275	None	None
42	схватку	284	None	None
43	«	292	coref	2482
44	Реала	293	coref	2482
45	»	298	coref	2482
46	и	300	None	None
47	«	302	coref	2482
48	Барселоны	303	coref	2483
49	»	312	coref	2482
50	увидит	314	None	None
51	рекордное	321	None	None
52	число	331	None	None
53	телезрителей	337	None	None
54	.	349	None	None
55	Первый	351	None	None
56	матч	358	None	None
57	за	363	None	None
58	выход	366	None	None
59	в	372	None	None
60	финал	374	None	None
61	,	379	None	None
62	прошедший	381	None	None
63	на	391	None	None
64	«	394	coref	2482
65	Ноу	395	None	None
66	Камп	399	None	None
67	»	403	coref	2482
68	и	405	None	None
69	закончившийся	407	None	None
70	победой	421	None	None
71	«	429	coref	2482
72	королевского	430	coref	2482
73	клуба	443	coref	2482
74	»	448	coref	2482
75	со	450	None	None
76	счетом	453	None	None
77	2	460	None	None
78	:	461	None	None
79	0	462	None	None
80	,	463	None	None
81	смотрели	465	None	None
82	12	474	None	None
83	миллионов	477	None	None
84	испанцев	487	None	None
85	.	495	None	None
86	Телеэфир	498	None	None
87	изобилует	507	None	None
88	прогнозами	517	None	None
89	,	527	None	None
90	о	529	None	None
91	предполагаемом	531	None	None
92	результате	546	None	None
93	матча	557	None	None
94	высказываются	563	None	None
95	футболисты	577	None	None
96	и	588	None	None
97	комментаторы	590	None	None
98	,	602	None	None
99	политики	604	None	None
100	и	613	None	None
101	популярные	615	None	None
102	актеры	626	None	None
103	.	632	None	None
104	С	634	None	None
105	учетом	636	None	None
106	убедительной	643	None	None
107	победы	656	None	None
108	,	662	None	None
109	одержанной	664	None	None
110	мадридцами	675	coref	2482
111	на	686	None	None
112	чужом	689	None	None
113	поле	695	None	None
114	,	699	None	None
115	преимущество	701	None	None
116	«	714	coref	2482
117	Реала	715	coref	2482
118	»	720	coref	2482
119	дружно	722	None	None
120	отмечают	729	None	None
121	все	738	None	None
122	его	742	coref	2482
123	болельщики	746	None	None
124	.	756	None	None
125	В	758	None	None
126	свою	760	None	None
127	очередь	765	None	None
128	поклонники	773	coref	2484
129	«	784	coref	2482
130	Барсы	785	coref	2483
131	»	790	coref	2482
132	уверены	792	None	None
133	в	800	None	None
134	том	802	None	None
135	,	805	None	None
136	что	807	None	None
137	их	811	coref	2483
138	любимцы	814	coref	2483
139	будут	822	None	None
140	сражаться	828	None	None
141	до	838	None	None
142	последней	841	None	None
143	минуты	851	None	None
144	матча	858	None	None
145	.	863	None	None
146	Местные	866	None	None
147	газеты	874	None	None
148	вышли	881	None	None
149	сегодня	887	None	None
150	с	895	None	None
151	подробнейшими	897	coref	2485
152	обзорами	911	coref	2485
153	,	919	None	None
154	смысл	921	None	None
155	которых	927	coref	2485
156	сводится	935	None	None
157	к	944	None	None
158	одному	946	None	None
159	вопросу	953	None	None
160	:	960	None	None
161	«	962	coref	2482
162	Кто	963	None	None
163	победит	967	None	None
164	?	974	None	None
165	'	-1	None	None
166	'	-1	None	None
167	Расклад	977	None	None
168	сил	985	None	None
169	,	988	None	None
170	-	990	coref	2483
171	по	992	None	None
172	мнению	995	None	None
173	большинства	1002	None	None
174	,	1013	None	None
175	-	1015	coref	2483
176	складывается	1017	None	None
177	в	1030	None	None
178	пользу	1032	None	None
179	«	1039	coref	2482
180	Реала	1040	coref	2482
181	»	1045	coref	2482
182	.	1046	None	None
183	Однако	1048	None	None
184	в	1055	None	None
185	«	1057	coref	2482
186	Реале	1058	coref	2482
187	»	1063	coref	2482
188	не	1065	None	None
189	будет	1068	None	None
190	травмированных	1074	None	None
191	Фернандо	1089	None	None
192	Морьентеса	1098	None	None
193	и	1109	None	None
194	бразильца	1111	None	None
195	Савиу	1121	None	None
196	.	1126	None	None
197	Зато	1128	None	None
198	команда	1133	coref	2482
199	будет	1141	None	None
200	располагать	1147	None	None
201	поистине	1159	None	None
202	великолепной	1168	None	None
203	ударной	1181	None	None
204	силой	1189	None	None
205	в	1195	None	None
206	лице	1197	None	None
207	Рауля	1202	None	None
208	и	1208	None	None
209	Зидана	1210	None	None
210	.	1216	None	None
211	Между	1219	None	None
212	тем	1225	None	None
213	«	1229	coref	2482
214	Барсе	1230	coref	2483
215	»	1235	coref	2482
216	в	1237	None	None
217	очередной	1239	None	None
218	раз	1249	None	None
219	придется	1253	None	None
220	вступать	1262	None	None
221	в	1271	None	None
222	решающую	1273	None	None
223	схватку	1282	None	None
224	без	1290	None	None
225	Ривалдо	1294	coref	2486
226	,	1301	None	None
227	которому	1303	coref	2486
228	в	1312	None	None
229	последние	1314	None	None
230	месяцы	1324	None	None
231	просто	1331	None	None
232	фатально	1338	None	None
233	не	1347	None	None
234	везет	1350	None	None
235	-	1356	coref	2483
236	очередная	1358	None	None
237	травма	1368	None	None
238	.	1374	None	None
239	Правда	1376	None	None
240	,	1382	None	None
241	в	1384	None	None
242	составе	1386	None	None
243	«	1394	coref	2482
244	Барселоны	1395	coref	2483
245	»	1404	coref	2482
246	после	1406	None	None
247	двухмесячного	1412	None	None
248	перерыва	1426	None	None
249	появится	1435	None	None
250	Серхи	1444	None	None
251	,	1449	None	None
252	впервые	1451	None	None
253	в	1459	None	None
254	сезоне	1461	None	None
255	наденет	1468	None	None
256	майку	1476	None	None
257	форвард	1482	None	None
258	Дани	1490	None	None
259	,	1494	None	None
260	вернулся	1496	None	None
261	после	1505	None	None
262	отбытия	1511	None	None
263	дисквалификации	1519	None	None
264	полузащитник	1535	None	None
265	Хави	1548	None	None
266	.	1552	None	None
267	Но	1554	None	None
268	каталанской	1557	coref	2483
269	звездной	1569	coref	2483
270	команде	1578	coref	2483
271	в	1586	None	None
272	любом	1588	None	None
273	случае	1594	None	None
274	будет	1601	None	None
275	не	1607	None	None
276	хватать	1610	None	None
277	мощного	1618	None	None
278	удара	1626	None	None
279	Ривалдо	1632	coref	2486
280	.	1639	None	None
281	Местные	1642	None	None
282	футбольные	1650	None	None
283	обозреватели	1661	None	None
284	сходятся	1674	None	None
285	в	1683	None	None
286	одном	1685	None	None
287	:	1690	None	None
288	в	1692	None	None
289	сегодняшнем	1694	None	None
290	матче	1706	None	None
291	«	1712	coref	2482
292	Реал	1713	coref	2482
293	»	1717	coref	2482
294	наверняка	1719	None	None
295	выложится	1729	None	None
296	по	1739	None	None
297	полной	1742	None	None
298	программе	1749	None	None
299	.	1758	None	None
300	В	1760	None	None
301	год	1762	None	None
302	своего	1766	coref	2482
303	столетия	1773	None	None
304	«	1782	coref	2482
305	королевский	1783	coref	2482
306	»	1794	coref	2482
307	клуб	1796	coref	2482
308	уже	1801	None	None
309	лишился	1805	None	None
310	Королевского	1813	None	None
311	кубка	1826	None	None
312	и	1832	None	None
313	практически	1834	None	None
314	уступил	1846	None	None
315	национальный	1854	None	None
316	чемпионат	1867	None	None
317	«	1877	coref	2482
318	Валенсии	1878	None	None
319	»	1886	coref	2482
320	,	1887	None	None
321	поэтому	1889	None	None
322	выход	1897	None	None
323	в	1903	None	None
324	финал	1905	None	None
325	Лиги	1911	None	None
326	чемпионов	1916	None	None
327	для	1926	None	None
328	«	1930	coref	2482
329	Реала	1931	coref	2482
330	»	1936	coref	2482
331	просто	1938	None	None
332	исторически	1945	None	None
333	важен	1957	None	None
334	.	1962	None	None
335	В	1965	None	None
336	тоже	1967	None	None
337	время	1972	None	None
338	,	1977	None	None
339	несмотря	1979	None	None
340	на	1988	None	None
341	преимущество	1991	None	None
342	в	2004	None	None
343	два	2006	None	None
344	мяча	2010	None	None
345	«	2015	coref	2482
346	Реала	2016	coref	2482
347	»	2021	coref	2482
348	и	2023	None	None
349	чужое	2025	None	None
350	поле	2031	None	None
351	,	2035	None	None
352	футболисты	2037	None	None
353	«	2048	coref	2482
354	Барселоны	2049	coref	2483
355	»	2058	coref	2482
356	уверены	2060	None	None
357	в	2068	None	None
358	общей	2070	None	None
359	победе	2076	None	None
360	.	2082	None	None
361	«	2084	coref	2482
362	Сине	2085	coref	2483
363	-	2089	coref	2483
364	гранатовых	2090	coref	2483
365	»	2100	coref	2482
366	не	2102	None	None
367	смущает	2105	None	None
368	даже	2113	None	None
369	то	2118	None	None
370	,	2120	None	None
371	что	2122	None	None
372	«	2126	coref	2482
373	королевский	2127	coref	2482
374	клуб	2139	coref	2482
375	»	2143	coref	2482
376	еще	2145	None	None
377	ни	2149	None	None
378	разу	2152	None	None
379	в	2157	None	None
380	этом	2159	None	None
381	сезоне	2164	None	None
382	ни	2171	None	None
383	в	2174	None	None
384	одном	2176	None	None
385	турнире	2182	None	None
386	не	2190	None	None
387	проигрывал	2193	None	None
388	на	2204	None	None
389	своем	2207	coref	2482
390	поле	2213	None	None
391	.	2217	None	None
392	«	2219	coref	2482
393	Если	2220	None	None
394	мадридцы	2225	coref	2482
395	забьют	2234	None	None
396	гол	2241	None	None
397	ничего	2245	None	None
398	страшного	2252	None	None
399	.	2261	None	None
400	Мы	2263	coref	2483
401	можем	2266	None	None
402	выиграть	2272	None	None
403	и	2281	None	None
404	со	2283	None	None
405	счетом	2286	None	None
406	3	2293	None	None
407	:	2294	None	None
408	1	2295	None	None
409	»	2296	coref	2482
410	,	2297	None	None
411	-	2299	coref	2483
412	уверил	2301	None	None
413	главный	2308	coref	2487
414	тренер	2316	coref	2487
415	«	2323	coref	2482
416	Барсы	2324	coref	2483
417	»	2329	coref	2482
418	Карлос	2331	coref	2487
419	Рексач	2338	coref	2487
420	.	2344	None	None
421	«	2346	coref	2482
422	Если	2347	None	None
423	уж	2352	None	None
424	«	2355	coref	2482
425	Реал	2356	coref	2482
426	»	2360	coref	2482
427	смог	2362	None	None
428	выиграть	2367	None	None
429	у	2376	None	None
430	нас	2378	coref	2483
431	на	2382	None	None
432	нашем	2385	coref	2483
433	поле	2391	None	None
434	,	2395	None	None
435	то	2397	None	None
436	мы	2400	coref	2483
437	сможем	2403	None	None
438	сделать	2410	None	None
439	то	2418	None	None
440	же	2421	None	None
441	самое	2424	None	None
442	,	2429	None	None
443	-	2431	coref	2483
444	вторит	2433	None	None
445	наставнику	2440	coref	2487
446	защитник	2451	None	None
447	«	2460	coref	2482
448	Барселоны	2461	coref	2483
449	»	2470	coref	2482
450	Карлос	2472	coref	2487
451	Пуйоль	2479	None	None
452	.	2485	None	None
453	-	2487	coref	2483
454	У	2489	None	None
455	мадридского	2491	coref	2482
456	клуба	2503	coref	2482
457	больше	2509	None	None
458	шансов	2516	None	None
459	проиграть	2523	None	None
460	,	2532	None	None
461	поскольку	2534	None	None
462	все	2544	None	None
463	думают	2548	None	None
464	,	2554	None	None
465	что	2556	None	None
466	«	2560	coref	2482
467	Реал	2561	coref	2482
468	»	2565	coref	2482
469	уже	2567	None	None
470	в	2571	None	None
471	полуфинале	2573	None	None
472	»	2583	coref	2482
473	.	2584	None	None
