	word	start_char	type	chain_id
0	Карпов	0	coref	2476
1	проиграл	7	None	None
2	Ананду	16	coref	2477
3	первую	23	None	None
4	партию	30	None	None
5	финального	37	None	None
6	матча	48	None	None
7	На	55	None	None
8	крупном	58	None	None
9	шахматном	66	None	None
10	турнире	76	None	None
11	в	84	None	None
12	Праге	86	None	None
13	Eurotel	92	None	None
14	World	100	None	None
15	Chess	106	None	None
16	Trophy	112	None	None
17	,	118	None	None
18	собравшем	120	None	None
19	практически	130	None	None
20	всю	142	None	None
21	мировую	146	None	None
22	шахматную	154	None	None
23	элиту	164	None	None
24	,	169	None	None
25	в	171	None	None
26	субботу	173	None	None
27	4	181	None	None
28	мая	183	None	None
29	была	187	None	None
30	сыграна	192	None	None
31	первая	200	None	None
32	классическая	207	None	None
33	партия	220	coref	2478
34	финального	227	None	None
35	матча	238	None	None
36	между	244	None	None
37	индийцем	250	coref	2477
38	Вишванатаном	259	coref	2477
39	Анандом	272	coref	2477
40	и	280	None	None
41	россиянином	282	coref	2476
42	Анатолием	294	coref	2476
43	Карповым	304	coref	2476
44	.	312	None	None
45	Игравший	314	None	None
46	белыми	323	None	None
47	Ананд	330	coref	2477
48	четко	336	None	None
49	реализовал	342	None	None
50	неточности	353	None	None
51	соперника	364	coref	2476
52	и	374	None	None
53	победил	376	None	None
54	на	384	None	None
55	59	387	None	None
56	-	389	None	None
57	м	390	None	None
58	ходу	392	None	None
59	.	396	None	None
60	Вторая	398	coref	2478
61	финальная	405	coref	2478
62	партия	415	coref	2478
63	,	421	None	None
64	в	423	None	None
65	которой	425	coref	2478
66	белыми	433	None	None
67	играет	440	None	None
68	Карпов	447	coref	2476
69	,	453	None	None
70	начнется	455	None	None
71	5	464	None	None
72	мая	466	None	None
73	в	470	None	None
74	16	472	None	None
75	.	474	None	None
76	00	475	None	None
77	по	478	None	None
78	московскому	481	None	None
79	времени	493	None	None
80	.	500	None	None
81	Напомним	503	None	None
82	,	511	None	None
83	что	513	None	None
84	турнир	517	None	None
85	проходит	524	None	None
86	по	533	None	None
87	модной	536	None	None
88	ныне	543	None	None
89	нокаут	548	None	None
90	-	554	None	None
91	системе	555	None	None
92	,	562	None	None
93	участники	564	None	None
94	играют	574	None	None
95	в	581	None	None
96	«	583	coref	2480
97	быстрые	584	None	None
98	»	591	coref	2480
99	шахматы	593	None	None
100	,	600	None	None
101	и	602	None	None
102	только	604	None	None
103	финалисты	611	None	None
104	выяснят	621	None	None
105	отношения	629	None	None
106	в	639	None	None
107	двух	641	coref	2479
108	классических	646	coref	2479
109	партиях	659	coref	2479
110	.	666	None	None
111	Если	668	None	None
112	сильнейший	673	None	None
113	не	684	None	None
114	определится	687	None	None
115	и	699	None	None
116	после	701	None	None
117	них	707	coref	2479
118	,	710	None	None
119	то	712	None	None
120	состоится	715	None	None
121	тай	725	None	None
122	-	728	None	None
123	брейк	729	None	None
124	из	735	None	None
125	тех	738	coref	2480
126	же	742	coref	2480
127	двух	745	coref	2479
128	«	750	coref	2480
129	быстрых	751	coref	2480
130	»	758	coref	2480
131	партий	760	coref	2480
132	,	766	None	None
133	а	768	None	None
134	в	770	None	None
135	случае	772	None	None
136	равенства	779	None	None
137	и	789	None	None
138	после	791	None	None
139	них	797	coref	2479
140	-	801	None	None
141	блиц	803	None	None
142	.	807	None	None
