	word	start_char	type	chain_id
0	Во	0	None	None
1	вторник	3	None	None
2	в	11	None	None
3	Москве	13	coref	2091
4	и	20	coref	2093
5	Подмосковье	22	coref	2092
6	будет	34	None	None
7	жарко	40	None	None
8	Во	47	None	None
9	вторник	50	None	None
10	в	58	None	None
11	Москве	60	coref	2091
12	и	67	coref	2093
13	Подмосковье	69	coref	2092
14	будет	81	None	None
15	жарко	87	None	None
16	.	92	None	None
17	Как	94	None	None
18	сообщили	98	None	None
19	РИА	107	None	None
20	«	111	None	None
21	Новости	112	None	None
22	»	119	None	None
23	в	121	None	None
24	Гидрометеобюро	123	coref	2093
25	Москвы	138	coref	2091
26	и	145	coref	2093
27	Московской	147	coref	2092
28	области	158	coref	2092
29	,	165	None	None
30	с	167	None	None
31	13	169	None	None
32	до	172	None	None
33	19	175	None	None
34	часов	178	None	None
35	температура	184	None	None
36	воздуха	196	None	None
37	в	204	None	None
38	Москве	206	coref	2091
39	поднимется	213	None	None
40	до	224	None	None
41	30	227	None	None
42	-	229	None	None
43	32	230	None	None
44	градусов	233	None	None
45	выше	242	None	None
46	нуля	247	None	None
47	,	251	None	None
48	а	253	None	None
49	по	255	None	None
50	Подмосковью	258	coref	2092
51	местами	270	None	None
52	-	278	None	None
53	до	280	None	None
54	33	283	None	None
55	градусов	286	None	None
56	.	294	None	None
57	По	297	None	None
58	данным	300	None	None
59	синоптиков	307	coref	2093
60	,	317	None	None
61	на	319	None	None
62	самочувствии	322	None	None
63	большинства	335	None	None
64	людей	347	None	None
65	прежде	353	None	None
66	всего	360	None	None
67	скажется	366	None	None
68	неспокойный	375	None	None
69	геомагнитный	387	None	None
70	фон	400	None	None
71	.	403	None	None
72	Возможно	405	None	None
73	недомогание	414	None	None
74	и	426	coref	2093
75	даже	428	None	None
76	ухудшение	433	None	None
77	самочувствия	443	None	None
78	у	456	None	None
79	метеозависимых	458	None	None
80	людей	473	None	None
81	,	478	None	None
82	страдающих	480	None	None
83	сердечно	491	None	None
84	-	499	None	None
85	сосудистыми	500	None	None
86	заболеваниями	512	None	None
87	,	525	None	None
88	нервными	527	None	None
89	и	536	coref	2093
90	психо	538	None	None
91	-	543	None	None
92	эмоциональными	544	None	None
93	расстройствами	559	None	None
94	.	573	None	None
95	Даже	575	None	None
96	вполне	580	None	None
97	здоровые	587	None	None
98	люди	596	None	None
99	могут	601	None	None
100	жаловаться	607	None	None
101	на	618	None	None
102	слабость	621	None	None
103	,	629	None	None
104	раздражительность	631	None	None
105	,	648	None	None
106	нарушение	650	None	None
107	сна	660	None	None
108	,	663	None	None
109	снижение	665	None	None
110	работоспособности	674	None	None
111	.	691	None	None
112	Чтобы	694	None	None
113	уменьшить	700	None	None
114	негативное	710	None	None
115	влияние	721	None	None
116	геомагнитных	729	None	None
117	факторов	742	None	None
118	,	750	None	None
119	специалисты	752	None	None
120	советуют	764	None	None
121	не	773	None	None
122	переутомляться	776	None	None
123	,	790	None	None
124	избегать	792	None	None
125	чрезмерных	801	None	None
126	эмоциональных	812	None	None
127	и	826	coref	2093
128	физических	828	None	None
129	нагрузок	839	None	None
130	.	847	None	None
131	Содержание	850	None	None
132	кислорода	861	None	None
133	в	871	None	None
134	воздухе	873	None	None
135	будет	881	None	None
136	резко	887	None	None
137	снижено	893	None	None
138	,	900	None	None
139	что	902	None	None
140	отрицательно	906	None	None
141	сказывается	919	None	None
142	на	931	None	None
143	людях	934	None	None
144	с	940	None	None
145	заболеваниями	942	None	None
146	щитовидной	956	None	None
147	железы	967	None	None
148	,	973	None	None
149	с	975	None	None
150	хронической	977	None	None
151	легочной	989	None	None
152	и	998	coref	2093
153	сердечной	1000	None	None
154	недостаточностью	1010	None	None
155	,	1026	None	None
156	ишемической	1028	None	None
157	болезнью	1040	None	None
158	сердца	1049	None	None
159	,	1055	None	None
160	нарушением	1057	None	None
161	сердечного	1068	None	None
162	ритма	1079	None	None
163	,	1084	None	None
164	ожирением	1086	None	None
165	и	1096	coref	2093
166	сахарным	1098	None	None
167	диабетом	1107	None	None
168	.	1115	None	None
169	Этим	1117	None	None
170	группам	1122	None	None
171	больных	1130	None	None
172	специалисты	1138	None	None
173	советуют	1150	None	None
174	восполнять	1159	None	None
175	суточную	1170	None	None
176	потребность	1179	None	None
177	в	1191	None	None
178	кислороде	1193	None	None
179	во	1203	None	None
180	время	1206	None	None
181	неспешных	1212	None	None
182	прогулок	1222	None	None
183	утром	1231	None	None
184	или	1237	None	None
185	вечером	1241	None	None
186	,	1248	None	None
187	когда	1250	None	None
188	жара	1256	None	None
189	спадает	1261	None	None
190	,	1268	None	None
191	а	1270	None	None
192	также	1272	None	None
193	попытаться	1278	None	None
194	приготовить	1289	None	None
195	в	1301	None	None
196	домашних	1303	None	None
197	условиях	1312	None	None
198	кислородные	1321	None	None
199	коктейли	1333	None	None
200	.	1341	None	None
201	Рекомендуется	1343	None	None
202	пить	1357	None	None
203	больше	1362	None	None
204	минеральной	1369	None	None
205	воды	1381	None	None
206	,	1385	None	None
207	лучше	1387	None	None
208	без	1393	None	None
209	газа	1397	None	None
210	.	1401	None	None
