	word	start_char	type	chain_id
0	Все	0	coref	2349
1	объекты	4	coref	2349
2	,	11	None	None
3	поврежденные	13	None	None
4	во	26	None	None
5	время	29	None	None
6	воскресных	35	None	None
7	беспорядков	46	None	None
8	в	58	None	None
9	столице	60	coref	2350
10	,	67	None	None
11	восстановлены	69	None	None
12	В	84	None	None
13	центре	86	None	None
14	Москвы	93	coref	2350
15	восстановлены	100	None	None
16	все	114	coref	2349
17	объекты	118	coref	2349
18	,	125	None	None
19	поврежденные	127	None	None
20	во	140	None	None
21	время	143	None	None
22	беспорядков	149	None	None
23	,	160	None	None
24	устроенных	162	None	None
25	футбольными	173	None	None
26	болельщиками	185	None	None
27	9	198	None	None
28	июня	200	None	None
29	,	204	None	None
30	сообщил	206	None	None
31	во	214	None	None
32	вторник	217	None	None
33	«	225	None	None
34	Интерфаксу	226	None	None
35	»	236	None	None
36	префект	238	coref	2351
37	Центрального	246	coref	2351
38	административного	259	coref	2351
39	округа	277	coref	2351
40	столицы	284	coref	2350
41	Геннадий	292	coref	2351
42	Дегтев	301	coref	2351
43	,	307	None	None
44	возглавляющий	309	None	None
45	оперативный	323	None	None
46	штаб	335	None	None
47	по	340	None	None
48	ликвидации	343	None	None
49	последствий	354	None	None
50	разрушений	366	None	None
51	.	376	None	None
52	По	379	None	None
53	его	382	coref	2351
54	словам	386	None	None
55	,	392	None	None
56	работы	394	None	None
57	были	401	None	None
58	закончены	406	None	None
59	к	416	None	None
60	8	418	None	None
61	:	419	None	None
62	00	420	None	None
63	вторника	423	None	None
64	.	431	None	None
65	На	433	None	None
66	Тверской	436	None	None
67	улице	445	None	None
68	,	450	None	None
69	в	452	None	None
70	Камергерском	454	None	None
71	переулке	467	None	None
72	,	475	None	None
73	а	477	None	None
74	также	479	None	None
75	в	485	None	None
76	Китайгородском	487	None	None
77	,	501	None	None
78	Мещанском	503	None	None
79	и	513	None	None
80	Таганском	515	None	None
81	районах	525	None	None
82	восстановлены	533	None	None
83	273	547	coref	2352
84	разбитые	551	coref	2352
85	витрины	560	coref	2352
86	,	567	None	None
87	51	569	coref	2353
88	рекламный	572	coref	2353
89	щит	582	coref	2353
90	и	586	None	None
91	семь	588	coref	2354
92	остановок	593	coref	2354
93	общественного	603	coref	2354
94	транспорта	617	coref	2354
95	.	627	None	None
96	К	630	None	None
97	работам	632	None	None
98	9	640	None	None
99	июня	642	None	None
100	привлекались	647	None	None
101	850	660	None	None
102	человек	664	None	None
103	,	671	None	None
104	а	673	None	None
105	10	675	None	None
106	июня	678	None	None
107	уже	683	None	None
108	около	687	None	None
109	1200	693	None	None
110	из	698	None	None
111	30	701	None	None
112	различных	704	None	None
113	организаций	714	None	None
114	,	725	None	None
115	отметил	727	None	None
116	префект	735	coref	2351
117	.	742	None	None
