	word	start_char	type	chain_id
0	Бывший	0	coref	2105
1	глава	7	coref	2105
2	КрАЗа	13	coref	2105
3	будет	19	None	None
4	направлен	25	None	None
5	на	35	None	None
6	медицинское	38	None	None
7	обследование	50	None	None
8	Бывший	64	coref	2105
9	глава	71	coref	2105
10	КрАЗа	77	coref	2105
11	Анатолий	83	coref	2105
12	Быков	92	coref	2105
13	20	98	None	None
14	марта	101	None	None
15	будет	107	None	None
16	направлен	113	None	None
17	на	123	None	None
18	обследование	126	None	None
19	в	139	None	None
20	связи	141	None	None
21	с	147	None	None
22	обострением	149	None	None
23	желчно	161	None	None
24	-	167	None	None
25	каменной	168	None	None
26	болезни	177	None	None
27	.	184	None	None
28	Об	186	None	None
29	этом	189	None	None
30	«	194	None	None
31	Интерфаксу	195	None	None
32	»	205	None	None
33	сообщил	207	None	None
34	во	215	None	None
35	вторник	218	None	None
36	его	226	coref	2105
37	адвокат	230	coref	2107
38	Генрих	238	coref	2107
39	Падва	245	coref	2107
40	.	250	None	None
41	В	252	None	None
42	процессе	254	None	None
43	по	263	coref	2108
44	делу	266	coref	2108
45	Быкова	271	coref	2105
46	будет	278	None	None
47	объявлен	284	None	None
48	перерыв	293	None	None
49	.	300	None	None
50	Генрих	303	coref	2107
51	Падва	310	coref	2107
52	опроверг	316	None	None
53	слухи	325	None	None
54	о	331	None	None
55	том	333	None	None
56	,	336	None	None
57	что	338	None	None
58	главный	342	coref	2108
59	свидетель	350	coref	2108
60	обвинения	360	coref	2108
61	по	370	coref	2108
62	делу	373	coref	2108
63	Быкова	378	coref	2105
64	Александр	385	coref	2108
65	Василенко	395	coref	2108
66	,	404	None	None
67	который	406	coref	2108
68	официально	414	None	None
69	отказался	425	None	None
70	от	435	None	None
71	своих	438	coref	2108
72	показаний	444	None	None
73	,	453	None	None
74	вновь	455	None	None
75	решил	461	None	None
76	выступить	467	None	None
77	в	477	None	None
78	суде	479	None	None
79	.	483	None	None
80	«	485	None	None
81	Никаких	486	None	None
82	новых	494	None	None
83	заявлений	500	None	None
84	от	510	None	None
85	Василенко	513	coref	2108
86	в	523	None	None
87	деле	525	None	None
88	нет	530	None	None
89	»	533	None	None
90	,	534	None	None
91	-	536	None	None
92	сказал	538	None	None
93	Падва	545	coref	2107
94	.	550	None	None
95	Прокуратура	553	None	None
96	Северо	565	None	None
97	-	571	None	None
98	Западного	572	None	None
99	округа	582	None	None
100	Москвы	589	None	None
101	обвиняет	596	None	None
102	Быкова	605	coref	2105
103	в	612	None	None
104	подготовке	614	None	None
105	покушения	625	None	None
106	на	635	None	None
107	красноярского	638	coref	2109
108	предпринимателя	652	coref	2109
109	Павла	668	coref	2109
110	Струганова	674	coref	2109
111	по	685	coref	2108
112	кличке	688	coref	2109
113	Паша	695	coref	2109
114	Цветомузыка	700	coref	2109
115	.	711	None	None
116	Следствие	714	None	None
117	базировалось	724	None	None
118	на	737	None	None
119	признательных	740	None	None
120	показаниях	754	None	None
121	Василенко	765	coref	2108
122	,	774	None	None
123	который	776	coref	2108
124	утверждал	784	None	None
125	,	793	None	None
126	что	795	None	None
127	Быков	799	coref	2105
128	поручил	805	None	None
129	ему	813	coref	2108
130	убить	817	None	None
131	Павла	823	coref	2109
132	Струганова	829	coref	2109
133	и	840	None	None
134	передал	842	None	None
135	для	850	None	None
136	этой	854	None	None
137	цели	859	None	None
138	пистолет	864	None	None
139	.	872	None	None
140	Однако	874	None	None
141	впоследствии	881	None	None
142	Василенко	894	coref	2108
143	отказался	904	None	None
144	от	914	None	None
145	своих	917	coref	2108
146	показаний	923	None	None
147	.	932	None	None
