	word	start_char	type	chain_id
0	Мари	0	coref	2369
1	-	4	coref	2369
2	Рен	5	coref	2369
3	Ле	9	coref	2369
4	Гунь	12	coref	2369
5	остается	17	None	None
6	при	26	None	None
7	своих	30	coref	2369
8	убеждениях	36	None	None
9	Французский	48	coref	2369
10	арбитр	60	coref	2369
11	по	67	coref	2369
12	фигурному	70	coref	2369
13	катанию	80	coref	2369
14	Мари	88	coref	2369
15	-	92	coref	2369
16	Рен	93	coref	2369
17	Ле	97	coref	2369
18	Гунь	100	coref	2369
19	остается	105	None	None
20	при	114	None	None
21	своих	118	coref	2369
22	убеждениях	124	None	None
23	-	135	coref	2369
24	олимпийские	137	None	None
25	чемпионы	149	None	None
26	российские	158	None	None
27	фигуристы	169	None	None
28	Елена	179	coref	2370
29	Бережная	185	coref	2370
30	и	194	None	None
31	Антон	196	coref	2371
32	Сихарулидзе	202	coref	2371
33	«	214	None	None
34	были	215	None	None
35	лучше	220	None	None
36	канадской	226	coref	2372
37	пары	236	coref	2372
38	»	240	None	None
39	.	241	None	None
40	Об	243	None	None
41	этом	246	None	None
42	,	250	None	None
43	как	252	None	None
44	передает	256	None	None
45	РИА	265	None	None
46	«	269	None	None
47	Новости	270	None	None
48	»	277	None	None
49	,	278	None	None
50	сообщил	280	None	None
51	адвокат	288	coref	2373
52	судьи	296	coref	2369
53	Макс	302	coref	2373
54	Миллер	307	coref	2373
55	.	313	None	None
56	Он	316	coref	2373
57	сообщил	319	None	None
58	,	326	None	None
59	что	328	None	None
60	в	332	None	None
61	ходе	334	None	None
62	состоявшегося	339	None	None
63	накануне	353	None	None
64	в	362	None	None
65	Солт	364	None	None
66	-	368	coref	2369
67	Лейк	369	None	None
68	-	373	coref	2369
69	Сити	374	None	None
70	трехчасового	379	None	None
71	разбирательства	392	None	None
72	действий	408	None	None
73	французского	417	coref	2369
74	арбитра	430	coref	2369
75	на	438	None	None
76	заседании	441	None	None
77	Международной	451	coref	2374
78	федерации	465	coref	2374
79	фигурного	475	coref	2374
80	катания	485	coref	2374
81	,	492	None	None
82	Ле	494	coref	2369
83	Гунь	497	coref	2369
84	подтвердила	502	None	None
85	руководству	514	None	None
86	федерации	526	coref	2374
87	,	535	None	None
88	что	537	None	None
89	на	541	None	None
90	нее	544	coref	2369
91	оказывалось	548	None	None
92	сильное	560	None	None
93	давление	568	None	None
94	в	577	None	None
95	пользу	579	None	None
96	канадских	586	coref	2372
97	фигуристов	596	coref	2372
98	.	606	None	None
99	«	608	None	None
100	После	609	None	None
101	объявления	615	None	None
102	решения	626	None	None
103	по	634	coref	2369
104	катанию	637	coref	2369
105	российских	645	coref	2375
106	спортсменов	656	coref	2375
107	Ле	668	coref	2369
108	Гунь	671	coref	2369
109	подверглась	676	None	None
110	словесным	688	None	None
111	оскорблениям	698	None	None
112	и	711	None	None
113	угрозам	713	None	None
114	в	721	None	None
115	физической	723	None	None
116	расправе	734	None	None
117	со	743	None	None
118	стороны	746	None	None
119	тех	754	None	None
120	,	757	None	None
121	кто	759	None	None
122	не	763	None	None
123	разделял	766	None	None
124	ее	775	coref	2369
125	оценки	778	None	None
126	»	784	None	None
127	,	785	None	None
128	-	787	coref	2369
129	подчернул	789	None	None
130	Миллер	799	coref	2373
131	.	805	None	None
132	«	808	None	None
133	Эмоционально	809	None	None
134	Мари	822	coref	2369
135	-	826	coref	2369
136	Рен	827	coref	2369
137	Ле	831	coref	2369
138	Гунь	834	coref	2369
139	чувствует	839	None	None
140	себя	849	None	None
141	уже	854	None	None
142	лучше	858	None	None
143	»	863	None	None
144	,	864	None	None
145	-	865	coref	2369
146	сказал	867	None	None
147	адвокат	874	coref	2373
148	.	881	None	None
149	«	883	None	None
150	Но	884	None	None
151	ее	887	coref	2369
152	место	890	None	None
153	в	896	None	None
154	федерации	898	coref	2374
155	и	908	None	None
156	судейская	910	None	None
157	карьера	920	None	None
158	скомпрометированы	928	None	None
159	»	945	None	None
160	,	946	None	None
161	-	948	coref	2369
162	подчеркнул	950	None	None
163	он	961	coref	2373
164	.	963	None	None
165	Напомним	966	None	None
166	,	974	None	None
167	чтоЛе	976	None	None
168	Гунь	982	coref	2369
169	обвинили	987	None	None
170	в	996	None	None
171	том	998	None	None
172	,	1001	None	None
173	что	1003	None	None
174	она	1007	coref	2369
175	якобы	1011	None	None
176	под	1017	None	None
177	оказанным	1021	None	None
178	на	1031	None	None
179	нее	1034	coref	2369
180	давлением	1038	None	None
181	отдала	1048	None	None
182	свой	1055	coref	2369
183	голос	1060	None	None
184	российской	1066	coref	2375
185	паре	1077	coref	2372
186	Бережная	1082	coref	2370
187	-	1091	coref	2369
188	Сихарулидзе	1093	coref	2371
189	,	1104	None	None
190	что	1106	None	None
191	и	1110	None	None
192	предопределило	1112	None	None
193	исход	1127	None	None
194	состязаний	1133	None	None
195	.	1143	None	None
196	Россиянам	1145	coref	2375
197	она	1155	coref	2369
198	присудила	1159	None	None
199	за	1169	None	None
200	технику	1172	None	None
201	в	1180	None	None
202	произвольной	1182	None	None
203	программе	1195	None	None
204	5	1205	None	None
205	,	1206	None	None
206	9	1207	None	None
207	балла	1209	None	None
208	,	1214	None	None
209	а	1216	None	None
210	канадцам	1218	coref	2372
211	Джейми	1227	coref	2372
212	Сале	1234	coref	2372
213	-	1239	coref	2369
214	Дэвид	1241	coref	2372
215	Пеллетье	1247	coref	2372
216	-	1256	coref	2369
217	5	1258	None	None
218	,	1259	None	None
219	8	1260	None	None
220	балла	1262	None	None
221	.	1267	None	None
222	В	1269	None	None
223	результате	1271	None	None
224	исполком	1282	None	None
225	МОК	1291	None	None
226	принял	1295	None	None
227	решение	1302	None	None
228	присудить	1310	None	None
229	комплект	1320	None	None
230	золотых	1329	None	None
231	медалей	1337	None	None
232	в	1345	None	None
233	парном	1347	None	None
234	катании	1354	None	None
235	фигуристов	1362	coref	2372
236	также	1373	None	None
237	канадской	1379	coref	2372
238	паре	1389	coref	2372
239	.	1393	None	None
