	word	start_char	type	chain_id
0	Сергей	0	coref	1871
1	Миронов	7	coref	1871
2	лично	15	None	None
3	проконтролирует	21	None	None
4	судьбу	37	None	None
5	нижегородских	44	coref	1872
6	альтернативщиков	58	coref	1872
7	Председатель	76	coref	1871
8	Совета	89	coref	1871
9	Федерации	96	coref	1871
10	возьмет	106	None	None
11	под	114	None	None
12	личный	118	None	None
13	контроль	125	None	None
14	судьбу	134	None	None
15	альтернативщиков	141	coref	1872
16	в	158	coref	1872
17	Нижнем	160	coref	1872
18	Новгороде	167	coref	1872
19	Председатель	178	coref	1871
20	Совета	191	coref	1871
21	Федерации	198	coref	1871
22	Сергей	208	coref	1871
23	Миронов	215	coref	1871
24	выразил	223	None	None
25	озабоченность	231	None	None
26	дальнейшей	245	None	None
27	судьбой	256	None	None
28	20	264	coref	1872
29	призывников	267	coref	1872
30	в	279	coref	1872
31	Нижнем	281	coref	1872
32	Новгороде	288	coref	1872
33	,	297	None	None
34	которые	299	coref	1872
35	выбрали	307	None	None
36	альтернативную	315	coref	1875
37	службу	330	coref	1875
38	и	337	None	None
39	проходят	339	None	None
40	ее	348	coref	1875
41	в	351	coref	1872
42	одной	353	coref	1876
43	из	359	coref	1876
44	городских	362	coref	1876
45	больниц	372	coref	1876
46	в	380	coref	1872
47	качестве	382	None	None
48	санитаров	391	None	None
49	,	400	None	None
50	сообщает	402	None	None
51	«	411	coref	1889
52	Интерфакс	412	None	None
53	»	421	coref	1889
54	.	422	None	None
55	«	425	coref	1889
56	Я	426	coref	1871
57	возьму	428	None	None
58	под	435	None	None
59	личный	439	None	None
60	контроль	446	None	None
61	судьбу	455	None	None
62	этих	462	coref	1872
63	ребят	467	coref	1872
64	.	472	None	None
65	Нельзя	474	None	None
66	дискредитировать	481	None	None
67	власть	498	None	None
68	,	504	None	None
69	преследуя	506	None	None
70	людей	516	coref	1872
71	за	522	None	None
72	то	525	None	None
73	,	527	None	None
74	что	529	None	None
75	они	533	coref	1872
76	реализуют	537	None	None
77	свое	547	coref	1872
78	конституционное	552	None	None
79	право	568	None	None
80	»	573	coref	1889
81	,	574	None	None
82	-	576	coref	1876
83	сказал	578	None	None
84	Миронов	585	coref	1871
85	.	592	None	None
86	История	595	None	None
87	вопроса	603	None	None
88	Чуть	612	None	None
89	больше	617	None	None
90	года	624	None	None
91	назад	629	None	None
92	,	634	None	None
93	27	636	None	None
94	июня	639	None	None
95	2001	644	None	None
96	года	649	None	None
97	,	653	None	None
98	мэр	655	coref	1877
99	Нижнего	659	coref	1874
100	Новгорода	667	coref	1874
101	Юрий	677	coref	1877
102	Лебедев	682	coref	1877
103	подписал	690	None	None
104	распоряжение	699	coref	1878
105	о	712	coref	1878
106	прохождении	714	coref	1878
107	призывниками	726	coref	1878
108	альтернативной	739	coref	1878
109	гражданской	754	coref	1878
110	службы	766	coref	1878
111	в	773	coref	1872
112	муниципальных	775	coref	1878
113	учреждениях	789	coref	1878
114	города	801	coref	1874
115	.	807	None	None
116	В	809	None	None
117	ходе	811	None	None
118	прошлогоднего	816	None	None
119	осеннего	830	None	None
120	призыва	839	None	None
121	в	847	coref	1872
122	городскую	849	None	None
123	призывную	859	None	None
124	комиссию	869	None	None
125	поступило	878	None	None
126	30	888	coref	1879
127	заявлений	891	coref	1879
128	от	901	coref	1879
129	юношей	904	coref	1879
130	,	910	None	None
131	пожелавших	912	None	None
132	пройти	923	None	None
133	альтернативную	930	coref	1875
134	гражданскую	945	None	None
135	службу	957	coref	1875
136	(	964	None	None
137	АГС	965	coref	1889
138	)	968	None	None
139	.	969	None	None
140	21	971	coref	1881
141	заявление	974	coref	1881
142	было	984	None	None
143	удовлетворено	989	None	None
144	.	1002	None	None
145	Молодые	1005	coref	1872
146	люди	1013	coref	1872
147	подписали	1018	None	None
148	контракт	1028	None	None
149	о	1037	coref	1878
150	прохождении	1039	coref	1878
151	АГС	1051	coref	1889
152	в	1055	coref	1872
153	1	1057	coref	1876
154	-	1058	coref	1876
155	й	1059	coref	1876
156	Градской	1061	coref	1876
157	больнице	1070	coref	1876
158	Нижнего	1079	coref	1874
159	Новгорода	1087	coref	1874
160	в	1097	coref	1872
161	качестве	1099	None	None
162	санитаров	1108	None	None
163	.	1117	None	None
164	Муниципальный	1119	None	None
165	отряд	1133	None	None
166	по	1139	None	None
167	альтернативной	1142	coref	1878
168	гражданской	1157	coref	1878
169	службе	1169	coref	1878
170	4	1176	None	None
171	января	1178	None	None
172	2002	1185	None	None
173	года	1190	None	None
174	приступил	1195	None	None
175	к	1205	coref	1896
176	службе	1207	coref	1878
177	.	1213	None	None
178	Однако	1216	None	None
179	это	1223	coref	1878
180	распоряжение	1227	coref	1878
181	мэра	1240	coref	1877
182	было	1245	None	None
183	опротестовано	1250	None	None
184	в	1264	coref	1872
185	суде	1266	None	None
186	прокурором	1271	coref	1882
187	Нижнего	1282	coref	1874
188	Новгорода	1290	coref	1874
189	.	1299	None	None
190	Согласно	1301	None	None
191	исковому	1310	coref	1883
192	заявлению	1319	coref	1883
193	распоряжение	1329	coref	1878
194	главы	1342	coref	1877
195	Нижнего	1348	coref	1874
196	Новгорода	1356	coref	1874
197	не	1366	None	None
198	соответствует	1369	None	None
199	законодательству	1383	None	None
200	.	1399	None	None
201	«	1401	coref	1889
202	В	1402	None	None
203	соответствии	1404	None	None
204	с	1417	None	None
205	Конституцией	1419	None	None
206	РФ	1432	coref	1884
207	функции	1435	None	None
208	обороны	1443	None	None
209	и	1451	None	None
210	безопасности	1453	None	None
211	государства	1466	coref	1884
212	находятся	1478	None	None
213	исключительно	1488	None	None
214	в	1502	coref	1872
215	ведении	1504	None	None
216	федеральных	1512	None	None
217	властей	1524	None	None
218	,	1531	None	None
219	а	1533	None	None
220	альтернативная	1535	None	None
221	гражданская	1550	None	None
222	служба	1562	None	None
223	должна	1569	None	None
224	регулироваться	1576	None	None
225	законом	1591	coref	1885
226	,	1598	None	None
227	которого	1600	coref	1885
228	у	1609	None	None
229	нас	1611	coref	1884
230	нет	1615	None	None
231	»	1618	coref	1889
232	,	1619	None	None
233	-	1621	coref	1876
234	заявил	1623	None	None
235	тогда	1630	None	None
236	на	1636	None	None
237	судебном	1639	None	None
238	заседании	1648	None	None
239	представитель	1658	coref	1882
240	прокуратуры	1672	coref	1882
241	.	1683	None	None
242	16	1686	None	None
243	января	1689	None	None
244	2002	1696	None	None
245	года	1701	None	None
246	Нижегородский	1706	coref	1887
247	районный	1720	coref	1887
248	суд	1729	coref	1887
249	отклонил	1733	None	None
250	иск	1742	coref	1883
251	прокурора	1746	coref	1882
252	.	1755	None	None
253	В	1757	None	None
254	свою	1759	None	None
255	очередь	1764	None	None
256	,	1771	None	None
257	прокуратура	1773	coref	1886
258	Нижнего	1785	coref	1874
259	Новгорода	1793	coref	1874
260	подала	1803	None	None
261	кассационный	1810	None	None
262	протест	1823	None	None
263	на	1831	None	None
264	это	1834	coref	1878
265	решение	1838	None	None
266	.	1845	None	None
267	Судебная	1847	None	None
268	коллегия	1856	None	None
269	по	1865	None	None
270	гражданским	1868	None	None
271	делам	1880	None	None
272	Нижегородского	1886	coref	1887
273	областного	1901	None	None
274	суда	1912	coref	1887
275	15	1917	None	None
276	февраля	1920	None	None
277	отменила	1928	None	None
278	решение	1937	None	None
279	Нижегородского	1945	coref	1887
280	районного	1960	coref	1887
281	суда	1970	coref	1887
282	от	1975	coref	1879
283	16	1978	None	None
284	января	1981	None	None
285	и	1988	None	None
286	признала	1990	None	None
287	недействительным	1999	None	None
288	распоряжение	2016	coref	1878
289	мэра	2029	coref	1877
290	Лебедва	2034	coref	1877
291	об	2042	coref	1878
292	альтернативной	2045	coref	1878
293	гражданской	2060	coref	1878
294	службе	2072	coref	1878
295	.	2078	None	None
296	5	2081	None	None
297	апреля	2083	None	None
298	Нижегородский	2090	coref	1887
299	областной	2104	None	None
300	военный	2114	None	None
301	комиссариат	2122	None	None
302	разослал	2134	None	None
303	молодым	2143	coref	1872
304	людям	2151	coref	1872
305	,	2156	None	None
306	проходившим	2158	None	None
307	АГС	2170	coref	1889
308	,	2173	None	None
309	повестки	2175	None	None
310	для	2184	None	None
311	явки	2188	None	None
312	в	2193	coref	1872
313	военкомат	2195	None	None
314	с	2205	None	None
315	последующей	2207	None	None
316	отправкой	2219	None	None
317	на	2229	None	None
318	военную	2232	None	None
319	службу	2240	coref	1875
320	.	2246	None	None
321	Однако	2248	None	None
322	в	2255	coref	1872
323	весенний	2257	None	None
324	призыв	2266	None	None
325	их	2273	coref	1872
326	судьба	2276	None	None
327	так	2283	None	None
328	решена	2287	None	None
329	и	2294	None	None
330	не	2296	None	None
331	была	2299	None	None
332	.	2303	None	None
333	20	2306	coref	1872
334	июня	2309	None	None
335	альтернативщики	2314	coref	1872
336	прекратили	2330	None	None
337	работу	2341	None	None
338	в	2348	coref	1872
339	больнице	2350	coref	1876
340	в	2359	coref	1872
341	знак	2361	None	None
342	протеста	2366	None	None
343	против	2375	None	None
344	решения	2382	None	None
345	Госдумы	2390	coref	1888
346	,	2397	None	None
347	которая	2399	coref	1888
348	19	2407	None	None
349	июня	2410	None	None
350	при	2415	None	None
351	обсуждении	2419	None	None
352	законопроекта	2430	coref	1889
353	об	2444	coref	1878
354	АГС	2447	coref	1889
355	отклонила	2451	None	None
356	поправку	2461	None	None
357	фракции	2470	coref	1890
358	СПС	2478	coref	1890
359	о	2482	coref	1878
360	том	2484	None	None
361	,	2487	None	None
362	чтобы	2489	None	None
363	засчитать	2495	None	None
364	срок	2505	None	None
365	прохождения	2510	None	None
366	альтернативной	2522	coref	1878
367	службы	2537	coref	1878
368	нижегородцам	2544	coref	1872
369	.	2556	None	None
370	А	2558	None	None
371	25	2560	None	None
372	июня	2563	None	None
373	они	2568	coref	1872
374	вернулись	2572	None	None
375	в	2582	coref	1872
376	больницу	2584	coref	1876
377	с	2593	None	None
378	надеждой	2595	None	None
379	на	2604	None	None
380	то	2607	None	None
381	,	2609	None	None
382	что	2611	None	None
383	службу	2615	coref	1875
384	им	2622	coref	1872
385	все	2625	None	None
386	-	2628	coref	1876
387	таки	2629	None	None
388	засчитают	2634	None	None
389	.	2643	None	None
390	В	2646	None	None
391	соответствии	2648	None	None
392	с	2661	None	None
393	только	2663	None	None
394	что	2670	None	None
395	принятым	2674	None	None
396	законом	2683	coref	1885
397	об	2691	coref	1878
398	альтернативной	2694	coref	1878
399	службе	2709	coref	1878
400	граждане	2716	None	None
401	проходят	2725	None	None
402	ее	2734	coref	1875
403	,	2736	None	None
404	как	2738	None	None
405	правило	2742	None	None
406	,	2749	None	None
407	за	2751	None	None
408	пределами	2754	None	None
409	субъектов	2764	coref	1892
410	России	2774	coref	1884
411	,	2780	None	None
412	в	2782	coref	1872
413	которых	2784	coref	1892
414	они	2792	coref	1872
415	проживают	2796	None	None
416	.	2805	None	None
417	В	2807	None	None
418	соответствии	2809	None	None
419	с	2822	None	None
420	законом	2824	coref	1885
421	срок	2832	None	None
422	АГС	2837	coref	1889
423	составляет	2841	None	None
424	3	2852	None	None
425	,	2853	None	None
426	5	2854	None	None
427	года	2856	None	None
428	,	2860	None	None
429	а	2862	None	None
430	для	2864	None	None
431	граждан	2868	None	None
432	с	2876	None	None
433	высшим	2878	None	None
434	образованием	2885	None	None
435	-	2898	coref	1876
436	1	2900	coref	1876
437	год	2902	None	None
438	и	2906	None	None
439	9	2908	None	None
440	месяцев	2910	None	None
441	.	2917	None	None
442	История	2920	None	None
443	принятия	2928	None	None
444	закона	2937	coref	1889
445	Изначально	2945	None	None
446	на	2956	None	None
447	рассмотрение	2959	None	None
448	нижней	2972	coref	1888
449	палаты	2979	coref	1888
450	были	2986	None	None
451	внесены	2991	None	None
452	три	2999	coref	1893
453	проекта	3003	coref	1893
454	закона	3011	coref	1889
455	.	3017	None	None
456	Первый	3020	coref	1894
457	проект	3027	coref	1894
458	был	3034	None	None
459	внесен	3038	None	None
460	в	3045	coref	1872
461	Госдуму	3047	coref	1888
462	правительством	3055	None	None
463	,	3069	None	None
464	второй	3071	None	None
465	-	3078	coref	1876
466	группой	3080	None	None
467	депутатов	3088	None	None
468	,	3097	None	None
469	а	3099	None	None
470	третий	3101	None	None
471	-	3108	coref	1876
472	депутатом	3110	None	None
473	от	3120	coref	1879
474	СПС	3123	coref	1890
475	Владимиром	3127	None	None
476	Семеновым	3138	None	None
477	.	3147	None	None
478	Их	3149	coref	1893
479	основное	3152	None	None
480	различие	3161	None	None
481	заключалось	3170	None	None
482	в	3182	coref	1872
483	сроках	3184	None	None
484	прохождения	3191	None	None
485	альтернативной	3203	coref	1878
486	гражданской	3218	coref	1878
487	службы	3230	coref	1878
488	.	3236	None	None
489	А	3239	None	None
490	в	3241	coref	1872
491	середине	3243	None	None
492	июня	3252	None	None
493	правительство	3257	coref	1895
494	внесло	3271	None	None
495	свои	3278	coref	1895
496	поправки	3283	None	None
497	в	3292	coref	1872
498	законопроект	3294	coref	1889
499	,	3306	None	None
500	предложив	3308	None	None
501	срок	3318	None	None
502	службы	3323	coref	1878
503	в	3330	coref	1872
504	3	3332	None	None
505	-	3333	coref	1876
506	3	3334	None	None
507	,	3335	None	None
508	5	3336	None	None
509	года	3338	None	None
510	.	3342	None	None
511	28	3345	None	None
512	июня	3348	None	None
513	после	3353	None	None
514	долгих	3359	None	None
515	согласований	3366	None	None
516	и	3379	None	None
517	внесения	3381	None	None
518	поправок	3390	None	None
519	Госдума	3399	coref	1888
520	приняла	3407	None	None
521	в	3415	coref	1872
522	третьем	3417	None	None
523	,	3424	None	None
524	окончательном	3426	None	None
525	чтении	3440	None	None
526	законопроект	3447	coref	1889
527	об	3460	coref	1878
528	альтернативной	3463	coref	1878
529	воинской	3478	coref	1889
530	службе	3487	coref	1878
531	.	3493	None	None
532	10	3496	None	None
533	июля	3499	None	None
534	Совет	3504	coref	1873
535	Федерации	3510	coref	1871
536	одобрил	3520	None	None
537	закон	3528	coref	1889
538	«	3534	coref	1889
539	Об	3535	coref	1889
540	альтернативной	3538	coref	1878
541	гражданской	3553	coref	1878
542	службе	3565	coref	1878
543	»	3571	coref	1889
544	.	3572	None	None
545	Теперь	3575	None	None
546	закон	3582	coref	1889
547	поступит	3588	None	None
548	на	3597	None	None
549	подпись	3600	coref	1896
550	к	3608	coref	1896
551	президенту	3610	coref	1896
552	,	3620	None	None
553	где	3622	coref	1896
554	,	3625	None	None
555	скорее	3627	None	None
556	всего	3634	None	None
557	,	3639	None	None
558	будет	3641	None	None
559	утвержден	3647	None	None
560	.	3656	None	None
