	word	start_char	type	chain_id
0	Спасатели	0	None	None
1	нашли	10	None	None
2	якутских	16	coref	2146
3	лыжников	25	coref	2146
4	,	33	None	None
5	ушедших	35	None	None
6	в	43	coref	2146
7	поход	45	None	None
8	неделю	51	None	None
9	назад	58	coref	2146
10	Спасатели	65	None	None
11	обнаружили	75	None	None
12	пропавшую	86	coref	2146
13	несколько	96	coref	2146
14	дней	106	coref	2146
15	назад	111	coref	2146
16	в	117	coref	2146
17	Якутии	119	coref	2146
18	группу	126	coref	2146
19	лыжников	133	coref	2146
20	,	141	None	None
21	в	143	coref	2146
22	которую	145	coref	2146
23	входили	153	None	None
24	ученики	161	coref	2148
25	и	169	coref	2146
26	преподаватели	171	coref	2149
27	из	185	coref	2146
28	якутского	188	coref	2150
29	поселка	198	coref	2150
30	Кюсюр	206	coref	2150
31	Булонского	212	coref	2150
32	улуса	223	coref	2150
33	,	228	None	None
34	сообщает	230	None	None
35	«	239	coref	2157
36	Интерфакс	240	None	None
37	»	249	coref	2157
38	.	250	None	None
39	20	253	None	None
40	апреля	256	None	None
41	группа	263	coref	2146
42	из	270	coref	2146
43	восьми	273	coref	2146
44	школьников	280	coref	2146
45	и	291	coref	2146
46	двух	293	coref	2146
47	преподавателей	298	coref	2146
48	вышла	313	None	None
49	из	319	coref	2146
50	поселка	322	coref	2150
51	по	330	None	None
52	пешеходному	333	None	None
53	туристическому	345	None	None
54	маршруту	360	None	None
55	в	369	coref	2146
56	райцентр	371	coref	2151
57	Тикси	380	coref	2151
58	.	385	None	None
59	Сюда	387	coref	2151
60	школьники	392	coref	2148
61	и	402	coref	2146
62	учителя	404	coref	2149
63	должны	412	None	None
64	были	419	None	None
65	прийти	424	None	None
66	24	431	None	None
67	апреля	434	None	None
68	,	440	None	None
69	но	442	None	None
70	они	445	coref	2146
71	не	449	None	None
72	появились	452	None	None
73	,	461	None	None
74	сообщили	463	None	None
75	в	472	coref	2146
76	пятницу	474	None	None
77	в	482	coref	2146
78	МЧС	484	coref	2152
79	России	488	coref	2152
80	.	494	None	None
81	Расстояние	497	None	None
82	между	508	None	None
83	поселками	514	coref	2154
84	-	524	None	None
85	150	526	None	None
86	километров	530	None	None
87	.	540	None	None
88	Школьники	542	coref	2148
89	и	552	coref	2146
90	их	554	coref	2146
91	наставники	557	coref	2149
92	совершали	568	None	None
93	лыжный	578	None	None
94	поход	585	None	None
95	в	591	coref	2146
96	честь	593	None	None
97	80	599	None	None
98	-	601	None	None
99	летия	602	None	None
100	образования	608	None	None
101	Якутской	620	coref	2147
102	АССР	629	coref	2147
103	.	633	None	None
104	Все	636	coref	2148
105	школьники	640	coref	2148
106	,	649	None	None
107	потерявшиеся	651	None	None
108	в	664	coref	2146
109	тундре	666	None	None
110	,	672	None	None
111	это	674	None	None
112	ученики	678	coref	2148
113	8	686	None	None
114	-	687	None	None
115	10	688	None	None
116	классов	691	None	None
117	.	698	None	None
118	Один	700	coref	2155
119	из	705	coref	2146
120	преподавателей	708	coref	2146
121	1942	723	None	None
122	года	728	None	None
123	рождения	733	None	None
124	,	741	None	None
125	другой	743	coref	2156
126	-	750	None	None
127	1967	752	None	None
128	года	757	None	None
129	.	761	None	None
130	Возглавлял	763	None	None
131	юных	774	coref	2148
132	туристов	779	coref	2148
133	старший	788	coref	2155
134	из	796	coref	2146
135	преподавателей	799	coref	2146
136	Семен	814	coref	2155
137	Шамаев	820	coref	2155
138	,	826	None	None
139	неоднократно	828	None	None
140	водивший	841	None	None
141	ребят	850	coref	2148
142	по	856	None	None
143	маршруту	859	None	None
144	между	868	None	None
145	поселками	874	coref	2154
146	Кюсюр	884	coref	2150
147	и	890	coref	2146
148	Тикси	892	coref	2151
149	.	897	None	None
150	В	900	None	None
151	четверг	902	None	None
152	спасатели	910	None	None
153	начали	920	None	None
154	искать	927	None	None
155	пропавших	934	coref	2146
156	и	944	coref	2146
157	нашли	946	None	None
158	только	952	None	None
159	сегодня	959	None	None
160	.	966	None	None
161	Утром	968	None	None
162	тринадцать	974	None	None
163	спасателей	985	None	None
164	на	996	None	None
165	двух	999	coref	2146
166	гусеничных	1004	None	None
167	вездеходах	1015	None	None
168	и	1026	coref	2146
169	шести	1028	coref	2157
170	снегоходах	1034	coref	2157
171	«	1045	coref	2157
172	Буран	1046	coref	2157
173	»	1051	coref	2157
174	вышли	1053	None	None
175	на	1059	None	None
176	поиски	1062	None	None
177	экспедиции	1069	coref	2146
178	и	1080	coref	2146
179	обнаружили	1082	None	None
180	ребят	1093	coref	2148
181	и	1099	coref	2146
182	преподавателей	1101	coref	2146
183	.	1115	None	None
184	Как	1117	None	None
185	сообщили	1121	None	None
186	в	1130	coref	2146
187	субботу	1132	None	None
188	в	1140	coref	2146
189	пресс	1142	None	None
190	-	1147	None	None
191	службе	1148	None	None
192	МЧС	1155	coref	2152
193	России	1159	coref	2152
194	,	1165	None	None
195	группа	1167	coref	2146
196	была	1174	None	None
197	обнаружена	1179	None	None
198	в	1190	coref	2146
199	субботу	1192	None	None
200	около	1200	None	None
201	10	1206	None	None
202	:	1208	None	None
203	20	1209	None	None
204	по	1212	None	None
205	московскому	1215	None	None
206	времени	1227	None	None
207	.	1234	None	None
208	По	1236	None	None
209	предварительной	1239	None	None
210	информации	1255	None	None
211	,	1265	None	None
212	состояние	1267	None	None
213	здоровья	1277	None	None
214	лыжников	1286	coref	2146
215	удовлетворительное	1295	None	None
216	.	1313	None	None
217	В	1315	None	None
218	настоящее	1317	None	None
219	время	1327	None	None
220	идет	1333	None	None
221	их	1338	coref	2146
222	эвакуация	1341	None	None
223	на	1351	None	None
224	снегоходах	1354	coref	2157
225	.	1364	None	None
226	Возможно	1366	None	None
227	,	1374	None	None
228	что	1376	None	None
229	уже	1380	None	None
230	сегодня	1384	None	None
231	их	1392	coref	2146
232	доставят	1395	None	None
233	в	1404	coref	2146
234	Тикси	1406	coref	2151
235	.	1411	None	None
