	word	start_char	type	chain_id
0	Бывший	0	coref	3136
1	вице	7	coref	3136
2	-	11	coref	3136
3	премьер	12	coref	3136
4	правительства	20	coref	3136
5	Туркмении	34	coref	3136
6	Борис	44	coref	3136
7	Шихмурадов	50	coref	3136
8	осужден	61	None	None
9	на	69	coref	3143
10	пожизненное	72	None	None
11	заключение	84	None	None
12	Народный	96	coref	3139
13	совет	105	coref	3139
14	Туркмении	111	coref	3136
15	в	121	coref	3143
16	понедельник	123	None	None
17	заменил	135	None	None
18	приговор	143	None	None
19	суда	152	coref	3140
20	о	157	None	None
21	25	159	None	None
22	-	161	coref	3136
23	летнем	162	None	None
24	лишении	169	None	None
25	свободы	177	None	None
26	Борису	185	coref	3136
27	Шихмурадову	192	coref	3136
28	на	204	coref	3143
29	пожизненное	207	None	None
30	заключение	219	None	None
31	.	229	None	None
32	Для	231	None	None
33	этого	235	None	None
34	высший	241	coref	3139
35	представительный	248	coref	3139
36	орган	265	coref	3139
37	власти	271	coref	3139
38	страны	278	coref	3138
39	принял	285	None	None
40	специальную	292	None	None
41	законодательную	304	None	None
42	поправку	320	None	None
43	,	328	coref	3167
44	предусматривающую	330	None	None
45	«	348	None	None
46	пожизненное	349	None	None
47	заключение	361	None	None
48	для	372	None	None
49	предателей	376	None	None
50	Родины	387	coref	3138
51	»	393	None	None
52	.	394	None	None
53	Такое	397	None	None
54	же	403	None	None
55	решение	406	None	None
56	принято	414	None	None
57	в	422	coref	3143
58	отношении	424	None	None
59	остальных	434	coref	3141
60	лиц	444	coref	3141
61	,	447	coref	3167
62	которых	449	coref	3141
63	туркменские	457	coref	3139
64	власти	469	coref	3139
65	называют	476	None	None
66	руководителями	485	None	None
67	попытки	500	coref	3143
68	организации	508	None	None
69	государственного	520	coref	3143
70	переворота	537	coref	3143
71	.	547	None	None
72	Бывший	550	coref	3136
73	вице	557	coref	3136
74	-	561	coref	3136
75	премьер	562	coref	3136
76	правительства	570	coref	3136
77	Туркмении	584	coref	3136
78	Борис	594	coref	3136
79	Шихмурадов	600	coref	3136
80	был	611	None	None
81	осужден	615	None	None
82	в	623	coref	3143
83	понедельник	625	None	None
84	на	637	coref	3143
85	25	640	None	None
86	лет	643	None	None
87	лишения	647	None	None
88	свободы	655	None	None
89	«	663	None	None
90	за	664	None	None
91	подготовку	667	None	None
92	государственного	678	coref	3143
93	переворота	695	coref	3143
94	»	705	None	None
95	.	706	None	None
96	Согласно	708	None	None
97	приговору	717	None	None
98	суда	727	coref	3140
99	,	731	coref	3167
100	Шихмурадов	733	coref	3136
101	должен	744	None	None
102	был	751	None	None
103	провести	755	None	None
104	5	764	None	None
105	лет	766	None	None
106	в	770	coref	3143
107	тюрьме	772	None	None
108	и	779	coref	3136
109	20	781	None	None
110	лет	784	None	None
111	-	788	coref	3136
112	в	790	coref	3143
113	исправительном	792	None	None
114	учреждении	807	None	None
115	,	817	coref	3167
116	сообщает	819	None	None
117	РИА	828	None	None
118	«	832	None	None
119	Новости	833	None	None
120	»	840	None	None
121	.	841	None	None
122	Согласно	843	None	None
123	постановлению	852	None	None
124	суда	866	coref	3140
125	,	870	coref	3167
126	Шихмурадов	872	coref	3136
127	также	883	None	None
128	должен	889	None	None
129	возместить	896	None	None
130	ущерб	907	coref	3142
131	,	912	coref	3167
132	который	914	coref	3142
133	он	922	coref	3136
134	нанес	925	None	None
135	экономике	931	None	None
136	республики	941	coref	3138
137	.	951	None	None
138	Как	954	None	None
139	ранее	958	None	None
140	сообщал	964	None	None
141	NEWSru	972	None	None
142	.	978	None	None
143	com	979	None	None
144	,	982	coref	3167
145	жители	984	None	None
146	Туркмении	991	coref	3136
147	требовали	1001	None	None
148	казнить	1011	None	None
149	участников	1019	coref	3143
150	попытки	1030	coref	3143
151	госпереворота	1038	coref	3143
152	в	1052	coref	3143
153	республике	1054	coref	3138
154	.	1064	None	None
155	Аппарат	1066	coref	3144
156	президента	1074	coref	3143
157	получил	1085	None	None
158	7007	1093	None	None
159	обращений	1098	None	None
160	от	1108	None	None
161	жителей	1111	None	None
162	республики	1119	coref	3138
163	,	1129	coref	3167
164	требующих	1131	None	None
165	применить	1141	None	None
166	к	1151	None	None
167	участникам	1153	coref	3143
168	попытки	1164	coref	3143
169	покушения	1172	coref	3143
170	на	1182	coref	3143
171	президента	1185	coref	3143
172	Туркмении	1196	coref	3136
173	и	1206	coref	3136
174	попытки	1208	coref	3143
175	государственного	1216	coref	3143
176	переворота	1233	coref	3143
177	«	1244	None	None
178	высшую	1245	None	None
179	меру	1252	None	None
180	наказания	1257	None	None
181	»	1266	None	None
182	.	1267	None	None
183	Всего	1270	None	None
184	в	1276	coref	3143
185	адрес	1278	None	None
186	аппарата	1284	coref	3144
187	президента	1293	coref	3143
188	и	1304	coref	3136
189	общий	1306	None	None
190	отдел	1312	None	None
191	Кабмина	1318	None	None
192	поступило	1326	None	None
193	17	1336	coref	3161
194	тыс	1339	None	None
195	.	1342	None	None
196	947	1344	None	None
197	писем	1348	None	None
198	и	1354	coref	3136
199	телеграмм	1356	None	None
200	,	1365	coref	3167
201	осуждающих	1367	None	None
202	террористический	1378	None	None
203	акт	1395	None	None
204	25	1399	None	None
205	ноября	1402	None	None
206	.	1408	None	None
207	В	1410	None	None
208	11	1412	None	None
209	тыс	1415	None	None
210	.	1418	None	None
211	421	1420	None	None
212	письме	1424	None	None
213	и	1431	coref	3136
214	телеграмме	1433	None	None
215	требуется	1444	None	None
216	«	1454	None	None
217	объявить	1455	None	None
218	террористов	1464	coref	3143
219	предателями	1476	None	None
220	родины	1488	coref	3138
221	»	1494	None	None
222	,	1495	coref	3167
223	в	1497	coref	3143
224	7	1499	None	None
225	тыс	1501	None	None
226	.	1504	None	None
227	830	1506	None	None
228	-	1510	coref	3136
229	«	1512	None	None
230	наказать	1513	None	None
231	террористов	1522	coref	3143
232	по	1534	None	None
233	закону	1537	None	None
234	»	1543	None	None
235	,	1544	coref	3167
236	а	1546	None	None
237	8	1548	None	None
238	тыс	1550	None	None
239	.	1553	None	None
240	943	1555	None	None
241	человек	1559	coref	3148
242	требуют	1567	None	None
243	принять	1575	None	None
244	закон	1583	None	None
245	,	1588	coref	3167
246	чтобы	1590	None	None
247	«	1596	None	None
248	подобное	1597	None	None
249	злодеяние	1606	None	None
250	никогда	1616	None	None
251	не	1624	None	None
252	повторилось	1627	None	None
253	впредь	1639	None	None
254	»	1645	None	None
255	.	1646	None	None
256	Кроме	1649	None	None
257	того	1655	None	None
258	,	1659	coref	3167
259	«	1661	None	None
260	десятки	1662	coref	3146
261	тысяч	1670	coref	3146
262	соотечественников	1676	coref	3146
263	звонили	1694	None	None
264	в	1702	coref	3143
265	аппарат	1704	coref	3144
266	президента	1712	coref	3143
267	Туркмении	1723	coref	3136
268	,	1732	coref	3167
269	выражая	1734	None	None
270	свою	1742	coref	3146
271	поддержку	1747	None	None
272	главе	1757	coref	3145
273	государства	1763	coref	3138
274	и	1775	coref	3136
275	негодование	1777	None	None
276	в	1789	coref	3143
277	адрес	1791	None	None
278	преступников	1797	coref	3143
279	»	1809	None	None
280	,	1810	coref	3167
281	говорится	1812	None	None
282	в	1822	coref	3143
283	сообщении	1824	None	None
284	.	1833	None	None
285	Смертная	1835	None	None
286	казнь	1844	None	None
287	была	1850	None	None
288	отменена	1855	None	None
289	в	1864	coref	3143
290	Туркмении	1866	coref	3136
291	в	1876	coref	3143
292	1999	1878	None	None
293	году	1883	None	None
294	.	1887	None	None
295	Теперь	1889	None	None
296	,	1895	coref	3167
297	согласно	1897	None	None
298	уголовному	1906	None	None
299	кодексу	1917	None	None
300	республики	1925	coref	3138
301	,	1935	coref	3167
302	максимальное	1937	None	None
303	наказание	1950	None	None
304	составляет	1960	None	None
305	25	1971	None	None
306	лет	1974	None	None
307	лишения	1978	None	None
308	свободы	1986	None	None
309	.	1993	None	None
310	Напомним	1996	None	None
311	,	2004	coref	3167
312	что	2006	None	None
313	покушение	2010	None	None
314	на	2020	coref	3143
315	президента	2023	coref	3143
316	Туркменистана	2034	coref	3138
317	было	2048	None	None
318	совершено	2053	None	None
319	в	2063	coref	3143
320	25	2065	None	None
321	ноября	2068	None	None
322	.	2074	None	None
323	Кортеж	2076	None	None
324	Сапармурата	2083	coref	3145
325	Ниязова	2095	coref	3145
326	,	2102	coref	3167
327	направлявшегося	2104	None	None
328	утром	2120	None	None
329	на	2126	coref	3143
330	работу	2129	None	None
331	,	2135	coref	3167
332	был	2137	None	None
333	обстрелян	2141	None	None
334	из	2151	coref	3156
335	автомата	2154	None	None
336	в	2163	coref	3143
337	центре	2165	None	None
338	столицы	2172	coref	3147
339	из	2180	coref	3156
340	выехавшего	2183	None	None
341	на	2194	coref	3143
342	перекресток	2197	None	None
343	грузового	2209	None	None
344	автомобиля	2219	None	None
345	КамАЗ	2230	None	None
346	.	2235	None	None
347	В	2237	None	None
348	результате	2239	None	None
349	нападения	2250	None	None
350	было	2260	None	None
351	ранено	2265	None	None
352	несколько	2272	coref	3148
353	человек	2282	coref	3148
354	,	2289	coref	3167
355	в	2291	coref	3143
356	том	2293	None	None
357	числе	2297	None	None
358	офицер	2303	coref	3149
359	дорожной	2310	coref	3149
360	полиции	2319	coref	3149
361	.	2326	None	None
362	Сам	2328	coref	3145
363	Ниязов	2332	coref	3145
364	не	2339	None	None
365	пострадал	2342	None	None
366	.	2351	None	None
367	Руководство	2354	None	None
368	Туркмении	2366	coref	3136
369	квалифицировало	2376	None	None
370	покушение	2392	None	None
371	на	2402	coref	3143
372	президента	2405	coref	3143
373	как	2416	None	None
374	акт	2420	None	None
375	международного	2424	None	None
376	терроризма	2439	None	None
377	,	2449	coref	3167
378	направленный	2451	None	None
379	против	2464	None	None
380	конституционных	2471	None	None
381	норм	2487	None	None
382	Туркменистана	2492	coref	3138
383	.	2505	None	None
384	В	2507	None	None
385	организации	2509	None	None
386	покушения	2521	coref	3143
387	обвиняются	2531	None	None
388	бывший	2542	coref	3136
389	вице	2549	coref	3136
390	-	2553	coref	3136
391	премьер	2554	coref	3136
392	и	2562	coref	3136
393	министр	2564	coref	3136
394	иностранных	2572	coref	3136
395	дел	2584	coref	3136
396	Туркмении	2588	coref	3136
397	Борис	2598	coref	3136
398	Шихмурадов	2604	coref	3136
399	,	2614	coref	3167
400	бывший	2616	coref	3136
401	вице	2623	coref	3136
402	-	2627	coref	3136
403	премьер	2628	coref	3136
404	и	2636	coref	3136
405	председатель	2638	coref	3150
406	правления	2651	coref	3150
407	Центробанка	2661	coref	3150
408	Худайберды	2673	coref	3150
409	Оразов	2684	coref	3150
410	,	2690	coref	3167
411	экс	2692	coref	3151
412	-	2695	coref	3136
413	посол	2696	coref	3151
414	Туркмении	2702	coref	3136
415	в	2712	coref	3143
416	Турции	2714	coref	3151
417	Нурмухаммед	2721	coref	3151
418	Ханамов	2733	coref	3151
419	,	2740	coref	3167
420	а	2742	None	None
421	также	2744	None	None
422	бывший	2750	coref	3136
423	первый	2757	coref	3152
424	замминистра	2764	coref	3152
425	сельского	2776	coref	3152
426	хозяйства	2786	coref	3152
427	Сапармурат	2796	coref	3152
428	Иклымов	2807	coref	3152
429	.	2814	None	None
430	Cледствие	2817	None	None
431	считает	2827	None	None
432	Бориса	2835	coref	3136
433	Шихмурадова	2842	coref	3136
434	одним	2854	None	None
435	из	2860	coref	3156
436	главных	2863	None	None
437	организаторов	2871	None	None
438	попытки	2885	coref	3143
439	государственного	2893	coref	3143
440	переворота	2910	coref	3143
441	Бывший	2922	coref	3136
442	вице	2929	coref	3136
443	-	2933	coref	3136
444	премьер	2934	coref	3136
445	Туркмении	2942	coref	3136
446	Борис	2952	coref	3136
447	Шихмурадов	2958	coref	3136
448	задержан	2969	None	None
449	26	2978	None	None
450	декабря	2981	None	None
451	.	2988	None	None
452	Он	2990	coref	3136
453	,	2992	coref	3167
454	по	2994	None	None
455	версии	2997	None	None
456	правоохранительных	3004	None	None
457	органов	3023	None	None
458	республики	3031	coref	3138
459	,	3041	coref	3167
460	был	3043	None	None
461	одним	3047	None	None
462	из	3053	coref	3156
463	главных	3056	None	None
464	организаторов	3064	None	None
465	попытки	3078	coref	3143
466	государственного	3086	coref	3143
467	переворота	3103	coref	3143
468	,	3113	coref	3167
469	произошедшей	3115	None	None
470	25	3128	None	None
471	ноября	3131	None	None
472	.	3137	None	None
473	Однако	3140	None	None
474	,	3146	coref	3167
475	как	3148	None	None
476	сообщает	3152	None	None
477	в	3161	coref	3143
478	номере	3163	None	None
479	за	3170	None	None
480	27	3173	None	None
481	декабря	3176	None	None
482	газета	3184	None	None
483	«	3191	None	None
484	Время	3192	None	None
485	новостей	3198	None	None
486	»	3206	None	None
487	,	3207	coref	3167
488	существуют	3209	None	None
489	серьезные	3220	None	None
490	предположения	3230	None	None
491	,	3243	coref	3167
492	что	3245	None	None
493	Шихмурадов	3249	coref	3136
494	сам	3260	None	None
495	сдался	3264	None	None
496	туркменским	3271	None	None
497	властям	3283	None	None
498	,	3290	coref	3167
499	чтобы	3292	None	None
500	облегчить	3298	None	None
501	участь	3308	None	None
502	большого	3315	None	None
503	количества	3324	None	None
504	его	3335	coref	3136
505	родствеников	3339	None	None
506	и	3352	coref	3136
507	друзей	3354	None	None
508	,	3360	coref	3167
509	не	3362	None	None
510	имеющих	3365	None	None
511	отношения	3373	None	None
512	к	3383	None	None
513	его	3385	coref	3136
514	оппозиционной	3389	None	None
515	деятельности	3403	None	None
516	,	3415	coref	3167
517	но	3417	None	None
518	,	3419	coref	3167
519	будучи	3421	None	None
520	арестованными	3428	None	None
521	,	3441	coref	3167
522	ставших	3443	None	None
523	заложниками	3451	None	None
524	в	3463	coref	3143
525	руках	3465	None	None
526	Туркменбаши	3471	coref	3145
527	.	3482	None	None
528	Напомним	3485	None	None
529	,	3493	coref	3167
530	что	3495	None	None
531	Борису	3499	coref	3136
532	Шихмурадову	3506	coref	3136
533	удалось	3518	None	None
534	скрыться	3526	None	None
535	при	3535	None	None
536	поддержке	3539	None	None
537	посла	3549	coref	3153
538	Узбекистана	3555	coref	3153
539	в	3567	coref	3143
540	Ашхабаде	3569	coref	3147
541	Абдурашида	3578	coref	3153
542	Кадырова	3589	coref	3153
543	.	3597	None	None
544	Резиденция	3599	coref	3155
545	узбекского	3610	coref	3153
546	посла	3621	coref	3153
547	в	3627	coref	3143
548	его	3629	coref	3136
549	отсутствие	3633	None	None
550	была	3644	None	None
551	осмотрена	3649	None	None
552	правоохранительными	3659	None	None
553	органами	3679	None	None
554	Туркмении	3688	coref	3136
555	16	3698	None	None
556	декабря	3701	None	None
557	в	3709	coref	3143
558	связи	3711	None	None
559	с	3717	None	None
560	поисками	3719	None	None
561	участников	3728	coref	3143
562	покушения	3739	coref	3143
563	.	3748	None	None
564	По	3750	None	None
565	заявлению	3753	None	None
566	одного	3763	coref	3156
567	из	3770	coref	3156
568	арестованных	3773	coref	3156
569	,	3785	coref	3167
570	Шихмурадов	3787	coref	3136
571	после	3798	None	None
572	неудавшегося	3804	None	None
573	покушения	3817	coref	3143
574	и	3827	coref	3136
575	до	3829	None	None
576	7	3832	None	None
577	декабря	3834	None	None
578	скрывался	3842	None	None
579	в	3852	coref	3143
580	резиденции	3854	coref	3155
581	посла	3865	coref	3153
582	Узбекистана	3871	coref	3153
583	.	3882	None	None
584	По	3885	None	None
585	словам	3888	None	None
586	генерального	3895	coref	3158
587	прокурора	3908	coref	3158
588	Туркмении	3918	coref	3136
589	Курбанбиби	3928	coref	3158
590	Атаджановой	3939	coref	3158
591	,	3950	coref	3167
592	Борис	3952	coref	3136
593	Шихмурадов	3958	coref	3136
594	,	3968	coref	3167
595	находящийся	3970	None	None
596	в	3982	coref	3143
597	эмиграции	3984	coref	3152
598	с	3994	None	None
599	2000	3996	None	None
600	года	4001	None	None
601	,	4005	coref	3167
602	в	4007	coref	3143
603	ночь	4009	None	None
604	с	4014	None	None
605	23	4016	None	None
606	на	4019	coref	3143
607	24	4022	None	None
608	ноября	4025	None	None
609	незаконно	4032	None	None
610	проник	4042	None	None
611	на	4049	coref	3143
612	территорию	4052	None	None
613	Туркменистана	4063	coref	3138
614	,	4076	coref	3167
615	для	4078	None	None
616	того	4082	None	None
617	чтобы	4087	None	None
618	лично	4093	None	None
619	руководить	4099	None	None
620	государственным	4110	None	None
621	переворотом	4126	None	None
622	и	4138	coref	3136
623	затем	4140	None	None
624	возглавить	4146	None	None
625	новое	4157	None	None
626	правительство	4163	None	None
627	республики	4177	coref	3138
628	.	4187	None	None
629	Все	4189	None	None
630	это	4193	None	None
631	время	4197	None	None
632	Шихмурадов	4203	coref	3136
633	находился	4214	None	None
634	в	4224	coref	3143
635	розыске	4226	None	None
636	.	4233	None	None
637	В	4236	None	None
638	Ашхабаде	4238	coref	3147
639	задержан	4247	None	None
640	Ыклым	4256	coref	3159
641	Ыклымов	4262	coref	3159
642	,	4269	coref	3167
643	также	4271	None	None
644	обвиняемый	4277	None	None
645	в	4288	coref	3143
646	причастности	4290	None	None
647	к	4303	None	None
648	«	4305	None	None
649	попытке	4306	None	None
650	государственного	4314	coref	3143
651	переворота	4331	coref	3143
652	»	4341	None	None
653	В	4344	None	None
654	Ашхабаде	4346	coref	3147
655	задержан	4355	None	None
656	Ыклым	4364	coref	3159
657	Ыклымов	4370	coref	3159
658	,	4377	coref	3167
659	которого	4379	coref	3159
660	туркменские	4388	coref	3139
661	власти	4400	coref	3139
662	обвиняют	4407	None	None
663	в	4416	coref	3143
664	причастности	4418	None	None
665	к	4431	None	None
666	«	4433	None	None
667	организации	4434	None	None
668	покушения	4446	coref	3143
669	на	4456	coref	3143
670	президента	4459	coref	3143
671	и	4470	coref	3136
672	попытке	4472	None	None
673	государственного	4480	coref	3143
674	переворота	4497	coref	3143
675	»	4507	None	None
676	.	4508	None	None
677	Об	4510	None	None
678	этом	4513	None	None
679	заявила	4518	None	None
680	Генпрокурор	4526	coref	3158
681	Туркмении	4538	coref	3136
682	Курбанбиби	4548	coref	3158
683	Атаджанова	4559	coref	3158
684	,	4569	coref	3167
685	выступая	4571	None	None
686	в	4580	coref	3143
687	четверг	4582	None	None
688	вечером	4590	None	None
689	по	4598	None	None
690	национальному	4601	None	None
691	телевидению	4615	None	None
692	.	4626	None	None
693	По	4629	None	None
694	ее	4632	coref	3158
695	словам	4635	None	None
696	,	4641	coref	3167
697	задержанный	4643	coref	3159
698	является	4655	None	None
699	братом	4664	None	None
700	находящегося	4671	coref	3152
701	в	4684	coref	3143
702	эмиграции	4686	coref	3152
703	в	4696	coref	3143
704	Швеции	4698	coref	3152
705	бывшего	4705	coref	3152
706	замминистра	4713	coref	3152
707	сельского	4725	coref	3152
708	хозяйства	4735	coref	3152
709	Сапармурата	4745	coref	3145
710	Ыклымова	4757	coref	3152
711	,	4765	coref	3167
712	также	4767	None	None
713	объявленного	4773	None	None
714	Ашхабадом	4786	coref	3138
715	«	4796	None	None
716	одним	4797	None	None
717	из	4803	coref	3156
718	организаторов	4806	None	None
719	переворота	4820	coref	3143
720	»	4830	None	None
721	.	4831	None	None
722	Генпрокурор	4834	coref	3158
723	отметила	4846	None	None
724	,	4854	coref	3167
725	что	4856	None	None
726	задержание	4860	None	None
727	Бориса	4871	coref	3136
728	Шихмурадова	4878	coref	3136
729	,	4889	coref	3167
730	о	4891	None	None
731	чем	4893	None	None
732	сообщалось	4897	None	None
733	ранее	4908	None	None
734	,	4913	coref	3167
735	и	4915	coref	3136
736	Ыклыма	4917	coref	3159
737	Ыклымова	4924	coref	3152
738	произошло	4933	None	None
739	«	4943	None	None
740	благодаря	4944	None	None
741	бдительности	4954	None	None
742	населения	4967	None	None
743	страны	4977	coref	3138
744	,	4983	coref	3167
745	оказывающего	4985	None	None
746	действенную	4998	None	None
747	помощь	5010	None	None
748	в	5017	coref	3143
749	проведении	5019	None	None
750	расследования	5030	None	None
751	»	5043	None	None
752	.	5044	None	None
753	По	5047	None	None
754	словам	5050	None	None
755	Атаджановой	5057	coref	3158
756	,	5068	coref	3167
757	более	5070	None	None
758	подробно	5076	None	None
759	о	5085	None	None
760	«	5087	None	None
761	прошедшем	5088	None	None
762	25	5098	None	None
763	ноября	5101	None	None
764	покушении	5108	None	None
765	на	5118	coref	3143
766	президента	5121	coref	3143
767	Туркмении	5132	coref	3136
768	Сапармурата	5142	coref	3145
769	Ниязова	5154	coref	3145
770	и	5162	coref	3136
771	неудавшейся	5164	None	None
772	попытке	5176	None	None
773	государственного	5184	coref	3143
774	переворота	5201	coref	3143
775	»	5211	None	None
776	будет	5213	None	None
777	сообщено	5219	None	None
778	на	5228	coref	3143
779	открывающемся	5231	None	None
780	30	5245	None	None
781	декабря	5248	None	None
782	в	5256	coref	3143
783	Ашхабаде	5258	coref	3147
784	13	5267	None	None
785	заседании	5270	None	None
786	Народного	5280	coref	3139
787	Совета	5290	coref	3139
788	-	5297	coref	3136
789	высшего	5299	coref	3139
790	представительного	5307	coref	3139
791	органа	5325	coref	3139
792	власти	5332	coref	3139
793	.	5338	None	None
794	В	5341	None	None
795	месте	5343	None	None
796	с	5349	None	None
797	тем	5351	None	None
798	,	5354	coref	3167
799	на	5356	coref	3143
800	свободе	5359	None	None
801	пока	5367	None	None
802	находится	5372	None	None
803	еще	5382	coref	3160
804	один	5386	coref	3160
805	из	5391	coref	3156
806	обвиняемых	5394	coref	3143
807	туркменскими	5405	coref	3139
808	властями	5418	coref	3139
809	в	5427	coref	3143
810	участии	5429	coref	3143
811	в	5437	coref	3143
812	теракте	5439	coref	3143
813	Бегенч	5447	coref	3160
814	Бекназаров	5454	coref	3160
815	,	5464	coref	3167
816	занимавший	5466	None	None
817	до	5477	None	None
818	этого	5480	None	None
819	должность	5486	None	None
820	заместителя	5496	None	None
821	командира	5508	None	None
822	дивизии	5518	None	None
823	.	5525	None	None
824	Туркменские	5528	None	None
825	спецслужбы	5540	None	None
826	арестовали	5551	None	None
827	46	5562	coref	3157
828	человек	5565	coref	3148
829	В	5574	None	None
830	ходе	5576	None	None
831	операции	5581	None	None
832	,	5589	coref	3167
833	проведенной	5591	None	None
834	силовыми	5603	None	None
835	структурами	5612	None	None
836	Туркмении	5624	coref	3136
837	,	5633	coref	3167
838	было	5635	None	None
839	арестовано	5640	None	None
840	46	5651	coref	3157
841	человек	5654	coref	3148
842	,	5661	coref	3167
843	в	5663	coref	3143
844	том	5665	None	None
845	числе	5669	None	None
846	17	5675	coref	3161
847	иностранных	5678	coref	3136
848	граждан	5690	coref	3161
849	.	5697	None	None
850	Среди	5700	None	None
851	арестованных	5706	coref	3156
852	,	5718	coref	3167
853	давших	5720	None	None
854	признательные	5727	None	None
855	показания	5741	None	None
856	,	5750	coref	3167
857	бывший	5752	coref	3136
858	министр	5759	coref	3136
859	иностранных	5767	coref	3136
860	дел	5779	coref	3136
861	Батыр	5783	coref	3163
862	Бердыев	5789	coref	3163
863	,	5796	coref	3167
864	бывший	5798	coref	3136
865	хяким	5805	coref	3164
866	Ташаузского	5811	coref	3164
867	велаята	5823	coref	3164
868	Язгельды	5831	coref	3164
869	Гундогдыев	5840	coref	3164
870	,	5850	coref	3167
871	бывший	5852	coref	3136
872	глава	5859	coref	3165
873	меджлиса	5865	coref	3165
874	(	5874	coref	3165
875	парламента	5875	coref	3165
876	)	5885	coref	3165
877	Тагандурды	5887	coref	3165
878	Халлыев	5898	coref	3165
879	,	5905	coref	3167
880	а	5907	None	None
881	также	5909	None	None
882	ряд	5915	coref	3166
883	других	5919	coref	3166
884	бывших	5926	coref	3166
885	высокопоставленных	5933	coref	3166
886	чиновников	5952	coref	3166
887	и	5963	coref	3136
888	сотрудников	5965	coref	3166
889	силовых	5977	coref	3166
890	структур	5985	coref	3166
891	республики	5994	coref	3138
892	.	6004	None	None
893	Среди	6006	None	None
894	арестованных	6012	coref	3156
895	и	6025	coref	3136
896	российский	6027	coref	3167
897	журналист	6038	coref	3167
898	,	6047	coref	3167
899	сценарист	6049	coref	3167
900	Леонид	6059	coref	3167
901	Комаровский	6066	coref	3167
902	.	6077	None	None
903	Он	6079	coref	3136
904	был	6082	None	None
905	задержан	6086	None	None
906	на	6095	coref	3143
907	следующий	6098	None	None
908	день	6108	None	None
909	после	6113	None	None
910	покушения	6119	coref	3143
911	на	6129	coref	3143
912	Ниязова	6132	coref	3145
913	.	6139	None	None
914	Cписок	6142	None	None
915	подозреваемых	6149	None	None
916	и	6163	coref	3136
917	арестованных	6165	coref	3156
918	.	6177	None	None
