	word	start_char	type	chain_id
0	Среди	0	None	None
1	кандидатов	6	None	None
2	на	17	None	None
3	проведение	20	None	None
4	чемпионата	31	None	None
5	Европы	42	None	None
6	-	48	None	None
7	2008	49	None	None
8	по	54	None	None
9	футболу	57	None	None
10	фаворитов	65	None	None
11	нет	75	None	None
12	Наибольший	80	None	None
13	интерес	91	None	None
14	на	99	None	None
15	открывшемся	102	None	None
16	сегодня	114	None	None
17	в	122	None	None
18	столице	124	None	None
19	Дании	132	coref	2453
20	заседания	138	None	None
21	исполнительного	148	coref	2454
22	комитета	164	coref	2454
23	Союза	173	coref	2454
24	европейских	179	coref	2454
25	футбольных	191	coref	2454
26	ассоциаций	202	coref	2454
27	(	213	None	None
28	УЕФА	214	coref	2454
29	)	218	None	None
30	вызывает	220	None	None
31	обсуждение	229	None	None
32	вопросов	240	None	None
33	,	248	None	None
34	связанных	250	None	None
35	с	260	None	None
36	процедурой	262	None	None
37	выбора	273	None	None
38	страны	280	coref	2456
39	,	286	None	None
40	в	288	None	None
41	которой	290	coref	2456
42	состоится	298	None	None
43	чемпионат	308	None	None
44	Европы	318	None	None
45	2008	325	None	None
46	-	329	None	None
47	го	330	None	None
48	года	333	None	None
49	,	337	None	None
50	сообщает	339	None	None
51	ИТАР	348	None	None
52	-	352	None	None
53	ТАСС	353	None	None
54	.	357	None	None
55	Один	360	None	None
56	из	365	None	None
57	претендентов	368	None	None
58	-	381	None	None
59	Россия	383	None	None
60	.	389	None	None
61	Конкуренция	391	None	None
62	перед	403	None	None
63	окончательным	409	coref	2457
64	решением	423	coref	2457
65	,	431	None	None
66	которое	433	coref	2457
67	исполком	441	coref	2454
68	УЕФА	450	coref	2454
69	примет	455	None	None
70	13	462	None	None
71	декабря	465	None	None
72	,	472	None	None
73	очень	474	None	None
74	серьезная	480	None	None
75	,	489	None	None
76	поскольку	491	None	None
77	на	501	None	None
78	проведение	504	None	None
79	Евро	515	None	None
80	-	519	None	None
81	2008	520	None	None
82	также	525	None	None
83	совместно	531	None	None
84	претендует	541	None	None
85	блок	552	coref	2458
86	скандинавских	557	coref	2458
87	стран	571	coref	2458
88	-	577	None	None
89	Дания	579	coref	2453
90	,	584	None	None
91	Норвегия	586	None	None
92	и	595	None	None
93	Швеция	597	None	None
94	.	603	None	None
95	Отвечая	606	None	None
96	на	614	None	None
97	вопрос	617	None	None
98	о	624	None	None
99	предпочтениях	626	None	None
100	,	639	None	None
101	президент	641	coref	2459
102	УЕФА	651	coref	2454
103	Леннарт	656	coref	2459
104	Юханссон	664	coref	2459
105	заявил	673	None	None
106	:	679	None	None
107	«	681	None	None
108	Как	682	None	None
109	президент	686	coref	2459
110	я	696	coref	2459
111	должен	698	None	None
112	быть	705	None	None
113	абсолютно	710	None	None
114	нейтральным	720	None	None
115	.	731	None	None
116	Однако	733	None	None
117	понятным	740	None	None
118	является	749	None	None
119	твердое	758	None	None
120	требование	766	None	None
121	-	777	None	None
122	необходимо	779	None	None
123	представить	790	None	None
124	твердые	802	None	None
125	гарантии	810	None	None
126	успешного	819	None	None
127	проведения	829	None	None
128	и	840	None	None
129	доказать	842	None	None
130	профессионализм	851	None	None
131	в	867	None	None
132	организации	869	None	None
133	турнира	881	None	None
134	.	888	None	None
135	Здесь	890	None	None
136	шансы	896	None	None
137	северных	902	coref	2458
138	стран	911	coref	2458
139	велики	917	None	None
140	.	923	None	None
141	Однако	925	None	None
142	я	932	coref	2459
143	хотел	934	None	None
144	бы	940	None	None
145	сказать	943	None	None
146	то	951	None	None
147	же	954	None	None
148	самое	957	None	None
149	,	962	None	None
150	если	964	None	None
151	вы	969	None	None
152	спросите	972	None	None
153	и	981	None	None
154	об	983	None	None
155	остальных	986	None	None
156	претендентах	996	None	None
157	»	1008	None	None
158	.	1009	None	None
159	Одной	1012	None	None
160	из	1018	None	None
161	тем	1021	None	None
162	заседания	1025	None	None
163	является	1035	None	None
164	также	1044	None	None
165	разработка	1050	None	None
166	программ	1061	None	None
167	финансирования	1070	None	None
168	действий	1085	None	None
169	против	1094	None	None
170	расизма	1101	None	None
171	.	1108	None	None
