	word	start_char	type	chain_id
0	Проведению	0	None	None
1	очередного	11	coref	2466
2	этапа	22	coref	2466
3	«	28	coref	2466
4	Формулы	29	coref	2466
5	-	36	coref	2461
6	1	37	coref	2466
7	»	38	coref	2466
8	в	40	None	None
9	Малайзии	42	coref	2460
10	угрожает	51	None	None
11	смог	60	None	None
12	В	66	None	None
13	окрестностях	68	coref	2461
14	Сепанга	81	coref	2461
15	близ	89	coref	2461
16	Куала	94	coref	2461
17	-	99	coref	2461
18	Лумпура	100	coref	2461
19	,	107	None	None
20	где	109	coref	2461
21	в	113	None	None
22	предстоящее	115	None	None
23	воскресенье	127	None	None
24	должны	139	None	None
25	состоятся	146	None	None
26	заезды	156	None	None
27	,	162	None	None
28	горит	164	None	None
29	лес	170	None	None
30	.	173	None	None
31	По	175	None	None
32	данным	178	None	None
33	метеослужбы	185	None	None
34	,	196	None	None
35	в	198	None	None
36	последние	200	None	None
37	дни	210	None	None
38	там	214	coref	2461
39	также	218	None	None
40	ухудшились	224	None	None
41	показатели	235	None	None
42	загрязненности	246	None	None
43	воздуха	261	None	None
44	.	268	None	None
45	Установившаяся	270	None	None
46	в	285	None	None
47	Малайзии	287	coref	2460
48	сухая	296	None	None
49	и	302	None	None
50	жаркая	304	None	None
51	погода	311	None	None
52	привела	318	None	None
53	к	326	None	None
54	появлению	328	None	None
55	около	338	None	None
56	70	344	coref	2462
57	очагов	347	coref	2462
58	лесных	354	coref	2462
59	пожаров	361	coref	2462
60	,	368	None	None
61	последние	370	None	None
62	из	380	None	None
63	которых	383	coref	2462
64	возникли	391	None	None
65	в	400	None	None
66	в	402	None	None
67	лесах	404	None	None
68	,	409	None	None
69	окружающих	411	None	None
70	автодром	422	coref	2463
71	.	430	None	None
72	Жалобы	432	None	None
73	на	439	None	None
74	усиление	442	None	None
75	смога	451	None	None
76	поступают	457	None	None
77	также	467	None	None
78	из	473	None	None
79	международного	476	coref	2464
80	аэропорта	491	coref	2464
81	Куала	501	coref	2461
82	-	506	coref	2461
83	Лумпура	507	coref	2461
84	,	514	None	None
85	рядом	516	None	None
86	с	522	None	None
87	которым	524	coref	2464
88	находится	532	None	None
89	трасса	542	coref	2463
90	.	548	None	None
91	Как	551	None	None
92	сообщает	555	None	None
93	РИА	564	None	None
94	«	568	coref	2466
95	Новости	569	None	None
96	»	576	coref	2466
97	,	577	None	None
98	на	579	None	None
99	борьбу	582	None	None
100	со	589	None	None
101	стихийным	592	None	None
102	бедствием	602	None	None
103	здесь	612	None	None
104	брошены	618	None	None
105	солидные	626	None	None
106	подразделения	635	None	None
107	пожарных	649	None	None
108	.	657	None	None
109	Департамент	659	None	None
110	пожаротушения	671	None	None
111	уже	685	None	None
112	заявил	689	None	None
113	о	696	None	None
114	невозможности	698	None	None
115	ликвидировать	712	None	None
116	очаги	726	None	None
117	пожаров	732	coref	2462
118	до	740	None	None
119	начала	743	None	None
120	соревнований	750	None	None
121	,	762	None	None
122	заверив	764	None	None
123	при	772	None	None
124	этом	776	None	None
125	,	780	None	None
126	что	782	None	None
127	пожарные	786	coref	2465
128	делают	795	None	None
129	все	802	None	None
130	от	806	None	None
131	них	809	coref	2465
132	зависящее	813	None	None
133	.	822	None	None
134	Тем	824	None	None
135	не	828	None	None
136	менее	831	None	None
137	,	836	None	None
138	организаторы	838	coref	2466
139	очередного	851	coref	2466
140	этапа	862	coref	2466
141	«	868	coref	2466
142	Формулы	869	coref	2466
143	-	876	coref	2461
144	1	877	coref	2466
145	»	878	coref	2466
146	опровергли	880	None	None
147	появившиеся	891	None	None
148	сообщения	903	None	None
149	о	913	None	None
150	возможном	915	None	None
151	переносе	925	None	None
152	гонки	934	None	None
153	.	939	None	None
154	Они	941	coref	2466
155	выступили	945	None	None
156	с	955	None	None
157	успокоительными	957	None	None
158	заявлениями	973	None	None
159	о	985	None	None
160	сохранении	987	None	None
161	полного	998	None	None
162	контроля	1006	None	None
163	над	1015	None	None
164	ситуацией	1019	None	None
165	и	1029	None	None
166	утверждают	1031	None	None
167	,	1041	None	None
168	что	1043	None	None
169	трасса	1047	coref	2463
170	остается	1054	None	None
171	«	1063	coref	2466
172	чистой	1064	None	None
173	и	1071	None	None
174	безопасной	1073	None	None
175	»	1083	coref	2466
176	.	1084	None	None
