	word	start_char	type	chain_id
0	Англичанка	0	coref	2695
1	лишилась	11	None	None
2	поста	20	None	None
3	в	26	None	None
4	теневом	28	coref	2696
5	кабинете	36	coref	2696
6	министров	45	coref	2696
7	за	55	None	None
8	анекдот	58	None	None
9	Лидер	67	coref	2697
10	консервативной	73	coref	2697
11	партии	88	coref	2697
12	Великобритании	95	coref	2697
13	Ян	110	coref	2697
14	Дункан	113	coref	2697
15	Смит	120	coref	2697
16	подтвердил	125	None	None
17	свое	136	coref	2697
18	нетерпимое	141	None	None
19	отношение	152	None	None
20	к	162	None	None
21	проявлениям	164	None	None
22	расизма	176	None	None
23	,	183	coref	2709
24	лишив	185	None	None
25	Анн	191	coref	2695
26	Уинтертон	195	coref	2695
27	поста	205	None	None
28	в	211	None	None
29	теневом	213	coref	2696
30	кабинете	221	coref	2696
31	министров	230	coref	2696
32	за	240	None	None
33	анекдот	243	None	None
34	,	250	coref	2709
35	рассказанный	252	None	None
36	на	265	None	None
37	обеде	268	None	None
38	в	274	None	None
39	регбийном	276	None	None
40	клубе	286	None	None
41	.	291	None	None
42	Об	293	None	None
43	этом	296	None	None
44	пишет	301	None	None
45	The	307	None	None
46	Times	311	None	None
47	в	317	None	None
48	материале	319	None	None
49	,	328	coref	2709
50	опубликованном	330	None	None
51	на	345	None	None
52	сайте	348	None	None
53	Inopressa	354	None	None
54	.	363	None	None
55	Ru	364	None	None
56	.	366	None	None
57	Уинтертон	369	coref	2695
58	рассказала	379	None	None
59	собравшимся	390	None	None
60	:	401	None	None
61	«	403	None	None
62	Едут	404	None	None
63	в	409	None	None
64	поезде	411	None	None
65	англичанин	418	coref	2700
66	,	428	coref	2709
67	кубинец	430	coref	2701
68	,	437	coref	2709
69	японец	439	coref	2702
70	и	446	None	None
71	пакистанец	448	coref	2703
72	.	458	None	None
73	Кубинец	460	coref	2701
74	выбрасывает	468	None	None
75	в	480	None	None
76	окно	482	None	None
77	сигару	487	None	None
78	.	493	None	None
79	Когда	495	None	None
80	его	501	coref	2701
81	спрашивают	505	None	None
82	,	515	coref	2709
83	почему	517	None	None
84	он	524	coref	2697
85	это	527	coref	2706
86	сделал	531	None	None
87	,	537	coref	2709
88	он	539	coref	2697
89	отвечает	542	None	None
90	:	550	None	None
91	«	552	None	None
92	В	553	None	None
93	моей	555	coref	2701
94	стране	560	coref	2699
95	они	567	None	None
96	дешевле	571	None	None
97	пареной	579	None	None
98	репы	587	None	None
99	»	591	None	None
100	.	592	None	None
101	Затем	594	None	None
102	японец	600	coref	2702
103	выбрасывает	607	None	None
104	из	619	None	None
105	вагона	622	None	None
106	фотоаппарат	629	None	None
107	«	641	None	None
108	Никон	642	None	None
109	»	647	None	None
110	со	649	None	None
111	словами	652	None	None
112	:	659	None	None
113	«	661	None	None
114	В	662	None	None
115	нашей	664	coref	2698
116	стране	670	coref	2699
117	они	677	None	None
118	дешевле	681	None	None
119	пареной	689	None	None
120	репы	697	None	None
121	»	701	None	None
122	.	702	None	None
123	Тогда	704	None	None
124	англичанин	710	coref	2700
125	хватает	721	None	None
126	пакистанца	729	coref	2703
127	и	740	None	None
128	выбрасывает	742	None	None
129	его	754	coref	2701
130	в	758	None	None
131	окно	760	None	None
132	.	764	None	None
133	Удивленным	766	None	None
134	попутчикам	777	None	None
135	он	788	coref	2697
136	объясняет	791	None	None
137	:	800	None	None
138	«	802	None	None
139	В	803	None	None
140	нашей	805	coref	2698
141	стране	811	coref	2699
142	они	818	None	None
143	дешевле	822	None	None
144	пареной	830	None	None
145	репы	838	None	None
146	»	842	None	None
147	.	843	None	None
148	Когда	846	None	None
149	накануне	852	None	None
150	днем	861	None	None
151	Смит	866	coref	2697
152	позвонил	871	None	None
153	по	880	None	None
154	телефону	883	None	None
155	Уинтертон	892	coref	2695
156	и	902	None	None
157	посоветовал	904	None	None
158	ей	916	coref	2695
159	уйти	919	None	None
160	в	924	None	None
161	отставку	926	None	None
162	,	934	coref	2709
163	61	936	coref	2695
164	-	938	coref	2695
165	летняя	939	coref	2695
166	Анн	946	coref	2695
167	отказалась	950	None	None
168	,	960	coref	2709
169	подчеркнув	962	None	None
170	,	972	coref	2709
171	что	974	None	None
172	ее	978	coref	2695
173	извинений	981	None	None
174	вполне	991	None	None
175	достаточно	998	None	None
176	.	1008	None	None
177	Однако	1010	None	None
178	Смит	1017	coref	2697
179	придерживался	1022	None	None
180	другого	1036	None	None
181	мнения	1044	None	None
182	.	1050	None	None
183	«	1053	None	None
184	Я	1054	coref	2697
185	посчитал	1056	None	None
186	этот	1065	None	None
187	анекдот	1070	None	None
188	оскорбительным	1078	None	None
189	для	1093	None	None
190	большого	1097	None	None
191	числа	1106	None	None
192	людей	1112	None	None
193	.	1117	None	None
194	Это	1119	None	None
195	неприемлемо	1123	None	None
196	для	1135	None	None
197	члена	1139	None	None
198	теневого	1145	coref	2696
199	кабинета	1154	coref	2696
200	.	1162	None	None
201	Я	1164	coref	2697
202	так	1166	None	None
203	ей	1170	coref	2695
204	об	1173	None	None
205	этом	1176	None	None
206	и	1181	None	None
207	сказал	1183	None	None
208	и	1190	None	None
209	попросил	1192	None	None
210	покинуть	1201	None	None
211	министерское	1210	None	None
212	кресло	1223	None	None
213	»	1229	None	None
214	,	1230	coref	2709
215	-	1232	coref	2695
216	отметил	1234	None	None
217	он	1242	coref	2697
218	.	1244	None	None
219	«	1247	None	None
220	Такие	1248	None	None
221	важные	1254	None	None
222	вопросы	1261	None	None
223	,	1268	coref	2709
224	как	1270	None	None
225	предоставление	1274	None	None
226	убежища	1289	None	None
227	и	1297	None	None
228	иммиграция	1299	None	None
229	,	1309	coref	2709
230	могут	1311	None	None
231	являться	1317	None	None
232	предметом	1326	None	None
233	дискуссий	1336	None	None
234	,	1345	coref	2709
235	но	1347	None	None
236	эти	1350	None	None
237	дискуссии	1354	None	None
238	должны	1364	None	None
239	быть	1371	None	None
240	пристойными	1376	None	None
241	.	1387	None	None
242	Пока	1389	None	None
243	я	1394	coref	2697
244	являюсь	1396	None	None
245	лидером	1404	coref	2697
246	нашей	1412	coref	2698
247	партии	1418	coref	2697
248	,	1424	coref	2709
249	она	1426	coref	2695
250	всегда	1430	None	None
251	будет	1437	None	None
252	приличной	1443	None	None
253	,	1452	coref	2709
254	и	1454	None	None
255	без	1456	None	None
256	необходимости	1460	None	None
257	не	1474	None	None
258	будет	1477	None	None
259	оскорблять	1483	None	None
260	других	1494	None	None
261	людей	1501	None	None
262	»	1506	None	None
263	,	1507	coref	2709
264	-	1509	coref	2695
265	добавил	1511	None	None
266	он	1519	coref	2697
267	.	1521	None	None
268	Как	1524	None	None
269	сообщили	1528	None	None
270	в	1537	None	None
271	центральном	1539	None	None
272	офисе	1551	None	None
273	консервативной	1557	coref	2697
274	партии	1572	coref	2697
275	,	1578	coref	2709
276	решение	1580	coref	2706
277	о	1588	None	None
278	выведении	1590	None	None
279	Уинтертон	1600	coref	2695
280	из	1610	None	None
281	состава	1613	None	None
282	теневого	1621	coref	2696
283	кабинета	1630	coref	2696
284	было	1639	None	None
285	принято	1644	None	None
286	с	1652	None	None
287	сожалением	1654	None	None
288	,	1664	coref	2709
289	поскольку	1666	None	None
290	она	1676	coref	2695
291	много	1680	None	None
292	и	1686	None	None
293	напряженно	1688	None	None
294	работала	1699	None	None
295	,	1707	coref	2709
296	находясь	1709	None	None
297	на	1718	None	None
298	этом	1721	None	None
299	посту	1726	None	None
300	.	1731	None	None
301	Однако	1734	None	None
302	многие	1741	coref	2704
303	депутаты	1748	coref	2704
304	парламента	1757	coref	2704
305	от	1768	coref	2704
306	консервативной	1771	coref	2697
307	партии	1786	coref	2697
308	и	1793	None	None
309	члены	1795	coref	2705
310	теневого	1801	coref	2696
311	кабинета	1810	coref	2696
312	приветствовали	1819	None	None
313	это	1834	coref	2706
314	решение	1838	coref	2706
315	.	1845	None	None
316	По	1847	None	None
317	их	1850	coref	2707
318	словам	1853	None	None
319	,	1859	coref	2709
320	оно	1861	coref	2706
321	свидетельствует	1865	None	None
322	о	1881	None	None
323	дальнейшем	1883	None	None
324	ужесточении	1894	None	None
325	позиции	1906	None	None
326	Смита	1914	coref	2697
327	по	1920	None	None
328	отношению	1923	None	None
329	к	1933	None	None
330	расизму	1935	None	None
331	.	1942	None	None
332	Тот	1944	None	None
333	факт	1948	None	None
334	,	1952	coref	2709
335	что	1954	None	None
336	Уинтертон	1958	coref	2695
337	отказалась	1968	None	None
338	уйти	1979	None	None
339	со	1984	None	None
340	своего	1987	coref	2695
341	поста	1994	None	None
342	по	2000	None	None
343	собственному	2003	None	None
344	желанию	2016	None	None
345	,	2023	coref	2709
346	говорит	2025	None	None
347	о	2033	None	None
348	серьезности	2035	None	None
349	задач	2047	None	None
350	,	2052	coref	2709
351	стоящих	2054	None	None
352	перед	2062	None	None
353	лидером	2068	coref	2697
354	тори	2076	coref	2697
355	.	2080	None	None
356	Пока	2083	None	None
357	Уинтертон	2088	coref	2695
358	не	2098	None	None
359	дала	2101	None	None
360	никаких	2106	None	None
361	комментариев	2114	None	None
362	своей	2127	coref	2695
363	отставке	2133	None	None
364	.	2141	None	None
365	Когда	2143	None	None
366	репортеры	2149	coref	2708
367	задали	2159	None	None
368	ее	2166	coref	2695
369	мужу	2169	coref	2709
370	,	2173	coref	2709
371	депутату	2175	coref	2709
372	парламента	2184	coref	2704
373	,	2194	coref	2709
374	вопрос	2196	None	None
375	,	2202	coref	2709
376	осуждает	2204	None	None
377	ли	2213	None	None
378	он	2216	coref	2697
379	свою	2219	coref	2695
380	жену	2224	coref	2695
381	за	2229	None	None
382	рассказанный	2232	None	None
383	анекдот	2245	None	None
384	,	2252	coref	2709
385	он	2254	coref	2697
386	ответил	2257	None	None
387	:	2264	None	None
388	«	2266	None	None
389	А	2267	None	None
390	вы	2269	coref	2708
391	бы	2272	None	None
392	осудили	2275	None	None
393	свою	2283	coref	2695
394	жену	2288	coref	2695
395	?	2292	None	None
396	Я	2294	coref	2697
397	-	2296	coref	2695
398	нет	2298	None	None
399	.	2301	None	None
400	Я	2303	coref	2697
401	расист	2305	None	None
402	?	2311	None	None
403	Нет	2313	None	None
404	.	2316	None	None
405	Может	2318	None	None
406	,	2323	coref	2709
407	моя	2325	coref	2695
408	жена	2329	coref	2695
409	-	2334	coref	2695
410	расист	2336	None	None
411	?	2342	None	None
412	Тоже	2344	None	None
413	нет	2349	None	None
414	.	2352	None	None
415	Если	2354	None	None
416	она	2359	coref	2695
417	кого	2363	None	None
418	-	2367	coref	2695
419	то	2368	None	None
420	оскорбила	2371	None	None
421	,	2380	coref	2709
422	то	2382	None	None
423	она	2385	coref	2695
424	принесла	2389	None	None
425	извинения	2398	None	None
426	»	2407	None	None
427	.	2408	None	None
