	word	start_char	type	chain_id
0	Певица	0	coref	3127
1	Шер	7	coref	3127
2	начала	11	None	None
3	кампанию	18	None	None
4	против	27	None	None
5	министра	34	coref	3128
6	юстиции	43	coref	3128
7	США	51	coref	3128
8	Поп	56	coref	3127
9	-	59	coref	3127
10	певица	60	coref	3127
11	Шер	67	coref	3127
12	выступила	71	None	None
13	в	81	None	None
14	СМИ	83	None	None
15	против	87	None	None
16	министра	94	coref	3128
17	юстиции	103	coref	3128
18	США	111	coref	3128
19	Джона	115	coref	3128
20	Эшкрофта	121	coref	3128
21	.	129	None	None
22	Поводом	131	None	None
23	для	139	None	None
24	критики	143	None	None
25	стало	151	None	None
26	недавнее	157	None	None
27	решение	166	None	None
28	Эшкрофта	174	coref	3128
29	прикрыть	183	None	None
30	белым	192	None	None
31	покрывалом	198	None	None
32	наготу	209	None	None
33	двух	216	coref	3130
34	больших	221	coref	3130
35	мраморных	229	coref	3130
36	фигур	239	coref	3130
37	,	244	None	None
38	изображающих	246	None	None
39	Правосудие	259	None	None
40	и	270	None	None
41	Закон	272	None	None
42	,	277	None	None
43	сообщает	279	None	None
44	La	288	None	None
45	Stampa	291	None	None
46	.	297	None	None
47	(	299	None	None
48	Перевод	300	None	None
49	материала	308	None	None
50	можно	318	None	None
51	прочесть	324	None	None
52	на	333	None	None
53	сайте	336	None	None
54	Inopressa	342	None	None
55	.	351	None	None
56	Ru	352	None	None
57	)	354	None	None
58	.	355	None	None
59	Эти	357	coref	3130
60	скульптуры	361	coref	3130
61	работы	372	coref	3130
62	Пола	379	coref	3130
63	Дженненвейна	384	coref	3130
64	установлены	397	None	None
65	у	409	None	None
66	входа	411	None	None
67	в	417	None	None
68	министерство	419	coref	3131
69	юстиции	432	coref	3128
70	и	440	None	None
71	ультраконсерватор	442	coref	3128
72	Джон	460	coref	3128
73	Эшкрофт	465	coref	3128
74	вынужден	473	None	None
75	был	482	None	None
76	их	486	coref	3130
77	видеть	489	None	None
78	каждый	496	None	None
79	день	503	None	None
80	на	508	None	None
81	работе	511	None	None
82	.	517	None	None
83	«	520	None	None
84	Эти	521	coref	3130
85	статуи	525	coref	3130
86	стоят	532	None	None
87	здесь	538	None	None
88	с	544	None	None
89	1936	546	None	None
90	года	551	None	None
91	.	555	None	None
92	Они	557	coref	3130
93	оставались	561	None	None
94	нетронутыми	572	None	None
95	в	584	None	None
96	ходе	586	None	None
97	пребывания	591	None	None
98	у	602	None	None
99	власти	604	None	None
100	многих	611	None	None
101	консервативных	618	None	None
102	администраций	633	None	None
103	,	646	None	None
104	и	648	None	None
105	никто	650	None	None
106	не	656	None	None
107	считал	659	None	None
108	их	666	coref	3130
109	непристойными	669	None	None
110	»	682	None	None
111	,	683	None	None
112	-	685	coref	3127
113	говорит	687	None	None
114	возмущенная	695	coref	3127
115	Шер	707	coref	3127
116	.	710	None	None
117	Певица	713	coref	3127
118	считает	720	None	None
119	,	727	None	None
120	что	729	None	None
121	«	733	None	None
122	теперь	734	None	None
123	,	740	None	None
124	после	742	None	None
125	того	748	None	None
126	,	752	None	None
127	как	754	None	None
128	Эшкрофт	758	coref	3128
129	прикрыл	766	None	None
130	эти	774	coref	3130
131	скульптуры	778	coref	3130
132	покрывалами	789	None	None
133	,	800	None	None
134	кто	802	None	None
135	-	805	coref	3127
136	то	806	None	None
137	может	809	None	None
138	предложить	815	None	None
139	прикрыть	826	None	None
140	даже	835	None	None
141	Венеру	840	None	None
142	Милосскую	847	None	None
143	и	857	None	None
144	Давида	859	None	None
145	работы	866	coref	3130
146	Микеланджело	873	None	None
147	,	885	None	None
148	и	887	None	None
149	за	889	None	None
150	нас	892	coref	3132
151	будут	896	None	None
152	решать	902	None	None
153	,	908	None	None
154	что	910	None	None
155	нам	914	coref	3132
156	следует	918	None	None
157	смотреть	926	None	None
158	и	935	None	None
159	читать	937	None	None
160	»	943	None	None
161	.	944	None	None
162	«	947	None	None
163	Мы	948	coref	3132
164	постепенно	951	None	None
165	теряем	962	None	None
166	наши	969	coref	3132
167	свободы	974	None	None
168	,	981	None	None
169	это	983	None	None
170	невероятно	987	None	None
171	,	997	None	None
172	это	999	None	None
173	шокирует	1003	None	None
174	»	1011	None	None
175	,	1012	None	None
176	-	1014	coref	3127
177	заявила	1016	None	None
178	Шер	1024	coref	3127
179	.	1027	None	None
180	Она	1029	coref	3127
181	называет	1033	None	None
182	«	1042	None	None
183	смешной	1043	None	None
184	»	1050	None	None
185	мотивацию	1052	None	None
186	Эшкрофта	1062	coref	3128
187	.	1070	None	None
188	Министр	1072	coref	3128
189	юстиции	1080	coref	3128
190	заявил	1088	None	None
191	,	1094	None	None
192	что	1096	None	None
193	гигантские	1100	coref	3130
194	трехметровые	1111	coref	3130
195	фигуры	1124	coref	3130
196	из	1131	coref	3130
197	мрамора	1134	coref	3130
198	создавали	1142	None	None
199	неловкость	1152	None	None
200	во	1163	None	None
201	время	1166	None	None
202	его	1172	coref	3128
203	пресс	1176	None	None
204	-	1181	coref	3127
205	конференций	1182	None	None
206	по	1194	coref	3133
207	проблемам	1197	None	None
208	правосудия	1207	None	None
209	.	1217	None	None
210	«	1220	None	None
211	Если	1221	None	None
212	они	1226	coref	3130
213	так	1230	None	None
214	шокируют	1234	None	None
215	его	1243	coref	3128
216	,	1246	None	None
217	пусть	1248	None	None
218	он	1254	coref	3128
219	сменит	1257	None	None
220	место	1264	None	None
221	встречи	1270	None	None
222	с	1278	None	None
223	журналистами	1280	None	None
224	,	1292	None	None
225	у	1294	None	None
226	него	1296	coref	3128
227	огромное	1301	coref	3131
228	министерство	1310	coref	3131
229	,	1322	None	None
230	пусть	1324	None	None
231	перейдет	1330	None	None
232	в	1339	None	None
233	другой	1341	None	None
234	зал	1348	None	None
235	»	1351	None	None
236	,	1352	None	None
237	-	1354	coref	3127
238	заявила	1356	None	None
239	55	1364	coref	3127
240	-	1366	coref	3127
241	летняя	1367	coref	3127
242	певица	1374	coref	3127
243	накануне	1381	None	None
244	премьеры	1390	None	None
245	своего	1399	coref	3127
246	нового	1406	None	None
247	музыкального	1413	None	None
248	альбома	1426	None	None
249	.	1433	None	None
250	Более	1436	None	None
251	того	1442	None	None
252	,	1446	None	None
253	она	1448	coref	3127
254	вступила	1452	None	None
255	в	1461	None	None
256	полемику	1463	None	None
257	и	1472	None	None
258	с	1474	None	None
259	главой	1476	coref	3133
260	федерального	1483	coref	3133
261	агентства	1496	coref	3133
262	по	1506	coref	3133
263	защите	1509	coref	3133
264	окружающей	1516	coref	3133
265	среды	1527	coref	3133
266	Кристин	1533	coref	3133
267	Тодд	1541	coref	3133
268	Витман	1546	coref	3133
269	:	1552	None	None
270	последняя	1554	None	None
271	решила	1564	None	None
272	прикрыть	1571	None	None
273	настенные	1580	coref	3134
274	росписи	1590	coref	3134
275	в	1598	None	None
276	своем	1600	coref	3133
277	вашингтонском	1606	None	None
278	офисе	1620	None	None
279	,	1625	None	None
280	поскольку	1627	None	None
281	на	1637	None	None
282	них	1640	coref	3134
283	изображены	1644	None	None
284	обнаженные	1655	coref	3135
285	женщины	1666	coref	3135
286	(	1674	None	None
287	по	1675	coref	3133
288	сюжету	1678	None	None
289	росписи	1685	coref	3134
290	,	1692	None	None
291	эти	1694	coref	3130
292	женщины	1698	coref	3135
293	стали	1706	None	None
294	жертвами	1712	None	None
295	нападения	1721	None	None
296	индейцев	1731	None	None
297	)	1739	None	None
298	.	1740	None	None
299	«	1743	None	None
300	До	1744	None	None
301	сих	1747	None	None
302	пор	1751	None	None
303	никто	1755	None	None
304	не	1761	None	None
305	говорил	1764	None	None
306	нам	1772	coref	3132
307	о	1776	None	None
308	том	1778	None	None
309	,	1781	None	None
310	что	1783	None	None
311	даже	1787	None	None
312	искусство	1792	None	None
313	должно	1802	None	None
314	быть	1809	None	None
315	политически	1814	None	None
316	корректным	1826	None	None
317	,	1836	None	None
318	но	1838	None	None
319	как	1841	None	None
320	видно	1845	None	None
321	,	1850	None	None
322	ситуация	1852	None	None
323	в	1861	None	None
324	этой	1863	coref	3129
325	стране	1868	coref	3129
326	меняется	1875	None	None
327	»	1883	None	None
328	,	1884	None	None
329	-	1886	coref	3127
330	заявила	1888	None	None
331	певица	1896	coref	3127
332	.	1902	None	None
