	word	start_char	type	chain_id
0	Бритни	0	coref	1611
1	Спирс	7	coref	1611
2	-	13	coref	1611
3	самая	15	None	None
4	крутая	21	None	None
5	знаменитость	28	None	None
6	на	41	None	None
7	планете	44	coref	1612
8	Авторитетный	53	None	None
9	журнал	66	None	None
10	Forbes	73	None	None
11	опубликовал	80	None	None
12	список	92	coref	1613
13	100	99	coref	1613
14	самых	103	coref	1613
15	влиятельных	109	coref	1613
16	знаменитостей	121	coref	1613
17	в	135	coref	1613
18	мире	137	coref	1613
19	шоу	142	coref	1613
20	-	145	coref	1611
21	бизнеса	146	coref	1613
22	и	154	coref	1613
23	спорта	156	coref	1613
24	(	163	None	None
25	Forbes	164	None	None
26	Global	171	None	None
27	Celebrity	178	None	None
28	100	188	coref	1613
29	list	192	None	None
30	)	196	None	None
31	.	197	None	None
32	Согласно	199	None	None
33	этим	208	coref	1613
34	данным	213	coref	1613
35	,	219	None	None
36	самый	221	None	None
37	влиятельный	227	None	None
38	человек	239	None	None
39	на	247	None	None
40	планете	250	coref	1612
41	-	258	coref	1611
42	20	260	coref	1611
43	-	262	coref	1611
44	летняя	263	coref	1611
45	Бритни	270	coref	1611
46	Спирс	277	coref	1611
47	.	282	None	None
48	Певица	285	coref	1611
49	стремительно	292	None	None
50	поднялась	305	None	None
51	с	315	None	None
52	четвертого	317	coref	1614
53	места	328	coref	1614
54	,	333	None	None
55	которое	335	coref	1614
56	ей	343	coref	1611
57	было	346	None	None
58	отдано	351	None	None
59	в	358	coref	1613
60	2001	360	None	None
61	.	364	None	None
62	Такие	366	None	None
63	выводы	372	None	None
64	были	379	None	None
65	сделаны	384	None	None
66	на	392	None	None
67	основе	395	None	None
68	анализа	402	None	None
69	доходов	410	None	None
70	суперзвезды	418	coref	1611
71	,	429	None	None
72	принималось	431	None	None
73	также	443	None	None
74	во	449	None	None
75	внимание	452	None	None
76	количество	461	None	None
77	хитов	472	None	None
78	и	478	coref	1613
79	упоминаний	480	None	None
80	в	491	coref	1613
81	печати	493	None	None
82	.	499	None	None
83	По	502	None	None
84	некоторым	505	None	None
85	данным	515	coref	1613
86	,	521	None	None
87	Бритни	523	coref	1611
88	заработала	530	None	None
89	в	541	coref	1613
90	прошлом	543	None	None
91	году	551	None	None
92	26	556	None	None
93	млн	559	None	None
94	.	562	None	None
95	фунтов	564	None	None
96	стерлингов	571	None	None
97	,	581	None	None
98	ее	583	coref	1611
99	изображение	586	None	None
100	было	598	None	None
101	помещено	603	None	None
102	на	612	None	None
103	обложке	615	None	None
104	10	623	None	None
105	популярных	626	None	None
106	журналов	637	None	None
107	,	645	None	None
108	она	647	coref	1611
109	появилась	651	None	None
110	на	661	None	None
111	телеэкране	664	None	None
112	и	675	coref	1613
113	в	677	coref	1613
114	радиоэфире	679	None	None
115	373	690	None	None
116	раза	694	None	None
117	.	698	None	None
118	На	701	None	None
119	втором	704	None	None
120	месте	711	None	None
121	гольфист	717	None	None
122	Тайгер	726	None	None
123	Вудс	733	None	None
124	,	737	None	None
125	следом	739	None	None
126	идут	746	None	None
127	Стивен	751	None	None
128	Спилберг	758	None	None
129	и	767	coref	1613
130	Мадонна	769	None	None
131	.	776	None	None
132	Пятое	778	None	None
133	место	784	None	None
134	заняла	790	None	None
135	британская	797	coref	1615
136	поп	808	coref	1615
137	-	811	coref	1611
138	группа	812	coref	1615
139	U2	819	coref	1615
140	,	821	None	None
141	музыканты	823	None	None
142	которой	833	coref	1615
143	были	841	None	None
144	признаны	846	None	None
145	самыми	855	None	None
146	дорогими	862	None	None
147	в	871	coref	1613
148	мире	873	coref	1613
149	по	878	None	None
150	уровню	881	None	None
151	доходов	888	None	None
152	(	896	None	None
153	46	897	None	None
154	млн	900	None	None
155	.	903	None	None
156	за	905	None	None
157	год	908	None	None
158	)	911	None	None
159	.	912	None	None
160	Из	914	None	None
161	знаменитых	917	coref	1616
162	британцев	928	coref	1616
163	сэр	938	coref	1617
164	Элтон	942	coref	1617
165	Джон	948	coref	1617
166	стал	953	None	None
167	25	958	None	None
168	-	960	coref	1611
169	м	961	None	None
170	,	962	None	None
171	автор	964	coref	1618
172	«	970	coref	1618
173	Гарри	971	coref	1618
174	Поттера	977	coref	1618
175	»	984	coref	1618
176	Джоан	986	coref	1618
177	Роулинг	992	coref	1618
178	на	1000	None	None
179	34	1003	None	None
180	-	1005	coref	1611
181	ом	1006	None	None
182	месте	1009	None	None
183	,	1014	None	None
184	Леннокс	1016	coref	1619
185	Льюис	1024	coref	1619
186	получил	1030	None	None
187	38	1038	None	None
188	место	1041	None	None
189	,	1046	None	None
190	а	1048	None	None
191	Эрик	1050	coref	1620
192	Клэптон	1055	coref	1620
193	стал	1063	None	None
194	52	1068	None	None
195	-	1070	coref	1611
196	м	1071	None	None
197	.	1072	None	None
198	Телешоу	1075	None	None
199	Оззи	1083	coref	1621
200	Осборона	1088	coref	1621
201	и	1097	coref	1613
202	его	1099	coref	1621
203	семейки	1103	coref	1622
204	вывело	1111	None	None
205	его	1118	coref	1621
206	на	1122	None	None
207	почетное	1125	None	None
208	85	1134	None	None
209	место	1137	None	None
210	,	1142	None	None
211	после	1144	None	None
212	того	1150	None	None
213	,	1154	None	None
214	как	1156	None	None
215	показ	1160	None	None
216	на	1166	None	None
217	MTV	1169	None	None
218	их	1173	coref	1623
219	ежедневной	1176	None	None
220	жизни	1187	None	None
221	стал	1193	None	None
222	на	1198	None	None
223	время	1201	None	None
224	мощным	1207	None	None
225	хитом	1214	None	None
226	.	1219	None	None
227	Том	1221	coref	1624
228	Круз	1225	coref	1624
229	,	1229	None	None
230	который	1231	coref	1624
231	в	1239	coref	1613
232	прошлом	1241	None	None
233	году	1249	None	None
234	занимал	1254	None	None
235	100	1262	coref	1613
236	-	1265	coref	1611
237	е	1266	None	None
238	место	1268	None	None
239	,	1273	None	None
240	в	1275	coref	1613
241	этом	1277	None	None
242	году	1282	None	None
243	и	1287	coref	1613
244	вовсе	1289	None	None
245	вылетел	1295	None	None
246	из	1303	None	None
247	почетного	1306	None	None
248	списка	1316	None	None
249	.	1322	None	None
250	В	1324	None	None
251	то	1326	None	None
252	же	1329	None	None
253	время	1332	None	None
254	его	1338	coref	1621
255	бывшая	1342	None	None
256	супруга	1349	None	None
257	Николь	1357	None	None
258	Кидман	1364	None	None
259	завоевала	1371	None	None
260	27	1381	None	None
261	место	1384	None	None
262	,	1389	None	None
263	заработав	1391	None	None
264	10	1401	None	None
265	млн	1404	None	None
266	.	1407	None	None
267	фунтов	1409	None	None
268	стерлингов	1416	None	None
269	в	1427	coref	1613
270	прошлом	1429	None	None
271	году	1437	None	None
272	и	1442	coref	1613
273	шесть	1444	None	None
274	раз	1450	None	None
275	появиившись	1454	None	None
276	на	1466	None	None
277	обложках	1469	None	None
278	журналов	1478	None	None
279	.	1486	None	None
