	word	start_char	type	chain_id
0	Россия	0	coref	2100
1	запустила	7	None	None
2	секретный	17	coref	2101
3	военный	27	coref	2101
4	спутник	35	coref	2101
5	Ракета	44	coref	2102
6	-	50	coref	2102
7	носитель	51	coref	2102
8	«	60	coref	2101
9	Молния	61	coref	2102
10	-	67	coref	2102
11	М	68	coref	2102
12	»	69	coref	2101
13	с	71	coref	2102
14	военным	73	coref	2101
15	спутником	81	coref	2101
16	серии	91	coref	2101
17	«	97	coref	2101
18	Космос	98	coref	2101
19	»	104	coref	2101
20	в	106	coref	2103
21	2	108	None	None
22	:	109	None	None
23	07	110	None	None
24	по	113	None	None
25	московскому	116	None	None
26	времени	128	None	None
27	стартовала	136	None	None
28	с	147	coref	2102
29	космодрома	149	coref	2103
30	Плесецк	160	coref	2103
31	в	168	coref	2103
32	Архангельской	170	coref	2103
33	области	184	coref	2103
34	.	191	None	None
35	Как	194	None	None
36	сообщает	198	None	None
37	«	207	coref	2101
38	Интерфакс	208	None	None
39	»	217	coref	2101
40	со	219	None	None
41	ссылкой	222	None	None
42	на	230	None	None
43	пресс	233	None	None
44	-	238	coref	2102
45	службу	239	None	None
46	Космических	246	coref	2104
47	войск	258	coref	2104
48	России	264	coref	2100
49	,	270	None	None
50	все	272	None	None
51	технологические	276	None	None
52	операции	292	None	None
53	на	301	None	None
54	космодроме	304	coref	2103
55	по	315	None	None
56	запуску	318	None	None
57	космической	326	coref	2102
58	транспортной	338	coref	2102
59	системы	351	coref	2102
60	прошли	359	None	None
61	штатно	366	None	None
62	.	372	None	None
63	Через	374	None	None
64	10	380	None	None
65	минут	383	None	None
66	после	389	None	None
67	старта	395	None	None
68	космический	402	coref	2101
69	аппарат	414	coref	2101
70	«	422	coref	2101
71	Космос	423	coref	2101
72	»	429	coref	2101
73	успешно	431	None	None
74	вышел	439	None	None
75	на	445	None	None
76	промежуточную	448	None	None
77	орбиту	462	None	None
78	.	468	None	None
79	Затем	470	None	None
80	спутник	476	coref	2101
81	отделился	484	None	None
82	от	494	None	None
83	ракеты	497	coref	2102
84	-	503	coref	2102
85	носителя	504	coref	2102
86	,	512	None	None
87	а	514	None	None
88	в	516	coref	2103
89	3	518	None	None
90	:	519	None	None
91	50	520	None	None
92	по	523	None	None
93	московскому	526	None	None
94	времени	538	None	None
95	взят	546	None	None
96	на	551	None	None
97	управление	554	None	None
98	Космическими	565	coref	2104
99	войсками	578	coref	2104
100	РФ	587	coref	2100
101	.	589	None	None
102	Ему	591	coref	2101
103	присвоен	595	None	None
104	порядковый	604	None	None
105	номер	615	None	None
106	2388	621	None	None
107	.	625	None	None
108	Предназначение	628	None	None
109	выводимого	643	None	None
110	в	654	coref	2103
111	космос	656	None	None
112	военного	663	coref	2101
113	спутника	672	coref	2101
114	в	681	coref	2103
115	Космических	683	coref	2104
116	войсках	695	coref	2104
117	не	703	None	None
118	раскрывают	706	None	None
119	.	716	None	None
120	Это	719	None	None
121	третий	723	None	None
122	пуск	730	None	None
123	ракеты	735	coref	2102
124	-	741	coref	2102
125	носителя	742	coref	2102
126	с	751	coref	2102
127	космодрома	753	coref	2103
128	Плесецк	764	coref	2103
129	в	772	coref	2103
130	нынешнем	774	None	None
131	году	783	None	None
132	.	787	None	None
133	Первый	789	None	None
134	состоялся	796	None	None
135	25	806	None	None
136	февраля	809	None	None
137	.	816	None	None
138	Тогда	818	None	None
139	ракета	824	None	None
140	-	830	coref	2102
141	носитель	831	coref	2102
142	«	840	coref	2101
143	Союз	841	None	None
144	-	845	coref	2102
145	У	846	None	None
146	»	847	coref	2101
147	вывела	849	None	None
148	на	856	None	None
149	орбиту	859	None	None
150	военный	866	coref	2101
151	спутник	874	coref	2101
152	«	882	coref	2101
153	Космос	883	coref	2101
154	-	889	coref	2102
155	2387	890	None	None
156	»	894	coref	2101
157	.	895	None	None
158	17	897	None	None
159	марта	900	None	None
160	с	906	coref	2102
161	помощью	908	None	None
162	российской	916	None	None
163	ракеты	927	coref	2102
164	-	933	coref	2102
165	носителя	934	coref	2102
166	«	943	coref	2101
167	Рокот	944	None	None
168	»	949	coref	2101
169	,	950	None	None
170	созданной	952	None	None
171	в	962	coref	2103
172	космическом	964	None	None
173	центре	976	None	None
174	им	983	None	None
175	.	985	None	None
176	Хруничева	987	None	None
177	,	996	None	None
178	были	998	None	None
179	выведены	1003	None	None
180	на	1012	None	None
181	орбиту	1015	None	None
182	два	1022	None	None
183	коммерческих	1026	None	None
184	научно	1039	None	None
185	-	1045	coref	2102
186	исследовательских	1046	None	None
187	спутника	1064	coref	2101
188	Grace	1073	None	None
189	по	1079	None	None
190	совместному	1082	None	None
191	проекту	1094	None	None
192	NASA	1102	None	None
193	и	1107	None	None
194	немецкого	1109	None	None
195	авиационно	1119	None	None
196	-	1129	coref	2102
197	космического	1130	None	None
198	агентства	1143	None	None
199	DLR	1153	None	None
200	.	1156	None	None
