	word	start_char	type	chain_id
0	Правительство	0	coref	1835
1	срезает	14	None	None
2	жилищные	22	None	None
3	льготы	31	None	None
4	Совершенно	39	None	None
5	незаметно	50	None	None
6	на	60	coref	1841
7	фоне	63	None	None
8	чемпионата	68	None	None
9	мира	79	None	None
10	по	84	None	None
11	футболу	87	None	None
12	в	95	coref	1838
13	России	97	None	None
14	началась	104	None	None
15	реформа	113	None	None
16	ЖКХ	121	coref	1836
17	.	124	None	None
18	На	126	None	None
19	днях	129	None	None
20	правительство	134	coref	1835
21	внесло	148	None	None
22	в	155	coref	1838
23	Госдуму	157	coref	1837
24	поправки	165	coref	1838
25	в	174	coref	1838
26	закон	176	coref	1838
27	«	182	coref	1838
28	Об	183	coref	1838
29	основах	186	coref	1838
30	федеральной	194	coref	1838
31	жилищной	206	coref	1838
32	политики	215	coref	1838
33	»	223	coref	1838
34	.	224	None	None
35	Интересны	227	None	None
36	эти	237	coref	1838
37	поправки	241	coref	1838
38	тем	250	None	None
39	,	253	None	None
40	что	255	None	None
41	позволят	259	None	None
42	сэкономить	268	None	None
43	бюджету	279	None	None
44	на	287	coref	1841
45	адресных	290	coref	1839
46	субсидиях	299	coref	1839
47	примерно	309	None	None
48	20	318	None	None
49	млрд	321	None	None
50	.	325	None	None
51	руб	327	None	None
52	.	330	None	None
53	в	332	coref	1838
54	год	334	None	None
55	,	337	None	None
56	указывают	339	None	None
57	«	349	coref	1838
58	Ведомости	350	None	None
59	»	359	coref	1838
60	.	360	None	None
61	В	363	None	None
62	настоящее	365	None	None
63	время	375	None	None
64	малообеспеченные	381	coref	1840
65	граждане	398	coref	1840
66	,	406	None	None
67	оплачивающие	408	None	None
68	услуги	421	coref	1841
69	ЖКХ	428	coref	1836
70	,	431	None	None
71	имеют	433	None	None
72	две	439	None	None
73	степени	443	None	None
74	социальной	451	None	None
75	защиты	462	None	None
76	.	468	None	None
77	Во	470	None	None
78	-	472	None	None
79	первых	473	None	None
80	,	479	None	None
81	расходы	481	coref	1841
82	на	489	coref	1841
83	такие	492	coref	1841
84	услуги	498	coref	1841
85	не	505	None	None
86	должны	508	None	None
87	превышать	515	None	None
88	22	525	None	None
89	%	527	None	None
90	общих	529	coref	1842
91	доходов	535	coref	1842
92	.	542	None	None
93	Во	544	None	None
94	-	546	None	None
95	вторых	547	None	None
96	,	553	None	None
97	они	555	coref	1841
98	не	559	None	None
99	должны	562	None	None
100	превышать	569	None	None
101	0	579	None	None
102	,	580	None	None
103	5	581	None	None
104	МРОТ	583	None	None
105	(	588	None	None
106	50	589	None	None
107	руб	592	None	None
108	.	595	None	None
109	)	596	None	None
110	,	597	None	None
111	если	599	None	None
112	доходы	604	coref	1842
113	эти	611	coref	1838
114	ниже	615	None	None
115	прожиточного	620	None	None
116	минимума	633	None	None
117	(	642	None	None
118	1574	643	None	None
119	руб	648	None	None
120	.	651	None	None
121	)	652	None	None
122	.	653	None	None
123	Остальное	655	None	None
124	доплачивает	665	None	None
125	бюджет	677	None	None
126	,	683	None	None
127	причем	685	None	None
128	размер	692	None	None
129	компенсации	699	None	None
130	не	711	None	None
131	зависит	714	None	None
132	от	722	None	None
133	величины	725	None	None
134	доходов	734	coref	1842
135	.	741	None	None
136	Сейчас	744	None	None
137	доходы	751	coref	1842
138	ниже	758	None	None
139	прожиточного	763	None	None
140	минимума	776	None	None
141	имеют	785	None	None
142	27	791	None	None
143	%	793	None	None
144	россиян	795	None	None
145	(	803	None	None
146	38	804	None	None
147	,	806	None	None
148	5	807	None	None
149	млн	809	None	None
150	.	812	None	None
151	человек	814	None	None
152	)	821	None	None
153	.	822	None	None
154	По	824	None	None
155	подсчетам	827	None	None
156	правительства	837	coref	1835
157	,	850	None	None
158	субсидии	852	coref	1839
159	этим	861	coref	1839
160	людям	866	coref	1839
161	обходятся	872	None	None
162	бюджету	882	None	None
163	в	890	coref	1838
164	50	892	None	None
165	-	894	None	None
166	55	895	None	None
167	млрд	898	None	None
168	.	902	None	None
169	руб	904	None	None
170	.	907	None	None
171	в	909	coref	1838
172	год	911	None	None
173	.	914	None	None
174	Правительство	917	coref	1835
175	неожиданно	931	None	None
176	выяснило	942	None	None
177	,	950	None	None
178	что	952	None	None
179	действующие	956	None	None
180	правила	968	None	None
181	не	976	None	None
182	только	979	None	None
183	слишком	986	None	None
184	затратны	994	None	None
185	,	1002	None	None
186	но	1004	None	None
187	и	1007	None	None
188	«	1009	coref	1838
189	нарушают	1010	None	None
190	принцип	1019	None	None
191	социальной	1027	None	None
192	справедливости	1038	None	None
193	»	1052	coref	1838
194	.	1053	None	None
195	Поэтому	1055	None	None
196	в	1063	coref	1838
197	законопроекте	1065	coref	1838
198	остается	1079	None	None
199	лишь	1088	None	None
200	22	1093	None	None
201	%	1095	None	None
202	-	1096	None	None
203	й	1097	None	None
204	потолок	1099	None	None
205	расходов	1107	None	None
206	.	1115	None	None
207	Тогда	1117	None	None
208	на	1123	coref	1841
209	субсидии	1126	coref	1839
210	потребуется	1135	None	None
211	лишь	1147	None	None
212	33	1152	None	None
213	,	1154	None	None
214	9	1155	None	None
215	млрд	1157	None	None
216	.	1161	None	None
217	руб	1163	None	None
218	.	1166	None	None
219	,	1167	None	None
220	т	1169	None	None
221	.	1170	None	None
222	е	1172	None	None
223	.	1173	None	None
224	примерно	1175	None	None
225	на	1184	coref	1841
226	20	1187	None	None
227	млрд	1190	None	None
228	.	1194	None	None
229	руб	1196	None	None
230	.	1199	None	None
231	меньше	1201	None	None
232	.	1207	None	None
233	А	1209	None	None
234	,	1210	None	None
235	например	1212	None	None
236	,	1220	None	None
237	22	1222	None	None
238	%	1224	None	None
239	от	1226	None	None
240	прожиточного	1229	None	None
241	минимума	1242	None	None
242	в	1251	coref	1838
243	1574	1253	None	None
244	рубля	1258	None	None
245	составляют	1264	None	None
246	346	1275	None	None
247	руб	1279	None	None
248	.	1282	None	None
249	Иначе	1284	None	None
250	говоря	1290	None	None
251	,	1296	None	None
252	расходы	1298	coref	1841
253	семей	1306	None	None
254	с	1312	None	None
255	доходом	1314	None	None
256	,	1321	None	None
257	близким	1323	None	None
258	к	1331	None	None
259	минимуму	1333	None	None
260	,	1341	None	None
261	вырастут	1343	None	None
262	в	1352	coref	1838
263	6	1354	None	None
264	-	1355	None	None
265	7	1356	None	None
266	раз	1358	None	None
267	.	1361	None	None
268	Тем	1364	None	None
269	не	1368	None	None
270	менее	1371	None	None
271	независимые	1377	None	None
272	эксперты	1389	None	None
273	считают	1398	None	None
274	такой	1406	None	None
275	подход	1412	None	None
276	вполне	1419	None	None
277	здравым	1426	None	None
278	,	1433	None	None
279	мол	1435	None	None
280	,	1438	None	None
281	для	1440	None	None
282	социальной	1444	None	None
283	защиты	1455	None	None
284	вполне	1462	None	None
285	достаточно	1469	None	None
286	,	1479	None	None
287	чтобы	1481	None	None
288	граждане	1487	coref	1840
289	отдавали	1496	None	None
290	за	1505	None	None
291	услуги	1508	coref	1841
292	ЖКХ	1515	coref	1836
293	не	1519	None	None
294	больше	1522	None	None
295	определенной	1529	None	None
296	доли	1542	None	None
297	своих	1547	coref	1843
298	доходов	1553	coref	1842
299	.	1560	None	None
300	Все	1563	None	None
301	надежды	1567	None	None
302	льготники	1575	coref	1840
303	сейчас	1585	None	None
304	связаны	1592	None	None
305	с	1600	None	None
306	Госдумой	1602	coref	1837
307	.	1610	None	None
308	Депутаты	1612	coref	1837
309	пока	1621	None	None
310	не	1626	None	None
311	успели	1629	None	None
312	ознакомиться	1636	None	None
313	с	1649	None	None
314	предложениями	1651	coref	1838
315	правительства	1665	coref	1835
316	,	1678	None	None
317	но	1680	None	None
318	отмена	1683	None	None
319	льготы	1690	None	None
320	в	1697	coref	1838
321	предвыборный	1699	None	None
322	год	1712	None	None
323	,	1715	None	None
324	очевидно	1717	None	None
325	,	1725	None	None
326	вызовет	1727	None	None
327	недовольство	1735	None	None
328	не	1748	None	None
329	только	1751	None	None
330	левых	1758	None	None
331	,	1763	None	None
332	но	1765	None	None
333	и	1768	None	None
334	центристов	1770	None	None
335	из	1781	None	None
336	проправительственных	1784	None	None
337	фракций	1805	None	None
338	.	1812	None	None
