	word	start_char	type	chain_id
0	В	0	None	None
1	США	2	coref	2942
2	началось	6	None	None
3	расследование	15	None	None
4	по	29	coref	2947
5	делу	32	coref	2947
6	о	37	None	None
7	причастности	39	None	None
8	Кучмы	52	coref	2943
9	к	58	None	None
10	поставкам	60	None	None
11	оружия	70	coref	2945
12	в	77	coref	2945
13	Ирак	79	coref	2944
14	Обвинения	85	coref	2945
15	президента	95	coref	2943
16	Украины	106	coref	2943
17	Леонида	114	coref	2943
18	Кучмы	122	coref	2943
19	в	128	coref	2945
20	продаже	130	coref	2945
21	оружия	138	coref	2945
22	в	145	coref	2945
23	Ирак	147	coref	2944
24	,	151	None	None
25	с	153	None	None
26	которыми	155	coref	2945
27	выступил	164	None	None
28	председатель	173	coref	2947
29	следственной	186	coref	2947
30	комиссии	199	coref	2947
31	Верховной	208	coref	2947
32	рады	218	coref	2947
33	по	223	coref	2947
34	делу	226	coref	2947
35	Гонгадзе	231	coref	2947
36	Александр	240	coref	2947
37	Жир	250	coref	2947
38	,	253	None	None
39	сейчас	255	None	None
40	тщательно	262	None	None
41	изучает	272	None	None
42	администрация	280	None	None
43	президента	294	coref	2943
44	США	305	coref	2942
45	Джорджа	309	None	None
46	Буша	317	None	None
47	.	321	None	None
48	Об	323	None	None
49	этом	326	None	None
50	сообщает	331	None	None
51	украинский	340	None	None
52	сайт	351	None	None
53	Forum	356	None	None
54	со	362	None	None
55	ссылкой	365	None	None
56	на	373	None	None
57	лондонскую	376	coref	2949
58	Times	387	coref	2949
59	.	392	None	None
60	«	395	None	None
61	Кучму	396	coref	2943
62	обвиняют	402	None	None
63	в	411	coref	2945
64	продаже	413	coref	2945
65	Ираку	421	coref	2944
66	партии	427	None	None
67	современного	434	None	None
68	противовоздушного	447	None	None
69	оружия	465	coref	2945
70	на	472	None	None
71	сумму	475	None	None
72	100	481	None	None
73	млн	485	None	None
74	.	488	None	None
75	долларов	490	None	None
76	.	498	None	None
77	В	500	None	None
78	случае	502	None	None
79	если	509	None	None
80	это	514	None	None
81	подтвердится	518	None	None
82	,	530	None	None
83	вынужденная	532	None	None
84	отставка	544	None	None
85	господина	553	coref	2943
86	Кучмы	563	coref	2943
87	будет	569	None	None
88	только	575	None	None
89	делом	582	None	None
90	времени	588	None	None
91	»	595	None	None
92	,	596	None	None
93	-	598	None	None
94	отмечает	600	None	None
95	издание	609	coref	2949
96	.	616	None	None
97	Ссылаясь	619	None	None
98	на	628	None	None
99	лидера	631	None	None
100	Социалистической	638	None	None
101	партии	655	None	None
102	Украины	662	coref	2943
103	Александра	670	None	None
104	Мороза	681	None	None
105	,	687	None	None
106	Times	689	coref	2949
107	сообщает	695	None	None
108	,	703	None	None
109	что	705	None	None
110	вскоре	709	None	None
111	будут	716	None	None
112	преданы	722	None	None
113	огласке	730	None	None
114	новые	738	None	None
115	свидетельства	744	None	None
116	о	758	None	None
117	непосредственной	760	None	None
118	причастности	777	None	None
119	главных	790	None	None
120	украинских	798	None	None
121	должностных	809	None	None
122	лиц	821	None	None
123	к	825	None	None
124	незаконной	827	None	None
125	продаже	838	coref	2945
126	оружия	846	coref	2945
127	Ираку	853	coref	2944
128	.	858	None	None
129	Сам	861	coref	2943
130	Кучма	865	coref	2943
131	,	870	None	None
132	отмечает	872	None	None
133	газета	881	coref	2949
134	,	887	None	None
135	отвергает	889	None	None
136	обвинения	899	coref	2950
137	и	909	None	None
138	считает	911	None	None
139	,	918	None	None
140	что	920	None	None
141	они	924	coref	2950
142	были	928	None	None
143	сделаны	933	None	None
144	в	941	coref	2945
145	рамках	943	None	None
146	пропагандистской	950	None	None
147	компании	967	None	None
148	.	975	None	None
149	В	978	None	None
150	начале	980	None	None
151	марта	987	None	None
152	депутат	993	coref	2947
153	Верховной	1001	coref	2947
154	рады	1011	coref	2947
155	Александр	1016	coref	2947
156	Жир	1026	coref	2947
157	обвинил	1030	None	None
158	президента	1038	coref	2943
159	Леонида	1049	coref	2943
160	Кучму	1057	coref	2943
161	в	1063	coref	2945
162	причастности	1065	None	None
163	к	1078	None	None
164	незаконной	1080	None	None
165	торговле	1091	None	None
166	оружием	1100	None	None
167	со	1108	None	None
168	странами	1111	coref	2951
169	,	1119	None	None
170	в	1121	coref	2945
171	отношении	1123	None	None
172	которых	1133	coref	2951
173	действует	1141	None	None
174	эмбарго	1151	None	None
175	на	1159	None	None
176	поставку	1162	None	None
177	вооружений	1171	None	None
178	.	1181	None	None
