	word	start_char	type	chain_id
0	Президент	0	coref	2400
1	ОКР	10	coref	2400
2	будет	14	None	None
3	поддерживать	20	None	None
4	Вячеслава	33	coref	2402
5	Фетисова	43	coref	2402
6	Президент	53	coref	2400
7	ОКР	63	coref	2400
8	Леонид	67	coref	2400
9	Тягачев	74	coref	2400
10	высказался	82	None	None
11	сегодня	93	None	None
12	в	101	None	None
13	поддержку	103	None	None
14	председателя	113	coref	2402
15	Госкомспорта	126	coref	2402
16	Вячеслава	139	coref	2402
17	Фетисова	149	coref	2402
18	в	158	None	None
19	новом	160	None	None
20	начинании	166	None	None
21	-	176	None	None
22	создании	178	None	None
23	Всероссийского	187	coref	2404
24	добровольного	202	coref	2404
25	спортивного	216	coref	2404
26	общества	228	coref	2404
27	«	237	coref	2404
28	Спортивная	238	coref	2404
29	Россия	249	coref	2404
30	»	255	coref	2404
31	.	256	None	None
32	«	258	coref	2404
33	Всегда	259	None	None
34	был	266	None	None
35	сторонником	270	None	None
36	всего	282	None	None
37	прогрессивного	288	None	None
38	и	303	None	None
39	хорошего	305	None	None
40	.	313	None	None
41	Поддержка	315	None	None
42	с	325	None	None
43	моей	327	coref	2400
44	стороны	332	None	None
45	Вячеславу	340	coref	2402
46	Фетисову	350	coref	2402
47	будет	359	None	None
48	постоянной	365	None	None
49	.	375	None	None
50	Сообща	377	None	None
51	мы	384	None	None
52	сможем	387	None	None
53	сделать	394	None	None
54	большое	402	None	None
55	дело	410	None	None
56	»	414	coref	2404
57	,	415	None	None
58	-	417	None	None
59	заявил	419	None	None
60	президент	426	coref	2400
61	Олимпийского	436	coref	2400
62	комитета	449	coref	2400
63	России	458	coref	2400
64	(	465	coref	2400
65	ОКР	466	coref	2400
66	)	469	coref	2400
67	Леонид	471	coref	2400
68	Тягачев	478	coref	2400
69	на	486	None	None
70	пресс	489	None	None
71	-	494	None	None
72	конференции	495	None	None
73	.	506	None	None
74	Напомним	509	None	None
75	,	517	None	None
76	что	519	None	None
77	председатель	523	coref	2402
78	Госкомспорта	536	coref	2402
79	РФ	549	coref	2402
80	Вячеслав	552	coref	2402
81	Фетисов	561	coref	2402
82	был	569	None	None
83	избран	573	None	None
84	сегодня	580	None	None
85	председателем	588	None	None
86	Всероссийского	602	coref	2404
87	добровольного	617	coref	2404
88	спортивного	631	coref	2404
89	общества	643	coref	2404
90	«	652	coref	2404
91	Спортивная	653	coref	2404
92	Россия	664	coref	2404
93	»	670	coref	2404
94	.	671	None	None
95	Учредительный	673	coref	2406
96	съезд	687	coref	2406
97	этого	693	coref	2404
98	объединения	699	coref	2404
99	прошел	711	None	None
100	в	718	None	None
101	Лужниках	720	None	None
102	.	728	None	None
103	На	730	None	None
104	нем	733	coref	2406
105	было	737	None	None
106	юридически	742	None	None
107	оформлено	753	None	None
108	существование	763	None	None
109	нового	777	coref	2404
110	объединения	784	coref	2404
111	.	795	None	None
112	На	798	None	None
113	пресс	801	None	None
114	-	806	None	None
115	конференции	807	None	None
116	Тягачев	819	coref	2400
117	напомнил	827	None	None
118	собравшимся	836	None	None
119	о	848	None	None
120	том	850	None	None
121	,	853	None	None
122	что	855	None	None
123	Москва	859	coref	2407
124	будет	866	None	None
125	претендовать	872	None	None
126	на	885	None	None
127	проведение	888	None	None
128	Олимпийских	899	None	None
129	игр	911	None	None
130	2012	915	None	None
131	года	920	None	None
132	.	924	None	None
133	Такое	926	None	None
134	решение	932	None	None
135	было	940	None	None
136	принято	945	None	None
137	неделю	953	None	None
138	назад	960	None	None
139	на	966	None	None
140	заседании	969	None	None
141	правительства	979	None	None
142	Москвы	993	coref	2407
143	.	999	None	None
144	По	1001	None	None
145	его	1004	coref	2400
146	словам	1008	None	None
147	столица	1015	coref	2407
148	России	1023	coref	2400
149	уже	1030	None	None
150	сейчас	1034	None	None
151	практически	1041	None	None
152	готова	1053	None	None
153	к	1060	None	None
154	проведению	1062	None	None
155	главного	1073	None	None
156	спортивного	1082	coref	2404
157	форума	1094	None	None
158	четырехлетия	1101	None	None
159	.	1113	None	None
160	Конечно	1115	None	None
161	,	1122	None	None
162	заметил	1124	None	None
163	он	1132	coref	2400
164	,	1134	None	None
165	еще	1136	None	None
166	нужно	1140	None	None
167	много	1146	None	None
168	чего	1152	None	None
169	сделать	1157	None	None
170	,	1164	None	None
171	в	1166	None	None
172	частности	1168	None	None
173	,	1177	None	None
174	привести	1179	None	None
175	в	1188	None	None
176	порядок	1190	None	None
177	футбольного	1198	None	None
178	поля	1210	None	None
179	,	1214	None	None
180	реконструировать	1216	None	None
181	легкоатлетический	1233	None	None
182	стадион	1251	None	None
183	.	1258	None	None
184	.	1259	None	None
185	.	1260	None	None
186	Однако	1262	None	None
187	,	1268	None	None
188	по	1270	None	None
189	его	1273	coref	2400
190	словам	1277	None	None
191	,	1283	None	None
192	главная	1285	None	None
193	проблема	1293	None	None
194	будет	1302	None	None
195	касаться	1308	None	None
196	парусного	1317	None	None
197	спорта	1327	None	None
198	.	1333	None	None
199	Для	1335	None	None
200	этого	1339	coref	2404
201	олимпийского	1345	None	None
202	вида	1358	None	None
203	спорта	1363	None	None
204	нужна	1370	None	None
205	свободная	1376	None	None
206	морская	1386	None	None
207	акватория	1394	None	None
208	,	1403	None	None
209	чего	1405	None	None
210	в	1410	None	None
211	Москве	1412	coref	2407
212	нет	1419	None	None
213	.	1422	None	None
214	Поэтому	1424	None	None
215	,	1431	None	None
216	как	1433	None	None
217	сообщает	1437	None	None
218	ИТАР	1446	None	None
219	-	1450	None	None
220	ТАСС	1451	None	None
221	,	1455	None	None
222	по	1457	None	None
223	всей	1460	None	None
224	видимости	1465	None	None
225	,	1474	None	None
226	могут	1476	None	None
227	добавиться	1482	None	None
228	Санкт	1493	None	None
229	-	1498	None	None
230	Петербург	1499	None	None
231	или	1509	None	None
232	Калининград	1513	None	None
233	.	1524	None	None
