	word	start_char	type	chain_id
0	Жизнь	0	None	None
1	Высоцкого	6	coref	1711
2	сыграли	16	None	None
3	по	24	None	None
4	-	26	None	None
5	английски	27	None	None
6	В	38	None	None
7	лондонском	40	None	None
8	театре	51	None	None
9	King	58	None	None
10	'	62	None	None
11	s	63	None	None
12	Head	65	None	None
13	прошла	70	None	None
14	премьера	77	None	None
15	спектакля	86	coref	1712
16	Let	96	coref	1712
17	Us	100	coref	1712
18	Fly	103	coref	1712
19	(	107	None	None
20	«	108	None	None
21	Полетим	109	None	None
22	»	116	None	None
23	)	117	None	None
24	,	118	None	None
25	в	120	None	None
26	основе	122	None	None
27	сюжета	129	None	None
28	которого	136	coref	1712
29	жизнь	145	None	None
30	и	151	None	None
31	творчество	153	None	None
32	известного	164	coref	1711
33	российского	175	coref	1711
34	барда	187	coref	1711
35	Владимира	193	coref	1711
36	Высоцкого	203	coref	1711
37	,	212	None	None
38	передает	214	None	None
39	BBC	223	None	None
40	.	227	None	None
41	Спектакль	229	coref	1712
42	состоит	239	None	None
43	из	247	None	None
44	24	250	None	None
45	музыкальных	253	None	None
46	номеров	265	None	None
47	в	273	None	None
48	переложении	275	None	None
49	на	287	coref	1714
50	английский	290	None	None
51	язык	301	None	None
52	.	305	None	None
53	В	308	None	None
54	ролях	310	None	None
55	спектакля	316	coref	1712
56	заняты	326	None	None
57	известные	333	None	None
58	английские	343	None	None
59	актеры	354	None	None
60	с	361	None	None
61	внушительным	363	None	None
62	послужным	376	None	None
63	списком	386	None	None
64	:	393	None	None
65	Анна	395	None	None
66	Франколини	400	None	None
67	,	410	None	None
68	Майлз	412	None	None
69	Геррини	418	None	None
70	,	425	None	None
71	Джозеф	427	None	None
72	Маккен	434	None	None
73	и	441	None	None
74	Дэйв	443	None	None
75	Уиллетс	448	None	None
76	,	455	None	None
77	а	457	None	None
78	литературной	459	None	None
79	основой	472	None	None
80	послужили	480	None	None
81	воспоминания	490	None	None
82	Марины	503	None	None
83	Влади	510	None	None
84	.	515	None	None
85	Создатели	517	coref	1713
86	спектакля	527	coref	1712
87	-	537	None	None
88	американские	539	None	None
89	режиссеры	552	None	None
90	Мони	562	None	None
91	и	567	None	None
92	Мина	569	None	None
93	Яким	574	None	None
94	и	579	None	None
95	продюсер	581	None	None
96	Дэниэль	590	None	None
97	Селцник	598	None	None
98	-	606	None	None
99	в	608	None	None
100	лучших	610	None	None
101	традициях	617	None	None
102	Театра	627	coref	1714
103	на	634	coref	1714
104	Таганке	637	coref	1714
105	,	644	None	None
106	где	646	coref	1714
107	всю	650	None	None
108	жизнь	654	None	None
109	проработал	660	None	None
110	главный	671	coref	1711
111	герой	679	coref	1711
112	,	684	None	None
113	поручили	686	None	None
114	его	695	coref	1711
115	роль	699	None	None
116	не	704	None	None
117	одному	707	None	None
118	,	713	None	None
119	а	715	None	None
120	трем	717	None	None
121	актерам	722	None	None
122	.	729	None	None
123	Таким	732	None	None
124	образом	738	None	None
125	,	745	None	None
126	действующие	747	None	None
127	лица	759	None	None
128	Владимир	764	None	None
129	,	772	None	None
130	Володя	774	None	None
131	и	781	None	None
132	Высоцкий	783	coref	1711
133	дополняли	792	None	None
134	друг	802	None	None
135	друга	807	None	None
136	,	812	None	None
137	спорили	814	None	None
138	друг	822	None	None
139	с	827	None	None
140	другом	829	None	None
141	,	835	None	None
142	и	837	None	None
143	,	838	None	None
144	разумеется	840	None	None
145	,	850	None	None
146	пели	852	None	None
147	.	856	None	None
148	Пели	858	None	None
149	по	863	None	None
150	-	865	None	None
151	разному	866	None	None
152	,	873	None	None
153	то	875	None	None
154	так	878	None	None
155	же	882	None	None
156	речитативно	885	None	None
157	,	896	None	None
158	отрывисто	898	None	None
159	,	907	None	None
160	как	909	None	None
161	пел	913	None	None
162	Высоцкий	917	coref	1711
163	,	925	None	None
164	то	927	None	None
165	выпевая	930	None	None
166	совершенно	938	None	None
167	несвойственные	949	None	None
168	ему	964	coref	1711
169	протяжные	968	None	None
170	вокальные	978	None	None
171	партии	988	None	None
172	,	994	None	None
173	то	996	None	None
174	разыгрывая	999	None	None
175	живое	1010	None	None
176	представление	1016	None	None
177	песенного	1030	None	None
178	сюжета	1040	None	None
179	.	1046	None	None
180	Перевел	1049	None	None
181	песни	1057	None	None
182	Высоцкого	1063	coref	1711
183	с	1073	None	None
184	необыкновенным	1075	None	None
185	мастерством	1090	None	None
186	опытный	1102	coref	1715
187	переводчик	1110	coref	1715
188	русской	1121	coref	1715
189	поэзии	1129	coref	1715
190	Альберт	1136	coref	1715
191	Тодд	1144	coref	1715
192	,	1148	None	None
193	на	1150	coref	1714
194	счету	1153	None	None
195	которого	1159	coref	1712
196	книги	1168	None	None
197	переводов	1174	None	None
198	Пастернака	1184	None	None
199	,	1194	None	None
200	Мандельштама	1196	None	None
201	,	1208	None	None
202	Маяковского	1210	None	None
203	и	1222	None	None
204	Евтушенко	1224	None	None
205	.	1233	None	None
206	Ему	1235	coref	1715
207	удалось	1239	None	None
208	передать	1247	None	None
209	по	1256	None	None
210	-	1258	None	None
211	английски	1259	None	None
212	,	1268	None	None
213	казалось	1270	None	None
214	,	1278	None	None
215	непереводимые	1280	None	None
216	образы	1294	None	None
217	из	1301	None	None
218	самых	1304	None	None
219	сильных	1310	None	None
220	песен	1318	None	None
221	Высоцкого	1324	coref	1711
222	-	1334	None	None
223	«	1336	None	None
224	Микрофон	1337	None	None
225	»	1345	None	None
226	,	1346	None	None
227	«	1348	None	None
228	Кони	1349	None	None
229	»	1353	None	None
230	,	1354	None	None
231	«	1356	None	None
232	Банька	1357	None	None
233	»	1363	None	None
234	,	1364	None	None
235	«	1366	None	None
236	Парус	1367	None	None
237	»	1372	None	None
238	.	1373	None	None
239	В	1376	None	None
240	итоге	1378	None	None
241	получился	1384	None	None
242	хоть	1394	None	None
243	и	1399	None	None
244	сдержанный	1401	None	None
245	и	1412	None	None
246	неброский	1414	None	None
247	,	1423	None	None
248	но	1425	None	None
249	все	1428	None	None
250	же	1432	None	None
251	мюзикл	1435	None	None
252	.	1441	None	None
253	Впрочем	1443	None	None
254	,	1450	None	None
255	именно	1452	None	None
256	такую	1459	None	None
257	задачу	1465	None	None
258	и	1472	None	None
259	ставили	1474	None	None
260	перед	1482	None	None
261	собой	1488	None	None
262	авторы	1494	coref	1713
263	спектакля	1501	coref	1712
264	,	1510	None	None
265	так	1512	None	None
266	и	1516	None	None
267	обозначали	1518	None	None
268	они	1529	coref	1713
269	его	1533	coref	1711
270	жанр	1537	None	None
271	в	1542	None	None
272	программе	1544	None	None
273	,	1553	None	None
274	исходя	1555	None	None
275	из	1562	None	None
276	жанра	1565	None	None
277	и	1571	None	None
278	подбирали	1573	None	None
279	актеров	1583	None	None
280	.	1590	None	None
281	Соответствующими	1592	None	None
282	задачам	1609	None	None
283	жанра	1617	None	None
284	получились	1623	None	None
285	и	1634	None	None
286	музыкальные	1636	None	None
287	аранжировки	1648	None	None
288	.	1659	None	None
