	word	start_char	type	chain_id
0	Жители	0	None	None
1	Южной	7	coref	3210
2	Австралии	13	coref	3210
3	и	23	None	None
4	Африки	25	coref	3211
5	увидели	32	None	None
6	полное	40	coref	3219
7	солнечное	47	coref	3219
8	затмение	57	coref	3219
9	Жители	67	None	None
10	Южной	74	coref	3210
11	Австралии	80	coref	3210
12	в	90	None	None
13	среду	92	None	None
14	стали	98	None	None
15	свидетелями	104	None	None
16	редкого	116	None	None
17	природного	124	None	None
18	явления	135	None	None
19	-	143	None	None
20	полного	145	None	None
21	затмения	153	None	None
22	Солнца	162	coref	3212
23	.	168	None	None
24	Около	170	None	None
25	17	176	None	None
26	:	178	None	None
27	40	179	None	None
28	по	182	None	None
29	местному	185	None	None
30	времени	194	None	None
31	(	202	None	None
32	около	203	None	None
33	12	209	None	None
34	:	211	None	None
35	15	212	None	None
36	по	215	None	None
37	московскому	218	None	None
38	времени	230	None	None
39	)	237	None	None
40	тень	239	coref	3213
41	Луны	244	coref	3213
42	полностью	249	None	None
43	закрыла	259	None	None
44	солнечную	267	None	None
45	фотосферу	277	None	None
46	на	287	None	None
47	32	290	None	None
48	секунды	293	None	None
49	.	300	None	None
50	Тысячи	302	None	None
51	туристов	309	coref	3216
52	и	318	None	None
53	ученых	320	None	None
54	со	327	None	None
55	всего	330	None	None
56	мира	336	None	None
57	съехались	341	None	None
58	в	351	None	None
59	два	353	None	None
60	небольших	357	None	None
61	южноавстралийских	367	None	None
62	городка	385	None	None
63	-	393	None	None
64	Седуну	395	coref	3215
65	и	402	None	None
66	Линдхерст	404	None	None
67	,	413	None	None
68	оказавшихся	415	None	None
69	единственными	427	None	None
70	городами	441	None	None
71	мира	450	None	None
72	на	455	None	None
73	полосе	458	None	None
74	полного	465	None	None
75	солнечного	473	coref	3212
76	затмения	484	None	None
77	шириной	493	None	None
78	в	501	None	None
79	35	503	None	None
80	км	506	None	None
81	.	508	None	None
82	Как	511	None	None
83	сообщили	515	None	None
84	австралийские	524	None	None
85	СМИ	538	None	None
86	,	541	None	None
87	в	543	None	None
88	Седуне	545	coref	3215
89	,	551	None	None
90	расположенной	553	None	None
91	на	567	None	None
92	западном	570	None	None
93	побережье	579	None	None
94	южной	589	coref	3210
95	Австралии	595	coref	3210
96	,	604	None	None
97	за	606	None	None
98	затмением	609	None	None
99	наблюдали	619	None	None
100	более	629	coref	3216
101	30	635	coref	3216
102	тысяч	638	coref	3216
103	туристов	644	coref	3216
104	,	652	None	None
105	большую	654	None	None
106	часть	662	None	None
107	из	668	None	None
108	которых	671	coref	3216
109	составили	679	None	None
110	граждане	689	None	None
111	других	698	None	None
112	стран	705	None	None
113	.	710	None	None
114	Среди	712	None	None
115	приехавших	718	None	None
116	группа	729	None	None
117	студентов	736	None	None
118	и	746	None	None
119	астрономов	748	None	None
120	американского	759	coref	3217
121	колледжа	773	None	None
122	в	782	None	None
123	штате	784	None	None
124	Массачусетс	790	None	None
125	,	801	None	None
126	астрономы	803	None	None
127	и	813	None	None
128	физики	815	None	None
129	из	822	None	None
130	Японии	825	None	None
131	,	831	None	None
132	Новой	833	None	None
133	Зеландии	839	None	None
134	и	848	None	None
135	Канады	850	None	None
136	.	856	None	None
137	По	859	None	None
138	словам	862	None	None
139	американского	869	coref	3217
140	астронома	883	coref	3217
141	Джея	893	coref	3217
142	Пасачоффа	898	coref	3217
143	,	907	None	None
144	полное	909	coref	3219
145	затмение	916	coref	3219
146	Солнца	925	coref	3212
147	является	932	None	None
148	редким	941	None	None
149	природным	948	None	None
150	феноменом	958	None	None
151	и	968	None	None
152	всегда	970	None	None
153	вызывает	977	None	None
154	у	986	None	None
155	исследователей	988	None	None
156	чрезвычайный	1003	None	None
157	интерес	1016	None	None
158	.	1023	None	None
159	Джей	1025	coref	3217
160	Пасачофф	1030	coref	3217
161	сообщил	1039	None	None
162	,	1046	None	None
163	что	1048	None	None
164	в	1052	None	None
165	задачи	1054	None	None
166	его	1061	coref	3217
167	группы	1065	None	None
168	входит	1072	None	None
169	изучение	1079	None	None
170	солнечной	1088	None	None
171	короны	1098	None	None
172	в	1105	None	None
173	то	1107	None	None
174	время	1110	None	None
175	,	1115	None	None
176	когда	1117	None	None
177	тень	1123	coref	3213
178	Луны	1128	coref	3213
179	будет	1133	None	None
180	полностью	1139	None	None
181	закрывать	1149	None	None
182	Солнце	1159	coref	3212
183	.	1165	None	None
184	Местные	1168	None	None
185	метеорологи	1176	None	None
186	прогнозировали	1188	None	None
187	в	1203	None	None
188	районе	1205	None	None
189	Седуны	1212	coref	3215
190	облачную	1219	None	None
191	погоду	1228	None	None
192	,	1234	None	None
193	сообщает	1236	None	None
194	РИА	1245	None	None
195	«	1249	None	None
196	Новости	1250	None	None
197	»	1257	None	None
198	.	1258	None	None
199	Однако	1260	None	None
200	,	1266	None	None
201	по	1268	None	None
202	словам	1271	None	None
203	очевидцев	1278	None	None
204	,	1287	None	None
205	облака	1289	None	None
206	почти	1296	None	None
207	полностью	1302	None	None
208	рассеялись	1312	None	None
209	незадолго	1323	None	None
210	до	1333	None	None
211	начала	1336	None	None
212	явления	1343	None	None
213	,	1350	None	None
214	и	1352	None	None
215	полное	1354	coref	3219
216	затмение	1361	coref	3219
217	было	1370	None	None
218	видно	1375	None	None
219	очень	1381	None	None
220	хорошо	1387	None	None
221	.	1393	None	None
222	Хотя	1396	None	None
223	полное	1401	coref	3219
224	солнечное	1408	coref	3219
225	затмение	1418	coref	3219
226	было	1427	None	None
227	видно	1432	None	None
228	только	1438	None	None
229	в	1445	None	None
230	южной	1447	coref	3210
231	части	1453	coref	3210
232	Австралии	1459	coref	3210
233	,	1468	None	None
234	жители	1470	None	None
235	остальных	1477	None	None
236	шести	1487	None	None
237	штатов	1493	None	None
238	и	1500	None	None
239	территорий	1502	None	None
240	Зеленого	1513	coref	3218
241	континента	1522	coref	3218
242	могли	1533	None	None
243	наблюдать	1539	None	None
244	частичное	1549	None	None
245	затмение	1559	coref	3219
246	.	1567	None	None
247	Это	1570	None	None
248	было	1574	None	None
249	первое	1579	None	None
250	за	1586	None	None
251	последние	1589	None	None
252	24	1599	None	None
253	года	1602	None	None
254	полное	1607	coref	3219
255	солнечное	1614	coref	3219
256	затмение	1624	coref	3219
257	,	1632	None	None
258	видимое	1634	None	None
259	с	1642	None	None
260	территории	1644	None	None
261	Австралии	1655	coref	3210
262	.	1664	None	None
263	В	1666	None	None
264	последний	1668	None	None
265	раз	1678	None	None
266	его	1682	coref	3217
267	могли	1686	None	None
268	наблюдать	1692	None	None
269	жители	1702	None	None
270	Сиднея	1709	None	None
271	в	1716	None	None
272	1978	1718	None	None
273	году	1723	None	None
274	.	1727	None	None
275	Полное	1730	None	None
276	солнечное	1737	coref	3219
277	затмение	1747	coref	3219
278	наблюдалось	1756	None	None
279	68	1768	None	None
280	секунд	1771	None	None
281	на	1778	None	None
282	юге	1781	coref	3220
283	Африки	1785	coref	3211
284	Полное	1793	None	None
285	солнечное	1800	coref	3219
286	затмение	1810	coref	3219
287	сегодня	1819	None	None
288	наблюдалось	1827	None	None
289	в	1839	None	None
290	течение	1841	None	None
291	68	1849	None	None
292	секунд	1852	None	None
293	в	1859	None	None
294	южноафриканской	1861	coref	3220
295	провинции	1877	coref	3220
296	Лимпопо	1887	coref	3220
297	(	1895	None	None
298	ЮАР	1896	None	None
299	)	1899	None	None
300	.	1900	None	None
301	Более	1902	None	None
302	60	1908	None	None
303	тысяч	1911	coref	3216
304	местных	1917	None	None
305	и	1925	None	None
306	иностранных	1927	None	None
307	туристов	1939	coref	3216
308	собрались	1948	None	None
309	в	1958	None	None
310	национальном	1960	None	None
311	заповеднике	1973	None	None
312	Крюгера	1985	None	None
313	,	1992	None	None
314	чтобы	1994	None	None
315	стать	2000	None	None
316	свидетелями	2006	None	None
317	второго	2018	None	None
318	в	2026	None	None
319	этом	2028	None	None
320	тысячелетии	2033	None	None
321	необычного	2045	None	None
322	природного	2056	None	None
323	явления	2067	None	None
324	.	2074	None	None
325	Над	2077	None	None
326	югом	2081	coref	3221
327	Африки	2086	coref	3211
328	полное	2093	coref	3219
329	солнечное	2100	coref	3219
330	затмение	2110	coref	3219
331	началось	2119	None	None
332	рано	2128	None	None
333	утром	2133	None	None
334	в	2139	None	None
335	районе	2141	None	None
336	ангольского	2148	None	None
337	города	2160	None	None
338	Сумбе	2167	None	None
339	,	2172	None	None
340	именно	2174	None	None
341	тогда	2181	None	None
342	Луна	2187	coref	3214
343	заняла	2192	None	None
344	позицию	2199	None	None
345	между	2207	None	None
346	Землей	2213	None	None
347	и	2220	None	None
348	Солнцем	2222	coref	3212
349	,	2229	None	None
350	отбрасывая	2231	None	None
351	гигантскую	2242	coref	3213
352	тень	2253	coref	3213
353	.	2257	None	None
354	25	2259	None	None
355	минутами	2262	None	None
356	позднее	2271	None	None
357	его	2279	coref	3217
358	уже	2283	None	None
359	наблюдали	2287	None	None
360	в	2297	None	None
361	Мозамбике	2299	coref	3223
362	.	2308	None	None
363	Мимолетное	2311	None	None
364	затемнение	2322	None	None
365	солнечного	2333	coref	3212
366	диска	2344	coref	3212
367	произошло	2350	None	None
368	также	2360	None	None
369	в	2366	None	None
370	небе	2368	None	None
371	над	2373	None	None
372	Анголой	2377	None	None
373	,	2384	None	None
374	Замбией	2386	None	None
375	,	2393	None	None
376	Зимбабве	2395	None	None
377	,	2403	None	None
378	Ботсваной	2405	None	None
379	,	2414	None	None
380	частично	2416	None	None
381	-	2425	None	None
382	над	2427	None	None
383	Намибией	2431	None	None
384	и	2440	None	None
385	еще	2442	None	None
386	несколькими	2446	None	None
387	странами	2458	None	None
388	Юга	2467	coref	3221
389	Африки	2471	coref	3211
390	.	2477	None	None
391	Во	2479	None	None
392	многих	2482	coref	3224
393	странах	2489	coref	3224
394	,	2496	None	None
395	где	2498	coref	3224
396	можно	2502	None	None
397	было	2508	None	None
398	наблюдать	2513	None	None
399	затмение	2523	coref	3219
400	,	2531	None	None
401	было	2533	None	None
402	немного	2538	None	None
403	облачно	2546	None	None
404	,	2553	None	None
405	однако	2555	None	None
406	его	2562	coref	3217
407	все	2566	None	None
408	же	2570	None	None
409	было	2573	None	None
410	видно	2578	None	None
411	.	2583	None	None
412	Полоса	2585	None	None
413	затмения	2592	None	None
414	составила	2601	None	None
415	всего	2611	None	None
416	90	2617	None	None
417	километров	2620	None	None
418	.	2630	None	None
419	Как	2633	None	None
420	передает	2637	None	None
421	ИТАР	2646	None	None
422	-	2650	None	None
423	ТАСС	2651	None	None
424	,	2655	None	None
425	это	2657	None	None
426	событие	2661	None	None
427	дало	2669	None	None
428	возможность	2674	None	None
429	туристическим	2686	None	None
430	компаниям	2700	None	None
431	организовать	2710	None	None
432	специальные	2723	None	None
433	туры	2735	None	None
434	.	2739	None	None
435	В	2741	None	None
436	некоторых	2743	None	None
437	городах	2753	None	None
438	были	2761	None	None
439	организованы	2766	None	None
440	фестивали	2779	None	None
441	и	2789	None	None
442	праздники	2791	None	None
443	,	2800	None	None
444	посвященные	2802	None	None
445	затмению	2814	None	None
446	.	2822	None	None
447	По	2824	None	None
448	решению	2827	None	None
449	правительства	2835	None	None
450	Мозамбика	2849	coref	3223
451	в	2859	None	None
452	стране	2861	coref	3223
453	сегодня	2868	None	None
454	объявлен	2876	None	None
455	выходной	2885	None	None
456	день	2894	None	None
457	.	2898	None	None
458	По	2901	None	None
459	словам	2904	None	None
460	южноафриканского	2911	None	None
461	астронома	2928	coref	3217
462	доктора	2938	None	None
463	Клера	2946	None	None
464	Флэнагана	2952	None	None
465	,	2961	None	None
466	следующее	2963	None	None
467	солнечное	2973	coref	3219
468	затмение	2983	coref	3219
469	в	2992	None	None
470	Южном	2994	None	None
471	полушарии	3000	None	None
472	случится	3010	None	None
473	только	3019	None	None
474	через	3026	None	None
475	28	3032	None	None
476	лет	3035	None	None
477	.	3038	None	None
478	В	3041	None	None
479	Северном	3043	None	None
480	полушарии	3052	None	None
481	затмение	3062	coref	3219
482	не	3071	None	None
483	наблюдалось	3074	None	None
484	.	3085	None	None
