	word	start_char	type	chain_id
0	Для	0	None	None
1	подключения	4	None	None
2	всех	16	None	None
3	школ	21	None	None
4	России	26	coref	1767
5	к	33	None	None
6	интернету	35	None	None
7	нужен	45	None	None
8	миллиард	51	None	None
9	долларов	60	None	None
10	Для	70	None	None
11	подключения	74	None	None
12	всех	86	None	None
13	российских	91	None	None
14	школ	102	None	None
15	к	107	None	None
16	интернету	109	None	None
17	потребуется	119	None	None
18	1	131	None	None
19	млрд	133	None	None
20	.	137	None	None
21	долларов	139	None	None
22	.	147	None	None
23	Об	149	None	None
24	этом	152	None	None
25	в	157	coref	1768
26	прямом	159	None	None
27	эфире	166	None	None
28	радиостанции	172	None	None
29	«	185	None	None
30	Эхо	186	None	None
31	Москвы	190	None	None
32	»	196	None	None
33	сообщил	198	None	None
34	лидер	206	coref	1768
35	фракции	212	coref	1768
36	СПС	220	coref	1768
37	в	224	coref	1768
38	Госдуме	226	coref	1768
39	РФ	234	coref	1767
40	Борис	237	coref	1768
41	Немцов	243	coref	1768
42	,	249	None	None
43	комментируя	251	None	None
44	реализацию	263	None	None
45	программы	274	None	None
46	СПС	284	coref	1768
47	о	288	None	None
48	компьютеризации	290	None	None
49	российских	306	None	None
50	школ	317	None	None
51	.	321	None	None
52	По	324	None	None
53	мнению	327	None	None
54	Немцова	334	coref	1768
55	,	341	None	None
56	вложение	343	None	None
57	таких	352	None	None
58	средств	358	None	None
59	в	366	coref	1768
60	образование	368	None	None
61	вполне	380	None	None
62	оправданно	387	None	None
63	,	397	None	None
64	так	399	None	None
65	как	403	None	None
66	«	407	None	None
67	этот	408	None	None
68	миллиард	413	None	None
69	будет	422	None	None
70	работать	428	None	None
71	десятки	437	None	None
72	и	445	None	None
73	десятки	447	None	None
74	лет	455	None	None
75	»	458	None	None
76	.	459	None	None
77	СПС	462	coref	1768
78	на	466	None	None
79	свои	469	coref	1769
80	средства	474	None	None
81	уже	483	None	None
82	подключил	487	None	None
83	500	497	None	None
84	школ	501	None	None
85	.	505	None	None
86	На	507	None	None
87	очереди	510	None	None
88	еще	518	None	None
89	500	522	None	None
90	.	525	None	None
91	Немцов	527	coref	1768
92	пояснил	534	None	None
93	,	541	None	None
94	что	543	None	None
95	главная	547	None	None
96	цель	555	None	None
97	интернетизации	560	None	None
98	-	575	None	None
99	образовательная	577	None	None
100	.	592	None	None
101	Кроме	594	None	None
102	того	600	None	None
103	,	604	None	None
104	благодаря	606	None	None
105	возможностям	616	None	None
106	интернета	629	None	None
107	школьники	639	None	None
108	получат	649	None	None
109	информацию	657	None	None
110	для	668	None	None
111	поступления	672	None	None
112	в	684	coref	1768
113	вузы	686	None	None
114	,	690	None	None
115	что	692	None	None
116	актуально	696	None	None
117	для	706	None	None
118	выпускников	710	None	None
119	сельских	722	None	None
120	школ	731	None	None
121	;	735	None	None
122	для	737	None	None
123	получения	741	None	None
124	работы	751	None	None
125	в	758	coref	1768
126	России	760	coref	1767
127	и	767	None	None
128	за	769	None	None
129	рубежом	772	None	None
130	;	779	None	None
131	для	781	None	None
132	осуществления	785	None	None
133	информационных	799	None	None
134	обменов	814	None	None
135	между	822	None	None
136	школьниками	828	None	None
137	разных	840	None	None
138	регионов	847	None	None
139	и	856	None	None
140	стран	858	None	None
141	;	863	None	None
142	для	865	None	None
143	изучения	869	None	None
144	языков	878	None	None
145	и	885	None	None
146	повышения	887	None	None
147	квалификации	897	None	None
148	учителей	910	None	None
149	.	918	None	None
150	Немцов	921	coref	1768
151	высказался	928	None	None
152	категорически	939	None	None
153	против	953	None	None
154	введения	960	None	None
155	цензуры	969	None	None
156	в	977	coref	1768
157	сети	979	None	None
158	.	983	None	None
159	Он	985	coref	1768
160	считает	988	None	None
161	,	995	None	None
162	что	997	None	None
163	«	1001	None	None
164	со	1002	None	None
165	временем	1005	None	None
166	у	1014	None	None
167	сайтов	1016	None	None
168	сформируется	1023	None	None
169	определенная	1036	None	None
170	репутация	1049	None	None
171	»	1058	None	None
172	,	1059	None	None
173	и	1061	None	None
174	пользователь	1063	None	None
175	сам	1076	None	None
176	станет	1080	None	None
177	выбирать	1087	None	None
178	,	1095	None	None
179	какой	1097	None	None
180	информации	1103	None	None
181	доверять	1114	None	None
182	.	1122	None	None
183	Он	1125	coref	1768
184	заявил	1128	None	None
185	о	1135	None	None
186	необходимости	1137	None	None
187	«	1151	None	None
188	принятия	1152	None	None
189	законодательства	1161	coref	1771
190	,	1177	None	None
191	которое	1179	coref	1771
192	бы	1187	None	None
193	легализовало	1190	None	None
194	все	1203	None	None
195	электронные	1207	None	None
196	технологии	1219	None	None
197	ведения	1230	None	None
198	бизнеса	1238	None	None
199	»	1245	None	None
200	.	1246	None	None
201	Депутат	1248	coref	1768
202	оценил	1256	None	None
203	как	1263	None	None
204	«	1267	None	None
205	большой	1268	None	None
206	шаг	1276	None	None
207	вперед	1280	None	None
208	»	1286	None	None
209	принятие	1288	None	None
210	Госдумой	1297	coref	1770
211	закона	1306	None	None
212	об	1313	None	None
213	электронной	1316	None	None
214	подписи	1328	None	None
215	.	1335	None	None
216	Лидер	1338	coref	1768
217	СПС	1344	coref	1768
218	заметил	1348	None	None
219	,	1355	None	None
220	что	1357	None	None
221	Россия	1361	coref	1767
222	«	1368	None	None
223	в	1369	coref	1768
224	интеллектуальном	1371	None	None
225	плане	1388	None	None
226	не	1394	None	None
227	отстает	1397	None	None
228	»	1404	None	None
229	от	1406	None	None
230	Запада	1409	None	None
231	.	1415	None	None
232	По	1417	None	None
233	его	1420	coref	1768
234	словам	1424	None	None
235	,	1430	None	None
236	«	1432	None	None
237	империя	1433	None	None
238	Билла	1441	None	None
239	Гейтса	1447	None	None
240	создается	1454	None	None
241	во	1464	None	None
242	многом	1467	None	None
243	благодаря	1474	None	None
244	российским	1484	None	None
245	гражданам	1495	None	None
246	»	1504	None	None
247	.	1505	None	None
248	В	1507	None	None
249	этой	1509	None	None
250	связи	1514	None	None
251	важной	1520	None	None
252	задачей	1527	None	None
253	является	1535	None	None
254	«	1544	None	None
255	создание	1545	None	None
256	условий	1554	coref	1772
257	,	1561	None	None
258	при	1563	None	None
259	которых	1567	coref	1772
260	толковые	1575	None	None
261	люди	1584	None	None
262	могли	1589	None	None
263	бы	1595	None	None
264	зарабатывать	1598	None	None
265	»	1610	None	None
266	в	1612	coref	1768
267	собственной	1614	coref	1767
268	стране	1626	coref	1767
269	.	1632	None	None
