	word	start_char	type	chain_id
0	В	0	None	None
1	Петербурге	2	coref	2168
2	в	13	None	None
3	ДТП	15	coref	2176
4	погибла	19	None	None
5	глава	27	coref	2169
6	администрации	33	coref	2169
7	Колпинского	47	coref	2169
8	района	59	coref	2169
9	города	66	coref	2168
10	В	74	None	None
11	дорожно	76	None	None
12	-	83	coref	2173
13	транспортном	84	None	None
14	происшествии	97	None	None
15	погибла	110	None	None
16	глава	118	coref	2169
17	администрации	124	coref	2169
18	Колпинского	138	coref	2169
19	района	150	coref	2169
20	Петербурга	157	coref	2168
21	Лариса	168	coref	2169
22	Гладышева	175	coref	2169
23	и	185	coref	2173
24	ее	187	coref	2169
25	водитель	190	coref	2172
26	.	198	None	None
27	Об	201	None	None
28	этом	204	None	None
29	в	209	None	None
30	понедельник	211	None	None
31	сообщили	223	None	None
32	РИА	232	None	None
33	'	236	None	None
34	Новости	237	None	None
35	'	244	None	None
36	в	246	None	None
37	пресс	248	coref	2173
38	-	253	coref	2173
39	центре	254	coref	2173
40	главного	261	coref	2173
41	управления	270	coref	2173
42	по	281	coref	2173
43	делам	284	coref	2173
44	ГУ	290	coref	2173
45	и	293	coref	2173
46	ЧС	295	coref	2173
47	Петербурга	298	coref	2168
48	.	308	None	None
49	Авария	311	None	None
50	произошла	318	None	None
51	около	328	None	None
52	15	334	None	None
53	.	336	None	None
54	50	337	None	None
55	по	340	coref	2173
56	московскому	343	None	None
57	времени	355	None	None
58	на	363	None	None
59	Московском	366	None	None
60	шоссе	377	None	None
61	в	383	None	None
62	300	385	None	None
63	метрах	389	None	None
64	от	396	None	None
65	КПМ	399	None	None
66	-	403	coref	2173
67	9	405	None	None
68	в	407	None	None
69	Пушкинском	409	None	None
70	районе	420	None	None
71	.	426	None	None
72	Служебный	429	coref	2175
73	автомобиль	439	coref	2175
74	Nissan	450	coref	2175
75	Maxima	457	coref	2175
76	двигался	464	None	None
77	по	473	coref	2173
78	направлению	476	None	None
79	к	488	None	None
80	городу	490	coref	2168
81	и	497	coref	2173
82	столкнулся	499	None	None
83	с	510	None	None
84	«	512	coref	2177
85	Газелью	513	None	None
86	»	520	coref	2177
87	.	521	None	None
88	И	523	None	None
89	глава	525	coref	2169
90	района	531	coref	2169
91	,	537	None	None
92	и	539	coref	2173
93	ее	541	coref	2169
94	водитель	544	coref	2172
95	погибли	553	None	None
96	на	561	None	None
97	месте	564	None	None
98	.	569	None	None
99	По	571	None	None
100	предварительный	574	None	None
101	информации	590	None	None
102	,	600	None	None
103	автомобиль	602	coref	2175
104	Гладышевой	613	coref	2169
105	выехал	624	None	None
106	на	631	None	None
107	встречную	634	None	None
108	полосу	644	None	None
109	.	650	None	None
110	Столкновение	652	None	None
111	было	665	None	None
112	лобовое	670	None	None
113	,	677	None	None
114	сообщает	679	None	None
115	Фонтанка	688	None	None
116	.	696	None	None
117	ру	697	None	None
118	.	699	None	None
119	На	702	None	None
120	место	705	None	None
121	происшествия	711	None	None
122	выехали	724	None	None
123	сотрудники	732	None	None
124	ГИБДД	743	None	None
125	и	749	coref	2173
126	аварийно	751	None	None
127	-	759	coref	2173
128	спасательной	760	None	None
129	службы	773	None	None
130	главного	780	coref	2173
131	управления	789	coref	2173
132	ГУ	800	coref	2173
133	и	803	coref	2173
134	ЧС	805	coref	2173
135	.	807	None	None
136	Подробности	809	None	None
137	происшествия	821	None	None
138	уточняются	834	None	None
139	,	844	None	None
140	отметили	846	None	None
141	в	855	None	None
142	пресс	857	coref	2173
143	-	862	coref	2173
144	центре	863	coref	2173
145	.	869	None	None
146	Напомним	872	None	None
147	,	880	None	None
148	что	882	None	None
149	это	886	None	None
150	уже	890	None	None
151	второе	894	coref	2176
152	ДТП	901	coref	2176
153	за	905	coref	2176
154	последние	908	coref	2176
155	два	918	coref	2176
156	дня	922	coref	2176
157	,	925	None	None
158	в	927	None	None
159	котором	929	coref	2176
160	гибнет	937	None	None
161	чиновник	944	None	None
162	районного	953	None	None
163	уровня	963	None	None
164	.	969	None	None
165	Накануне	971	None	None
166	ночью	980	None	None
167	в	986	None	None
168	служебном	988	coref	2177
169	автомобиле	998	coref	2177
170	разбился	1009	None	None
171	замглавы	1018	coref	2178
172	администрации	1027	coref	2169
173	Приморского	1041	coref	2178
174	района	1053	coref	2169
175	Владимир	1060	coref	2178
176	Кореньков	1069	coref	2178
177	.	1078	None	None
178	ДТП	1081	coref	2176
179	произошло	1085	None	None
180	в	1095	None	None
181	воскресенье	1097	None	None
182	на	1109	None	None
183	перекрестке	1112	None	None
184	проспекта	1124	None	None
185	Маршала	1134	None	None
186	Блюхера	1142	None	None
187	и	1150	coref	2173
188	Гражданского	1152	None	None
189	проспекта	1165	None	None
190	(	1175	None	None
191	Калининский	1176	None	None
192	район	1188	None	None
193	Петербурга	1194	coref	2168
194	)	1204	None	None
195	.	1205	None	None
196	Легковой	1207	coref	2177
197	автомобиль	1216	coref	2175
198	«	1227	coref	2177
199	Волга	1228	coref	2177
200	»	1233	coref	2177
201	,	1234	None	None
202	за	1236	coref	2176
203	рулем	1239	None	None
204	которого	1245	coref	2177
205	находился	1254	None	None
206	Кореньков	1264	coref	2178
207	,	1273	None	None
208	врезался	1275	None	None
209	в	1284	None	None
210	стоявшую	1286	None	None
211	машину	1295	None	None
212	марки	1302	None	None
213	«	1308	coref	2177
214	Газель	1309	None	None
215	»	1315	coref	2177
216	.	1316	None	None
217	В	1319	None	None
218	результате	1321	None	None
219	Владимир	1332	coref	2178
220	Кореньков	1341	coref	2178
221	погиб	1351	None	None
222	на	1357	None	None
223	месте	1360	None	None
224	.	1365	None	None
225	Обстоятельства	1367	None	None
226	ДТП	1382	coref	2176
227	уточняются	1386	None	None
228	.	1396	None	None
