	word	start_char	type	chain_id
0	В	0	None	None
1	Париже	2	coref	2790
2	сгорело	9	None	None
3	посольство	17	coref	2791
4	Израиля	28	coref	2791
5	Центральное	37	coref	2791
6	шестиэтажное	49	coref	2791
7	здание	62	coref	2791
8	посольского	69	coref	2791
9	комплекса	81	coref	2791
10	Израиля	91	coref	2791
11	в	99	coref	2791
12	Париже	101	coref	2790
13	было	108	None	None
14	полностью	113	None	None
15	уничтожено	123	None	None
16	огнем	134	None	None
17	в	140	coref	2791
18	четверг	142	None	None
19	ранним	150	None	None
20	утром	157	None	None
21	.	162	None	None
22	Об	164	None	None
23	этом	167	None	None
24	сообщил	172	None	None
25	журналистам	180	None	None
26	мэр	192	coref	2793
27	города	196	coref	2790
28	Бертран	203	coref	2793
29	Деланоэ	211	coref	2793
30	.	218	None	None
31	Как	221	None	None
32	сообщает	225	None	None
33	Reuters	234	coref	2794
34	,	241	None	None
35	пожар	243	None	None
36	начался	249	None	None
37	около	257	None	None
38	2	263	None	None
39	:	264	None	None
40	00	265	None	None
41	часов	268	None	None
42	ночи	274	None	None
43	.	278	None	None
44	По	280	None	None
45	данным	283	None	None
46	агентства	290	coref	2794
47	,	299	None	None
48	посольство	301	coref	2791
49	Израиля	312	coref	2791
50	,	319	None	None
51	находящееся	321	None	None
52	в	333	coref	2791
53	тринадцатом	335	None	None
54	квартале	347	None	None
55	Парижа	356	coref	2790
56	по	363	None	None
57	адресу	366	None	None
58	улица	373	None	None
59	Рабеле	379	None	None
60	,	385	None	None
61	дом	387	None	None
62	3	391	None	None
63	,	392	None	None
64	сгорело	394	None	None
65	дотла	402	None	None
66	.	407	None	None
67	Ранее	409	None	None
68	в	415	coref	2791
69	здании	417	coref	2791
70	посольства	424	coref	2791
71	проводились	435	None	None
72	ремонтные	447	None	None
73	работы	457	None	None
74	.	463	None	None
75	На	465	None	None
76	момент	468	None	None
77	возгорания	475	None	None
78	в	486	coref	2791
79	посольстве	488	coref	2791
80	никого	499	None	None
81	не	506	None	None
82	было	509	None	None
83	.	513	None	None
84	По	516	None	None
85	словам	519	None	None
86	мэра	526	coref	2793
87	города	531	coref	2790
88	Бертрана	538	coref	2793
89	Деланоэ	547	coref	2793
90	,	554	None	None
91	«	556	None	None
92	фактически	557	None	None
93	сгорело	568	None	None
94	именно	576	None	None
95	посольство	583	coref	2791
96	»	593	None	None
97	,	594	None	None
98	но	596	None	None
99	никто	599	None	None
100	не	605	None	None
101	пострадал	608	None	None
102	.	617	None	None
103	Ранее	619	None	None
104	сообщалось	625	None	None
105	,	635	None	None
106	что	637	None	None
107	пожар	641	None	None
108	произошел	647	None	None
109	в	657	coref	2791
110	нежилом	659	coref	2791
111	здании	667	coref	2791
112	на	674	coref	2791
113	территории	677	coref	2791
114	дипломатической	688	coref	2791
115	миссии	704	coref	2791
116	Израиля	711	coref	2791
117	во	719	coref	2791
118	Франции	722	coref	2791
119	,	729	None	None
120	которое	731	coref	2791
121	находилось	739	None	None
122	на	750	coref	2791
123	реконструкции	753	None	None
124	.	766	None	None
125	На	769	None	None
126	место	772	coref	2791
127	происшествия	778	coref	2791
128	прибыли	791	None	None
129	премьер	799	None	None
130	-	806	None	None
131	министр	807	None	None
132	Франции	815	coref	2791
133	Жан	823	None	None
134	-	826	None	None
135	Пьер	827	None	None
136	Рафарен	832	None	None
137	и	840	None	None
138	министр	842	None	None
139	внутренних	850	None	None
140	дел	861	None	None
141	Николас	865	None	None
142	Саркози	873	None	None
143	,	880	None	None
144	а	882	None	None
145	также	884	None	None
146	глава	890	None	None
147	парижской	896	None	None
148	полиции	906	None	None
149	и	914	None	None
150	мэр	916	coref	2793
151	столицы	920	coref	2790
152	.	927	None	None
153	В	930	None	None
154	тушении	932	None	None
155	пожара	940	None	None
156	в	947	coref	2791
157	основном	949	coref	2791
158	здании	958	coref	2791
159	участвовало	965	None	None
160	150	977	None	None
161	пожарных	981	None	None
162	.	989	None	None
163	Ведется	991	None	None
164	расследование	999	None	None
165	причин	1013	None	None
166	инцидента	1020	None	None
167	.	1029	None	None
168	О	1031	None	None
169	причинах	1033	None	None
170	пожара	1042	None	None
171	ничего	1049	None	None
172	не	1056	None	None
173	сообщается	1059	None	None
174	.	1069	None	None
175	В	1072	None	None
176	заявлении	1074	None	None
177	Елисейского	1084	None	None
178	дворца	1096	None	None
179	говорится	1103	None	None
180	,	1112	None	None
181	что	1114	None	None
182	президент	1118	None	None
183	Франции	1128	coref	2791
184	Жак	1136	None	None
185	Ширак	1140	None	None
186	позвонил	1146	None	None
187	послу	1155	None	None
188	Израиля	1161	coref	2791
189	в	1169	coref	2791
190	Париже	1171	coref	2790
191	Эли	1178	None	None
192	Барнави	1182	None	None
193	и	1190	None	None
194	заявил	1192	None	None
195	,	1198	None	None
196	что	1200	None	None
197	власти	1204	None	None
198	сделают	1211	None	None
199	все	1219	None	None
200	необходимое	1223	None	None
201	для	1235	None	None
202	выяснения	1239	None	None
203	причин	1249	None	None
204	пожара	1256	None	None
205	,	1262	None	None
206	сообщает	1264	None	None
207	ВВС	1273	None	None
208	.	1276	None	None
209	В	1279	None	None
210	последний	1281	None	None
211	год	1291	None	None
212	-	1295	None	None
213	особенно	1297	None	None
214	после	1306	None	None
215	эскалации	1312	None	None
216	конфликта	1322	None	None
217	на	1332	coref	2791
218	Ближнем	1335	None	None
219	Востоке	1343	None	None
220	-	1351	None	None
221	во	1353	coref	2791
222	Франции	1356	coref	2791
223	было	1364	None	None
224	несколько	1369	None	None
225	нападений	1379	None	None
226	на	1389	coref	2791
227	еврейские	1392	None	None
228	здания	1402	None	None
229	и	1409	None	None
230	объекты	1411	None	None
231	.	1418	None	None
232	31	1420	None	None
233	марта	1423	None	None
234	сгорела	1429	None	None
235	синагога	1437	None	None
236	Марселя	1446	None	None
237	.	1453	None	None
238	Во	1455	None	None
239	Франции	1458	coref	2791
240	живет	1466	None	None
241	самая	1472	None	None
242	многочисленная	1478	None	None
243	еврейская	1493	None	None
244	община	1503	None	None
245	в	1510	coref	2791
246	Европе	1512	None	None
247	-	1519	None	None
248	700	1521	None	None
249	тысяч	1525	None	None
250	человек	1531	None	None
251	.	1538	None	None
252	Руководство	1541	None	None
253	Израиля	1553	coref	2791
254	,	1560	None	None
255	включая	1562	None	None
256	премьер	1570	None	None
257	-	1577	None	None
258	министра	1578	None	None
259	Ариэля	1587	None	None
260	Шарона	1594	None	None
261	,	1600	None	None
262	заявляет	1602	None	None
263	о	1611	None	None
264	том	1613	None	None
265	,	1616	None	None
266	что	1618	None	None
267	антисемитизм	1622	None	None
268	во	1635	coref	2791
269	Франции	1638	coref	2791
270	растет	1646	None	None
271	.	1652	None	None
272	Однако	1654	None	None
273	Париж	1661	coref	2790
274	утверждает	1667	None	None
275	,	1677	None	None
276	что	1679	None	None
277	подобные	1683	None	None
278	атаки	1692	None	None
279	в	1698	coref	2791
280	основном	1700	coref	2791
281	осуществляются	1709	None	None
282	мусульманами	1724	None	None
283	из	1737	None	None
284	Северной	1740	None	None
285	Африки	1749	None	None
286	и	1756	None	None
287	должны	1758	None	None
288	рассматриваться	1765	None	None
289	в	1781	coref	2791
290	контексте	1783	None	None
291	ближневосточного	1793	None	None
292	конфликта	1810	None	None
293	.	1819	None	None
