	word	start_char	type	chain_id
0	На	0	None	None
1	улицы	3	None	None
2	столицы	9	coref	2212
3	вышли	17	None	None
4	5	23	None	None
5	тыс	25	None	None
6	.	28	None	None
7	милиционеров	30	None	None
8	и	43	None	None
9	военных	45	None	None
10	Московская	54	None	None
11	милиция	65	None	None
12	сегодня	73	None	None
13	,	80	None	None
14	в	82	None	None
15	День	84	None	None
16	России	89	coref	2213
17	,	95	None	None
18	переведена	97	None	None
19	на	108	coref	2225
20	усиленный	111	None	None
21	вариант	121	None	None
22	несения	129	None	None
23	службы	137	None	None
24	.	143	None	None
25	В	145	None	None
26	ГУВД	147	coref	2214
27	говорят	152	None	None
28	,	159	None	None
29	что	161	None	None
30	принимаются	165	None	None
31	беспрецедентные	177	None	None
32	меры	193	None	None
33	безопасности	198	None	None
34	.	210	None	None
35	Спокойствие	212	None	None
36	москвичей	224	coref	2220
37	будут	234	None	None
38	обеспечивать	240	None	None
39	на	253	coref	2225
40	улицах	256	None	None
41	города	263	coref	2212
42	более	270	None	None
43	5	276	None	None
44	тысяч	278	None	None
45	милиционеров	284	None	None
46	и	297	None	None
47	военнослужащих	299	None	None
48	внутренних	314	coref	2214
49	войск	325	None	None
50	,	330	None	None
51	передает	332	None	None
52	ИТАР	341	coref	2215
53	-	345	coref	2215
54	ТАСС	346	coref	2215
55	.	350	None	None
56	В	353	None	None
57	резерве	355	None	None
58	будут	363	None	None
59	находиться	369	None	None
60	омоновцы	380	coref	2216
61	,	388	None	None
62	экипированные	390	None	None
63	бронежилетами	404	None	None
64	,	417	None	None
65	касками	419	None	None
66	,	426	None	None
67	резиновыми	428	None	None
68	дубинками	439	None	None
69	и	449	None	None
70	другими	451	None	None
71	специальными	459	None	None
72	средствами	472	None	None
73	,	482	None	None
74	однако	484	None	None
75	их	491	coref	2216
76	задействуют	494	None	None
77	,	505	None	None
78	только	507	None	None
79	если	514	None	None
80	возникнут	519	None	None
81	беспорядки	529	None	None
82	.	539	None	None
83	Особое	542	None	None
84	внимание	549	None	None
85	будет	558	None	None
86	уделяться	564	None	None
87	местам	574	coref	2217
88	массовых	581	coref	2217
89	гуляний	590	coref	2217
90	-	598	coref	2215
91	Александровскому	600	coref	2218
92	саду	617	coref	2218
93	и	622	None	None
94	всей	624	coref	2219
95	территории	629	coref	2219
96	,	639	None	None
97	прилегающей	641	None	None
98	к	653	None	None
99	Кремлю	655	None	None
100	.	661	None	None
101	Правопорядок	663	None	None
102	дополнительно	676	None	None
103	будут	690	None	None
104	обеспечивать	696	None	None
105	наряды	709	None	None
106	конной	716	None	None
107	милиции	723	coref	2248
108	.	730	None	None
109	Милиционеры	733	None	None
110	,	744	None	None
111	в	746	None	None
112	том	748	None	None
113	числе	752	None	None
114	конные	758	None	None
115	,	764	None	None
116	также	766	None	None
117	будут	772	None	None
118	задействованы	778	None	None
119	в	792	None	None
120	патрулировании	794	None	None
121	традиционных	809	coref	2220
122	мест	822	coref	2220
123	гуляний	827	coref	2217
124	москвичей	835	coref	2220
125	-	845	coref	2215
126	парков	847	None	None
127	отдыха	854	None	None
128	«	861	coref	2221
129	Сокольники	862	coref	2221
130	»	872	coref	2221
131	,	873	None	None
132	«	875	coref	2221
133	Измайлово	876	coref	2222
134	»	885	coref	2221
135	,	886	None	None
136	«	888	coref	2221
137	Кузьминки	889	coref	2223
138	»	898	coref	2221
139	,	899	None	None
140	«	901	coref	2221
141	Лосиный	902	coref	2224
142	остров	910	coref	2224
143	»	916	coref	2221
144	,	917	None	None
145	а	919	None	None
146	также	921	None	None
147	парка	927	coref	2225
148	Победы	933	coref	2225
149	на	940	coref	2225
150	Поклонной	943	coref	2225
151	горе	953	coref	2225
152	.	957	None	None
153	Кстати	960	None	None
154	,	966	None	None
155	как	968	None	None
156	отмечают	972	None	None
157	в	981	None	None
158	ГУВД	983	coref	2214
159	,	987	None	None
160	впервые	989	None	None
161	будет	997	None	None
162	запрещена	1003	None	None
163	продажа	1013	None	None
164	не	1021	None	None
165	только	1024	None	None
166	алкогольных	1031	None	None
167	,	1042	None	None
168	но	1044	None	None
169	и	1047	None	None
170	прохладительных	1049	None	None
171	напитков	1065	None	None
172	в	1074	None	None
173	стеклянной	1076	None	None
174	таре	1087	None	None
175	.	1091	None	None
176	Вице	1094	coref	2226
177	-	1098	coref	2215
178	мэр	1099	coref	2226
179	Москвы	1103	coref	2212
180	Валерий	1110	coref	2226
181	Шанцев	1118	coref	2226
182	считает	1125	None	None
183	,	1132	None	None
184	что	1134	None	None
185	за	1138	None	None
186	безопасность	1141	None	None
187	в	1154	None	None
188	городе	1156	coref	2212
189	отвечают	1163	None	None
190	не	1172	None	None
191	только	1175	None	None
192	правоохранительные	1182	None	None
193	органы	1201	None	None
194	,	1207	None	None
195	но	1209	None	None
196	и	1212	None	None
197	сами	1214	coref	2227
198	жители	1219	coref	2227
199	:	1225	None	None
200	«	1227	coref	2221
201	Город	1228	coref	2212
202	наш	1234	coref	2212
203	всю	1238	None	None
204	жизнь	1242	None	None
205	,	1247	None	None
206	в	1249	None	None
207	последнее	1251	None	None
208	время	1261	None	None
209	был	1267	None	None
210	безопасным	1271	None	None
211	,	1281	None	None
212	так	1283	None	None
213	?	1286	None	None
214	Мы	1288	coref	2227
215	нормально	1291	None	None
216	,	1300	None	None
217	совершенно	1302	None	None
218	честно	1313	None	None
219	смотрим	1320	None	None
220	друг	1328	None	None
221	другу	1333	None	None
222	в	1339	None	None
223	глаза	1341	None	None
224	.	1346	None	None
225	Вот	1348	None	None
226	случился	1352	None	None
227	этот	1361	coref	2228
228	инцидент	1366	coref	2228
229	,	1374	None	None
230	он	1376	coref	2226
231	трагический	1379	None	None
232	,	1390	None	None
233	он	1392	coref	2226
234	опасный	1395	None	None
235	,	1402	None	None
236	но	1404	None	None
237	надо	1407	None	None
238	сейчас	1412	None	None
239	понять	1419	None	None
240	,	1425	None	None
241	что	1427	None	None
242	произошло	1431	None	None
243	,	1440	None	None
244	и	1442	None	None
245	не	1444	None	None
246	рвать	1447	None	None
247	на	1453	coref	2225
248	себе	1456	coref	2227
249	рубашку	1461	None	None
250	,	1468	None	None
251	что	1470	None	None
252	,	1473	None	None
253	вот	1475	None	None
254	,	1478	None	None
255	мы	1480	coref	2227
256	должны	1483	None	None
257	сейчас	1490	None	None
258	ответить	1497	None	None
259	,	1505	None	None
260	а	1507	None	None
261	потом	1509	None	None
262	трава	1515	None	None
263	хоть	1521	None	None
264	не	1526	None	None
265	расти	1529	None	None
266	.	1534	None	None
267	Нужно	1536	None	None
268	город	1542	coref	2212
269	поднять	1548	None	None
270	на	1556	coref	2225
271	борьбу	1559	None	None
272	с	1566	None	None
273	этим	1568	None	None
274	явлением	1573	None	None
275	,	1581	None	None
276	нужно	1583	None	None
277	,	1588	None	None
278	чтобы	1590	None	None
279	родители	1596	None	None
280	,	1604	None	None
281	чтобы	1606	None	None
282	дедушки	1612	None	None
283	и	1620	None	None
284	бабушки	1622	None	None
285	сегодня	1630	None	None
286	включились	1638	None	None
287	вместе	1649	None	None
288	с	1656	None	None
289	нами	1658	coref	2227
290	и	1663	None	None
291	объяснили	1665	None	None
292	ребятам	1675	None	None
293	всем	1683	None	None
294	,	1687	None	None
295	что	1689	None	None
296	мы	1693	coref	2227
297	-	1695	coref	2215
298	то	1696	coref	2227
299	сами	1699	coref	2227
300	себя	1704	coref	2227
301	здесь	1709	None	None
302	унижаем	1715	None	None
303	»	1722	coref	2221
304	,	1723	None	None
305	-	1725	coref	2215
306	сказал	1727	None	None
307	он	1734	coref	2226
308	в	1737	None	None
309	интервью	1739	None	None
310	«	1748	coref	2221
311	Эху	1749	None	None
312	Москвы	1753	coref	2212
313	»	1759	coref	2221
314	.	1760	None	None
315	Партии	1763	coref	2229
316	отметят	1770	None	None
317	День	1778	None	None
318	России	1783	coref	2213
319	митингами	1790	None	None
320	Кроме	1801	None	None
321	официальных	1807	None	None
322	мероприятий	1819	None	None
323	,	1830	None	None
324	сегодня	1832	None	None
325	в	1840	None	None
326	Москве	1842	coref	2212
327	свои	1849	coref	2229
328	собственные	1854	None	None
329	митинги	1866	None	None
330	планируют	1874	None	None
331	или	1884	None	None
332	планировали	1888	None	None
333	провести	1900	None	None
334	различные	1909	coref	2229
335	партии	1919	coref	2229
336	.	1925	None	None
337	День	1928	None	None
338	России	1933	coref	2213
339	именно	1940	None	None
340	так	1947	None	None
341	по	1951	None	None
342	президентскому	1954	None	None
343	указу	1969	None	None
344	называется	1975	None	None
345	государственный	1986	coref	2230
346	праздник	2002	coref	2230
347	,	2010	None	None
348	который	2012	coref	2230
349	демократически	2020	None	None
350	настроенные	2035	None	None
351	политики	2047	None	None
352	считают	2056	None	None
353	главным	2064	None	None
354	праздником	2072	None	None
355	страны	2083	coref	2213
356	,	2089	None	None
357	-	2091	coref	2215
358	собирались	2093	None	None
359	отметить	2104	None	None
360	представители	2113	None	None
361	самых	2127	coref	2229
362	разных	2133	coref	2229
363	политических	2140	coref	2229
364	направлений	2153	coref	2229
365	.	2164	None	None
366	В	2166	None	None
367	частности	2168	None	None
368	,	2177	None	None
369	митинги	2179	None	None
370	проведут	2187	None	None
371	ЛДПР	2196	coref	2231
372	и	2201	None	None
373	«	2203	coref	2221
374	Единая	2204	coref	2232
375	Россия	2211	coref	2232
376	»	2217	coref	2221
377	.	2218	None	None
378	Последняя	2220	coref	2232
379	,	2229	None	None
380	кстати	2231	None	None
381	,	2237	None	None
382	собирается	2239	None	None
383	провести	2250	None	None
384	свою	2259	coref	2232
385	акцию	2264	None	None
386	на	2270	coref	2225
387	Красной	2273	coref	2233
388	площади	2281	coref	2233
389	.	2288	None	None
390	Здесь	2290	coref	2233
391	будут	2296	None	None
392	представлены	2302	None	None
393	рисунки	2315	coref	2234
394	победителей	2323	coref	2234
395	конкурса	2335	coref	2234
396	среди	2344	coref	2234
397	воспитанников	2350	coref	2234
398	детских	2364	coref	2234
399	домов	2372	coref	2234
400	«	2378	coref	2221
401	Дети	2379	coref	2234
402	«	2384	coref	2221
403	Единой	2385	coref	2232
404	России	2392	coref	2213
405	»	2398	coref	2221
406	.	2399	None	None
407	На	2401	None	None
408	рисунки	2404	coref	2234
409	приедут	2412	None	None
410	посмотреть	2420	None	None
411	некоторые	2431	None	None
412	руководители	2441	None	None
413	партии	2454	coref	2229
414	.	2460	None	None
415	А	2462	None	None
416	коммунисты	2464	coref	2235
417	ничего	2475	None	None
418	не	2482	None	None
419	планируют	2485	None	None
420	:	2494	None	None
421	они	2496	coref	2235
422	до	2500	None	None
423	сих	2503	None	None
424	пор	2507	None	None
425	не	2511	None	None
426	признают	2514	None	None
427	12	2523	None	None
428	июня	2526	None	None
429	праздником	2531	None	None
430	.	2541	None	None
431	Центр	2544	coref	2236
432	будут	2550	None	None
433	перекрывать	2556	None	None
434	несколько	2568	None	None
435	раз	2578	None	None
436	В	2583	None	None
437	центре	2585	coref	2236
438	Москвы	2592	coref	2212
439	сегодня	2599	None	None
440	будет	2607	None	None
441	перекрыто	2613	None	None
442	движение	2623	None	None
443	транспорта	2632	None	None
444	по	2643	None	None
445	целому	2646	coref	2237
446	ряду	2653	coref	2237
447	магистралей	2658	coref	2237
448	.	2669	None	None
449	Это	2671	None	None
450	связано	2675	None	None
451	с	2683	None	None
452	празднованием	2685	None	None
453	Дня	2699	None	None
454	России	2703	coref	2213
455	,	2709	None	None
456	уточняют	2711	None	None
457	в	2720	None	None
458	столичном	2722	None	None
459	ГИБДД	2732	None	None
460	.	2737	None	None
461	С	2739	None	None
462	трех	2741	None	None
463	часов	2746	None	None
464	дня	2752	None	None
465	и	2756	None	None
466	до	2758	None	None
467	конца	2761	None	None
468	массовых	2767	coref	2217
469	мероприятий	2776	None	None
470	нельзя	2788	None	None
471	будет	2795	None	None
472	проехать	2801	None	None
473	по	2810	None	None
474	Тверской	2813	coref	2238
475	,	2821	None	None
476	Охотному	2823	coref	2239
477	Ряду	2832	coref	2239
478	,	2836	None	None
479	Моховой	2838	coref	2240
480	,	2845	None	None
481	Петровке	2847	coref	2241
482	,	2855	None	None
483	Большой	2857	coref	2242
484	Дмитровке	2865	coref	2242
485	и	2875	None	None
486	Театральному	2877	coref	2243
487	проезду	2890	coref	2243
488	.	2897	None	None
489	Вечером	2900	None	None
490	на	2908	coref	2225
491	Васильевском	2911	None	None
492	спуске	2924	None	None
493	пройдет	2931	None	None
494	большой	2939	None	None
495	концерт	2947	None	None
496	-	2955	coref	2215
497	с	2957	None	None
498	семи	2959	None	None
499	часов	2964	None	None
500	движение	2970	None	None
501	перекроют	2979	None	None
502	также	2989	None	None
503	на	2995	coref	2225
504	Варварке	2998	coref	2244
505	,	3006	None	None
506	Ильинке	3008	coref	2245
507	и	3016	None	None
508	Большом	3018	coref	2246
509	Москворецком	3026	coref	2246
510	мосту	3039	coref	2246
511	.	3044	None	None
512	По	3047	None	None
513	данным	3050	None	None
514	столичной	3057	None	None
515	мэрии	3067	None	None
516	,	3072	None	None
517	в	3074	None	None
518	праздничных	3076	None	None
519	мероприятиях	3088	None	None
520	в	3101	None	None
521	Москве	3103	coref	2212
522	примут	3110	None	None
523	участие	3117	None	None
524	около	3125	None	None
525	500	3131	None	None
526	тыс	3135	None	None
527	.	3138	None	None
528	человек	3140	None	None
529	.	3147	None	None
530	В	3149	None	None
531	городе	3151	coref	2212
532	будут	3158	None	None
533	постоянно	3164	None	None
534	дежурить	3174	None	None
535	более	3183	None	None
536	200	3189	None	None
537	бригад	3193	None	None
538	«	3200	coref	2221
539	скорой	3201	None	None
540	помощи	3208	None	None
541	»	3214	coref	2221
542	и	3216	None	None
543	пожарные	3218	None	None
544	машины	3227	None	None
545	МЧС	3234	None	None
546	России	3238	coref	2213
547	,	3244	None	None
548	передает	3246	None	None
549	ИТАР	3255	coref	2215
550	-	3259	coref	2215
551	ТАСС	3260	coref	2215
552	.	3264	None	None
553	Охранять	3267	None	None
554	усиленно	3276	None	None
555	обещают	3285	None	None
556	до	3293	None	None
557	25	3296	None	None
558	июня	3299	None	None
559	Усиленные	3305	None	None
560	меры	3315	None	None
561	провоохранительные	3320	None	None
562	органы	3339	None	None
563	в	3346	None	None
564	столице	3348	coref	2212
565	принимают	3356	None	None
566	не	3366	None	None
567	из	3369	None	None
568	-	3371	coref	2215
569	за	3372	None	None
570	массовых	3375	coref	2217
571	беспорядков	3384	coref	2247
572	,	3395	None	None
573	которые	3397	coref	2247
574	имели	3405	None	None
575	место	3411	None	None
576	в	3417	None	None
577	центре	3419	coref	2236
578	Москвы	3426	coref	2212
579	в	3433	None	None
580	минувшее	3435	None	None
581	воскресенье	3444	None	None
582	,	3455	None	None
583	а	3457	None	None
584	в	3459	None	None
585	рамках	3461	None	None
586	специального	3468	None	None
587	плана	3481	None	None
588	,	3486	None	None
589	утвержденного	3488	None	None
590	главой	3502	None	None
591	МВД	3509	None	None
592	России	3513	coref	2213
593	Борисом	3520	None	None
594	Грызловым	3528	None	None
595	.	3537	None	None
596	Об	3539	None	None
597	этом	3542	None	None
598	сообщил	3547	None	None
599	начальник	3555	coref	2248
600	столичного	3565	coref	2214
601	ГУВД	3576	coref	2214
602	генерал	3581	coref	2248
603	-	3588	coref	2215
604	майор	3589	coref	2248
605	милиции	3595	coref	2248
606	Владимир	3603	coref	2248
607	Пронин	3612	coref	2248
608	.	3618	None	None
609	При	3621	None	None
610	этом	3625	None	None
611	он	3630	coref	2226
612	отметил	3633	None	None
613	,	3640	None	None
614	что	3642	None	None
615	Главное	3646	coref	2214
616	управление	3654	coref	2214
617	внутренних	3665	coref	2214
618	дел	3676	coref	2214
619	Москвы	3680	coref	2212
620	не	3687	None	None
621	располагает	3690	None	None
622	информацией	3702	None	None
623	о	3714	None	None
624	том	3716	None	None
625	,	3719	None	None
626	что	3721	None	None
627	во	3725	None	None
628	время	3728	None	None
629	празднования	3734	None	None
630	Дня	3747	None	None
631	России	3751	coref	2213
632	в	3758	None	None
633	городе	3760	coref	2212
634	могут	3767	None	None
635	быть	3773	None	None
636	спровоцированы	3778	None	None
637	массовые	3793	None	None
638	беспорядки	3802	None	None
639	.	3812	None	None
640	От	3814	None	None
641	ФСБ	3817	None	None
642	и	3821	None	None
643	прокуратуры	3823	None	None
644	такой	3835	None	None
645	информации	3841	None	None
646	также	3852	None	None
647	не	3858	None	None
648	поступало	3861	None	None
649	,	3870	None	None
650	отметил	3872	None	None
651	он	3880	coref	2226
652	.	3882	None	None
