	word	start_char	type	chain_id
0	Сигнал	0	coref	1867
1	о	7	coref	1867
2	бомбе	9	coref	1867
3	в	15	coref	1867
4	московском	17	coref	1867
5	метро	28	coref	1867
6	оказался	34	None	None
7	ложным	43	None	None
8	Сигнал	51	coref	1867
9	о	58	coref	1867
10	заложенном	60	coref	1867
11	взрывном	71	coref	1867
12	устройстве	80	coref	1867
13	на	91	coref	1867
14	станции	94	coref	1867
15	метро	102	coref	1867
16	«	108	coref	1867
17	Алексеевская	109	coref	1867
18	»	121	coref	1867
19	оказался	123	None	None
20	ложным	132	None	None
21	.	138	None	None
22	Как	140	None	None
23	сообщили	144	None	None
24	в	153	coref	1867
25	правоохранительных	155	None	None
26	органах	174	None	None
27	столицы	182	coref	1870
28	,	189	None	None
29	сигнал	191	coref	1867
30	поступил	198	None	None
31	на	207	coref	1867
32	пульт	210	None	None
33	дежурного	216	None	None
34	«	226	coref	1867
35	02	227	None	None
36	»	229	coref	1867
37	около	231	None	None
38	8	237	None	None
39	утра	239	None	None
40	.	243	None	None
41	На	246	None	None
42	станцию	249	coref	1869
43	метро	257	coref	1867
44	прибыли	263	None	None
45	все	271	None	None
46	оперативные	275	None	None
47	службы	287	None	None
48	Москвы	294	coref	1870
49	и	301	None	None
50	кинолог	303	None	None
51	.	310	None	None
52	После	312	None	None
53	обследования	318	None	None
54	станции	331	coref	1867
55	взрывного	339	coref	1868
56	устройства	349	coref	1868
57	обнаружено	360	None	None
58	не	371	None	None
59	было	374	None	None
60	.	378	None	None
61	Эвакуация	381	None	None
62	не	391	None	None
63	проводилась	394	None	None
64	.	405	None	None
65	Как	407	None	None
66	сообщает	411	None	None
67	РИА	420	None	None
68	«	424	coref	1867
69	Новости	425	None	None
70	»	432	coref	1867
71	,	433	None	None
72	станция	435	coref	1869
73	функционировала	443	None	None
74	в	459	coref	1867
75	нормальном	461	None	None
76	режиме	472	None	None
77	.	478	None	None
