	word	start_char	type	chain_id
0	Акционеры	0	coref	1758
1	Hewlett	10	coref	1758
2	-	17	coref	1758
3	Packard	18	coref	1758
4	согласились	26	None	None
5	на	38	None	None
6	слияние	41	coref	1761
7	с	49	coref	1761
8	Compaq	51	coref	1760
9	Hewlett	59	coref	1758
10	-	66	coref	1758
11	Packard	67	coref	1758
12	Co	75	coref	1759
13	.	77	coref	1759
14	официально	79	None	None
15	заявил	90	None	None
16	,	96	coref	1762
17	что	98	None	None
18	ее	102	coref	1758
19	акционеры	105	coref	1758
20	одобрили	115	None	None
21	19	124	None	None
22	марта	127	None	None
23	слияние	133	coref	1761
24	с	141	coref	1761
25	Compaq	143	coref	1760
26	Computer	150	coref	1760
27	,	158	coref	1762
28	в	160	None	None
29	результате	162	None	None
30	которого	173	coref	1761
31	образуется	182	None	None
32	компания	193	None	None
33	,	201	coref	1762
34	контролирующая	203	None	None
35	до	218	None	None
36	40	221	None	None
37	%	223	coref	1762
38	компьютерного	225	None	None
39	рынка	239	None	None
40	.	244	coref	1759
41	Исход	246	None	None
42	дела	252	None	None
43	,	256	coref	1762
44	как	258	None	None
45	сообщает	262	None	None
46	Wall	271	None	None
47	Street	276	None	None
48	Journal	283	None	None
49	,	290	coref	1762
50	решили	292	None	None
51	2	299	None	None
52	,	300	coref	1762
53	8	301	None	None
54	%	302	coref	1762
55	голосов	304	None	None
56	(	312	None	None
57	45	313	None	None
58	млн	316	None	None
59	.	319	coref	1759
60	акций	321	None	None
61	)	326	None	None
62	:	327	None	None
63	51	329	coref	1762
64	,	331	coref	1762
65	4	332	coref	1762
66	%	333	coref	1762
67	акционеров	335	coref	1762
68	проголосовали	346	None	None
69	за	360	None	None
70	слияние	363	coref	1761
71	,	370	coref	1762
72	48	372	None	None
73	,	374	coref	1762
74	6	375	None	None
75	%	376	coref	1762
76	-	378	coref	1758
77	против	380	None	None
78	.	386	coref	1759
79	Результат	389	None	None
80	этот	399	None	None
81	совпадает	404	None	None
82	с	414	coref	1761
83	заявлениями	416	None	None
84	руководства	428	None	None
85	HP	440	coref	1759
86	,	442	coref	1762
87	сделанными	444	None	None
88	сразу	455	None	None
89	после	461	None	None
90	голосования	467	None	None
91	.	478	coref	1759
92	Глава	480	None	None
93	Hewlett	486	coref	1758
94	-	493	coref	1758
95	Packard	494	coref	1758
96	Карли	502	None	None
97	Фиорина	508	None	None
98	тогда	516	None	None
99	сказала	522	None	None
100	,	529	coref	1762
101	что	531	None	None
102	у	535	None	None
103	сторонников	537	coref	1762
104	слияния	549	coref	1761
105	«	557	coref	1764
106	небольшое	558	None	None
107	,	567	coref	1762
108	но	569	None	None
109	достаточное	572	None	None
110	преимущество	584	None	None
111	»	596	coref	1764
112	.	597	coref	1759
113	Тогда	599	None	None
114	же	605	None	None
115	главный	608	coref	1763
116	противник	616	coref	1763
117	сделки	626	coref	1763
118	-	633	coref	1758
119	сын	635	coref	1763
120	основателя	639	coref	1763
121	компании	650	coref	1763
122	Уолтер	659	coref	1763
123	Хьюлетт	666	coref	1763
124	-	674	coref	1758
125	уговаривал	676	None	None
126	общественность	687	None	None
127	подождать	702	None	None
128	официальных	712	None	None
129	итогов	724	None	None
130	голосования	731	None	None
131	.	742	coref	1759
132	Сейчас	744	None	None
133	он	751	coref	1763
134	также	754	None	None
135	выступает	760	None	None
136	за	770	None	None
137	то	773	None	None
138	,	775	coref	1762
139	чтобы	777	None	None
140	пересмотреть	783	None	None
141	итоги	796	None	None
142	.	801	coref	1759
143	Очевидно	803	None	None
144	,	811	coref	1762
145	однако	813	None	None
146	,	819	coref	1762
147	что	821	None	None
148	эти	825	None	None
149	протесты	829	None	None
150	скорее	838	None	None
151	напоминают	845	None	None
152	попытку	856	None	None
153	сохранить	864	None	None
154	лицо	874	None	None
155	,	878	coref	1762
156	нежели	880	None	None
157	реально	887	None	None
158	мешают	895	None	None
159	завершению	902	None	None
160	компьютерной	913	coref	1764
161	«	926	coref	1764
162	сделки	927	coref	1763
163	века	934	coref	1764
164	»	938	coref	1764
165	,	939	coref	1762
166	которая	941	coref	1764
167	оценивается	949	None	None
168	более	961	None	None
169	чем	967	None	None
170	в	971	None	None
171	20	973	None	None
172	млрд	976	None	None
173	.	980	coref	1759
174	долларов	982	None	None
175	.	990	coref	1759
176	Пожалуй	993	None	None
177	,	1000	coref	1762
178	небольшую	1002	None	None
179	надежду	1012	None	None
180	ему	1020	coref	1763
181	дает	1024	None	None
182	лишь	1029	None	None
183	расследование	1034	None	None
184	Комиссии	1048	coref	1765
185	по	1057	coref	1765
186	ценным	1060	coref	1765
187	бумагам	1067	coref	1765
188	и	1075	coref	1765
189	биржам	1077	coref	1765
190	(	1084	None	None
191	SEC	1085	None	None
192	)	1088	None	None
193	,	1089	coref	1762
194	которая	1091	coref	1764
195	«	1099	coref	1764
196	в	1100	None	None
197	неофициальном	1102	None	None
198	порядке	1116	None	None
199	»	1123	coref	1764
200	запросила	1125	None	None
201	информацию	1135	None	None
202	об	1146	None	None
203	«	1149	coref	1764
204	отношениях	1150	None	None
205	и	1161	coref	1765
206	контактах	1163	None	None
207	»	1172	coref	1764
208	НР	1174	coref	1759
209	с	1177	coref	1761
210	Deutsche	1179	coref	1766
211	Bank	1188	coref	1766
212	,	1192	coref	1762
213	который	1194	coref	1766
214	является	1202	None	None
215	ее	1211	coref	1758
216	акционером	1214	None	None
217	.	1224	coref	1759
