	word	start_char	type	chain_id
0	В	0	None	None
1	Североморске	2	coref	1849
2	опознано	15	None	None
3	тело	24	coref	1850
4	99	29	coref	1850
5	-	31	coref	1850
6	го	32	coref	1850
7	подводника	35	coref	1850
8	«	46	coref	1850
9	Курска	47	coref	1850
10	»	53	coref	1850
11	В	56	None	None
12	Североморске	58	coref	1849
13	опознано	71	None	None
14	тело	80	coref	1850
15	капитан	85	coref	1850
16	-	92	coref	1850
17	лейтенанта	93	coref	1850
18	Михаила	104	coref	1850
19	Родионова	112	coref	1850
20	.	121	None	None
21	Об	123	None	None
22	этом	126	None	None
23	в	131	None	None
24	понедельник	133	None	None
25	сообщил	145	None	None
26	военный	153	None	None
27	прокурор	161	None	None
28	Северного	170	coref	1853
29	флота	180	coref	1853
30	генерал	186	None	None
31	-	193	coref	1850
32	майор	194	None	None
33	Владимир	200	None	None
34	Мулов	209	None	None
35	.	214	None	None
36	Он	216	coref	1851
37	работал	219	None	None
38	на	227	None	None
39	подлодке	230	coref	1852
40	командиром	239	None	None
41	вычислительной	250	None	None
42	группы	265	None	None
43	.	271	None	None
44	На	273	None	None
45	Северный	276	coref	1853
46	флот	285	coref	1853
47	был	290	None	None
48	призван	294	None	None
49	из	302	coref	1855
50	Севастополя	305	None	None
51	.	316	None	None
52	В	319	None	None
53	понедельник	321	None	None
54	также	333	None	None
55	было	339	None	None
56	опознано	344	None	None
57	тело	353	coref	1850
58	старшего	358	coref	1854
59	лейтенанта	367	coref	1850
60	Вадима	378	coref	1854
61	Бубнива	385	coref	1854
62	.	392	None	None
63	Инженер	394	coref	1854
64	электронавигационной	402	coref	1854
65	части	423	coref	1854
66	,	428	coref	1854
67	25	430	coref	1854
68	-	432	coref	1850
69	летний	433	coref	1854
70	офицер	440	coref	1854
71	был	447	None	None
72	призван	451	None	None
73	на	459	None	None
74	Северный	462	coref	1853
75	флот	471	coref	1853
76	из	476	coref	1855
77	Челябинской	479	None	None
78	области	491	None	None
79	.	498	None	None
80	Он	500	coref	1851
81	закончил	503	None	None
82	Высшее	512	None	None
83	военно	519	None	None
84	-	525	coref	1850
85	морское	526	None	None
86	училище	534	None	None
87	имени	542	None	None
88	Фрунзе	548	None	None
89	(	555	None	None
90	Санкт	556	None	None
91	-	561	coref	1850
92	Петербург	562	None	None
93	)	571	None	None
94	.	572	None	None
95	Таким	575	None	None
96	образом	581	None	None
97	,	588	coref	1854
98	в	590	None	None
99	настоящее	592	None	None
100	время	602	None	None
101	опознаны	608	None	None
102	99	617	coref	1850
103	подводников	620	coref	1855
104	атомной	632	coref	1852
105	подводной	640	coref	1852
106	лодки	650	coref	1852
107	«	656	coref	1850
108	Курск	657	coref	1852
109	»	662	coref	1850
110	из	664	coref	1855
111	118	667	coref	1855
112	,	670	coref	1854
113	которые	672	coref	1856
114	в	680	None	None
115	момент	682	None	None
116	аварии	689	None	None
117	находились	696	None	None
118	на	707	None	None
119	ее	710	coref	1852
120	борту	713	None	None
121	,	718	coref	1854
122	передает	720	None	None
123	«	729	coref	1850
124	Интерфакс	730	None	None
125	»	739	coref	1850
126	.	740	None	None
