	word	start_char	type	chain_id
0	Создан	0	None	None
1	фонд	7	coref	1996
2	помощи	12	None	None
3	семьям	19	None	None
4	членов	26	coref	1994
5	съемочной	33	coref	1994
6	группы	43	coref	1994
7	Бодрова	50	coref	1994
8	Благотворительная	59	None	None
9	программа	77	None	None
10	«	87	coref	1997
11	Помощь	88	None	None
12	семьям	95	None	None
13	и	102	coref	1996
14	родственникам	104	None	None
15	членов	118	coref	1994
16	съемочной	125	coref	1994
17	группы	135	coref	1994
18	Сергея	142	coref	1994
19	Бодрова	149	coref	1994
20	»	156	coref	1997
21	открыта	158	None	None
22	при	166	None	None
23	федеральном	170	coref	1996
24	фонде	182	coref	1996
25	социальной	188	coref	1996
26	и	199	coref	1996
27	экономической	201	coref	1996
28	поддержки	215	coref	1996
29	отечественной	225	coref	1996
30	кинематографии	239	coref	1996
31	.	253	None	None
32	Об	255	None	None
33	этом	258	None	None
34	заявил	263	None	None
35	директор	270	coref	1997
36	кинокомпании	279	coref	1997
37	«	292	coref	1997
38	СТВ	293	coref	1997
39	»	296	coref	1997
40	Сергей	298	coref	1997
41	Сельянов	305	coref	1997
42	в	314	None	None
43	среду	316	None	None
44	на	322	None	None
45	пресс	325	None	None
46	-	330	coref	1994
47	конференции	331	None	None
48	в	343	None	None
49	Москве	345	None	None
50	.	351	None	None
51	В	354	None	None
52	ближайшие	356	None	None
53	полтора	366	None	None
54	года	374	None	None
55	на	379	None	None
56	счета	382	None	None
57	фонда	388	coref	1996
58	будут	394	None	None
59	поступать	400	None	None
60	средства	410	coref	1998
61	,	418	None	None
62	которые	420	coref	1998
63	фонд	428	coref	1996
64	будет	433	None	None
65	распределять	439	None	None
66	среди	452	None	None
67	близких	458	None	None
68	пропавших	466	coref	1994
69	без	476	coref	1994
70	вести	480	coref	1994
71	по	486	None	None
72	принципу	489	None	None
73	«	498	coref	1997
74	все	499	None	None
75	равны	503	None	None
76	»	508	coref	1997
77	.	509	None	None
78	В	512	None	None
79	координационный	514	None	None
80	совет	530	None	None
81	благотворительной	536	coref	1996
82	программы	554	coref	1996
83	вошли	564	None	None
84	семь	570	None	None
85	человек	575	None	None
86	,	582	None	None
87	включая	584	None	None
88	Сергея	592	coref	1994
89	Сельянова	599	coref	1997
90	,	608	None	None
91	первого	610	None	None
92	замминистра	618	None	None
93	культуры	630	None	None
94	РФ	639	None	None
95	Александра	642	None	None
96	Голутву	653	None	None
97	,	660	None	None
98	режиссера	662	None	None
99	Андрона	672	None	None
100	Кончаловского	680	None	None
101	,	693	None	None
102	гендиректора	695	None	None
103	телеканала	708	None	None
104	ОРТ	719	None	None
105	Константина	723	None	None
106	Эрнста	735	None	None
107	,	741	None	None
108	передает	743	None	None
109	«	752	coref	1997
110	Интерфакс	753	None	None
111	»	762	coref	1997
112	.	763	None	None
113	Съемочная	766	coref	1994
114	группа	776	coref	1994
115	Сергея	783	coref	1994
116	Бодрова	790	coref	1994
117	-	797	coref	1994
118	младшего	798	coref	1994
119	,	806	None	None
120	который	808	coref	1995
121	снимал	816	None	None
122	фильм	823	None	None
123	«	829	coref	1997
124	Связной	830	None	None
125	»	837	coref	1997
126	в	839	None	None
127	горах	841	None	None
128	Северной	847	None	None
129	Осетии	856	None	None
130	,	862	None	None
131	пропала	864	None	None
132	без	872	coref	1994
133	вести	876	coref	1994
134	во	882	None	None
135	время	885	None	None
136	схода	891	None	None
137	ледника	897	None	None
138	в	905	None	None
139	Кармадонском	907	None	None
140	ущелье	920	None	None
141	20	927	None	None
142	сентября	930	None	None
143	.	938	None	None
144	В	940	None	None
145	основную	942	coref	1999
146	съемочную	951	coref	1999
147	группу	961	coref	1999
148	входило	968	None	None
149	22	976	None	None
150	человека	979	None	None
151	,	987	None	None
152	также	989	None	None
153	в	995	None	None
154	группе	997	coref	1994
155	находились	1004	None	None
156	20	1015	None	None
157	временных	1018	None	None
158	сотрудников	1028	None	None
159	.	1039	None	None
