	word	start_char	type	chain_id
0	Al	0	coref	2911
1	-	2	coref	2911
2	Jazeera	3	coref	2911
3	запретили	11	None	None
4	вещать	21	None	None
5	в	28	None	None
6	Бахрейне	30	coref	2912
7	за	39	None	None
8	произраильскую	42	None	None
9	политику	57	None	None
10	Бахрейн	67	coref	2912
11	запретил	75	None	None
12	катарскому	84	coref	2911
13	спутниковому	95	coref	2911
14	телеканалу	108	coref	2911
15	Al	119	coref	2911
16	-	121	coref	2911
17	Jazeera	122	coref	2911
18	записывать	130	None	None
19	и	141	None	None
20	вести	143	None	None
21	репортажи	149	None	None
22	с	159	None	None
23	территории	161	None	None
24	королевства	172	coref	2912
25	,	183	None	None
26	сообщает	185	None	None
27	агентство	194	None	None
28	IRNA	204	None	None
29	.	208	None	None
30	В	210	None	None
31	качестве	212	None	None
32	основной	221	None	None
33	причины	230	None	None
34	называется	238	None	None
35	тот	249	None	None
36	факт	253	None	None
37	,	257	None	None
38	что	259	None	None
39	Al	263	coref	2911
40	Jazeera	266	coref	2911
41	пытается	274	None	None
42	«	283	None	None
43	нанести	284	None	None
44	вред	292	None	None
45	имиджу	297	None	None
46	Бахрейна	304	coref	2912
47	»	312	None	None
48	и	314	None	None
49	сотрудничает	316	None	None
50	с	329	None	None
51	Израилем	331	coref	2913
52	.	339	None	None
53	Заявление	342	None	None
54	об	352	None	None
55	этом	355	None	None
56	сделал	360	None	None
57	министр	367	coref	2914
58	информации	375	coref	2914
59	Бахрейна	386	coref	2912
60	Набиль	395	coref	2914
61	аль	402	coref	2914
62	-	405	coref	2911
63	Хамер	406	coref	2914
64	,	411	None	None
65	добавив	413	None	None
66	,	420	None	None
67	что	422	None	None
68	руководство	426	coref	2912
69	королевства	438	coref	2912
70	отказало	450	None	None
71	каналу	459	coref	2911
72	Al	466	coref	2911
73	-	468	coref	2911
74	Jazeera	469	coref	2911
75	,	476	None	None
76	попросившему	478	None	None
77	разрешение	491	None	None
78	направить	502	None	None
79	в	512	None	None
80	страну	514	coref	2912
81	съемочную	521	None	None
82	группу	531	None	None
83	и	538	None	None
84	команду	540	None	None
85	репортеров	548	coref	2915
86	для	559	None	None
87	освещения	563	None	None
88	хода	573	None	None
89	выборов	578	None	None
90	в	586	None	None
91	муниципальные	588	None	None
92	органы	602	None	None
93	.	608	None	None
94	«	611	None	None
95	У	612	None	None
96	нас	614	coref	2912
97	есть	618	None	None
98	веские	623	None	None
99	основания	630	None	None
100	полагать	640	None	None
101	,	648	None	None
102	что	650	None	None
103	Al	654	coref	2911
104	Jazeera	657	coref	2911
105	представляет	665	None	None
106	интересы	678	None	None
107	Израиля	687	coref	2913
108	в	695	None	None
109	регионе	697	None	None
110	.	704	None	None
111	Мы	706	coref	2912
112	не	709	None	None
113	желаем	712	None	None
114	видеть	719	None	None
115	в	726	None	None
116	королевстве	728	coref	2912
117	репортеров	740	coref	2915
118	и	751	None	None
119	сотрудников	753	coref	2916
120	Al	765	coref	2911
121	-	767	coref	2911
122	Jazeera	768	coref	2911
123	,	775	None	None
124	поскольку	777	None	None
125	категорически	787	None	None
126	не	801	None	None
127	согласны	804	None	None
128	с	813	None	None
129	тем	815	None	None
130	,	818	None	None
131	как	820	None	None
132	они	824	coref	2911
133	освещают	828	None	None
134	события	837	None	None
135	в	845	None	None
136	зоне	847	None	None
137	палестино	852	None	None
138	-	861	coref	2911
139	израильского	862	None	None
140	конфликта	875	None	None
141	`	-1	None	None
142	`	-1	None	None
143	,	183	None	None
144	-	405	coref	2911
145	подчеркнул	890	None	None
146	аль	901	coref	2914
147	-	904	coref	2911
148	Хамер	905	coref	2914
149	.	910	None	None
