	word	start_char	type	chain_id
0	Иран	0	coref	1796
1	намерен	5	None	None
2	выдвинуть	13	None	None
3	собственную	23	coref	1796
4	кандидатуру	35	None	None
5	на	47	None	None
6	пост	50	None	None
7	генсека	55	None	None
8	ОПЕК	63	coref	1797
9	Иран	69	coref	1796
10	намерен	74	None	None
11	выдвинуть	82	None	None
12	своего	92	coref	1796
13	кандидата	99	None	None
14	на	109	None	None
15	пост	112	None	None
16	генерального	117	None	None
17	секретаря	130	None	None
18	Организации	140	coref	1797
19	стран	152	coref	1797
20	-	158	coref	1797
21	экспортеров	160	coref	1797
22	нефти	172	coref	1797
23	(	178	None	None
24	ОПЕК	179	coref	1797
25	)	183	None	None
26	.	184	None	None
27	Об	186	None	None
28	этом	189	None	None
29	сообщили	194	None	None
30	РИА	203	None	None
31	«	207	None	None
32	Новости	208	None	None
33	»	215	None	None
34	в	217	coref	1799
35	делегации	219	None	None
36	Ирана	229	coref	1796
37	при	235	None	None
38	ОПЕК	239	coref	1797
39	в	244	coref	1799
40	Вене	246	coref	1798
41	.	250	None	None
42	Пост	253	None	None
43	руководителя	258	None	None
44	ОПЕК	271	coref	1797
45	стал	276	None	None
46	вакантным	281	None	None
47	после	291	None	None
48	назначения	297	None	None
49	нынешнего	308	None	None
50	генерального	318	None	None
51	секретаря	331	None	None
52	ОПЕК	341	coref	1797
53	Али	346	None	None
54	Родригеса	350	None	None
55	-	359	coref	1797
56	Араке	360	None	None
57	президентом	366	None	None
58	крупнейшей	378	None	None
59	в	389	coref	1799
60	Латинской	391	None	None
61	Америке	401	None	None
62	нефтегазовой	409	None	None
63	монополии	422	None	None
64	«	432	None	None
65	Петролеос	433	None	None
66	де	443	None	None
67	Венесуэла	446	None	None
68	»	455	None	None
69	.	456	None	None
70	Избрание	458	None	None
71	нового	467	None	None
72	шефа	474	None	None
73	мирового	479	coref	1797
74	нефтяного	488	coref	1797
75	картеля	498	coref	1797
76	состоится	506	None	None
77	на	516	None	None
78	внеочередной	519	None	None
79	120	532	None	None
80	-	535	coref	1797
81	й	536	None	None
82	конференции	538	None	None
83	министров	550	None	None
84	ОПЕК	560	coref	1797
85	,	564	None	None
86	намеченной	566	None	None
87	на	577	None	None
88	26	580	None	None
89	июня	583	None	None
90	в	588	coref	1799
91	Вене	590	coref	1798
92	.	594	None	None
93	В	597	None	None
94	Тегеране	599	coref	1796
95	рассматривают	608	None	None
96	три	622	None	None
97	кандидатуры	626	None	None
98	для	638	None	None
99	выдвижения	642	None	None
100	на	653	None	None
101	эту	656	None	None
102	должность	660	None	None
103	:	669	None	None
104	две	671	None	None
105	из	675	None	None
106	нефтегазовой	678	None	None
107	промышленности	691	None	None
108	Ирана	706	coref	1796
109	,	711	None	None
110	третья	713	None	None
111	нынешний	720	coref	1799
112	представитель	729	coref	1799
113	Тегерана	743	coref	1796
114	в	752	coref	1799
115	ОПЕК	754	coref	1797
116	Хоссеин	759	coref	1799
117	Каземпур	767	coref	1799
118	Ардебили	776	coref	1799
119	,	784	None	None
120	который	786	coref	1799
121	,	793	None	None
122	скорее	795	None	None
123	всего	802	None	None
124	,	807	None	None
125	и	809	None	None
126	будет	811	None	None
127	предложен	817	None	None
128	на	827	None	None
129	рассмотрение	830	None	None
130	венской	843	None	None
131	конференции	851	None	None
132	ОПЕК	863	coref	1797
133	.	867	None	None
