	word	start_char	type	chain_id
0	Умер	0	None	None
1	отец	5	coref	1645
2	Гвинет	10	coref	1645
3	Пэлтроу	17	coref	1645
4	Кинозвезда	26	coref	1646
5	Гвинет	37	coref	1645
6	Пэлтроу	44	coref	1645
7	была	52	None	None
8	крайне	57	None	None
9	потрясена	64	None	None
10	вчера	74	None	None
11	вечером	80	None	None
12	сообщением	88	None	None
13	о	99	coref	1655
14	смерти	101	None	None
15	отца	108	coref	1645
16	,	112	coref	1647
17	сообщает	114	None	None
18	Mirror	123	None	None
19	.	129	None	None
20	TV	131	coref	1645
21	продюсер	134	coref	1645
22	Брюс	143	coref	1645
23	Пэлтроу	148	coref	1645
24	,	155	coref	1647
25	по	157	None	None
26	предварительным	160	None	None
27	данным	176	None	None
28	,	182	coref	1647
29	скончался	184	None	None
30	от	194	None	None
31	сердечного	197	None	None
32	приступа	208	None	None
33	,	216	coref	1647
34	в	218	coref	1654
35	то	220	None	None
36	время	223	None	None
37	как	229	None	None
38	он	233	coref	1645
39	проводил	236	None	None
40	отпуск	245	None	None
41	с	252	None	None
42	дочерью	254	coref	1646
43	,	261	coref	1647
44	женой	263	coref	1647
45	и	269	None	None
46	сыном	271	coref	1648
47	в	277	coref	1654
48	Италии	279	coref	1649
49	.	285	None	None
50	Ему	288	coref	1645
51	было	292	None	None
52	58	297	None	None
53	лет	300	None	None
54	,	303	coref	1647
55	два	305	None	None
56	года	309	None	None
57	назад	314	None	None
58	он	320	coref	1645
59	победил	323	None	None
60	рак	331	None	None
61	горла	335	None	None
62	.	340	None	None
63	По	342	None	None
64	сведениям	345	None	None
65	хорошо	355	None	None
66	информированного	362	None	None
67	о	379	coref	1655
68	жизни	381	coref	1655
69	и	387	None	None
70	взаимоотношениях	389	None	None
71	отца	406	coref	1645
72	и	411	None	None
73	дочери	413	coref	1646
74	источника	420	None	None
75	,	429	coref	1647
76	Гвинет	431	coref	1645
77	всегда	438	None	None
78	видела	445	None	None
79	опору	452	None	None
80	и	458	None	None
81	защитника	460	None	None
82	в	470	coref	1654
83	отце	472	coref	1645
84	.	476	None	None
85	Она	478	coref	1646
86	была	482	None	None
87	настоящей	487	None	None
88	дочерью	497	coref	1646
89	своего	505	coref	1645
90	отца	512	coref	1645
91	и	517	None	None
92	очень	519	None	None
93	его	525	coref	1645
94	любила	529	None	None
95	.	535	None	None
96	Она	537	coref	1646
97	очень	541	None	None
98	страдает	547	None	None
99	,	555	coref	1647
100	гармоничный	557	None	None
101	мир	569	None	None
102	ее	573	coref	1646
103	жизни	576	coref	1655
104	потерпел	582	None	None
105	сокрушительный	591	None	None
106	крах	606	None	None
107	.	610	None	None
108	Гвинет	613	coref	1645
109	и	620	None	None
110	ее	622	coref	1646
111	семья	625	coref	1650
112	проводили	631	None	None
113	отпуск	641	None	None
114	в	648	coref	1654
115	Италии	650	coref	1649
116	.	656	None	None
117	В	658	None	None
118	прошлую	660	None	None
119	пятницу	668	None	None
120	они	676	coref	1651
121	отметили	680	None	None
122	30	689	None	None
123	-	691	coref	1654
124	й	692	None	None
125	день	694	None	None
126	рождения	699	None	None
127	актрисы	708	coref	1646
128	.	715	None	None
129	Они	717	coref	1651
130	посетили	721	None	None
131	Рим	730	coref	1652
132	и	734	None	None
133	отдохнули	736	None	None
134	в	746	coref	1654
135	Сиене	748	coref	1653
136	,	753	coref	1647
137	где	755	coref	1653
138	Гвинет	759	coref	1645
139	однажды	766	None	None
140	снималась	774	None	None
141	.	783	None	None
142	Ее	785	coref	1646
143	мать	788	coref	1647
144	,	792	coref	1647
145	актриса	794	coref	1647
146	Блит	802	coref	1647
147	Дэннер	807	coref	1647
148	и	814	None	None
149	брат	816	coref	1648
150	Джейк	821	coref	1648
151	были	827	None	None
152	с	832	None	None
153	Гвинет	834	coref	1645
154	и	841	None	None
155	Брюсом	843	coref	1645
156	.	849	None	None
157	Отец	852	coref	1645
158	Гвинет	857	coref	1645
159	заболел	864	None	None
160	в	872	coref	1654
161	среду	874	None	None
162	,	879	coref	1647
163	его	881	coref	1645
164	поместили	885	None	None
165	в	895	coref	1654
166	частную	897	coref	1654
167	клинику	905	coref	1654
168	в	913	coref	1654
169	Риме	915	coref	1652
170	.	919	None	None
171	До	921	None	None
172	четверга	924	None	None
173	он	933	coref	1645
174	находился	936	None	None
175	в	946	coref	1654
176	госпитале	948	coref	1654
177	San	958	coref	1654
178	Camillo	962	coref	1654
179	-	969	coref	1654
180	Forlanini	970	coref	1654
181	hospital	980	coref	1654
182	,	988	coref	1647
183	где	990	coref	1653
184	и	994	None	None
185	умер	996	None	None
186	от	1001	None	None
187	сердечного	1004	None	None
188	приступ	1015	None	None
189	.	1022	None	None
190	Гвинет	1024	coref	1645
191	все	1031	None	None
192	время	1035	None	None
193	болезни	1041	None	None
194	не	1049	None	None
195	оставляла	1052	None	None
196	отца	1062	coref	1645
197	,	1066	coref	1647
198	только	1068	None	None
199	вчера	1075	None	None
200	утром	1081	None	None
201	она	1087	coref	1646
202	покинула	1091	None	None
203	больницу	1100	coref	1654
204	.	1108	None	None
205	Она	1110	coref	1646
206	была	1114	None	None
207	бледна	1119	None	None
208	и	1126	None	None
209	выглядела	1128	None	None
210	очень	1138	None	None
211	плохо	1144	None	None
212	.	1149	None	None
213	Жены	1151	coref	1647
214	Брюса	1156	coref	1645
215	Блит	1162	coref	1647
216	Дэннер	1167	coref	1647
217	,	1173	coref	1647
218	с	1175	None	None
219	которой	1177	coref	1647
220	он	1185	coref	1645
221	прожил	1188	None	None
222	в	1195	coref	1654
223	течение	1197	None	None
224	32	1205	None	None
225	лет	1208	None	None
226	,	1211	coref	1647
227	в	1213	coref	1654
228	момент	1215	None	None
229	его	1222	coref	1645
230	кончины	1226	None	None
231	не	1234	None	None
232	было	1237	None	None
233	в	1242	coref	1654
234	Риме	1244	coref	1652
235	.	1248	None	None
236	В	1250	None	None
237	это	1252	None	None
238	время	1256	None	None
239	она	1262	coref	1646
240	снималась	1266	None	None
241	в	1276	coref	1654
242	Лос	1278	None	None
243	-	1281	coref	1654
244	Анджелесе	1282	None	None
245	.	1291	None	None
246	Карьера	1294	None	None
247	Брюса	1302	coref	1645
248	Пэлтроу	1308	coref	1645
249	началась	1316	None	None
250	в	1325	coref	1654
251	1960	1327	None	None
252	-	1331	coref	1654
253	х	1332	coref	1655
254	годах	1334	None	None
255	с	1340	None	None
256	театральных	1342	None	None
257	постановок	1354	None	None
258	.	1364	None	None
259	Однако	1366	None	None
260	,	1372	coref	1647
261	позже	1374	None	None
262	он	1380	coref	1645
263	оставил	1383	None	None
264	театр	1391	None	None
265	и	1397	None	None
266	занялся	1399	None	None
267	телевидением	1407	None	None
268	.	1419	None	None
269	Брюс	1421	coref	1645
270	получил	1426	None	None
271	известность	1434	None	None
272	в	1446	coref	1654
273	США	1448	None	None
274	за	1452	None	None
275	ряд	1455	None	None
276	телесериалов	1459	None	None
277	,	1471	coref	1647
278	особенной	1473	None	None
279	популярностью	1483	None	None
280	пользовался	1497	None	None
281	сериал	1509	coref	1655
282	80	1516	coref	1655
283	-	1518	coref	1654
284	х	1519	coref	1655
285	о	1521	coref	1655
286	жизни	1523	coref	1655
287	больницы	1529	coref	1655
288	St	1538	coref	1655
289	Elsewhere	1541	coref	1655
290	.	1550	None	None
291	Этот	1552	coref	1655
292	сериал	1557	coref	1655
293	был	1564	None	None
294	восторженно	1568	None	None
295	принят	1580	None	None
296	зрителями	1587	None	None
297	,	1596	coref	1647
298	но	1598	None	None
299	получил	1601	None	None
300	низкие	1609	None	None
301	оценки	1616	None	None
302	придирчивой	1623	None	None
303	критики	1635	None	None
304	.	1642	None	None
305	Гвинет	1645	coref	1645
306	Пэлтроу	1652	coref	1645
307	сказала	1660	None	None
308	,	1667	coref	1647
309	что	1669	None	None
310	она	1673	coref	1646
311	любила	1677	None	None
312	быть	1684	None	None
313	рядом	1689	None	None
314	и	1695	None	None
315	работать	1697	None	None
316	с	1706	None	None
317	отцом	1708	coref	1645
318	.	1713	None	None
319	«	1715	None	None
320	Я	1716	coref	1646
321	думаю	1718	None	None
322	,	1723	coref	1647
323	что	1725	None	None
324	он	1729	coref	1645
325	-	1732	coref	1654
326	самый	1734	coref	1656
327	сильный	1740	coref	1656
328	человек	1748	coref	1656
329	,	1755	coref	1647
330	которого	1757	coref	1656
331	я	1766	coref	1646
332	когда	1768	None	None
333	-	1773	coref	1654
334	либо	1774	None	None
335	знала	1779	None	None
336	в	1785	coref	1654
337	жизни	1787	coref	1655
338	»	1792	None	None
339	,	1793	coref	1647
340	-	1795	coref	1654
341	сказала	1797	None	None
342	она	1805	coref	1646
343	в	1809	coref	1654
344	1999	1811	None	None
345	году	1816	None	None
346	на	1821	None	None
347	церемонии	1824	None	None
348	вручения	1834	None	None
349	Оскара	1843	None	None
350	за	1850	None	None
351	«	1853	None	None
352	Влюбленного	1854	None	None
353	Шекспира	1866	None	None
354	»	1874	None	None
355	.	1875	None	None
