	word	start_char	type	chain_id
0	McDonald	0	coref	1773
1	`	8	coref	1773
2	s	9	coref	1773
3	закрывает	11	None	None
4	175	21	None	None
5	ресторанов	25	coref	1773
6	в	36	None	None
7	трех	38	coref	1774
8	странах	43	coref	1774
9	Ближнего	51	coref	1774
10	Востока	60	coref	1774
11	и	68	coref	1774
12	Латинской	70	coref	1774
13	Америки	80	coref	1774
14	Гигант	89	coref	1773
15	индустрии	96	coref	1773
16	быстрого	106	coref	1773
17	питания	115	coref	1773
18	McDonald	123	coref	1773
19	`	131	coref	1773
20	s	132	coref	1773
21	объявил	134	None	None
22	,	141	None	None
23	что	143	None	None
24	в	147	None	None
25	ближайшее	149	None	None
26	время	159	None	None
27	будет	165	None	None
28	закрыто	171	None	None
29	около	179	None	None
30	175	185	None	None
31	ресторанов	189	coref	1773
32	и	200	coref	1774
33	сокращено	202	None	None
34	около	212	None	None
35	600	218	None	None
36	рабочих	222	None	None
37	мест	230	None	None
38	.	234	None	None
39	В	236	None	None
40	трех	238	coref	1774
41	странах	243	coref	1774
42	Ближнего	251	coref	1774
43	Востока	260	coref	1774
44	и	268	coref	1774
45	Латинской	270	coref	1774
46	Америки	280	coref	1774
47	предприятия	288	None	None
48	сети	300	coref	1773
49	ресторанов	305	coref	1773
50	будут	316	None	None
51	закрыты	322	None	None
52	.	329	None	None
53	Еще	331	None	None
54	в	335	None	None
55	четырех	337	None	None
56	странах	345	coref	1774
57	McDonald	353	coref	1773
58	`	361	coref	1773
59	s	362	coref	1773
60	попытается	364	None	None
61	избавиться	375	None	None
62	от	386	None	None
63	принадлежавшей	389	None	None
64	ему	404	coref	1773
65	недвижимости	408	None	None
66	.	420	None	None
67	Неприятные	423	None	None
68	перемены	434	None	None
69	связаны	443	None	None
70	с	451	None	None
71	убытками	453	coref	1775
72	,	461	None	None
73	которые	463	coref	1775
74	терпит	471	None	None
75	американская	478	coref	1773
76	сеть	491	coref	1773
77	быстрого	496	coref	1773
78	питания	505	coref	1773
79	в	513	None	None
80	последние	515	None	None
81	4	525	None	None
82	года	527	None	None
83	.	531	None	None
84	Как	533	None	None
85	заявил	537	None	None
86	Джек	544	None	None
87	Гринберг	549	None	None
88	,	557	None	None
89	руководивший	559	None	None
90	компанией	572	coref	1773
91	на	582	None	None
92	протяжении	585	None	None
93	последних	596	None	None
94	4	606	None	None
95	лет	608	None	None
96	,	611	None	None
97	McDonald	613	coref	1773
98	`	621	coref	1773
99	s	622	coref	1773
100	стойко	624	None	None
101	пытался	631	None	None
102	противостоять	639	None	None
103	неблагоприятным	653	None	None
104	обстоятельствам	669	None	None
105	:	684	None	None
106	экономическому	686	coref	1776
107	кризису	701	coref	1776
108	,	708	None	None
109	который	710	coref	1776
110	поразил	718	None	None
111	США	726	None	None
112	,	729	None	None
113	коровьему	731	None	None
114	бешенству	741	None	None
115	в	751	None	None
116	Европе	753	None	None
117	и	760	coref	1774
118	Японии	762	None	None
119	,	768	None	None
120	и	770	coref	1774
121	всплеску	772	None	None
122	антиамериканских	781	None	None
123	настроений	798	None	None
124	на	809	None	None
125	Востоке	812	None	None
126	.	819	None	None
127	Но	822	None	None
128	низкие	825	None	None
129	показатели	832	None	None
130	прибыльности	843	None	None
131	последних	856	None	None
132	месяцев	866	None	None
133	и	874	coref	1774
134	резкое	876	None	None
135	падение	883	None	None
136	в	891	None	None
137	цене	893	None	None
138	акций	898	None	None
139	компании	904	coref	1773
140	,	912	None	None
141	заставили	914	None	None
142	руководство	924	None	None
143	McDonald	936	coref	1773
144	`	944	coref	1773
145	s	945	coref	1773
146	прибегнуть	947	None	None
147	к	958	None	None
148	жестким	960	None	None
149	мерам	968	None	None
150	.	973	None	None
