	word	start_char	type	chain_id
0	Гамбиец	0	coref	2692
1	,	7	None	None
2	обнаружив	9	None	None
3	с	19	None	None
4	утра	21	None	None
5	свою	26	coref	2692
6	машину	31	coref	2693
7	в	38	None	None
8	снегу	40	None	None
9	,	45	None	None
10	решил	47	None	None
11	,	52	None	None
12	что	54	None	None
13	ее	58	coref	2693
14	разукрасили	61	None	None
15	хулиганы	73	None	None
16	Приехавший	83	None	None
17	в	94	None	None
18	Германию	96	None	None
19	житель	105	coref	2692
20	Гамбии	112	coref	2692
21	,	118	None	None
22	не	120	None	None
23	успевший	123	None	None
24	привыкнуть	132	None	None
25	к	143	None	None
26	местной	145	None	None
27	снежной	153	None	None
28	погоде	161	None	None
29	,	167	None	None
30	проснулся	169	None	None
31	утром	179	None	None
32	и	185	None	None
33	обнаружил	187	None	None
34	,	196	None	None
35	что	198	None	None
36	за	202	None	None
37	ночь	205	None	None
38	его	210	coref	2692
39	машина	214	coref	2693
40	стала	221	None	None
41	абсолютно	227	None	None
42	белой	237	None	None
43	,	242	None	None
44	сообщает	244	None	None
45	Reuters	253	None	None
46	.	260	None	None
47	В	263	None	None
48	связи	265	None	None
49	с	271	None	None
50	этим	273	None	None
51	обстоятельством	278	None	None
52	он	294	coref	2692
53	вызвал	297	None	None
54	местную	304	coref	2694
55	полицию	312	coref	2694
56	,	319	None	None
57	которой	321	coref	2694
58	пожаловался	329	None	None
59	на	341	None	None
60	хулиганов	344	None	None
61	,	353	None	None
62	выкрасивших	355	None	None
63	его	367	coref	2692
64	машину	371	coref	2693
65	в	378	None	None
66	белый	380	None	None
67	цвет	386	None	None
68	.	390	None	None
69	Полиция	393	coref	2694
70	немецкого	401	coref	2694
71	города	411	coref	2694
72	Хильдешейма	418	coref	2694
73	,	429	None	None
74	начав	431	None	None
75	расследование	437	None	None
76	жалобы	451	None	None
77	африканца	458	coref	2692
78	,	467	None	None
79	выяснила	469	None	None
80	,	477	None	None
81	что	479	None	None
82	мужчина	483	coref	2692
83	,	490	None	None
84	осматривая	492	None	None
85	свой	503	coref	2692
86	автомобиль	508	coref	2693
87	из	519	None	None
88	окна	522	None	None
89	квартиры	527	None	None
90	,	535	None	None
91	принял	537	None	None
92	снег	544	None	None
93	за	549	None	None
94	белую	552	None	None
95	краску	558	None	None
96	.	564	None	None
97	'	566	None	None
98	Когда	567	None	None
99	он	573	coref	2692
100	выглянул	576	None	None
101	из	585	None	None
102	окна	588	None	None
103	пятого	593	None	None
104	этажа	600	None	None
105	,	605	None	None
106	он	607	coref	2692
107	решил	610	None	None
108	,	615	None	None
109	что	617	None	None
110	его	621	coref	2692
111	автомобиль	625	coref	2693
112	покрыт	636	None	None
113	белой	643	None	None
114	краской	649	None	None
115	.	656	None	None
116	Он	658	coref	2692
117	был	661	None	None
118	по	665	None	None
119	настоящему	668	None	None
120	взволнован	679	None	None
121	и	690	None	None
122	отнюдь	692	None	None
123	не	699	None	None
124	разыгрывал	702	None	None
125	нас	713	coref	2694
126	,	716	None	None
127	иначе	718	None	None
128	бы	724	None	None
129	он	727	coref	2692
130	был	730	None	None
131	оштрафован	734	None	None
132	за	745	None	None
133	ложный	748	None	None
134	вызов	755	None	None
135	'	760	None	None
136	,	761	None	None
137	-	763	None	None
138	рассказал	765	None	None
139	местным	775	None	None
140	СМИ	783	None	None
141	представитель	787	None	None
142	полиции	801	coref	2694
143	Вальтер	809	None	None
144	Валлот	817	None	None
145	.	823	None	None
