	word	start_char	type	chain_id
0	Гражданка	0	coref	1974
1	Австрии	10	coref	1974
2	,	17	None	None
3	побывавшая	19	None	None
4	в	30	coref	1976
5	заложниках	32	None	None
6	,	42	None	None
7	скончалась	44	None	None
8	от	55	None	None
9	воспаления	58	None	None
10	легких	69	None	None
11	Гражданка	77	coref	1974
12	Австрии	87	coref	1974
13	Эмилия	95	coref	1974
14	Предова	102	coref	1974
15	-	109	coref	1974
16	Узунова	110	coref	1974
17	,	117	None	None
18	находившаяся	119	None	None
19	в	132	coref	1976
20	числе	134	None	None
21	заложников	140	None	None
22	в	151	coref	1976
23	Москве	153	None	None
24	,	159	None	None
25	скончалась	161	None	None
26	в	172	coref	1976
27	воскресенье	174	None	None
28	.	185	None	None
29	Об	187	None	None
30	этом	190	None	None
31	сообщили	195	None	None
32	в	204	coref	1976
33	Министерстве	206	None	None
34	иностранных	219	None	None
35	дел	231	None	None
36	Австрии	235	coref	1974
37	со	243	None	None
38	ссылкой	246	None	None
39	на	254	None	None
40	информацию	257	None	None
41	,	267	None	None
42	полученную	269	None	None
43	от	280	None	None
44	посла	283	coref	1976
45	Австрии	289	coref	1974
46	в	297	coref	1976
47	России	299	coref	1976
48	Франца	306	coref	1976
49	Цеде	313	coref	1976
50	.	317	None	None
51	По	320	None	None
52	данным	323	None	None
53	посла	330	coref	1976
54	,	335	None	None
55	гражданка	337	coref	1974
56	Австрии	347	coref	1974
57	не	355	None	None
58	выдержала	358	None	None
59	трехдневного	368	None	None
60	заточения	381	None	None
61	в	391	coref	1976
62	качестве	393	None	None
63	заложницы	402	None	None
64	и	412	None	None
65	умерла	414	None	None
66	от	421	None	None
67	воспаления	424	None	None
68	легких	435	None	None
69	,	441	None	None
70	полученном	443	None	None
71	в	454	coref	1976
72	результате	456	None	None
73	нехватки	467	None	None
74	медицинской	476	None	None
75	помощи	488	None	None
76	в	495	coref	1976
77	ДК	497	None	None
78	на	500	None	None
79	Дубровке	503	None	None
80	,	511	None	None
81	сообщает	513	None	None
82	РИА	522	None	None
83	«	526	None	None
84	Новости	527	None	None
85	»	534	None	None
86	.	535	None	None
