	word	start_char	type	chain_id
0	Демократы	0	coref	2952
1	обвинили	10	None	None
2	Буша	19	coref	2953
3	в	24	coref	2960
4	том	26	None	None
5	,	29	None	None
6	что	31	None	None
7	он	35	coref	2953
8	использует	38	None	None
9	теракты	49	None	None
10	11	57	None	None
11	сентября	60	None	None
12	в	69	coref	2960
13	своих	71	coref	2953
14	политических	77	None	None
15	целях	90	None	None
16	Один	97	coref	2954
17	из	102	coref	2954
18	лидеров	105	coref	2954
19	демократической	113	coref	2954
20	партии	129	coref	2954
21	США	136	coref	2954
22	обвинил	140	None	None
23	президента	148	coref	2953
24	Буша	159	coref	2953
25	в	164	coref	2960
26	том	166	None	None
27	,	169	None	None
28	что	171	None	None
29	он	175	coref	2953
30	использует	178	None	None
31	теракты	189	None	None
32	11	197	None	None
33	сентября	200	None	None
34	в	209	coref	2960
35	своих	211	coref	2953
36	политических	217	None	None
37	целях	230	None	None
38	.	235	None	None
39	Как	237	None	None
40	отмечает	241	None	None
41	The	250	coref	2958
42	Times	254	coref	2958
43	,	259	None	None
44	еще	261	None	None
45	месяц	265	None	None
46	назад	271	None	None
47	подобное	277	None	None
48	обвинение	286	None	None
49	казалось	296	None	None
50	бы	305	None	None
51	немыслимым	308	None	None
52	.	318	None	None
53	Председатель	321	coref	2954
54	национального	334	coref	2954
55	комитета	348	coref	2954
56	демократической	357	coref	2954
57	партии	373	coref	2954
58	Терри	380	coref	2954
59	Маколиф	386	coref	2954
60	заявил	394	None	None
61	,	400	None	None
62	что	402	None	None
63	президент	406	coref	2953
64	«	416	None	None
65	цинично	417	None	None
66	сделал	425	None	None
67	события	432	None	None
68	11	440	None	None
69	сентября	443	None	None
70	краеугольным	452	None	None
71	камнем	465	None	None
72	предвыборной	472	None	None
73	стратегии	485	None	None
74	республиканцев	495	None	None
75	»	509	None	None
76	,	510	None	None
77	пишет	512	None	None
78	газета	518	coref	2958
79	в	525	coref	2960
80	материале	527	coref	2959
81	,	536	None	None
82	перевод	538	None	None
83	которого	546	coref	2959
84	публикует	555	None	None
85	Inopressa	565	None	None
86	.	574	None	None
87	Ru	575	None	None
88	.	577	None	None
89	По	580	None	None
90	его	583	coref	2954
91	словам	587	None	None
92	,	593	None	None
93	президент	595	coref	2953
94	«	605	None	None
95	воспользовался	606	None	None
96	трагедией	621	None	None
97	,	630	None	None
98	чтобы	632	None	None
99	оправдать	638	None	None
100	»	647	None	None
101	растущий	649	None	None
102	дефицит	658	None	None
103	федерального	666	None	None
104	бюджета	679	None	None
105	и	687	None	None
106	другие	689	None	None
107	экономические	696	None	None
108	проблемы	710	None	None
109	Америки	719	coref	2957
110	.	726	None	None
111	Нападки	729	None	None
112	Маколифа	737	coref	2954
113	на	746	None	None
114	Буша	749	coref	2953
115	стали	754	None	None
116	самими	760	None	None
117	агрессивными	767	None	None
118	со	780	None	None
119	стороны	783	None	None
120	демократов	791	coref	2952
121	со	802	None	None
122	времени	805	None	None
123	терактов	813	None	None
124	11	822	None	None
125	сентября	825	None	None
126	.	833	None	None
127	Выступая	836	None	None
128	на	845	None	None
129	закрытом	848	None	None
130	собрании	857	None	None
131	демократов	866	coref	2952
132	в	877	coref	2960
133	Лас	879	None	None
134	-	882	None	None
135	Вегасе	883	None	None
136	,	889	None	None
137	Маколиф	891	coref	2954
138	дал	899	None	None
139	ясно	903	None	None
140	понять	908	None	None
141	,	914	None	None
142	что	916	None	None
143	его	920	coref	2954
144	комментарии	924	None	None
145	были	936	None	None
146	предварительно	941	None	None
147	согласованы	956	None	None
148	с	968	None	None
149	лидером	970	coref	2960
150	большинства	978	coref	2960
151	в	990	coref	2960
152	сенате	992	coref	2960
153	Томом	999	coref	2960
154	Дэшлом	1005	coref	2960
155	и	1012	None	None
156	лидером	1014	coref	2960
157	меньшинства	1022	coref	2961
158	в	1034	coref	2960
159	палате	1036	coref	2961
160	представителей	1043	coref	2961
161	Ричардом	1058	coref	2961
162	Гефардтом	1067	coref	2961
163	-	1077	None	None
164	оба	1079	coref	2962
165	они	1083	coref	2962
166	являются	1087	None	None
167	потенциальными	1096	None	None
168	кандидатами	1111	None	None
169	от	1123	None	None
170	демократов	1126	coref	2952
171	на	1137	None	None
172	предстоящих	1140	None	None
173	в	1152	coref	2960
174	2004	1154	None	None
175	году	1159	None	None
176	президентских	1164	None	None
177	выборах	1178	None	None
178	.	1185	None	None
179	Маколиф	1188	coref	2954
180	также	1196	None	None
181	обвинил	1202	None	None
182	Буша	1210	coref	2953
183	в	1215	coref	2960
184	неправильном	1217	None	None
185	управлении	1230	None	None
186	экономикой	1241	None	None
187	и	1252	None	None
188	извращении	1254	None	None
189	политики	1265	None	None
190	Белого	1274	None	None
191	дома	1281	None	None
192	по	1286	None	None
193	защите	1289	None	None
194	корпоративных	1296	None	None
195	интересов	1310	None	None
196	.	1319	None	None
197	Как	1322	None	None
198	отмечает	1326	None	None
199	The	1335	coref	2958
200	Times	1339	coref	2958
201	,	1344	None	None
202	воинственный	1346	None	None
203	тон	1359	None	None
204	Маколифа	1363	coref	2954
205	свидетельствует	1372	None	None
206	о	1388	None	None
207	том	1390	None	None
208	,	1393	None	None
209	что	1395	None	None
210	демократы	1399	coref	2952
211	считают	1409	None	None
212	внутреннюю	1417	None	None
213	политику	1428	None	None
214	нынешнего	1437	coref	2953
215	президента	1447	coref	2953
216	уязвимой	1458	None	None
217	.	1466	None	None
218	Если	1468	None	None
219	ранее	1473	None	None
220	борьба	1479	None	None
221	с	1486	None	None
222	терроризмом	1488	None	None
223	являлась	1500	None	None
224	одним	1509	None	None
225	из	1515	coref	2954
226	козырей	1518	None	None
227	президента	1526	coref	2953
228	,	1536	None	None
229	то	1538	None	None
230	теперь	1541	None	None
231	,	1547	None	None
232	по	1549	None	None
233	мнению	1552	None	None
234	издания	1559	coref	2958
235	,	1566	None	None
236	Буш	1568	coref	2953
237	уже	1572	None	None
238	не	1576	None	None
239	может	1579	None	None
240	считаться	1585	None	None
241	«	1595	None	None
242	непобедимым	1596	None	None
243	»	1607	None	None
244	в	1609	coref	2960
245	этом	1611	None	None
246	вопросе	1616	None	None
247	.	1623	None	None
