	word	start_char	type	chain_id
0	Турецкое	0	coref	2324
1	агентство	9	coref	2324
2	новостей	19	coref	2324
3	распространило	28	None	None
4	кадры	43	coref	2325
5	падения	49	coref	2325
6	Ми	57	coref	2325
7	-	59	coref	2325
8	26	60	coref	2325
9	под	63	coref	2325
10	Ханкалой	67	coref	2325
11	Сразу	77	coref	2328
12	два	83	coref	2328
13	мировых	87	coref	2328
14	агентства	95	coref	2328
15	-	105	coref	2325
16	Reuters	107	coref	2329
17	и	115	None	None
18	Turkish	117	coref	2324
19	CHA	125	coref	2324
20	Agency	129	coref	2324
21	-	136	coref	2325
22	сегодня	138	None	None
23	распространили	146	None	None
24	кадры	161	coref	2325
25	любительской	167	coref	2325
26	видеосъемки	180	coref	2325
27	момента	192	coref	2325
28	падения	200	coref	2325
29	российского	208	coref	2325
30	вертолета	220	coref	2325
31	Ми	230	coref	2325
32	-	232	coref	2325
33	26	233	coref	2325
34	в	236	coref	2325
35	Чечне	238	coref	2325
36	.	243	None	None
37	Примечательно	246	None	None
38	,	259	None	None
39	что	261	None	None
40	неизвестный	265	coref	2331
41	оператор	277	coref	2331
42	включил	286	None	None
43	камеру	294	None	None
44	за	301	None	None
45	несколько	304	None	None
46	мгновений	314	None	None
47	до	324	None	None
48	вспышки	327	None	None
49	на	335	None	None
50	борту	338	None	None
51	вертолета	344	coref	2325
52	.	353	None	None
53	В	355	None	None
54	момент	357	None	None
55	падения	364	coref	2325
56	вертолета	372	coref	2325
57	слышно	382	None	None
58	,	388	None	None
59	как	390	None	None
60	неизвестный	394	coref	2331
61	за	406	None	None
62	кадром	409	None	None
63	произносит	416	None	None
64	:	426	None	None
65	«	428	None	None
66	Аллах	429	None	None
67	акбар	435	None	None
68	»	440	None	None
69	.	441	None	None
70	Сообщается	443	None	None
71	,	453	None	None
72	что	455	None	None
73	первым	459	None	None
74	эти	466	coref	2325
75	видеокадры	470	coref	2325
76	показало	481	None	None
77	турецкое	490	coref	2324
78	агентство	499	coref	2324
79	новостей	509	coref	2324
80	Turkish	518	coref	2324
81	CHA	526	coref	2324
82	аgency	530	coref	2324
83	.	536	None	None
84	Вслед	539	None	None
85	за	545	None	None
86	турецкой	548	coref	2324
87	телекомпанией	557	coref	2324
88	кадры	571	coref	2325
89	любительской	577	coref	2325
90	видеосъемки	590	coref	2325
91	крушения	602	coref	2325
92	вертолета	611	coref	2325
93	распространило	621	None	None
94	агентство	636	coref	2324
95	Reuters	646	coref	2329
96	.	653	None	None
97	В	655	None	None
98	московском	657	None	None
99	представительстве	668	None	None
100	агентства	686	coref	2328
101	сообщили	696	None	None
102	,	704	None	None
103	что	706	None	None
104	материал	710	coref	2325
105	получен	719	None	None
106	от	727	None	None
107	турецких	730	coref	2324
108	коллег	739	coref	2324
109	.	745	None	None
110	Не	747	None	None
111	исключено	750	None	None
112	,	759	None	None
113	что	761	None	None
114	пленка	765	coref	2325
115	чеченского	772	None	None
116	происхождения	783	None	None
117	.	796	None	None
118	Можно	799	None	None
119	предположить	805	None	None
120	,	817	None	None
121	что	819	None	None
122	снимавший	823	coref	2331
123	был	833	None	None
124	в	837	coref	2325
125	курсе	839	None	None
126	того	845	None	None
127	,	849	None	None
128	что	851	None	None
129	произойдет	855	None	None
130	с	866	None	None
131	российским	868	coref	2326
132	вертолетом	879	coref	2326
133	,	889	None	None
134	т	891	None	None
135	.	892	None	None
136	к	893	None	None
137	.	894	None	None
138	начал	896	None	None
139	съемку	902	None	None
140	еще	909	None	None
141	до	913	None	None
142	того	916	None	None
143	,	920	None	None
144	как	922	None	None
145	вертолет	926	coref	2326
146	загорелся	935	None	None
147	.	944	None	None
148	Катастрофа	947	None	None
149	Ми	958	coref	2325
150	-	960	coref	2325
151	26	961	coref	2325
152	под	964	coref	2325
153	Ханкалой	968	coref	2325
154	,	976	None	None
155	произошедшая	978	None	None
156	19	991	None	None
157	августа	994	None	None
158	этого	1002	None	None
159	года	1008	None	None
160	-	1013	coref	2325
161	самая	1015	None	None
162	крупная	1021	None	None
163	в	1029	coref	2325
164	истории	1031	None	None
165	Российских	1039	None	None
166	вооруженных	1050	None	None
167	сил	1062	None	None
168	.	1065	None	None
169	Погибли	1067	None	None
170	119	1075	None	None
171	человек	1079	None	None
172	.	1086	None	None
173	По	1088	None	None
174	мнению	1091	None	None
175	российских	1098	None	None
176	военных	1109	None	None
177	,	1116	None	None
178	вертолет	1118	coref	2326
179	был	1127	None	None
180	сбит	1131	None	None
181	с	1136	None	None
182	земли	1138	None	None
183	чеченскими	1144	coref	2332
184	боевиками	1155	coref	2332
185	,	1164	None	None
186	но	1166	None	None
187	до	1169	None	None
188	сих	1172	None	None
189	пор	1176	None	None
190	преступники	1180	coref	2332
191	так	1192	None	None
192	и	1196	None	None
193	не	1198	None	None
194	были	1201	None	None
195	найдены	1206	None	None
196	.	1213	None	None
197	Возбуждено	1215	None	None
198	сразу	1226	None	None
199	два	1232	coref	2328
200	уголовных	1236	None	None
201	дела	1246	None	None
202	по	1251	None	None
203	статьям	1254	None	None
204	о	1262	None	None
205	терроризме	1264	None	None
206	и	1275	None	None
207	халатности	1277	None	None
208	,	1287	None	None
209	повлекшей	1289	None	None
210	тяжкие	1299	None	None
211	последствия	1306	None	None
212	.	1317	None	None
213	В	1319	None	None
214	субботу	1321	None	None
215	Главная	1329	coref	2333
216	военная	1337	coref	2333
217	прокуратура	1345	coref	2333
218	предъявила	1357	None	None
219	обвинение	1368	None	None
220	командиру	1378	coref	2334
221	авиаполка	1388	coref	2334
222	подполковнику	1398	coref	2334
223	Кудякову	1412	coref	2334
224	.	1420	None	None
225	Обвинение	1422	None	None
226	командиру	1432	coref	2334
227	полка	1442	coref	2334
228	предъявлено	1448	None	None
229	в	1460	coref	2325
230	Моздоке	1462	None	None
231	старшим	1470	None	None
232	следователем	1478	None	None
233	по	1491	None	None
234	особо	1494	None	None
235	важным	1500	None	None
236	делам	1507	None	None
237	ГВП	1513	coref	2333
238	по	1517	None	None
239	статье	1520	coref	2336
240	351	1527	coref	2336
241	УК	1531	coref	2336
242	РФ	1534	coref	2336
243	(	1537	None	None
244	нарушение	1538	None	None
245	правил	1548	None	None
246	полетов	1555	coref	2337
247	или	1563	None	None
248	подготовки	1567	None	None
249	к	1578	None	None
250	ним	1580	coref	2337
251	,	1583	None	None
252	повлекшие	1585	None	None
253	по	1595	None	None
254	неосторожности	1598	None	None
255	смерть	1613	None	None
256	человека	1620	None	None
257	либо	1629	None	None
258	иные	1634	None	None
259	тяжкие	1639	None	None
260	последствия	1646	None	None
261	)	1657	None	None
262	.	1658	None	None
263	Данная	1660	coref	2336
264	статья	1667	coref	2336
265	предусматривает	1674	None	None
266	наказание	1690	None	None
267	в	1700	coref	2325
268	виде	1702	None	None
269	лишения	1707	None	None
270	свободы	1715	None	None
271	на	1723	None	None
272	срок	1726	None	None
273	до	1731	None	None
274	10	1734	None	None
275	лет	1737	None	None
276	.	1740	None	None
277	Между	1743	None	None
278	тем	1749	None	None
279	вместе	1753	None	None
280	с	1760	None	None
281	кадрами	1762	coref	2325
282	гибели	1770	coref	2325
283	вертолета	1777	coref	2325
284	Ми	1787	coref	2325
285	-	1789	coref	2325
286	26	1790	coref	2325
287	мировые	1793	coref	2328
288	агентства	1801	coref	2328
289	сегодня	1811	None	None
290	распространили	1819	None	None
291	пленку	1834	coref	2338
292	,	1840	None	None
293	на	1842	None	None
294	которой	1845	coref	2338
295	так	1853	None	None
296	называемый	1857	None	None
297	президент	1868	coref	2339
298	Ичкерии	1878	coref	2330
299	Аслан	1886	coref	2339
300	Масхадов	1892	coref	2339
301	неподалеку	1901	None	None
302	от	1912	None	None
303	Грозного	1915	None	None
304	отмечает	1924	None	None
305	в	1933	coref	2325
306	кругу	1935	None	None
307	боевиков	1941	None	None
308	11	1950	None	None
309	-	1952	coref	2325
310	ю	1953	None	None
311	годовщину	1955	None	None
312	независимости	1965	None	None
313	Чечни	1979	coref	2330
314	,	1984	None	None
315	провозглашенной	1986	None	None
316	Джохаром	2002	None	None
317	Дудаевым	2011	None	None
318	,	2019	None	None
319	сообщает	2021	None	None
320	телекомпания	2030	coref	2340
321	ТВС	2043	coref	2340
322	.	2046	None	None
323	Масхадов	2049	coref	2339
324	называет	2058	None	None
325	эти	2067	coref	2325
326	годы	2071	None	None
327	тяжелым	2076	None	None
328	временем	2084	None	None
329	борьбы	2093	None	None
330	и	2100	None	None
331	сражений	2102	None	None
332	и	2111	None	None
333	обещает	2113	None	None
334	освободить	2121	None	None
335	Чечню	2132	coref	2330
336	от	2138	None	None
337	русской	2141	None	None
338	оккупации	2149	None	None
339	.	2158	None	None
340	На	2160	None	None
341	пленке	2163	coref	2325
342	также	2170	None	None
343	видно	2176	None	None
344	,	2181	None	None
345	как	2183	None	None
346	Масхадов	2187	coref	2339
347	что	2196	None	None
348	-	2199	coref	2325
349	то	2200	None	None
350	поясняет	2203	None	None
351	,	2211	None	None
352	указывая	2213	None	None
353	на	2222	None	None
354	макеты	2225	None	None
355	.	2231	None	None
356	Эта	2233	coref	2338
357	пленка	2237	coref	2325
358	,	2243	None	None
359	как	2245	None	None
360	сообщают	2249	None	None
361	агентства	2258	coref	2328
362	,	2267	None	None
363	датирована	2269	None	None
364	6	2280	None	None
365	сентября	2282	None	None
366	нынешнего	2291	None	None
367	года	2301	None	None
368	.	2305	None	None
369	Заместитель	2308	None	None
370	военного	2320	None	None
371	коменданта	2329	None	None
372	республики	2340	coref	2330
373	полковник	2351	None	None
374	Селим	2361	None	None
375	Цуев	2367	None	None
376	в	2372	coref	2325
377	интервью	2374	None	None
378	телекомпании	2383	coref	2340
379	ТВС	2396	coref	2340
380	заявил	2400	None	None
381	,	2406	None	None
382	что	2408	None	None
383	пока	2412	None	None
384	рано	2417	None	None
385	делать	2422	None	None
386	какие	2429	None	None
387	-	2434	coref	2325
388	либо	2435	None	None
389	выводы	2440	None	None
390	на	2447	None	None
391	основе	2450	None	None
392	показанных	2457	coref	2325
393	видеокадров	2468	coref	2325
394	для	2480	None	None
395	начала	2484	None	None
396	надо	2491	None	None
397	установить	2496	None	None
398	,	2506	None	None
399	действительно	2508	None	None
400	ли	2522	None	None
401	на	2525	None	None
402	пленке	2528	coref	2325
403	запечатлена	2535	None	None
404	катастрофа	2547	None	None
405	вертолета	2558	coref	2325
406	Ми	2568	coref	2325
407	-	2570	coref	2325
408	26	2571	coref	2325
409	под	2574	coref	2325
410	Ханкалой	2578	coref	2325
411	.	2586	None	None
