	word	start_char	type	chain_id
0	Названы	0	None	None
1	подозреваемые	8	coref	2280
2	в	22	coref	2280
3	убийстве	24	coref	2280
4	Галины	33	coref	2280
5	Старовойтовой	40	coref	2280
6	и	54	coref	2280
7	Михаила	56	coref	2280
8	Маневича	64	coref	2280
9	Правоохранительные	74	None	None
10	органы	93	None	None
11	России	100	coref	2283
12	установили	107	None	None
13	лиц	118	coref	2280
14	,	121	coref	2281
15	подозреваемых	123	None	None
16	в	137	coref	2280
17	причастности	139	None	None
18	к	152	None	None
19	убийствам	154	None	None
20	депутата	164	coref	2281
21	Госдумы	173	coref	2281
22	Галины	181	coref	2280
23	Старовойтовой	188	coref	2280
24	и	202	coref	2280
25	вице	204	coref	2282
26	-	208	coref	2282
27	губернатора	209	coref	2282
28	Санкт	221	coref	2282
29	-	226	coref	2282
30	Петербурга	227	coref	2282
31	Михаила	238	coref	2280
32	Маневича	246	coref	2280
33	.	254	None	None
34	Об	256	None	None
35	этом	259	None	None
36	сообщил	264	None	None
37	сегодня	272	None	None
38	на	280	coref	2285
39	брифинге	283	None	None
40	в	292	coref	2280
41	городе	294	coref	2285
42	на	301	coref	2285
43	Неве	304	coref	2285
44	первый	309	coref	2286
45	заместитель	316	coref	2286
46	начальника	328	coref	2286
47	криминальной	339	coref	2286
48	милиции	352	coref	2286
49	МВД	360	coref	2286
50	России	364	coref	2283
51	Михаил	371	coref	2282
52	Никифоров	378	coref	2286
53	.	387	None	None
54	По	390	None	None
55	его	393	coref	2286
56	словам	397	None	None
57	,	403	coref	2281
58	есть	405	None	None
59	информация	410	None	None
60	,	420	coref	2281
61	дающая	422	None	None
62	основание	429	None	None
63	подозревать	439	None	None
64	в	451	coref	2280
65	участии	453	None	None
66	в	461	coref	2280
67	убийстве	463	coref	2280
68	Галины	472	coref	2280
69	Старовойтовой	479	coref	2280
70	граждан	493	coref	2280
71	Стехновского	501	coref	2280
72	и	514	coref	2280
73	Мусина	516	coref	2280
74	.	522	None	None
75	Последний	524	coref	2289
76	скрывается	534	None	None
77	за	545	None	None
78	границей	548	None	None
79	.	556	None	None
80	Они	558	coref	2280
81	объявлены	562	None	None
82	в	572	coref	2280
83	международный	574	None	None
84	и	588	coref	2280
85	федеральный	590	None	None
86	Розыск	602	None	None
87	,	608	coref	2281
88	передает	610	None	None
89	ИТАР	619	None	None
90	-	623	coref	2282
91	ТАСС	624	None	None
92	.	628	None	None
93	«	631	None	None
94	Имеется	632	None	None
95	также	640	None	None
96	информация	646	None	None
97	,	656	coref	2281
98	-	658	coref	2282
99	сообщил	660	None	None
100	Никифоров	668	coref	2286
101	,	677	coref	2281
102	-	679	coref	2282
103	что	681	None	None
104	к	685	None	None
105	убийству	687	None	None
106	Михаила	696	coref	2280
107	Маневича	704	coref	2280
108	причастны	713	None	None
109	граждане	723	coref	2290
110	Колягин	732	coref	2290
111	и	740	coref	2280
112	Максимов	742	coref	2290
113	,	750	coref	2281
114	однако	752	None	None
115	после	759	None	None
116	совершения	765	None	None
117	убийства	776	None	None
118	вице	785	coref	2282
119	-	789	coref	2282
120	губернатора	790	coref	2282
121	они	802	coref	2290
122	были	806	None	None
123	ликвидированы	811	None	None
124	,	824	coref	2281
125	проводится	826	None	None
126	выявление	837	None	None
127	цепочки	847	None	None
128	причастных	855	None	None
129	к	866	None	None
130	ним	868	coref	2290
131	лиц	872	coref	2280
132	»	875	None	None
133	.	876	None	None
134	Представитель	878	coref	2286
135	МВД	892	coref	2286
136	подчеркнул	896	None	None
137	,	906	coref	2281
138	что	908	None	None
139	он	912	coref	2286
140	не	915	None	None
141	может	918	None	None
142	сказать	924	None	None
143	,	931	coref	2281
144	являются	933	None	None
145	ли	942	None	None
146	указанные	945	coref	2291
147	лица	955	coref	2291
148	непосредственными	960	None	None
149	исполнителями	978	None	None
150	преступлений	992	None	None
151	.	1004	None	None
152	Вице	1006	coref	2282
153	-	1010	coref	2282
154	губернатор	1011	coref	2282
155	Санкт	1022	coref	2282
156	-	1027	coref	2282
157	Петербурга	1028	coref	2282
158	Михаил	1039	coref	2282
159	Маневич	1046	coref	2282
160	был	1054	None	None
161	расстрелян	1058	None	None
162	в	1069	coref	2280
163	служебном	1071	None	None
164	автомобиле	1081	None	None
165	по	1092	None	None
166	дороге	1095	None	None
167	на	1102	coref	2285
168	работу	1105	None	None
169	в	1112	coref	2280
170	августе	1114	None	None
171	1997	1122	None	None
172	года	1127	None	None
173	.	1131	None	None
174	Депутат	1133	coref	2281
175	Госдумы	1141	coref	2281
176	Галина	1149	coref	2281
177	Старовойтова	1156	coref	2281
178	убита	1169	None	None
179	в	1175	coref	2280
180	ноябре	1177	None	None
181	1998	1184	None	None
182	года	1189	None	None
183	в	1194	coref	2280
184	подъезде	1196	coref	2292
185	дома	1205	coref	2292
186	в	1210	coref	2280
187	Петербурге	1212	coref	2285
188	,	1222	coref	2281
189	где	1224	coref	2293
190	она	1228	coref	2281
191	проживала	1232	None	None
192	.	1241	None	None
193	Обвинения	1243	None	None
194	в	1253	coref	2280
195	совершении	1255	None	None
196	этих	1266	None	None
197	преступлений	1271	None	None
198	до	1284	None	None
199	сих	1287	None	None
200	пор	1291	None	None
201	никому	1295	None	None
202	не	1302	None	None
203	предъявлены	1305	None	None
204	.	1316	None	None
205	Галина	1319	coref	2281
206	Старовойтова	1326	coref	2281
207	,	1338	coref	2281
208	депутат	1340	coref	2281
209	Госдумы	1348	coref	2281
210	,	1355	coref	2281
211	не	1357	None	None
212	входившая	1360	None	None
213	ни	1370	None	None
214	в	1373	coref	2280
215	одну	1375	None	None
216	из	1380	None	None
217	фракций	1383	None	None
218	,	1390	coref	2281
219	была	1392	None	None
220	убита	1397	None	None
221	в	1403	coref	2280
222	подъезде	1405	coref	2292
223	своего	1414	coref	2281
224	дома	1421	coref	2292
225	в	1426	coref	2280
226	Санкт	1428	coref	2282
227	-	1433	coref	2282
228	Петербурге	1434	coref	2285
229	20	1445	None	None
230	ноября	1448	None	None
231	1998	1455	None	None
232	года	1460	None	None
233	.	1464	None	None
234	18	1467	None	None
235	августа	1470	None	None
236	1997	1478	None	None
237	года	1483	None	None
238	в	1488	coref	2280
239	самом	1490	None	None
240	центре	1496	None	None
241	Санкт	1503	coref	2282
242	-	1508	coref	2282
243	Петербурга	1509	coref	2282
244	на	1520	coref	2285
245	углу	1523	None	None
246	Невского	1528	None	None
247	проспекта	1537	None	None
248	и	1547	coref	2280
249	улицы	1549	None	None
250	Рубинштейна	1555	None	None
251	был	1567	None	None
252	расстрелян	1571	None	None
253	вице	1582	coref	2282
254	-	1586	coref	2282
255	губернатор	1587	coref	2282
256	городской	1598	coref	2282
257	администрации	1608	coref	2282
258	Михаил	1622	coref	2282
259	Маневич	1629	coref	2282
260	.	1636	None	None
