	word	start_char	type	chain_id
0	83	0	None	None
1	%	2	None	None
2	россиян	4	None	None
3	считают	12	None	None
4	,	19	None	None
5	что	21	None	None
6	нашей	25	coref	2181
7	стране	31	coref	2181
8	необходима	38	None	None
9	«	49	None	None
10	сильная	50	None	None
11	рука	58	None	None
12	»	62	None	None
13	Почти	65	None	None
14	половина	71	None	None
15	населения	80	coref	2182
16	нашей	90	coref	2181
17	страны	96	coref	2181
18	-	103	None	None
19	49	105	None	None
20	%	107	None	None
21	-	109	None	None
22	считают	111	None	None
23	,	118	None	None
24	что	120	None	None
25	населению	124	coref	2182
26	России	134	coref	2181
27	необходим	141	None	None
28	сильный	151	None	None
29	и	159	None	None
30	властный	161	None	None
31	руководитель	170	None	None
32	.	182	None	None
33	Таковы	184	None	None
34	результаты	191	None	None
35	опроса	202	None	None
36	,	208	None	None
37	проведенного	210	None	None
38	Агентством	223	None	None
39	региональных	234	None	None
40	политических	247	None	None
41	исследований	260	None	None
42	(	273	None	None
43	АРПИ	274	None	None
44	)	278	None	None
45	.	279	None	None
46	В	282	None	None
47	ходе	284	None	None
48	исследования	289	None	None
49	опрашиваемым	302	coref	2183
50	задавали	315	None	None
51	вопрос	324	coref	2184
52	:	330	None	None
53	«	332	None	None
54	Бывают	333	None	None
55	ли	340	None	None
56	,	342	None	None
57	по	344	None	None
58	вашему	347	None	None
59	мнению	354	None	None
60	,	360	None	None
61	такие	362	None	None
62	ситуации	368	None	None
63	в	377	None	None
64	жизни	379	None	None
65	страны	385	coref	2181
66	,	391	None	None
67	когда	393	None	None
68	народу	399	coref	2182
69	нужен	406	None	None
70	сильный	412	None	None
71	и	420	None	None
72	властный	422	None	None
73	руководитель	431	None	None
74	,	443	None	None
75	«	445	None	None
76	сильная	446	None	None
77	рука	454	None	None
78	»	458	None	None
79	?	459	None	None
80	'	-1	None	None
81	'	-1	None	None
82	На	463	None	None
83	втором	466	None	None
84	месте	473	None	None
85	стоит	479	None	None
86	ответ	485	None	None
87	«	491	None	None
88	бывают	492	None	None
89	такие	499	None	None
90	ситуации	505	None	None
91	,	513	None	None
92	например	515	None	None
93	,	523	None	None
94	сейчас	525	None	None
95	,	531	None	None
96	когда	533	None	None
97	нужно	539	None	None
98	сосредоточить	545	None	None
99	всю	559	None	None
100	полноту	563	None	None
101	власти	571	None	None
102	в	578	None	None
103	одних	580	None	None
104	руках	586	None	None
105	»	591	None	None
106	-	593	None	None
107	34	595	None	None
108	%	597	None	None
109	.	598	None	None
110	15	601	None	None
111	%	603	None	None
112	респондентов	605	coref	2183
113	считают	618	None	None
114	,	625	None	None
115	что	627	None	None
116	ни	631	None	None
117	в	634	None	None
118	коем	636	None	None
119	случае	641	None	None
120	нельзя	648	None	None
121	допустить	655	None	None
122	,	664	None	None
123	чтобы	666	None	None
124	вся	672	None	None
125	власть	676	None	None
126	была	683	None	None
127	отдана	688	None	None
128	в	695	None	None
129	руки	697	None	None
130	одного	702	None	None
131	человека	709	None	None
132	,	717	None	None
133	а	719	None	None
134	2	721	None	None
135	%	722	None	None
136	затрудняются	724	None	None
137	ответить	737	None	None
138	.	745	None	None
139	Воздержавшихся	747	None	None
140	от	762	None	None
141	ответа	765	None	None
142	не	772	None	None
143	было	775	None	None
144	.	779	None	None
145	При	782	None	None
146	этом	786	None	None
147	за	791	None	None
148	последние	794	None	None
149	два	804	None	None
150	года	808	None	None
151	,	812	None	None
152	а	814	None	None
153	точнее	816	None	None
154	с	823	None	None
155	марта	825	None	None
156	2000	831	None	None
157	года	836	None	None
158	по	841	None	None
159	ноябрь	844	None	None
160	2002	851	None	None
161	года	856	None	None
162	,	860	None	None
163	число	862	None	None
164	сторонников	868	None	None
165	того	880	None	None
166	,	884	None	None
167	что	886	None	None
168	нашему	890	coref	2182
169	народу	897	coref	2182
170	необходима	904	None	None
171	«	915	None	None
172	сильная	916	None	None
173	рука	924	None	None
174	»	928	None	None
175	,	929	None	None
176	возросло	931	None	None
177	с	940	None	None
178	42	942	None	None
179	%	944	None	None
180	до	946	None	None
181	49	949	None	None
182	%	951	None	None
183	.	952	None	None
184	Среди	955	None	None
185	положительно	961	None	None
186	ответивших	974	None	None
187	на	985	None	None
188	вопрос	988	coref	2184
189	,	994	None	None
190	«	996	None	None
191	бывают	997	None	None
192	ли	1004	None	None
193	ситуации	1007	None	None
194	,	1015	None	None
195	когда	1017	None	None
196	надо	1023	None	None
197	сосредоточить	1028	None	None
198	власть	1042	None	None
199	в	1049	None	None
200	одних	1051	None	None
201	руках	1057	None	None
202	»	1062	None	None
203	,	1063	None	None
204	преобладают	1065	None	None
205	жители	1077	None	None
206	Уральского	1084	None	None
207	округа	1095	None	None
208	,	1101	None	None
209	а	1103	None	None
210	среди	1105	None	None
211	высказавшихся	1111	None	None
212	против	1125	None	None
213	того	1132	None	None
214	,	1136	None	None
215	чтобы	1138	None	None
216	власть	1144	None	None
217	была	1151	None	None
218	в	1156	None	None
219	руках	1158	None	None
220	одного	1164	None	None
221	человека	1171	None	None
222	,	1179	None	None
223	преобладают	1181	None	None
224	жители	1193	None	None
225	Дальневосточного	1200	None	None
226	округа	1217	None	None
227	.	1223	None	None
228	Примечательно	1226	None	None
229	,	1239	None	None
230	что	1241	None	None
231	количество	1245	None	None
232	сторонников	1256	None	None
233	«	1268	None	None
234	сильной	1269	None	None
235	руки	1277	None	None
236	»	1281	None	None
237	растет	1283	None	None
238	по	1290	None	None
239	мере	1293	None	None
240	снижения	1298	None	None
241	дохода	1307	None	None
242	и	1314	None	None
243	образования	1316	None	None
244	.	1327	None	None
245	Военнослужащие	1329	None	None
246	чаще	1344	None	None
247	остальных	1349	None	None
248	высказываются	1359	None	None
249	за	1373	None	None
250	то	1376	None	None
251	,	1378	None	None
252	что	1380	None	None
253	бывают	1384	None	None
254	ситуации	1391	None	None
255	,	1399	None	None
256	когда	1401	None	None
257	власть	1407	None	None
258	должна	1414	None	None
259	быть	1421	None	None
260	в	1426	None	None
261	одних	1428	None	None
262	руках	1434	None	None
263	.	1439	None	None
264	Оценивая	1442	None	None
265	политические	1451	None	None
266	пристрастия	1464	None	None
267	респондентов	1476	coref	2183
268	,	1488	None	None
269	можно	1490	None	None
270	отметить	1496	None	None
271	,	1504	None	None
272	что	1506	None	None
273	ответ	1510	None	None
274	о	1516	None	None
275	необходимости	1518	None	None
276	«	1532	None	None
277	сильной	1533	None	None
278	руки	1541	None	None
279	»	1545	None	None
280	больше	1547	None	None
281	популярен	1554	None	None
282	среди	1564	None	None
283	сторонников	1570	None	None
284	Зюганова	1582	None	None
285	,	1590	None	None
286	КПРФ	1592	None	None
287	и	1597	None	None
288	ЛДПР	1599	None	None
289	.	1603	None	None
290	Кроме	1605	None	None
291	того	1611	None	None
292	,	1615	None	None
293	интересно	1617	None	None
294	,	1626	None	None
295	что	1628	None	None
296	чаще	1632	None	None
297	остальных	1637	None	None
298	за	1647	None	None
299	необходимость	1650	None	None
300	«	1664	None	None
301	сильной	1665	None	None
302	руки	1673	None	None
303	»	1677	None	None
304	высказываются	1679	None	None
305	пессимисты	1693	None	None
306	.	1703	None	None
307	Среди	1706	None	None
308	противников	1712	None	None
309	идеи	1724	None	None
310	концентрации	1729	None	None
311	власти	1742	None	None
312	в	1749	None	None
313	руках	1751	None	None
314	одного	1757	None	None
315	человека	1764	None	None
316	преобладают	1773	None	None
317	сторонники	1785	None	None
318	Союза	1796	None	None
319	правых	1802	None	None
320	сил	1809	None	None
321	и	1813	None	None
322	«	1815	None	None
323	Яблока	1816	None	None
324	»	1822	None	None
325	.	1823	None	None
326	Опрос	1826	None	None
327	проводился	1832	None	None
328	более	1843	None	None
329	чем	1849	None	None
330	в	1853	None	None
331	84	1855	None	None
332	городских	1858	None	None
333	и	1868	None	None
334	сельских	1870	None	None
335	населенных	1879	None	None
336	пунктах	1890	None	None
337	в	1898	None	None
338	28	1900	None	None
339	субъектах	1903	None	None
340	Российской	1913	coref	2181
341	Федерации	1924	coref	2181
342	,	1933	None	None
343	во	1935	None	None
344	всех	1938	None	None
345	федеральных	1943	None	None
346	округах	1955	None	None
347	страны	1963	coref	2181
348	,	1969	None	None
349	среди	1971	None	None
350	1600	1977	coref	2183
351	человек	1982	coref	2183
352	.	1989	None	None
