	word	start_char	type	chain_id
0	Дальнейшую	0	None	None
1	судьбу	11	None	None
2	Тайсона	18	coref	2382
3	будет	26	None	None
4	решать	32	None	None
5	специальная	39	coref	2383
6	комиссия	51	coref	2383
7	Спортивная	61	coref	2383
8	комиссия	72	coref	2383
9	штата	81	coref	2383
10	Невада	87	coref	2383
11	в	94	coref	2383
12	составе	96	coref	2383
13	пяти	104	coref	2383
14	человек	109	coref	2383
15	в	117	coref	2383
16	следующий	119	None	None
17	вторник	129	None	None
18	должна	137	None	None
19	решить	144	None	None
20	судьбу	151	None	None
21	американского	158	coref	2382
22	боксера	172	coref	2382
23	Майка	180	coref	2382
24	Тайсона	186	coref	2382
25	,	193	coref	2391
26	который	195	coref	2382
27	затеял	203	None	None
28	драку	210	None	None
29	на	216	None	None
30	пресс	219	None	None
31	-	224	coref	2385
32	конференции	225	None	None
33	со	237	None	None
34	своим	240	coref	2382
35	будущим	246	coref	2385
36	соперником	254	coref	2385
37	в	265	coref	2383
38	финальном	267	coref	2385
39	матче	277	coref	2385
40	за	283	coref	2385
41	звание	286	coref	2385
42	чемпиона	293	coref	2385
43	мира	302	coref	2385
44	в	307	coref	2383
45	супертяжелом	309	coref	2385
46	весе	322	coref	2385
47	-	327	coref	2385
48	англичанином	329	coref	2385
49	Ленноксом	342	coref	2385
50	Льюисом	352	coref	2385
51	.	359	None	None
52	Напомним	361	None	None
53	,	369	coref	2391
54	что	371	None	None
55	как	375	None	None
56	только	379	None	None
57	британец	386	coref	2385
58	появился	395	None	None
59	в	404	coref	2383
60	зале	406	coref	2386
61	,	410	coref	2391
62	где	412	coref	2386
63	проводили	416	None	None
64	пресс	426	None	None
65	-	431	coref	2385
66	конференцию	432	None	None
67	,	443	coref	2391
68	«	445	coref	2382
69	Железный	446	coref	2382
70	Майк	455	coref	2382
71	»	459	coref	2382
72	сделал	461	None	None
73	в	468	coref	2383
74	его	470	coref	2382
75	сторону	474	None	None
76	резкий	482	None	None
77	выпад	489	None	None
78	,	494	coref	2391
79	попытался	496	None	None
80	ударить	506	None	None
81	.	513	None	None
82	Однако	515	None	None
83	один	522	coref	2387
84	из	527	coref	2387
85	охранников	530	coref	2387
86	Льюиса	541	coref	2385
87	успел	548	None	None
88	встать	554	None	None
89	между	561	None	None
90	враждующими	567	coref	2388
91	сторонами	579	coref	2388
92	,	588	coref	2391
93	за	590	coref	2385
94	что	593	None	None
95	и	597	None	None
96	получил	599	None	None
97	от	607	None	None
98	Тайсона	610	coref	2382
99	удар	618	None	None
100	левой	623	None	None
101	рукой	629	None	None
102	.	634	None	None
103	Завязалась	636	None	None
104	драка	647	coref	2389
105	,	652	coref	2391
106	в	654	coref	2383
107	которой	656	coref	2389
108	участвовали	664	None	None
109	более	676	None	None
110	20	682	None	None
111	человек	685	coref	2383
112	.	692	None	None
113	В	694	None	None
114	результате	696	None	None
115	заметно	707	None	None
116	пострадали	715	None	None
117	президент	726	None	None
118	Всемирного	736	None	None
119	боксерского	747	None	None
120	совета	759	None	None
121	Хосе	766	None	None
122	Сулейман	771	None	None
123	и	780	None	None
124	телохранитель	782	coref	2387
125	Льюиса	796	coref	2385
126	.	802	None	None
127	Этот	805	None	None
128	инцидент	810	None	None
129	на	819	None	None
130	пресс	822	None	None
131	-	827	coref	2385
132	конференции	828	None	None
133	вызвал	840	None	None
134	бурю	847	None	None
135	негодования	852	None	None
136	в	864	coref	2383
137	Великобритании	866	None	None
138	,	880	coref	2391
139	сообщает	882	None	None
140	Reuters	891	None	None
141	.	898	None	None
142	Теперь	900	None	None
143	специальная	907	coref	2383
144	комиссия	919	coref	2383
145	должна	928	None	None
146	решить	935	None	None
147	,	941	coref	2391
148	сможет	943	None	None
149	ли	950	None	None
150	Тайсон	953	coref	2382
151	участвовать	960	None	None
152	в	972	coref	2383
153	бое	974	coref	2390
154	,	977	coref	2391
155	который	979	coref	2382
156	назначен	987	None	None
157	на	996	None	None
158	6	999	None	None
159	апреля	1001	None	None
160	в	1008	coref	2383
161	Лас	1010	None	None
162	-	1013	coref	2385
163	Вегасе	1014	None	None
164	,	1020	coref	2391
165	штат	1022	coref	2384
166	Невада	1027	coref	2383
167	.	1033	None	None
168	Призовой	1035	None	None
169	фонд	1044	None	None
170	матча	1049	None	None
171	составляет	1055	None	None
172	рекордную	1066	None	None
173	сумму	1076	None	None
174	-	1082	coref	2385
175	150	1084	None	None
176	миллионов	1088	None	None
177	долларов	1098	None	None
178	.	1106	None	None
179	Дело	1108	None	None
180	осложняется	1113	None	None
181	еще	1125	None	None
182	и	1129	None	None
183	тем	1131	None	None
184	,	1134	coref	2391
185	что	1136	None	None
186	боксер	1140	coref	2382
187	в	1147	coref	2383
188	настоящее	1149	None	None
189	время	1159	None	None
190	также	1165	None	None
191	находится	1171	None	None
192	под	1181	None	None
193	следствием	1185	None	None
194	по	1196	None	None
195	делу	1199	None	None
196	о	1204	None	None
197	изнасиловании	1206	None	None
198	.	1219	None	None
199	«	1222	coref	2382
200	Я	1223	coref	2391
201	полагаю	1225	None	None
202	,	1232	coref	2391
203	что	1234	None	None
204	Тайсон	1238	coref	2382
205	должен	1245	None	None
206	быть	1252	None	None
207	дисквалифицирован	1257	None	None
208	,	1274	coref	2391
209	-	1276	coref	2385
210	сказал	1278	None	None
211	Фрэнк	1285	coref	2391
212	Уоррен	1291	coref	2391
213	,	1297	coref	2391
214	промоутер	1299	coref	2391
215	двух	1309	coref	2391
216	боев	1314	coref	2391
217	Тайсона	1319	coref	2382
218	в	1327	coref	2383
219	2000	1329	coref	2391
220	году	1334	coref	2391
221	.	1338	None	None
222	-	1340	coref	2385
223	Штраф	1342	None	None
224	будет	1348	None	None
225	для	1354	None	None
226	него	1358	coref	2382
227	словно	1363	None	None
228	капля	1370	None	None
229	в	1376	coref	2383
230	море	1378	None	None
231	.	1382	None	None
232	А	1384	None	None
233	вот	1386	None	None
234	двухлетняя	1390	None	None
235	дисквалификация	1401	None	None
236	,	1416	coref	2391
237	возможно	1418	None	None
238	,	1426	coref	2391
239	положит	1428	None	None
240	конец	1436	None	None
241	его	1442	coref	2382
242	карьере	1446	None	None
243	»	1453	coref	2382
244	.	1454	None	None
245	С	1456	None	None
246	ним	1458	coref	2391
247	согласился	1462	None	None
248	бывший	1473	None	None
249	чемпион	1480	None	None
250	мира	1488	coref	2385
251	в	1493	coref	2383
252	супертяжелом	1495	coref	2385
253	весе	1508	coref	2385
254	Генри	1513	None	None
255	Купер	1519	None	None
256	:	1524	None	None
257	«	1526	coref	2382
258	Он	1527	coref	2382
259	вышел	1530	None	None
260	из	1536	coref	2387
261	-	1538	coref	2385
262	под	1539	None	None
263	контроля	1543	None	None
264	,	1551	coref	2391
265	и	1553	None	None
266	это	1555	None	None
267	продолжается	1559	None	None
268	уже	1572	None	None
269	многие	1576	None	None
270	годы	1583	None	None
271	.	1587	None	None
272	Бокс	1589	None	None
273	подразумевает	1594	None	None
274	самоконтроль	1608	coref	2392
275	.	1620	None	None
276	А	1622	None	None
277	если	1624	None	None
278	он	1629	coref	2382
279	у	1632	None	None
280	вас	1634	None	None
281	отсутствует	1638	None	None
282	,	1649	coref	2391
283	вам	1651	None	None
284	не	1655	None	None
285	место	1658	None	None
286	на	1664	None	None
287	ринге	1667	None	None
288	»	1672	coref	2382
289	.	1673	None	None
290	Журналисты	1676	coref	2393
291	,	1686	coref	2391
292	которые	1688	coref	2393
293	наблюдали	1696	None	None
294	за	1706	coref	2385
295	потасовкой	1709	None	None
296	,	1719	coref	2391
297	не	1721	None	None
298	исключают	1724	None	None
299	,	1733	coref	2391
300	что	1735	None	None
301	драка	1739	coref	2389
302	была	1745	None	None
303	заранее	1750	None	None
304	спланирована	1758	None	None
305	.	1770	None	None
306	По	1772	None	None
307	их	1775	coref	2393
308	мнению	1778	None	None
309	,	1784	coref	2391
310	это	1786	None	None
311	только	1790	None	None
312	повысит	1797	None	None
313	интерес	1805	None	None
314	зрителей	1813	None	None
315	к	1822	None	None
316	поединку	1824	None	None
317	.	1832	None	None
318	Однако	1834	None	None
319	в	1841	coref	2383
320	тренерском	1843	None	None
321	штабе	1854	None	None
322	Льюиса	1860	coref	2385
323	придерживаются	1867	None	None
324	другого	1882	None	None
325	,	1889	coref	2391
326	более	1891	None	None
327	логичного	1897	None	None
328	объяснения	1907	None	None
329	-	1918	coref	2385
330	Тайсон	1920	coref	2382
331	просто	1927	None	None
332	боится	1934	None	None
333	предстоящего	1941	coref	2390
334	поединка	1954	coref	2390
335	и	1963	None	None
336	поэтому	1965	None	None
337	делает	1973	None	None
338	все	1980	None	None
339	,	1983	coref	2391
340	чтобы	1985	None	None
341	его	1991	coref	2382
342	избежать	1995	None	None
343	.	2003	None	None
344	Биография	2006	None	None
345	Тайсона	2016	coref	2382
346	полна	2024	None	None
347	скандальных	2030	None	None
348	происшествий	2042	None	None
349	.	2054	None	None
350	В	2056	None	None
351	1992	2058	None	None
352	году	2063	coref	2391
353	он	2068	coref	2382
354	был	2071	None	None
355	осужден	2075	None	None
356	на	2083	None	None
357	10	2086	None	None
358	лет	2089	None	None
359	тюремного	2093	None	None
360	заключения	2103	None	None
361	за	2114	coref	2385
362	изнасилование	2117	None	None
363	Дезире	2131	None	None
364	Вашингтон	2138	None	None
365	,	2147	coref	2391
366	получившей	2149	None	None
367	титул	2160	None	None
368	«	2166	coref	2382
369	мисс	2167	None	None
370	Черная	2172	None	None
371	Америка	2179	None	None
372	»	2186	coref	2382
373	.	2187	None	None
374	Через	2189	None	None
375	два	2195	None	None
376	года	2199	None	None
377	после	2204	None	None
378	досрочного	2210	None	None
379	выхода	2221	None	None
380	из	2228	coref	2387
381	тюрьмы	2231	None	None
382	в	2238	coref	2383
383	марте	2240	None	None
384	1995	2246	None	None
385	года	2251	None	None
386	Тайсон	2256	coref	2382
387	был	2263	None	None
388	дисквалифицирован	2267	None	None
389	в	2285	coref	2383
390	третьем	2287	None	None
391	раунде	2295	None	None
392	матча	2302	None	None
393	-	2307	coref	2385
394	реванша	2308	None	None
395	с	2316	None	None
396	Эвандером	2318	coref	2394
397	Холифилдом	2328	coref	2394
398	после	2339	None	None
399	того	2345	None	None
400	,	2349	coref	2391
401	как	2351	None	None
402	он	2355	coref	2382
403	откусил	2358	None	None
404	Холифилду	2366	coref	2394
405	часть	2376	None	None
406	уха	2382	None	None
407	.	2385	None	None
408	В	2387	None	None
409	этом	2389	None	None
410	месяце	2394	None	None
411	он	2401	coref	2382
412	был	2404	None	None
413	вовлечен	2408	None	None
414	в	2417	coref	2383
415	ссору	2419	None	None
416	с	2425	None	None
417	журналистами	2427	None	None
418	в	2440	coref	2383
419	одном	2442	None	None
420	из	2448	coref	2387
421	отелей	2451	None	None
422	Кубы	2458	None	None
423	.	2462	None	None
424	Он	2464	coref	2382
425	несколько	2467	None	None
426	раз	2477	None	None
427	подвергался	2481	None	None
428	дисквалификации	2493	None	None
429	и	2509	None	None
430	оштрафован	2511	None	None
431	в	2522	coref	2383
432	общей	2524	None	None
433	сложности	2530	None	None
434	на	2540	None	None
435	3	2543	None	None
436	миллиона	2545	None	None
437	долларов	2554	None	None
438	.	2562	None	None
439	В	2564	None	None
440	1998	2566	None	None
441	году	2571	coref	2391
442	он	2576	coref	2382
443	вновь	2579	None	None
444	получил	2585	None	None
445	лицензию	2593	None	None
446	профессионального	2602	None	None
447	боксера	2620	coref	2382
448	.	2627	None	None
