	word	start_char	type	chain_id
0	Двое	0	coref	1844
1	военнослужащих	5	coref	1844
2	ранены	20	None	None
3	в	27	None	None
4	результате	29	None	None
5	подрыва	40	None	None
6	фугаса	48	coref	1845
7	в	55	None	None
8	Чечне	57	coref	1846
9	Двое	64	coref	1844
10	военнослужащих	69	coref	1844
11	ОГВ	84	coref	1844
12	ранены	88	None	None
13	в	95	None	None
14	результате	97	None	None
15	подрыва	108	None	None
16	бронепоезда	116	coref	1845
17	«	128	coref	1845
18	Байкал	129	coref	1845
19	»	135	coref	1845
20	в	137	None	None
21	Чечне	139	coref	1846
22	.	144	None	None
23	В	146	None	None
24	субботу	148	None	None
25	около	156	None	None
26	22	162	None	None
27	:	164	None	None
28	00	165	None	None
29	по	168	None	None
30	московскому	171	None	None
31	времени	183	None	None
32	на	191	None	None
33	перегоне	194	coref	1847
34	Гудермес	203	coref	1847
35	-	212	coref	1847
36	Червленная	214	coref	1847
37	под	225	None	None
38	бронепоездом	229	coref	1845
39	сработало	242	None	None
40	мощное	252	None	None
41	взрывное	259	None	None
42	устройство	268	None	None
43	,	278	None	None
44	в	280	None	None
45	результате	282	None	None
46	чего	293	None	None
47	два	298	None	None
48	вагона	302	None	None
49	сошли	309	None	None
50	с	315	None	None
51	рельсов	317	None	None
52	,	324	None	None
53	сообщили	326	None	None
54	в	335	None	None
55	понедельник	337	None	None
56	в	349	None	None
57	пресс	351	None	None
58	-	356	coref	1847
59	службе	357	None	None
60	Северо	364	None	None
61	-	370	coref	1847
62	Кавказского	371	None	None
63	УВД	383	None	None
64	на	387	None	None
65	транспорте	390	None	None
66	.	400	None	None
67	Пострадавшие	403	coref	1844
68	госпитализированы	416	None	None
69	,	433	None	None
70	их	435	coref	1844
71	жизни	438	None	None
72	вне	444	None	None
73	опасности	448	None	None
74	,	457	None	None
75	уточнили	459	None	None
76	в	468	None	None
77	пресс	470	None	None
78	-	475	coref	1847
79	службе	476	None	None
80	.	482	None	None
81	Прибывшие	485	None	None
82	на	495	None	None
83	место	498	None	None
84	происшествия	504	None	None
85	саперы	517	None	None
86	обнаружили	524	None	None
87	неподалеку	535	None	None
88	от	546	None	None
89	железнодорожного	549	None	None
90	полотна	566	None	None
91	еще	574	coref	1848
92	три	578	coref	1848
93	фугаса	582	coref	1845
94	,	588	None	None
95	которые	590	coref	1848
96	были	598	None	None
97	обезврежены	603	None	None
98	и	615	None	None
99	вывезены	617	None	None
100	.	625	None	None
101	Движение	627	None	None
102	на	636	None	None
103	ветке	639	coref	1847
104	восстановлено	645	None	None
105	спустя	659	None	None
106	несколько	666	None	None
107	часов	676	None	None
108	.	681	None	None
