	word	start_char	type	chain_id
0	Пострадавшей	0	coref	2249
1	при	13	coref	2249
2	взрыве	17	coref	2249
3	на	24	coref	2249
4	Киевском	27	coref	2249
5	шоссе	36	coref	2249
6	сделают	42	None	None
7	пластическую	50	None	None
8	операцию	63	None	None
9	в	72	coref	2254
10	Израиле	74	coref	2251
11	28	83	coref	2249
12	-	85	coref	2249
13	летняя	86	coref	2249
14	москвича	93	coref	2249
15	Татьяна	102	coref	2249
16	Сапунова	110	coref	2249
17	,	118	None	None
18	пострадавшая	120	None	None
19	в	133	coref	2254
20	результате	135	None	None
21	взрыва	146	None	None
22	на	153	coref	2249
23	Киевском	156	coref	2249
24	шоссе	165	coref	2249
25	,	170	None	None
26	отправится	172	None	None
27	во	183	None	None
28	вторник	186	None	None
29	в	194	coref	2254
30	Израиль	196	coref	2251
31	,	203	None	None
32	где	205	coref	2251
33	ей	209	coref	2249
34	будет	212	None	None
35	сделана	218	None	None
36	пластическая	226	None	None
37	операция	239	None	None
38	,	247	None	None
39	сообщает	249	None	None
40	«	258	None	None
41	Интерфакс	259	None	None
42	»	268	None	None
43	.	269	None	None
44	Как	272	None	None
45	сообщили	276	None	None
46	в	285	coref	2254
47	1	287	coref	2252
48	-	288	coref	2249
49	й	289	coref	2252
50	градской	291	coref	2252
51	больнице	300	coref	2252
52	Москвы	309	coref	2252
53	,	315	None	None
54	куда	317	coref	2252
55	была	322	None	None
56	помещена	327	None	None
57	пострадавшая	336	None	None
58	,	348	None	None
59	Сапунову	350	coref	2249
60	будут	359	None	None
61	сопровождать	365	None	None
62	ее	378	coref	2249
63	мать	381	None	None
64	Елена	386	None	None
65	и	392	None	None
66	главный	394	None	None
67	раввин	402	None	None
68	России	409	coref	2253
69	(	416	None	None
70	ФЕОР	417	None	None
71	)	421	None	None
72	Берл	423	None	None
73	Лазар	428	None	None
74	.	433	None	None
75	Накануне	436	None	None
76	целый	445	None	None
77	ряд	451	None	None
78	видных	455	None	None
79	клиник	462	None	None
80	Израиля	469	coref	2251
81	,	476	None	None
82	в	478	coref	2254
83	частности	480	None	None
84	,	489	None	None
85	медицинский	491	coref	2254
86	центр	503	coref	2254
87	в	509	coref	2254
88	городе	511	coref	2254
89	Хайфа	518	coref	2254
90	,	523	None	None
91	предложили	525	None	None
92	москвичке	536	coref	2249
93	свои	546	coref	2254
94	бесплатные	551	None	None
95	услуги	562	None	None
96	.	568	None	None
97	Однако	571	None	None
98	Федерация	578	coref	2255
99	еврейских	588	coref	2255
100	общин	598	coref	2255
101	России	604	coref	2253
102	,	610	None	None
103	которая	612	coref	2255
104	взяла	620	None	None
105	на	626	coref	2249
106	себя	629	coref	2255
107	расходы	634	None	None
108	по	642	None	None
109	излечению	645	None	None
110	Сапуновой	655	coref	2249
111	,	664	None	None
112	предпочла	666	None	None
113	самую	676	None	None
114	лучшую	682	None	None
115	-	689	coref	2249
116	тель	691	None	None
117	-	695	coref	2249
118	авивскую	696	None	None
119	клинику	705	None	None
120	пластической	713	None	None
121	хирургии	726	None	None
122	«	735	None	None
123	Тель	736	None	None
124	-	740	coref	2249
125	Ашонэр	741	None	None
126	»	747	None	None
127	.	748	None	None
128	В	751	None	None
129	настоящее	753	None	None
130	время	763	None	None
131	прогнозы	769	None	None
132	российских	778	None	None
133	врачей	789	None	None
134	относительно	796	None	None
135	перспектив	809	None	None
136	реабилитации	820	None	None
137	пострадавшей	833	coref	2249
138	выглядят	846	None	None
139	достаточно	855	None	None
140	оптимистично	866	None	None
141	.	878	None	None
142	В	881	None	None
143	конце	883	None	None
144	мая	889	None	None
145	Сапунова	893	coref	2249
146	получила	902	None	None
147	ранения	911	None	None
148	в	919	coref	2254
149	результате	921	None	None
150	взрыва	932	None	None
151	,	938	None	None
152	прогремевшего	940	None	None
153	в	954	coref	2254
154	тот	956	None	None
155	момент	960	None	None
156	,	966	None	None
157	когда	968	None	None
158	она	974	coref	2249
159	попыталась	978	None	None
160	убрать	989	None	None
161	антисемитский	996	None	None
162	плакат	1010	None	None
163	с	1017	None	None
164	обочины	1019	None	None
165	Киевского	1027	coref	2250
166	шоссе	1037	coref	2249
167	.	1042	None	None
