	word	start_char	type	chain_id
0	Андре	0	coref	2439
1	Агасси	6	coref	2439
2	проиграл	13	None	None
3	в	22	None	None
4	Шанхае	24	coref	2440
5	второй	31	None	None
6	матч	38	coref	2446
7	подряд	43	None	None
8	Американский	51	coref	2439
9	теннисист	64	coref	2439
10	Андре	74	coref	2439
11	Агасси	80	coref	2439
12	потерпел	87	None	None
13	второе	96	None	None
14	поражение	103	None	None
15	подряд	113	None	None
16	на	120	None	None
17	итоговом	123	None	None
18	чемпионате	132	None	None
19	АТР	143	None	None
20	Masters	147	None	None
21	Cup	155	None	None
22	в	159	None	None
23	Шанхае	161	coref	2440
24	.	167	None	None
25	Агасси	169	coref	2439
26	,	175	coref	2441
27	выступающий	177	None	None
28	в	189	None	None
29	Шанхае	191	coref	2440
30	в	198	None	None
31	«	200	coref	2441
32	Золотой	201	coref	2441
33	группе	209	coref	2441
34	»	215	coref	2441
35	,	216	coref	2441
36	в	218	None	None
37	напряженной	220	None	None
38	борьбе	232	None	None
39	уступил	239	None	None
40	испанскому	247	coref	2442
41	теннисисту	258	coref	2442
42	Хуану	269	coref	2442
43	Карлосу	275	coref	2442
44	Ферреро	283	coref	2442
45	и	291	None	None
46	потерял	293	None	None
47	все	301	None	None
48	шансы	305	None	None
49	на	311	None	None
50	выход	314	None	None
51	в	320	None	None
52	полуфинал	322	None	None
53	.	331	None	None
54	Поединок	333	None	None
55	,	341	coref	2441
56	продолжавшийся	343	None	None
57	два	358	None	None
58	с	362	None	None
59	половиной	364	None	None
60	часа	374	None	None
61	,	378	coref	2441
62	закончился	380	None	None
63	со	391	None	None
64	счетом	394	None	None
65	7	401	None	None
66	:	402	None	None
67	5	403	None	None
68	,	404	coref	2441
69	2	406	None	None
70	:	407	None	None
71	6	408	None	None
72	,	409	coref	2441
73	7	411	None	None
74	:	412	None	None
75	6	413	None	None
76	(	414	None	None
77	8	415	None	None
78	:	416	None	None
79	6	417	None	None
80	)	418	None	None
81	в	420	None	None
82	пользу	422	None	None
83	Ферреро	429	coref	2442
84	.	436	None	None
85	После	438	None	None
86	поражения	444	None	None
87	Андре	454	coref	2439
88	Агасси	460	coref	2439
89	умерла	467	None	None
90	главная	474	None	None
91	интрига	482	None	None
92	нынешнего	490	None	None
93	розыгрыша	500	None	None
94	Masters	510	None	None
95	Cup	518	None	None
96	теперь	522	None	None
97	ничто	529	None	None
98	не	535	None	None
99	помешает	538	None	None
100	австралийцу	547	coref	2443
101	Ллейтону	559	coref	2443
102	Хьюитту	568	coref	2443
103	закончить	576	None	None
104	сезон	586	None	None
105	в	592	None	None
106	ранге	594	None	None
107	первой	600	None	None
108	ракетки	607	None	None
109	мира	615	None	None
110	.	619	None	None
111	Ранее	622	None	None
112	участие	628	None	None
113	в	636	None	None
114	полуфинале	638	None	None
115	турнира	649	coref	2451
116	обеспечил	657	None	None
117	себе	667	coref	2444
118	другой	672	coref	2444
119	представитель	679	coref	2444
120	«	693	coref	2441
121	Золотой	694	coref	2441
122	группы	702	coref	2441
123	»	708	coref	2441
124	швейцарец	710	coref	2444
125	Роже	720	coref	2444
126	Федерер	725	coref	2444
127	,	732	coref	2441
128	который	734	coref	2444
129	в	742	None	None
130	двух	744	None	None
131	матчах	749	None	None
132	одержал	756	None	None
133	две	764	None	None
134	победы	768	None	None
135	-	775	None	None
136	над	777	None	None
137	Ферреро	781	coref	2442
138	и	789	None	None
139	Иржи	791	coref	2445
140	Новаком	796	coref	2445
141	из	804	coref	2445
142	Чехии	807	coref	2445
143	.	812	None	None
144	Заключительные	815	None	None
145	матчи	830	None	None
146	группового	836	coref	2451
147	турнира	847	coref	2451
148	пройдут	855	None	None
149	в	863	None	None
150	пятницу	865	None	None
151	,	872	coref	2441
152	15	874	None	None
153	ноября	877	None	None
154	.	883	None	None
155	Андре	885	coref	2439
156	Агасси	891	coref	2439
157	сыграет	898	None	None
158	против	906	coref	2451
159	Роже	913	coref	2444
160	Федерера	918	coref	2444
161	,	926	coref	2441
162	а	928	None	None
163	Хуан	930	coref	2442
164	Карлос	935	coref	2442
165	Ферреро	942	coref	2442
166	померится	950	None	None
167	силами	960	None	None
168	с	967	None	None
169	Иржи	969	coref	2445
170	Новаком	974	coref	2445
171	.	981	None	None
172	В	983	None	None
173	пятницу	985	None	None
174	же	993	None	None
175	состоится	996	None	None
176	во	1006	None	None
177	многом	1009	None	None
178	решающий	1016	coref	2446
179	матч	1025	coref	2446
180	«	1030	coref	2441
181	Красной	1031	coref	2446
182	группы	1039	coref	2441
183	»	1045	coref	2441
184	,	1046	coref	2441
185	в	1048	None	None
186	котором	1050	coref	2446
187	встретятся	1058	None	None
188	два	1069	None	None
189	испанца	1073	None	None
190	:	1080	None	None
191	Карлос	1082	coref	2442
192	Мойя	1089	coref	2448
193	и	1094	None	None
194	Альберто	1096	coref	2449
195	Коста	1105	coref	2449
196	.	1110	None	None
197	Ну	1113	None	None
198	а	1116	None	None
199	в	1118	None	None
200	данный	1120	None	None
201	момент	1127	None	None
202	на	1134	None	None
203	корте	1137	None	None
204	Шанхая	1143	coref	2440
205	Марат	1150	coref	2450
206	Сафин	1156	coref	2450
207	проводит	1162	None	None
208	свой	1171	coref	2450
209	заключительный	1176	coref	2451
210	поединок	1191	coref	2451
211	группового	1200	coref	2451
212	турнира	1211	coref	2451
213	против	1219	coref	2451
214	Ллейтона	1226	coref	2443
215	Хьюитта	1235	coref	2443
216	,	1242	coref	2441
217	в	1244	None	None
218	котором	1246	coref	2446
219	для	1254	None	None
220	продолжения	1258	None	None
221	дальнейшей	1270	None	None
222	борьбы	1281	None	None
223	россиянину	1288	coref	2450
224	необходима	1299	None	None
225	только	1310	None	None
226	победа	1317	None	None
227	.	1323	None	None
228	В	1325	None	None
229	случае	1327	None	None
230	успеха	1334	None	None
231	у	1341	None	None
232	Марата	1343	coref	2450
233	еще	1350	None	None
234	останутся	1354	None	None
235	небольшие	1364	None	None
236	шансы	1374	None	None
237	на	1380	None	None
238	выход	1383	None	None
239	в	1389	None	None
240	полуфинал	1391	None	None
241	.	1400	None	None
242	Но	1402	None	None
243	он	1405	coref	2450
244	сможет	1408	None	None
245	рассчитывать	1415	None	None
246	на	1428	None	None
247	продолжение	1431	None	None
248	борьбы	1443	None	None
249	только	1450	None	None
250	в	1457	None	None
251	том	1459	None	None
252	случае	1463	None	None
253	,	1469	coref	2441
254	если	1471	None	None
255	в	1476	None	None
256	последней	1478	coref	2452
257	встрече	1488	coref	2452
258	«	1496	coref	2441
259	Красной	1497	coref	2446
260	группы	1505	coref	2441
261	»	1511	coref	2441
262	,	1512	coref	2441
263	которая	1514	coref	2452
264	состоится	1522	None	None
265	в	1532	None	None
266	пятницу	1534	None	None
267	,	1541	coref	2441
268	между	1543	None	None
269	испанцами	1549	None	None
270	Карлосом	1559	coref	2448
271	Мойей	1568	coref	2448
272	и	1574	None	None
273	Альберто	1576	coref	2449
274	Костой	1585	coref	2449
275	победу	1592	None	None
276	одержит	1599	None	None
277	Мойя	1607	coref	2448
278	.	1611	None	None
279	При	1613	None	None
280	таком	1617	None	None
281	раскладе	1623	None	None
282	у	1632	None	None
283	Мойи	1634	coref	2448
284	будет	1639	None	None
285	три	1645	None	None
286	победы	1649	None	None
287	из	1656	coref	2445
288	трех	1659	None	None
289	,	1663	coref	2441
290	а	1665	None	None
291	у	1667	None	None
292	остальных	1669	None	None
293	трех	1679	None	None
294	теннисистов	1684	None	None
295	-	1696	None	None
296	Сафина	1698	coref	2450
297	,	1704	coref	2441
298	Хьюитта	1706	coref	2443
299	и	1714	None	None
300	Косты	1716	coref	2449
301	-	1722	None	None
302	по	1724	None	None
303	одной	1727	None	None
304	победе	1733	None	None
305	и	1740	None	None
306	два	1742	None	None
307	поражения	1746	None	None
308	.	1755	None	None
309	Тогда	1757	None	None
310	второй	1763	None	None
311	полуфиналист	1770	None	None
312	«	1783	coref	2441
313	Красной	1784	coref	2446
314	группы	1792	coref	2441
315	»	1798	coref	2441
316	определится	1800	None	None
317	только	1812	None	None
318	путем	1819	None	None
319	подсчета	1825	None	None
320	разницы	1834	None	None
321	выигранных	1842	None	None
322	и	1853	None	None
323	проигранных	1855	None	None
324	сетов	1867	None	None
325	.	1872	None	None
326	Последний	1875	None	None
327	раз	1885	None	None
328	Сафин	1889	coref	2450
329	и	1895	None	None
330	Хьюитт	1897	coref	2443
331	встречались	1904	None	None
332	3	1916	None	None
333	ноября	1918	None	None
334	в	1925	None	None
335	финале	1927	None	None
336	теннисного	1934	None	None
337	турнира	1945	coref	2451
338	в	1953	None	None
339	Париже	1955	None	None
340	,	1961	coref	2441
341	и	1963	None	None
342	тогда	1965	None	None
343	россиянин	1971	coref	2450
344	в	1981	None	None
345	трех	1983	None	None
346	сетах	1988	None	None
347	одержал	1994	None	None
348	уверенную	2002	None	None
349	победу	2012	None	None
350	,	2018	coref	2441
351	выиграв	2020	None	None
352	вместе	2028	None	None
353	с	2035	None	None
354	финальным	2037	None	None
355	матчем	2047	None	None
356	и	2054	None	None
357	весь	2056	None	None
358	турнир	2061	None	None
359	.	2067	None	None
360	Общий	2069	None	None
361	же	2075	None	None
362	счет	2078	None	None
363	встреч	2083	None	None
364	между	2090	None	None
365	Сафиным	2096	coref	2450
366	и	2104	None	None
367	Хьюиттом	2106	coref	2443
368	-	2115	None	None
369	4	2117	None	None
370	:	2118	None	None
371	3	2119	None	None
372	в	2121	None	None
373	пользу	2123	None	None
374	россиянина	2130	coref	2450
375	.	2140	None	None
