	word	start_char	type	chain_id
0	В	0	None	None
1	Екатеринбурге	2	coref	2341
2	«	16	coref	2342
3	Властелин	17	coref	2342
4	колец	27	coref	2342
5	»	32	coref	2342
6	стал	34	None	None
7	причиной	39	None	None
8	массовой	48	None	None
9	драки	57	coref	2346
10	В	64	None	None
11	Екатеринбурге	66	coref	2341
12	в	80	None	None
13	большом	82	coref	2343
14	зале	90	coref	2343
15	кинотеатра	95	coref	2343
16	«	106	coref	2342
17	Салют	107	coref	2343
18	»	112	coref	2342
19	в	114	None	None
20	понедельник	116	None	None
21	во	128	None	None
22	время	131	None	None
23	вечернего	137	None	None
24	показа	147	None	None
25	фильма	154	coref	2342
26	«	161	coref	2342
27	Властелин	162	coref	2342
28	колец	172	coref	2342
29	»	177	coref	2342
30	началась	179	None	None
31	массовая	188	None	None
32	драка	197	coref	2345
33	.	202	None	None
34	По	204	None	None
35	словам	207	None	None
36	очевидцев	214	None	None
37	,	223	None	None
38	драка	225	coref	2345
39	завязалась	231	None	None
40	спустя	242	None	None
41	некоторое	249	None	None
42	время	259	None	None
43	после	265	None	None
44	начала	271	None	None
45	сеанса	278	None	None
46	.	284	None	None
47	Поводом	286	None	None
48	для	294	None	None
49	нее	298	coref	2345
50	послужило	302	None	None
51	то	312	None	None
52	,	314	None	None
53	что	316	None	None
54	некоторые	320	coref	2346
55	зрители	330	coref	2346
56	получили	338	None	None
57	билеты	347	None	None
58	на	354	None	None
59	одни	357	coref	2347
60	и	362	coref	2347
61	те	364	coref	2347
62	же	367	coref	2347
63	места	370	coref	2347
64	.	375	None	None
65	Выясняя	377	None	None
66	,	384	None	None
67	кто	386	None	None
68	должен	390	None	None
69	сидеть	397	None	None
70	на	404	None	None
71	этих	407	coref	2347
72	местах	412	coref	2347
73	,	418	None	None
74	четверо	420	coref	2346
75	молодых	428	coref	2346
76	людей	436	coref	2346
77	не	442	None	None
78	смогли	445	None	None
79	договориться	452	None	None
80	и	465	coref	2347
81	стали	467	None	None
82	выяснять	473	None	None
83	отношения	482	None	None
84	при	492	None	None
85	помощи	496	None	None
86	кулаков	503	None	None
87	,	510	None	None
88	передает	512	None	None
89	АПН	521	None	None
90	.	524	None	None
91	После	527	None	None
92	вмешательства	533	None	None
93	администрации	547	coref	2348
94	кинотеатра	561	coref	2343
95	участники	572	coref	2346
96	драки	582	coref	2346
97	некоторое	588	None	None
98	время	598	None	None
99	продолжали	604	None	None
100	конфликтовать	615	None	None
101	с	629	coref	2346
102	охраной	631	None	None
103	и	639	coref	2347
104	друг	641	coref	2346
105	с	646	coref	2346
106	другом	648	coref	2346
107	,	654	None	None
108	но	656	None	None
109	вскоре	659	None	None
110	были	666	None	None
111	силой	671	None	None
112	выведены	677	None	None
113	из	686	None	None
114	зала	689	coref	2343
115	.	693	None	None
116	Примечательно	695	None	None
117	,	708	None	None
118	что	710	None	None
119	во	714	None	None
120	время	717	None	None
121	потасовки	723	None	None
122	показ	733	None	None
123	фильма	739	coref	2342
124	не	746	None	None
125	прекращался	749	None	None
126	,	760	None	None
127	поэтому	762	None	None
128	настроение	770	None	None
129	многих	781	None	None
130	зрителей	788	None	None
131	и	797	coref	2347
132	впечатление	799	None	None
133	от	811	None	None
134	фильма	814	coref	2342
135	были	821	None	None
136	испорчены	826	None	None
137	.	835	None	None
138	Между	838	None	None
139	тем	844	None	None
140	это	848	None	None
141	не	852	None	None
142	первый	855	None	None
143	случай	862	None	None
144	,	868	None	None
145	когда	870	None	None
146	зрителям	876	None	None
147	«	885	coref	2342
148	Салюта	886	coref	2344
149	»	892	coref	2342
150	продаются	894	None	None
151	билеты	904	None	None
152	на	911	None	None
153	одни	914	coref	2347
154	и	919	coref	2347
155	те	921	coref	2347
156	же	924	coref	2347
157	места	927	coref	2347
158	.	932	None	None
159	До	934	None	None
160	сих	937	None	None
161	пор	941	None	None
162	неизвестно	945	None	None
163	,	955	None	None
164	возвратили	957	None	None
165	ли	968	None	None
166	деньги	971	None	None
167	обманутым	978	coref	2346
168	поклонникам	988	coref	2346
169	Толкиена	1000	coref	2346
170	:	1008	None	None
171	администрация	1010	coref	2348
172	кинотеатра	1024	coref	2343
173	«	1035	coref	2342
174	Салют	1036	coref	2343
175	»	1041	coref	2342
176	никак	1043	None	None
177	не	1049	None	None
178	комментирует	1052	None	None
179	случившееся	1065	None	None
180	.	1076	None	None
