	word	start_char	type	chain_id
0	Чиновники	0	None	None
1	Олимпийского	10	coref	2600
2	комитета	23	coref	2600
3	России	32	coref	2600
4	обманули	39	None	None
5	и	48	coref	2617
6	спортсменов	50	None	None
7	,	61	None	None
8	и	63	coref	2617
9	болельщиков	65	None	None
10	Воли	78	None	None
11	российских	83	coref	2616
12	спортивных	94	None	None
13	чиновников	105	None	None
14	,	115	None	None
15	представляющих	117	None	None
16	нашу	132	coref	2601
17	сборную	137	coref	2602
18	в	145	coref	2601
19	Солт	147	coref	2603
20	-	151	coref	2603
21	Лейк	152	coref	2603
22	-	156	coref	2603
23	Сити	157	coref	2603
24	,	161	None	None
25	хватило	163	None	None
26	лишь	171	None	None
27	на	176	None	None
28	один	179	None	None
29	день	184	None	None
30	.	188	None	None
31	Поднятый	190	None	None
32	переполох	199	None	None
33	задел	209	None	None
34	патриотические	215	None	None
35	чувства	230	None	None
36	россиян	238	coref	2602
37	и	246	coref	2617
38	наделал	248	None	None
39	шума	256	None	None
40	в	261	coref	2601
41	прессе	263	None	None
42	.	269	None	None
43	Спустив	271	None	None
44	пар	279	None	None
45	,	282	None	None
46	российские	284	None	None
47	чиновники	295	None	None
48	успокоились	305	None	None
49	.	316	None	None
50	И	318	None	None
51	,	319	None	None
52	видимо	321	None	None
53	,	327	None	None
54	предложили	329	None	None
55	сделать	340	None	None
56	то	348	None	None
57	же	351	None	None
58	самое	354	None	None
59	и	360	coref	2617
60	болельщикам	362	None	None
61	.	373	None	None
62	Жак	375	coref	2604
63	Рогге	379	coref	2604
64	,	384	None	None
65	объявленный	386	None	None
66	еще	398	None	None
67	вчера	402	None	None
68	врагом	408	None	None
69	,	414	None	None
70	был	416	None	None
71	встречен	420	None	None
72	в	429	coref	2601
73	«	431	coref	2614
74	Русском	432	None	None
75	доме	440	None	None
76	»	444	coref	2614
77	президентом	446	coref	2604
78	ОКР	458	coref	2600
79	Леонидом	462	coref	2605
80	Тягачевым	471	coref	2605
81	со	481	None	None
82	словами	484	None	None
83	:	491	None	None
84	«	493	coref	2614
85	Настоящие	494	None	None
86	русские	504	None	None
87	апплодистменты	512	None	None
88	для	527	None	None
89	дорогих	531	None	None
90	гостей	539	None	None
91	»	545	coref	2614
92	.	546	None	None
93	На	548	None	None
94	встрече	551	None	None
95	присутствовали	559	None	None
96	и	574	coref	2617
97	Юрий	576	None	None
98	Лужков	581	None	None
99	,	587	None	None
100	и	589	coref	2617
101	вице	591	coref	2607
102	-	595	coref	2603
103	премьер	596	None	None
104	правительства	604	None	None
105	Валентина	618	None	None
106	Матвиенко	628	None	None
107	.	637	None	None
108	Тягачев	639	coref	2605
109	на	647	None	None
110	этой	650	None	None
111	встрече	655	None	None
112	говорил	663	None	None
113	абсолютно	671	None	None
114	противоположные	681	None	None
115	вещи	697	None	None
116	сказанным	702	None	None
117	на	712	None	None
118	пресс	715	None	None
119	-	720	coref	2603
120	конференции	721	None	None
121	.	732	None	None
122	По	734	None	None
123	его	737	coref	2605
124	словам	741	None	None
125	,	747	None	None
126	там	749	coref	2601
127	в	753	coref	2601
128	России	755	coref	2600
129	полностью	762	None	None
130	не	772	None	None
131	понимают	775	None	None
132	того	784	None	None
133	,	788	None	None
134	что	790	None	None
135	здесь	794	None	None
136	происходит	800	None	None
137	.	810	None	None
138	В	812	None	None
139	большинстве	814	None	None
140	случаев	826	None	None
141	судьи	834	coref	2626
142	были	840	None	None
143	правы	845	None	None
144	,	850	None	None
145	как	852	None	None
146	бы	856	None	None
147	продолжил	859	None	None
148	мысль	869	None	None
149	президента	875	coref	2604
150	МОК	886	coref	2604
151	российский	890	coref	2605
152	чиновник	901	coref	2605
153	.	909	None	None
154	После	912	None	None
155	переговоров	918	None	None
156	с	930	None	None
157	президентом	932	coref	2604
158	МОК	944	coref	2604
159	Жаком	948	coref	2604
160	Рогге	954	coref	2604
161	руководство	960	None	None
162	сборной	972	coref	2602
163	и	980	coref	2617
164	НОК	982	coref	2600
165	России	986	coref	2600
166	приняло	993	None	None
167	решение	1001	None	None
168	отказаться	1009	None	None
169	от	1020	None	None
170	того	1023	None	None
171	,	1027	None	None
172	чтобы	1029	None	None
173	демонстративно	1035	None	None
174	досрочно	1050	None	None
175	покинуть	1059	None	None
176	Солт	1068	coref	2603
177	-	1072	coref	2603
178	Лейк	1073	coref	2603
179	-	1077	coref	2603
180	Сити	1078	coref	2603
181	.	1082	None	None
182	По	1084	None	None
183	словам	1087	None	None
184	вице	1094	coref	2607
185	-	1098	coref	2603
186	президента	1099	coref	2604
187	МОК	1110	coref	2604
188	Виталия	1114	coref	2607
189	Смирнова	1122	coref	2607
190	,	1130	None	None
191	национальная	1132	coref	2602
192	команда	1145	coref	2602
193	остается	1153	None	None
194	в	1162	coref	2601
195	Солт	1164	coref	2603
196	-	1168	coref	2603
197	Лейк	1169	coref	2603
198	-	1173	coref	2603
199	Сити	1174	coref	2603
200	:	1178	None	None
201	наши	1180	coref	2601
202	спортсмены	1185	coref	2602
203	примут	1196	None	None
204	участие	1203	None	None
205	во	1211	None	None
206	всех	1214	None	None
207	оставшихся	1219	None	None
208	видах	1230	None	None
209	программы	1236	None	None
210	,	1245	None	None
211	а	1247	None	None
212	также	1249	None	None
213	в	1255	coref	2601
214	церемонии	1257	None	None
215	закрытия	1267	None	None
216	.	1275	None	None
217	По	1277	None	None
218	словам	1280	None	None
219	Смирнова	1287	coref	2607
220	,	1295	None	None
221	Рогге	1297	coref	2604
222	заверил	1303	None	None
223	его	1311	coref	2605
224	,	1314	None	None
225	что	1316	None	None
226	все	1320	None	None
227	жалобы	1324	None	None
228	представителей	1331	None	None
229	нашей	1346	coref	2601
230	страны	1352	coref	2601
231	будут	1359	None	None
232	рассмотрены	1365	None	None
233	.	1376	None	None
234	Правда	1378	None	None
235	,	1384	None	None
236	ничего	1386	None	None
237	не	1393	None	None
238	говорится	1396	None	None
239	о	1406	None	None
240	сроках	1408	coref	2608
241	,	1414	None	None
242	в	1416	coref	2601
243	которые	1418	coref	2608
244	произойдет	1426	None	None
245	рассмотрение	1437	None	None
246	.	1449	None	None
247	Напомним	1452	None	None
248	,	1460	None	None
249	что	1462	None	None
250	за	1466	None	None
251	несколько	1469	None	None
252	часов	1479	None	None
253	до	1485	None	None
254	встречи	1488	None	None
255	с	1496	None	None
256	президентом	1498	coref	2604
257	МОК	1510	coref	2604
258	,	1513	None	None
259	российская	1515	coref	2601
260	сторона	1526	coref	2601
261	получила	1534	None	None
262	отказ	1543	None	None
263	в	1549	coref	2601
264	проведении	1551	None	None
265	так	1562	None	None
266	называемой	1566	None	None
267	«	1577	coref	2614
268	перестартовки	1578	None	None
269	»	1591	coref	2614
270	олимпийской	1593	None	None
271	лыжной	1605	coref	2609
272	эстафеты	1612	None	None
273	среди	1621	None	None
274	женщин	1627	None	None
275	.	1633	None	None
276	Об	1635	None	None
277	этом	1638	None	None
278	в	1643	coref	2601
279	прямом	1645	None	None
280	эфире	1652	None	None
281	ОРТ	1658	None	None
282	сообщил	1662	None	None
283	президент	1670	coref	2605
284	Олимпийского	1680	coref	2600
285	комитета	1693	coref	2600
286	России	1702	coref	2600
287	Леонид	1709	coref	2605
288	Тягачев	1716	coref	2605
289	.	1723	None	None
290	Он	1725	coref	2605
291	признал	1728	None	None
292	,	1735	None	None
293	что	1737	None	None
294	тренеры	1741	coref	2609
295	российской	1749	coref	2601
296	лыжной	1760	coref	2609
297	сборной	1767	coref	2602
298	проявили	1775	None	None
299	«	1784	coref	2614
300	халатное	1785	None	None
301	отношение	1794	None	None
302	к	1804	None	None
303	девочкам	1806	coref	2610
304	»	1814	coref	2614
305	.	1815	None	None
306	Он	1817	coref	2605
307	пояснил	1820	None	None
308	,	1827	None	None
309	что	1829	None	None
310	допинг	1833	None	None
311	-	1839	coref	2603
312	пробу	1840	None	None
313	у	1846	None	None
314	Лазутиной	1848	coref	2611
315	взяли	1858	None	None
316	за	1864	None	None
317	два	1867	None	None
318	часа	1871	None	None
319	до	1876	None	None
320	старта	1879	None	None
321	.	1885	None	None
322	Если	1887	None	None
323	бы	1892	None	None
324	тренеры	1895	coref	2609
325	в	1903	coref	2601
326	это	1905	None	None
327	время	1909	None	None
328	были	1915	None	None
329	рядом	1920	None	None
330	,	1925	None	None
331	то	1927	None	None
332	они	1930	coref	2609
333	бы	1934	None	None
334	успели	1937	None	None
335	заменить	1944	None	None
336	спортсменку	1953	coref	2611
337	,	1964	None	None
338	однако	1966	None	None
339	к	1973	None	None
340	это	1975	None	None
341	время	1979	None	None
342	наставники	1985	coref	2609
343	лыжниц	1996	coref	2609
344	«	2003	coref	2614
345	были	2004	None	None
346	заняты	2009	None	None
347	трассой	2016	None	None
348	и	2024	coref	2617
349	лыжами	2026	None	None
350	»	2032	coref	2614
351	.	2033	None	None
352	Чем	2035	None	None
353	должен	2039	None	None
354	был	2046	None	None
355	заниматься	2050	None	None
356	тренер	2061	None	None
357	перед	2068	None	None
358	стартом	2074	None	None
359	вместо	2082	None	None
360	этого	2089	None	None
361	,	2094	None	None
362	он	2096	coref	2605
363	не	2099	None	None
364	пояснил	2102	None	None
365	.	2109	None	None
366	Позднее	2112	None	None
367	стало	2120	None	None
368	известно	2126	None	None
369	,	2134	None	None
370	что	2136	None	None
371	и	2140	coref	2617
372	протест	2142	None	None
373	,	2149	None	None
374	поданный	2151	None	None
375	российской	2160	coref	2601
376	стороной	2171	coref	2601
377	в	2180	coref	2601
378	связи	2182	None	None
379	с	2188	None	None
380	присуждением	2190	None	None
381	российской	2203	coref	2601
382	фигуристке	2214	None	None
383	Ирине	2225	None	None
384	Слуцкой	2231	None	None
385	серебряной	2239	None	None
386	медали	2250	None	None
387	на	2257	None	None
388	Олимпиаде	2260	None	None
389	в	2270	coref	2601
390	Солт	2272	coref	2603
391	-	2276	coref	2603
392	Лейк	2277	coref	2603
393	-	2281	coref	2603
394	Сити	2282	coref	2603
395	также	2287	None	None
396	отклонен	2293	None	None
397	.	2301	None	None
398	Ну	2304	None	None
399	а	2307	None	None
400	чиновники	2309	None	None
401	на	2319	None	None
402	дружеской	2322	None	None
403	встрече	2332	None	None
404	вместе	2340	None	None
405	пришли	2347	None	None
406	примерно	2354	None	None
407	к	2363	None	None
408	тому	2365	None	None
409	,	2369	None	None
410	что	2371	None	None
411	нынешняя	2375	None	None
412	Олимпиада	2384	None	None
413	-	2394	coref	2603
414	очень	2396	None	None
415	эмоциональна	2402	None	None
416	,	2414	None	None
417	и	2416	coref	2617
418	исчерпанный	2418	None	None
419	скандал	2430	None	None
420	-	2438	coref	2603
421	не	2440	None	None
422	что	2443	None	None
423	иное	2447	None	None
424	как	2452	None	None
425	нервный	2456	None	None
426	срыв	2464	None	None
427	российской	2469	coref	2601
428	стороны	2480	coref	2601
429	.	2487	None	None
430	Получается	2490	None	None
431	,	2500	None	None
432	что	2502	None	None
433	спортсмены	2506	coref	2602
434	,	2516	None	None
435	журналисты	2518	None	None
436	и	2529	coref	2617
437	простые	2531	None	None
438	болельщики	2539	None	None
439	просто	2550	None	None
440	не	2557	None	None
441	умеют	2560	None	None
442	себя	2566	None	None
443	держать	2571	None	None
444	в	2579	coref	2601
445	руках	2581	None	None
446	.	2586	None	None
447	Последней	2589	None	None
448	надеждой	2599	None	None
449	восстановить	2608	None	None
450	справедливость	2621	None	None
451	в	2636	coref	2601
452	очном	2638	None	None
453	поединке	2644	None	None
454	с	2653	None	None
455	обидчиками	2655	None	None
456	являлся	2666	None	None
457	для	2674	None	None
458	россиян	2678	coref	2602
459	полуфинальный	2686	None	None
460	матч	2700	coref	2614
461	олимпийского	2705	None	None
462	хоккейного	2718	None	None
463	турнира	2729	None	None
464	против	2737	None	None
465	сборной	2744	coref	2602
466	США	2752	coref	2612
467	.	2755	None	None
468	Борьба	2757	None	None
469	за	2764	None	None
470	престиж	2767	None	None
471	России	2775	coref	2600
472	-	2782	coref	2603
473	так	2784	None	None
474	воспринимали	2788	None	None
475	полуфинальное	2801	None	None
476	противостояние	2815	None	None
477	между	2830	None	None
478	Россией	2836	coref	2601
479	и	2844	coref	2617
480	США	2846	coref	2612
481	российские	2850	None	None
482	болельщики	2861	None	None
483	.	2871	None	None
484	«	2873	coref	2614
485	Самый	2874	coref	2614
486	зрелищный	2880	coref	2614
487	матч	2890	coref	2614
488	»	2894	coref	2614
489	,	2895	None	None
490	как	2897	None	None
491	назвал	2901	None	None
492	его	2908	coref	2605
493	за	2912	None	None
494	несколько	2915	None	None
495	часов	2925	None	None
496	до	2931	None	None
497	начала	2934	None	None
498	наставник	2941	coref	2615
499	нашей	2951	coref	2601
500	сборной	2957	coref	2602
501	Вячеслав	2965	coref	2615
502	Фетисов	2974	coref	2615
503	.	2981	None	None
504	Его	2983	coref	2615
505	прогноз	2987	None	None
506	оправдался	2995	None	None
507	лишь	3006	None	None
508	на	3011	None	None
509	треть	3014	None	None
510	.	3019	None	None
511	С	3022	None	None
512	первых	3024	None	None
513	минут	3031	None	None
514	американцы	3037	coref	2612
515	чаще	3048	None	None
516	беспокоили	3053	None	None
517	Николая	3064	coref	2617
518	Хабибулина	3072	coref	2617
519	,	3082	None	None
520	в	3084	coref	2601
521	основном	3086	None	None
522	,	3094	None	None
523	дальними	3096	None	None
524	бросками	3105	None	None
525	.	3113	None	None
526	Такая	3115	None	None
527	игра	3121	None	None
528	-	3126	coref	2603
529	вполне	3128	None	None
530	привычна	3135	None	None
531	для	3144	None	None
532	голкипера	3148	coref	2617
533	сборной	3158	coref	2602
534	России	3166	coref	2600
535	и	3173	coref	2617
536	«	3175	coref	2614
537	Тампы	3176	coref	2617
538	Бэй	3182	coref	2617
539	»	3185	coref	2614
540	.	3186	None	None
541	К	3188	None	None
542	тому	3190	None	None
543	же	3195	None	None
544	служит	3198	None	None
545	ему	3205	coref	2617
546	неплохой	3209	None	None
547	разминкой	3218	None	None
548	.	3227	None	None
549	Но	3229	None	None
550	на	3232	None	None
551	15	3235	None	None
552	-	3237	coref	2603
553	й	3238	None	None
554	минуте	3240	None	None
555	голкипер	3247	coref	2617
556	нашей	3256	coref	2601
557	сборной	3262	coref	2602
558	все	3270	None	None
559	же	3274	None	None
560	не	3277	None	None
561	справился	3280	None	None
562	с	3290	None	None
563	очередной	3292	None	None
564	атакой	3302	None	None
565	:	3308	None	None
566	Билл	3310	coref	2626
567	Герин	3315	None	None
568	воспользовался	3321	None	None
569	удалением	3336	None	None
570	Андрея	3346	None	None
571	Николишина	3353	None	None
572	и	3364	coref	2617
573	открыл	3366	None	None
574	счет	3373	None	None
575	в	3378	coref	2601
576	матче	3380	None	None
577	.	3385	None	None
578	За	3387	None	None
579	оставшиеся	3390	None	None
580	до	3401	None	None
581	конца	3404	None	None
582	первого	3410	None	None
583	периода	3418	None	None
584	подопечные	3426	coref	2616
585	Вячеслава	3437	coref	2615
586	Фетисова	3447	coref	2615
587	отыграться	3456	None	None
588	не	3467	None	None
589	смогли	3470	None	None
590	.	3476	None	None
591	Больше	3478	None	None
592	того	3485	None	None
593	,	3489	None	None
594	американцы	3491	coref	2612
595	провели	3502	None	None
596	в	3510	coref	2601
597	нашей	3512	coref	2601
598	зоне	3518	None	None
599	большую	3523	None	None
600	часть	3531	None	None
601	времени	3537	None	None
602	.	3544	None	None
603	Итог	3546	None	None
604	периода	3551	None	None
605	-	3559	coref	2603
606	4	3561	None	None
607	сэйва	3563	None	None
608	Рихтера	3569	coref	2618
609	против	3577	None	None
610	19	3584	None	None
611	Хабибулина	3587	coref	2617
612	.	3597	None	None
613	0	3599	None	None
614	:	3600	None	None
615	1	3601	None	None
616	.	3602	None	None
617	Во	3605	None	None
618	втором	3608	None	None
619	периоде	3615	None	None
620	американцы	3623	coref	2612
621	продолжили	3634	None	None
622	давление	3645	None	None
623	на	3654	None	None
624	ворота	3657	coref	2619
625	Хабибулина	3664	coref	2617
626	:	3674	None	None
627	в	3676	coref	2601
628	середине	3678	None	None
629	матча	3687	coref	2626
630	счет	3693	None	None
631	бросков	3698	None	None
632	по	3706	None	None
633	воротам	3709	coref	2620
634	стал	3717	None	None
635	33	3722	None	None
636	:	3724	None	None
637	5	3725	None	None
638	в	3727	coref	2601
639	пользу	3729	None	None
640	хозяев	3736	coref	2612
641	.	3742	None	None
642	А	3744	None	None
643	россияне	3746	coref	2616
644	вновь	3755	None	None
645	не	3761	None	None
646	справляются	3764	None	None
647	с	3776	None	None
648	обороной	3778	None	None
649	,	3786	None	None
650	что	3788	None	None
651	влечет	3792	None	None
652	за	3799	None	None
653	собой	3802	None	None
654	очередное	3808	None	None
655	удаление	3818	None	None
656	.	3826	None	None
657	И	3828	None	None
658	снова	3830	None	None
659	сборная	3836	coref	2612
660	США	3844	coref	2612
661	смогла	3848	None	None
662	реализовать	3855	None	None
663	численное	3867	None	None
664	преимущество	3877	None	None
665	:	3889	None	None
666	два	3891	None	None
667	защитника	3895	None	None
668	не	3905	None	None
669	уследили	3908	None	None
670	за	3917	None	None
671	шайбой	3920	coref	2621
672	,	3926	None	None
673	посланной	3928	None	None
674	Скоттом	3938	None	None
675	Янгом	3946	None	None
676	и	3952	coref	2617
677	отскочившей	3954	None	None
678	от	3966	None	None
679	щитков	3969	None	None
680	Хабибулина	3976	coref	2617
681	.	3986	None	None
682	Перескочив	3988	None	None
683	через	3999	None	None
684	голкипера	4005	coref	2617
685	,	4014	None	None
686	она	4016	coref	2621
687	оказалась	4020	None	None
688	в	4030	coref	2601
689	воротах	4032	coref	2619
690	.	4039	None	None
691	За	4041	None	None
692	2	4044	None	None
693	,	4045	None	None
694	5	4046	None	None
695	минуты	4048	None	None
696	до	4055	None	None
697	конца	4058	None	None
698	второго	4064	None	None
699	периода	4072	None	None
700	наши	4080	coref	2601
701	хоккеисты	4085	coref	2616
702	пропускают	4095	None	None
703	еще	4106	None	None
704	одну	4110	None	None
705	шайбу	4115	None	None
706	.	4120	None	None
707	И	4122	None	None
708	снова	4124	None	None
709	в	4130	coref	2601
710	меньшинстве	4132	None	None
711	.	4143	None	None
712	Пока	4145	None	None
713	Алексей	4150	None	None
714	Жамнов	4158	None	None
715	отбывает	4165	None	None
716	наказание	4174	None	None
717	,	4183	None	None
718	американцы	4185	coref	2612
719	снова	4196	None	None
720	ловят	4202	None	None
721	россиян	4208	coref	2602
722	на	4216	None	None
723	добивании	4219	None	None
724	.	4228	None	None
725	Автор	4230	None	None
726	гола	4236	None	None
727	-	4241	coref	2603
728	Фил	4243	None	None
729	Хаусли	4247	None	None
730	.	4253	None	None
731	Со	4255	None	None
732	счетом	4258	None	None
733	0	4265	None	None
734	:	4266	None	None
735	3	4267	None	None
736	хоккеисты	4269	coref	2616
737	ушли	4279	None	None
738	на	4284	None	None
739	второй	4287	None	None
740	перерыв	4294	None	None
741	.	4301	None	None
742	Три	4303	None	None
743	шайбы	4307	None	None
744	на	4313	None	None
745	этих	4316	None	None
746	Играх	4321	None	None
747	не	4327	None	None
748	отыгрывал	4330	None	None
749	пока	4340	None	None
750	никто	4345	None	None
751	.	4350	None	None
752	Что	4353	None	None
753	сказал	4357	None	None
754	в	4364	coref	2601
755	перерыве	4366	None	None
756	своим	4375	coref	2615
757	подопечным	4381	coref	2616
758	Вячеслав	4392	coref	2615
759	Фетисов	4401	coref	2615
760	,	4408	None	None
761	остается	4410	None	None
762	загадкой	4419	None	None
763	.	4427	None	None
764	Может	4429	None	None
765	,	4434	None	None
766	он	4436	coref	2605
767	предупредил	4439	None	None
768	игроков	4451	coref	2616
769	,	4458	None	None
770	что	4460	None	None
771	для	4464	None	None
772	многих	4468	None	None
773	из	4475	None	None
774	них	4478	coref	2616
775	эта	4482	None	None
776	Олимпиада	4486	None	None
777	будет	4496	None	None
778	последней	4502	None	None
779	или	4512	None	None
780	указал	4516	None	None
781	,	4522	None	None
782	в	4524	coref	2601
783	каком	4526	None	None
784	направлении	4532	None	None
785	находятся	4544	None	None
786	ворота	4554	coref	2619
787	американцев	4561	coref	2612
788	?	4572	None	None
789	Как	4574	None	None
790	бы	4578	None	None
791	то	4581	None	None
792	ни	4584	None	None
793	было	4587	None	None
794	,	4591	None	None
795	этой	4593	None	None
796	речи	4598	None	None
797	им	4603	coref	2616
798	хватило	4606	None	None
799	,	4613	None	None
800	по	4615	None	None
801	крайней	4618	None	None
802	мере	4626	None	None
803	,	4630	None	None
804	на	4632	None	None
805	половину	4635	None	None
806	периода	4644	None	None
807	.	4651	None	None
808	Россиян	4653	coref	2616
809	было	4661	None	None
810	просто	4666	None	None
811	не	4673	None	None
812	узнать	4676	None	None
813	.	4682	None	None
814	На	4684	None	None
815	лед	4687	None	None
816	в	4691	coref	2601
817	третьем	4693	None	None
818	периоде	4701	None	None
819	вышла	4709	None	None
820	совсем	4715	None	None
821	другая	4722	None	None
822	команда	4729	coref	2602
823	.	4736	None	None
824	Уже	4738	None	None
825	на	4742	None	None
826	первой	4745	None	None
827	минуте	4752	None	None
828	Алексей	4759	None	None
829	Ковалев	4767	None	None
830	вовремя	4775	None	None
831	подоспел	4783	None	None
832	к	4792	None	None
833	отскочившей	4794	None	None
834	от	4806	None	None
835	Рихтера	4809	coref	2618
836	шайбе	4817	coref	2621
837	и	4823	coref	2617
838	забросил	4825	None	None
839	ее	4834	coref	2621
840	в	4837	coref	2601
841	сетку	4839	None	None
842	.	4844	None	None
843	Через	4846	None	None
844	пару	4852	None	None
845	минут	4857	None	None
846	,	4862	None	None
847	когда	4864	None	None
848	в	4870	coref	2601
849	воротах	4872	coref	2619
850	американцев	4880	coref	2612
851	оказалась	4892	None	None
852	вторая	4902	None	None
853	шайба	4909	coref	2621
854	(	4915	None	None
855	отличился	4916	None	None
856	Владимир	4926	coref	2624
857	Малахов	4935	coref	2624
858	)	4942	None	None
859	,	4943	None	None
860	Брук	4945	None	None
861	взял	4950	None	None
862	тайм	4955	None	None
863	-	4959	coref	2603
864	аут	4960	None	None
865	.	4963	None	None
866	Игра	4965	None	None
867	оживилась	4970	None	None
868	,	4979	None	None
869	темп	4981	None	None
870	заметно	4986	None	None
871	возрос	4994	None	None
872	.	5000	None	None
873	Россия	5002	coref	2601
874	вошла	5009	None	None
875	в	5015	coref	2601
876	зону	5017	coref	2625
877	соперника	5022	coref	2612
878	и	5032	coref	2617
879	долго	5034	None	None
880	не	5040	None	None
881	выходила	5043	None	None
882	оставалась	5052	None	None
883	там	5063	coref	2601
884	,	5066	None	None
885	полностью	5068	None	None
886	завладев	5078	None	None
887	инициативой	5087	None	None
888	.	5098	None	None
889	В	5100	None	None
890	один	5102	None	None
891	из	5107	None	None
892	опаснейших	5110	None	None
893	моментов	5121	None	None
894	шайба	5130	coref	2621
895	была	5136	None	None
896	на	5141	None	None
897	линии	5144	None	None
898	ворот	5150	coref	2623
899	.	5155	None	None
900	Вполне	5157	None	None
901	вероятно	5164	None	None
902	,	5172	None	None
903	что	5174	None	None
904	она	5178	coref	2621
905	и	5182	coref	2617
906	пересекла	5184	None	None
907	линию	5194	None	None
908	,	5199	None	None
909	но	5201	None	None
910	арбитр	5204	coref	2626
911	не	5211	None	None
912	заметил	5214	None	None
913	этого	5222	None	None
914	,	5227	None	None
915	да	5229	None	None
916	и	5232	coref	2617
917	не	5234	None	None
918	мог	5237	None	None
919	заметить	5241	None	None
920	-	5250	coref	2603
921	американцы	5252	coref	2612
922	буквально	5263	None	None
923	ложились	5273	None	None
924	перед	5282	None	None
925	воротами	5288	coref	2623
926	,	5296	None	None
927	и	5298	coref	2617
928	за	5300	None	None
929	ними	5303	coref	2612
930	не	5308	None	None
931	было	5311	None	None
932	видно	5316	None	None
933	ровным	5322	None	None
934	счетом	5329	None	None
935	ничего	5336	None	None
936	.	5342	None	None
937	Именно	5345	None	None
938	на	5352	None	None
939	этот	5355	None	None
940	момент	5360	None	None
941	полные	5367	None	None
942	эмоций	5374	None	None
943	побежденные	5381	coref	2616
944	пытались	5393	None	None
945	использовать	5402	None	None
946	сразу	5415	None	None
947	после	5421	None	None
948	финальной	5427	None	None
949	сирены	5437	None	None
950	.	5443	None	None
951	Сразу	5445	None	None
952	после	5451	None	None
953	завершения	5457	None	None
954	матча	5468	coref	2626
955	Вячеслав	5474	coref	2615
956	Фетисов	5483	coref	2615
957	заявил	5491	None	None
958	,	5497	None	None
959	что	5499	None	None
960	судья	5503	coref	2626
961	матча	5509	coref	2626
962	канадец	5515	coref	2626
963	Билл	5523	coref	2626
964	Макрири	5528	coref	2626
965	несправедливо	5536	None	None
966	отнесся	5550	None	None
967	к	5558	None	None
968	российской	5560	coref	2601
969	команде	5571	coref	2616
970	.	5578	None	None
971	Позиция	5580	None	None
972	российских	5588	coref	2616
973	хоккеистов	5599	coref	2616
974	,	5609	None	None
975	выразивших	5611	None	None
976	свое	5622	coref	2616
977	возмущение	5627	None	None
978	канадскому	5638	coref	2626
979	арбитру	5649	coref	2626
980	сразу	5657	None	None
981	после	5663	None	None
982	финального	5669	None	None
983	свистка	5680	None	None
984	,	5687	None	None
985	была	5689	None	None
986	вызвана	5694	None	None
987	именно	5702	None	None
988	таким	5709	None	None
989	отношением	5715	None	None
990	судьи	5726	coref	2626
991	.	5731	None	None
992	В	5733	None	None
993	результате	5735	None	None
994	этого	5746	None	None
995	инцидента	5752	None	None
996	российский	5762	coref	2605
997	игрок	5773	None	None
998	Дэнни	5779	None	None
999	Марков	5785	None	None
1000	получил	5792	None	None
1001	«	5800	coref	2614
1002	серьезное	5801	None	None
1003	предупреждение	5811	None	None
1004	за	5826	None	None
1005	неподобающее	5829	None	None
1006	отношение	5842	None	None
1007	к	5852	None	None
1008	официальному	5854	coref	2626
1009	лицу	5867	coref	2626
1010	»	5871	coref	2614
1011	и	5873	coref	2617
1012	было	5875	None	None
1013	лишен	5880	None	None
1014	права	5886	None	None
1015	выступать	5892	None	None
1016	за	5902	None	None
1017	команду	5905	coref	2616
1018	в	5913	coref	2601
1019	матче	5915	None	None
1020	за	5921	None	None
1021	олимпийскую	5924	None	None
1022	«	5936	coref	2614
1023	бронзу	5937	None	None
1024	»	5943	coref	2614
1025	.	5944	None	None
1026	Засидевшись	5947	None	None
1027	в	5959	coref	2601
1028	своей	5961	coref	2612
1029	зоне	5967	None	None
1030	,	5971	None	None
1031	соперник	5973	coref	2612
1032	потихоньку	5982	None	None
1033	начал	5993	None	None
1034	приходить	5999	None	None
1035	в	6009	coref	2601
1036	себя	6011	None	None
1037	.	6015	None	None
1038	Наши	6017	coref	2616
1039	атаки	6022	None	None
1040	стали	6028	None	None
1041	захлебываться	6034	None	None
1042	.	6047	None	None
1043	Выход	6049	None	None
1044	два	6055	None	None
1045	в	6059	coref	2601
1046	одного	6061	None	None
1047	на	6068	None	None
1048	14	6071	None	None
1049	-	6073	coref	2603
1050	й	6074	None	None
1051	минуте	6076	None	None
1052	привел	6083	None	None
1053	к	6090	None	None
1054	тому	6092	None	None
1055	,	6096	None	None
1056	что	6098	None	None
1057	Малахову	6102	coref	2624
1058	пришлось	6111	None	None
1059	посетить	6120	None	None
1060	скамейку	6129	None	None
1061	штрафников	6138	None	None
1062	.	6148	None	None
1063	Но	6150	None	None
1064	вчетвером	6153	None	None
1065	россияне	6163	coref	2616
1066	делали	6172	None	None
1067	то	6179	None	None
1068	,	6181	None	None
1069	на	6183	None	None
1070	что	6186	None	None
1071	не	6190	None	None
1072	были	6193	None	None
1073	способны	6198	None	None
1074	в	6207	coref	2601
1075	предыдущих	6209	None	None
1076	двух	6220	None	None
1077	периодах	6225	None	None
1078	,	6233	None	None
1079	находясь	6235	None	None
1080	в	6244	coref	2601
1081	большинстве	6246	None	None
1082	.	6257	None	None
1083	Последние	6259	None	None
1084	минуты	6269	None	None
1085	встречи	6276	None	None
1086	прошли	6284	None	None
1087	на	6291	None	None
1088	очень	6294	None	None
1089	высоких	6300	None	None
1090	скоростях	6308	None	None
1091	.	6317	None	None
1092	Прибавили	6319	None	None
1093	и	6329	coref	2617
1094	американцы	6331	coref	2612
1095	,	6341	None	None
1096	уже	6343	None	None
1097	не	6347	None	None
1098	позволяя	6350	None	None
1099	россиянам	6359	coref	2616
1100	хозяйничать	6369	None	None
1101	на	6381	None	None
1102	их	6384	coref	2616
1103	половине	6387	None	None
1104	площадки	6396	None	None
1105	.	6404	None	None
1106	За	6406	None	None
1107	1	6409	None	None
1108	минуту	6411	None	None
1109	20	6418	coref	2635
1110	секунд	6421	None	None
1111	Хабибулина	6428	coref	2617
1112	сменил	6439	None	None
1113	шестой	6446	None	None
1114	полевой	6453	None	None
1115	,	6460	None	None
1116	а	6462	None	None
1117	за	6464	None	None
1118	12	6467	None	None
1119	-	6469	coref	2603
1120	секунд	6470	None	None
1121	до	6477	None	None
1122	сирены	6480	None	None
1123	Россия	6487	coref	2601
1124	получила	6494	None	None
1125	очередной	6503	None	None
1126	перевес	6513	None	None
1127	.	6520	None	None
1128	Вбрасывание	6522	None	None
1129	в	6534	coref	2601
1130	зоне	6536	None	None
1131	соперника	6541	coref	2612
1132	.	6550	None	None
1133	7	6552	None	None
1134	секунд	6554	None	None
1135	.	6560	None	None
1136	Обоюдное	6562	None	None
1137	удаление	6571	None	None
1138	.	6579	None	None
1139	2	6581	None	None
1140	секунды	6583	None	None
1141	.	6590	None	None
1142	Отыграться	6592	None	None
1143	уже	6603	None	None
1144	невозможно	6607	None	None
1145	.	6617	None	None
1146	Звучит	6619	None	None
1147	финальная	6626	None	None
1148	сирена	6636	None	None
1149	-	6643	coref	2603
1150	сборная	6645	coref	2612
1151	США	6653	coref	2612
1152	выходит	6657	None	None
1153	в	6665	coref	2601
1154	финал	6667	None	None
1155	.	6672	None	None
1156	22	6674	None	None
1157	февраля	6677	None	None
1158	остается	6685	None	None
1159	для	6694	None	None
1160	российских	6698	coref	2616
1161	хоккеистов	6709	coref	2616
1162	роковой	6720	None	None
1163	датой	6728	None	None
1164	.	6733	None	None
1165	Небольшим	6736	None	None
1166	утешением	6746	None	None
1167	для	6756	None	None
1168	них	6760	coref	2616
1169	может	6764	None	None
1170	стать	6770	None	None
1171	«	6776	coref	2614
1172	бронзовая	6777	None	None
1173	»	6786	coref	2614
1174	встреча	6788	None	None
1175	с	6796	None	None
1176	белорусами	6798	coref	2627
1177	,	6808	None	None
1178	которые	6810	coref	2608
1179	не	6818	None	None
1180	сумели	6821	None	None
1181	сотворить	6828	None	None
1182	второй	6838	None	None
1183	сенсации	6845	None	None
1184	в	6854	coref	2601
1185	матче	6856	None	None
1186	с	6862	None	None
1187	Канадой	6864	None	None
1188	.	6871	None	None
1189	Хотя	6873	None	None
1190	и	6878	coref	2617
1191	ответил	6880	None	None
1192	Салей	6888	None	None
1193	на	6894	None	None
1194	гол	6897	None	None
1195	Айзермана	6901	None	None
1196	,	6910	None	None
1197	но	6912	None	None
1198	больше	6915	None	None
1199	сборной	6922	coref	2602
1200	Белоруссии	6930	coref	2627
1201	отличиться	6941	None	None
1202	было	6952	None	None
1203	не	6957	None	None
1204	суждено	6960	None	None
1205	.	6967	None	None
1206	Андрей	6969	coref	2628
1207	Мезин	6976	coref	2628
1208	не	6982	None	None
1209	волшебник	6985	None	None
1210	,	6994	None	None
1211	да	6996	None	None
1212	и	6999	coref	2617
1213	канадцы	7001	coref	2629
1214	,	7008	None	None
1215	по	7010	None	None
1216	сравнению	7013	None	None
1217	с	7023	None	None
1218	шведами	7025	None	None
1219	,	7032	None	None
1220	лучше	7034	None	None
1221	стояли	7040	None	None
1222	на	7047	None	None
1223	ногах	7050	None	None
1224	.	7055	None	None
1225	Уже	7057	None	None
1226	после	7061	None	None
1227	первого	7067	None	None
1228	периода	7075	None	None
1229	они	7083	coref	2609
1230	вели	7087	None	None
1231	в	7092	coref	2601
1232	счете	7094	None	None
1233	2	7100	None	None
1234	:	7101	None	None
1235	1	7102	None	None
1236	,	7103	None	None
1237	а	7105	None	None
1238	за	7107	None	None
1239	два	7110	None	None
1240	последующих	7114	None	None
1241	в	7126	coref	2601
1242	воротах	7128	coref	2619
1243	Мезина	7136	coref	2628
1244	побывало	7143	None	None
1245	еще	7152	None	None
1246	5	7156	None	None
1247	шайб	7158	None	None
1248	.	7162	None	None
1249	Голами	7164	None	None
1250	или	7171	None	None
1251	результативными	7175	None	None
1252	передачами	7191	None	None
1253	отметились	7202	None	None
1254	фактически	7213	None	None
1255	все	7224	None	None
1256	лидеры	7228	None	None
1257	канадской	7235	coref	2629
1258	сборной	7245	coref	2602
1259	-	7253	coref	2603
1260	Джером	7255	None	None
1261	Игинла	7262	None	None
1262	,	7268	None	None
1263	Скотт	7270	None	None
1264	Нидермайер	7276	None	None
1265	,	7286	None	None
1266	Пол	7288	None	None
1267	Кария	7292	None	None
1268	,	7297	None	None
1269	Эрик	7299	None	None
1270	Линдрос	7304	None	None
1271	,	7311	None	None
1272	Стив	7313	None	None
1273	Айзерман	7318	None	None
1274	,	7326	None	None
1275	Марио	7328	None	None
1276	Лемье	7334	None	None
1277	и	7340	coref	2617
1278	Брэндан	7342	None	None
1279	Шэнахан	7350	None	None
1280	.	7357	None	None
1281	(	7360	None	None
1282	Обсудить	7361	None	None
1283	олимпийские	7370	coref	2630
1284	скандалы	7382	coref	2630
1285	,	7390	None	None
1286	а	7392	None	None
1287	также	7394	None	None
1288	поделиться	7400	None	None
1289	соображениями	7411	None	None
1290	и	7425	coref	2617
1291	предложениями	7427	None	None
1292	по	7441	None	None
1293	поводу	7444	None	None
1294	их	7451	coref	2616
1295	освещения	7454	None	None
1296	посетители	7464	None	None
1297	NTVRU	7475	None	None
1298	могут	7481	None	None
1299	на	7487	None	None
1300	«	7490	coref	2614
1301	Форуме	7491	None	None
1302	»	7497	coref	2614
1303	нашего	7499	None	None
1304	проекта	7506	None	None
1305	«	7514	coref	2614
1306	Тема	7515	None	None
1307	Дня	7520	None	None
1308	»	7523	coref	2614
1309	,	7524	None	None
1310	в	7526	coref	2601
1311	эти	7528	None	None
1312	дни	7532	None	None
1313	также	7536	None	None
1314	посвященного	7542	None	None
1315	Олимпиаде	7555	None	None
1316	)	7564	None	None
1317	.	7565	None	None
1318	Из	7568	None	None
1319	других	7571	None	None
1320	спортивных	7578	None	None
1321	итогов	7589	None	None
1322	очередного	7596	None	None
1323	дня	7607	None	None
1324	соревнований	7611	coref	2641
1325	в	7624	coref	2601
1326	Солт	7626	coref	2603
1327	-	7630	coref	2603
1328	Лейк	7631	coref	2603
1329	-	7635	coref	2603
1330	Сити	7636	coref	2603
1331	стоит	7641	None	None
1332	отметить	7647	None	None
1333	очередной	7656	None	None
1334	успех	7666	None	None
1335	финских	7672	coref	2631
1336	двоеборцев	7680	coref	2631
1337	,	7690	None	None
1338	которые	7692	coref	2608
1339	собрали	7700	None	None
1340	весь	7708	None	None
1341	урожай	7713	None	None
1342	золотых	7720	None	None
1343	наград	7728	None	None
1344	на	7735	None	None
1345	нынешних	7738	None	None
1346	играх	7747	None	None
1347	.	7752	None	None
1348	Самппа	7754	coref	2632
1349	Лаюнен	7761	coref	2632
1350	добавил	7768	None	None
1351	«	7776	coref	2614
1352	золото	7777	None	None
1353	»	7783	coref	2614
1354	спринта	7785	None	None
1355	к	7793	None	None
1356	своей	7795	coref	2612
1357	же	7801	None	None
1358	личной	7804	None	None
1359	победе	7811	None	None
1360	в	7818	coref	2601
1361	классическом	7820	None	None
1362	двоеборье	7833	None	None
1363	и	7843	coref	2617
1364	к	7845	None	None
1365	триумфу	7847	None	None
1366	в	7855	coref	2601
1367	командных	7857	None	None
1368	соревнованиях	7867	None	None
1369	.	7880	None	None
1370	По	7882	None	None
1371	итогам	7885	None	None
1372	прыжков	7892	None	None
1373	со	7900	None	None
1374	120	7903	None	None
1375	-	7906	coref	2603
1376	метрового	7907	None	None
1377	трамплина	7917	None	None
1378	Лаюнен	7927	coref	2632
1379	уходил	7934	None	None
1380	на	7941	None	None
1381	дистанцию	7944	None	None
1382	первым	7954	None	None
1383	,	7960	None	None
1384	имея	7962	None	None
1385	преимущество	7967	None	None
1386	в	7980	coref	2601
1387	15	7982	None	None
1388	секунд	7985	None	None
1389	над	7992	None	None
1390	немцем	7996	coref	2633
1391	Акерманном	8003	coref	2633
1392	,	8013	None	None
1393	тем	8015	None	None
1394	самым	8019	None	None
1395	,	8024	None	None
1396	который	8026	coref	2633
1397	недавно	8034	None	None
1398	заявил	8042	None	None
1399	,	8048	None	None
1400	что	8050	None	None
1401	ключ	8054	None	None
1402	к	8059	None	None
1403	его	8061	coref	2605
1404	успеху	8065	None	None
1405	-	8072	coref	2603
1406	в	8074	coref	2601
1407	сексуальном	8076	None	None
1408	воздержании	8088	None	None
1409	.	8099	None	None
1410	В	8101	None	None
1411	таком	8103	None	None
1412	же	8109	None	None
1413	порядке	8112	None	None
1414	они	8120	coref	2609
1415	и	8124	coref	2617
1416	пришли	8126	None	None
1417	на	8133	None	None
1418	финиш	8136	None	None
1419	7	8142	None	None
1420	,	8143	None	None
1421	5	8144	None	None
1422	-	8145	coref	2603
1423	километрового	8146	None	None
1424	спринта	8160	None	None
1425	немцу	8168	coref	2633
1426	удалось	8174	None	None
1427	лишь	8182	None	None
1428	слегка	8187	None	None
1429	сократить	8194	None	None
1430	разрыв	8204	None	None
1431	.	8210	None	None
1432	На	8212	None	None
1433	третье	8215	None	None
1434	место	8222	None	None
1435	поднялся	8228	None	None
1436	австриец	8237	None	None
1437	Готвальд	8246	None	None
1438	,	8254	None	None
1439	сумевший	8256	None	None
1440	обойти	8265	None	None
1441	на	8272	None	None
1442	короткой	8275	None	None
1443	дистанции	8284	None	None
1444	нескольких	8294	None	None
1445	соперников	8305	None	None
1446	.	8315	None	None
1447	Российские	8317	None	None
1448	спортсмены	8328	coref	2602
1449	,	8338	None	None
1450	как	8340	None	None
1451	мы	8344	None	None
1452	уже	8347	None	None
1453	сообщали	8351	None	None
1454	,	8359	None	None
1455	наблюдали	8361	None	None
1456	за	8371	None	None
1457	соревнованиями	8374	None	None
1458	по	8389	None	None
1459	телевизору	8392	None	None
1460	.	8402	None	None
1461	Очередного	8405	None	None
1462	успеха	8416	None	None
1463	в	8423	coref	2601
1464	Юте	8425	None	None
1465	добилась	8429	None	None
1466	и	8438	coref	2617
1467	хорватская	8440	coref	2635
1468	горнолыжница	8451	coref	2635
1469	Яница	8464	coref	2635
1470	Костелич	8470	coref	2635
1471	,	8478	None	None
1472	которая	8480	coref	2635
1473	стала	8488	None	None
1474	в	8494	coref	2601
1475	пятницу	8496	None	None
1476	уже	8504	None	None
1477	трехкратной	8508	None	None
1478	чемпионкой	8520	None	None
1479	этой	8531	None	None
1480	Олимпиады	8536	None	None
1481	-	8546	coref	2603
1482	на	8548	None	None
1483	этот	8551	None	None
1484	раз	8556	None	None
1485	она	8560	coref	2621
1486	первенствовала	8564	None	None
1487	в	8579	coref	2601
1488	гигантском	8581	None	None
1489	слаломе	8592	None	None
1490	.	8599	None	None
1491	Костелич	8601	coref	2635
1492	показала	8610	None	None
1493	результат	8619	None	None
1494	две	8629	None	None
1495	минуты	8633	None	None
1496	и	8640	coref	2617
1497	30	8642	None	None
1498	,	8644	None	None
1499	01	8645	None	None
1500	секунды	8648	None	None
1501	,	8655	None	None
1502	опередив	8657	None	None
1503	Аню	8666	None	None
1504	Персон	8670	None	None
1505	из	8677	None	None
1506	Швеции	8680	coref	2636
1507	и	8687	coref	2617
1508	Коню	8689	None	None
1509	Неф	8694	None	None
1510	из	8698	None	None
1511	Швейцарии	8701	None	None
1512	,	8710	None	None
1513	занявших	8712	None	None
1514	соответственно	8721	None	None
1515	второе	8736	None	None
1516	и	8743	coref	2617
1517	третье	8745	None	None
1518	места	8752	None	None
1519	.	8757	None	None
1520	В	8759	None	None
1521	активе	8761	None	None
1522	хорватки	8768	coref	2635
1523	уже	8777	None	None
1524	четыре	8781	None	None
1525	олимпийских	8788	None	None
1526	награды	8800	None	None
1527	.	8807	None	None
1528	Ранее	8809	None	None
1529	20	8815	coref	2635
1530	-	8817	coref	2603
1531	летняя	8818	coref	2635
1532	Костелич	8825	coref	2635
1533	выиграла	8834	None	None
1534	соревнования	8843	None	None
1535	в	8856	coref	2601
1536	слаломе	8858	None	None
1537	и	8866	coref	2617
1538	комбинации	8868	None	None
1539	,	8878	None	None
1540	а	8880	None	None
1541	также	8882	None	None
1542	заняла	8888	None	None
1543	второе	8895	None	None
1544	место	8902	None	None
1545	в	8908	coref	2601
1546	супергиганте	8910	None	None
1547	.	8922	None	None
1548	Стоит	8924	None	None
1549	отметить	8930	None	None
1550	,	8938	None	None
1551	что	8940	None	None
1552	все	8944	None	None
1553	медали	8948	None	None
1554	сборной	8955	coref	2602
1555	Хорватии	8963	None	None
1556	на	8972	None	None
1557	Олимпийских	8975	None	None
1558	играх	8987	None	None
1559	были	8993	None	None
1560	завоеваны	8998	None	None
1561	именно	9008	None	None
1562	ей	9015	coref	2635
1563	.	9017	None	None
1564	На	9020	None	None
1565	волшебном	9023	None	None
1566	«	9033	coref	2614
1567	Олимпийском	9034	None	None
1568	овале	9046	None	None
1569	»	9051	coref	2614
1570	,	9052	None	None
1571	ставшем	9054	None	None
1572	своеобразно	9062	None	None
1573	кузницей	9074	None	None
1574	рекордов	9083	None	None
1575	для	9092	None	None
1576	конькобежцев	9096	None	None
1577	,	9108	None	None
1578	прошел	9110	None	None
1579	заключительный	9117	None	None
1580	вид	9132	None	None
1581	программы	9136	None	None
1582	в	9146	coref	2601
1583	соревнованиях	9148	None	None
1584	мужчин	9162	None	None
1585	-	9169	coref	2603
1586	бег	9171	None	None
1587	на	9175	None	None
1588	10	9178	None	None
1589	000	9181	None	None
1590	метров	9185	None	None
1591	.	9191	None	None
1592	Шестнадцать	9193	None	None
1593	сильнейших	9205	None	None
1594	стайеров	9216	None	None
1595	планеты	9225	None	None
1596	вышли	9233	None	None
1597	на	9239	None	None
1598	лед	9242	None	None
1599	,	9245	None	None
1600	чтобы	9247	None	None
1601	определить	9253	None	None
1602	сильнейшего	9264	None	None
1603	.	9275	None	None
1604	Единственный	9277	coref	2637
1605	представитель	9290	coref	2637
1606	России	9304	coref	2600
1607	Дмитрий	9311	coref	2637
1608	Шепель	9319	coref	2637
1609	бежал	9326	None	None
1610	в	9332	coref	2601
1611	первом	9334	coref	2638
1612	забеге	9341	coref	2638
1613	и	9348	coref	2617
1614	выиграл	9350	None	None
1615	его	9358	coref	2605
1616	,	9361	None	None
1617	но	9363	None	None
1618	надолго	9366	None	None
1619	удержаться	9374	None	None
1620	на	9385	None	None
1621	первой	9388	None	None
1622	строчке	9395	None	None
1623	ему	9403	coref	2617
1624	не	9407	None	None
1625	удалось	9410	None	None
1626	.	9417	None	None
1627	Уже	9419	None	None
1628	в	9423	coref	2601
1629	следующем	9425	None	None
1630	забеге	9435	coref	2638
1631	голландец	9442	coref	2639
1632	Джианни	9452	coref	2639
1633	Ромме	9460	coref	2639
1634	обновил	9466	None	None
1635	олимпийский	9474	None	None
1636	рекорд	9486	None	None
1637	,	9492	None	None
1638	но	9494	None	None
1639	и	9497	coref	2617
1640	он	9499	coref	2605
1641	оказался	9502	None	None
1642	калифом	9511	None	None
1643	на	9519	None	None
1644	час	9522	None	None
1645	.	9525	None	None
1646	Ибо	9527	None	None
1647	в	9531	coref	2601
1648	четвертом	9533	None	None
1649	забеге	9543	coref	2638
1650	другой	9550	coref	2640
1651	представитель	9557	coref	2637
1652	Голландии	9571	coref	2640
1653	Йохем	9581	coref	2640
1654	Утдехааге	9587	coref	2640
1655	показал	9597	None	None
1656	просто	9605	None	None
1657	феноменальный	9612	None	None
1658	результат	9626	None	None
1659	,	9635	None	None
1660	сумев	9637	None	None
1661	впервые	9643	None	None
1662	в	9651	coref	2601
1663	истории	9653	None	None
1664	конькобежного	9661	None	None
1665	спорта	9675	None	None
1666	выбежать	9682	None	None
1667	из	9691	None	None
1668	13	9694	None	None
1669	минут	9697	None	None
1670	.	9702	None	None
1671	Он	9704	coref	2605
1672	на	9707	None	None
1673	4	9710	None	None
1674	.	9711	None	None
1675	5	9712	None	None
1676	секунды	9714	None	None
1677	улучшил	9722	None	None
1678	прежний	9730	None	None
1679	мировой	9738	None	None
1680	рекорд	9746	None	None
1681	,	9752	None	None
1682	принадлежавший	9754	None	None
1683	Ромме	9769	coref	2639
1684	.	9774	None	None
1685	Эта	9776	None	None
1686	золотая	9780	None	None
1687	медаль	9788	None	None
1688	стала	9795	None	None
1689	для	9801	None	None
1690	Утдехааге	9805	coref	2640
1691	в	9815	coref	2601
1692	Солт	9817	coref	2603
1693	-	9821	coref	2603
1694	Лейк	9822	coref	2603
1695	-	9826	coref	2603
1696	Сити	9827	coref	2603
1697	уже	9832	None	None
1698	второй	9836	None	None
1699	-	9843	coref	2603
1700	ранее	9845	None	None
1701	он	9851	coref	2605
1702	первенствовал	9854	None	None
1703	на	9868	None	None
1704	5	9871	None	None
1705	000	9873	None	None
1706	,	9876	None	None
1707	плюс	9878	None	None
1708	к	9883	None	None
1709	тому	9885	None	None
1710	завоевал	9890	None	None
1711	серебро	9899	None	None
1712	на	9907	None	None
1713	«	9910	coref	2614
1714	полуторке	9911	None	None
1715	»	9920	coref	2614
1716	.	9921	None	None
1717	Дмитрий	9923	coref	2637
1718	Шепель	9931	coref	2637
1719	в	9938	coref	2601
1720	итоге	9940	None	None
1721	оказался	9946	None	None
1722	на	9955	None	None
1723	шестой	9958	None	None
1724	позиции	9965	None	None
1725	.	9972	None	None
1726	Олимпийский	9975	None	None
1727	турнир	9987	None	None
1728	по	9994	None	None
1729	керлингу	9997	None	None
1730	завершился	10006	None	None
1731	сегодня	10017	None	None
1732	финальным	10025	coref	2641
1733	матчем	10035	coref	2641
1734	мужских	10042	coref	2641
1735	соревнований	10050	coref	2641
1736	,	10062	None	None
1737	в	10064	coref	2601
1738	котором	10066	coref	2641
1739	встречались	10074	None	None
1740	сборные	10086	coref	2642
1741	Норвегии	10094	coref	2642
1742	и	10103	coref	2617
1743	Канады	10105	coref	2642
1744	.	10111	None	None
1745	Матч	10113	None	None
1746	выдался	10118	None	None
1747	весьма	10126	None	None
1748	упорным	10133	None	None
1749	:	10140	None	None
1750	трижды	10142	None	None
1751	по	10149	None	None
1752	ходу	10152	None	None
1753	поединка	10157	None	None
1754	вперед	10166	None	None
1755	в	10173	coref	2601
1756	счете	10175	None	None
1757	выходила	10181	None	None
1758	то	10190	None	None
1759	одна	10193	None	None
1760	,	10197	None	None
1761	то	10199	None	None
1762	другая	10202	None	None
1763	команда	10209	coref	2602
1764	,	10216	None	None
1765	однако	10218	None	None
1766	в	10225	coref	2601
1767	концовке	10227	None	None
1768	канадцы	10236	coref	2629
1769	не	10244	None	None
1770	смогли	10247	None	None
1771	использовать	10254	None	None
1772	преимущество	10267	None	None
1773	последнего	10280	None	None
1774	камня	10291	None	None
1775	и	10297	coref	2617
1776	,	10298	None	None
1777	проиграв	10300	None	None
1778	два	10309	None	None
1779	последних	10313	None	None
1780	энда	10323	None	None
1781	подряд	10328	None	None
1782	,	10334	None	None
1783	довольствовались	10336	None	None
1784	серебряными	10353	None	None
1785	медалями	10365	None	None
1786	олимпийского	10374	None	None
1787	турнира	10387	None	None
1788	.	10394	None	None
1789	Итоговый	10396	None	None
1790	счет	10405	None	None
1791	матча	10410	coref	2626
1792	-	10416	coref	2603
1793	6	10418	None	None
1794	:	10419	None	None
1795	5	10420	None	None
1796	в	10422	coref	2601
1797	пользу	10424	None	None
1798	норвежцев	10431	coref	2645
1799	.	10440	None	None
1800	Довольно	10442	None	None
1801	неожиданное	10451	None	None
1802	поражение	10463	None	None
1803	фаворитов	10473	coref	2644
1804	позволило	10483	None	None
1805	норвежцам	10493	coref	2645
1806	вновь	10503	None	None
1807	выйти	10509	None	None
1808	на	10515	None	None
1809	первое	10518	None	None
1810	место	10525	None	None
1811	в	10531	coref	2601
1812	общем	10533	None	None
1813	неофициальном	10539	None	None
1814	«	10553	coref	2614
1815	медальном	10554	None	None
1816	»	10563	coref	2614
1817	зачете	10565	None	None
1818	.	10571	None	None
1819	В	10573	None	None
1820	утешительном	10575	None	None
1821	матче	10588	None	None
1822	за	10594	None	None
1823	бронзовую	10597	None	None
1824	медаль	10607	None	None
1825	швейцарцы	10614	coref	2646
1826	переиграли	10624	None	None
1827	команду	10635	coref	2616
1828	Швеции	10643	coref	2636
1829	со	10650	None	None
1830	счетом	10653	None	None
1831	7	10660	None	None
1832	:	10661	None	None
1833	3	10662	None	None
1834	.	10663	None	None
1835	Борьбы	10665	None	None
1836	в	10672	coref	2601
1837	этом	10674	None	None
1838	поединке	10679	None	None
1839	не	10688	None	None
1840	получилось	10691	None	None
1841	-	10702	coref	2603
1842	швейцарцы	10704	coref	2646
1843	доминировали	10714	None	None
1844	на	10727	None	None
1845	протяжении	10730	None	None
1846	всей	10741	None	None
1847	встречи	10746	None	None
1848	и	10754	coref	2617
1849	ни	10756	None	None
1850	на	10759	None	None
1851	секунду	10762	None	None
1852	не	10770	None	None
1853	дали	10773	None	None
1854	усомниться	10778	None	None
1855	в	10789	coref	2601
1856	своем	10791	coref	2646
1857	превосходстве	10797	None	None
1858	.	10810	None	None
1859	Команда	10813	coref	2647
1860	Норвегии	10821	coref	2642
1861	вновь	10830	None	None
1862	вышла	10836	None	None
1863	в	10842	coref	2601
1864	лидеры	10844	None	None
1865	в	10851	coref	2601
1866	неофициальном	10853	None	None
1867	командном	10867	None	None
1868	зачете	10877	None	None
1869	за	10884	None	None
1870	сутки	10887	None	None
1871	до	10893	None	None
1872	окончания	10896	None	None
1873	Олимпиады	10906	None	None
1874	.	10915	None	None
1875	На	10917	None	None
1876	их	10920	coref	2616
1877	счету	10923	None	None
1878	стало	10929	None	None
1879	11	10935	None	None
1880	золотых	10938	None	None
1881	,	10945	None	None
1882	7	10947	None	None
1883	серебряных	10949	None	None
1884	и	10960	coref	2617
1885	4	10962	None	None
1886	бронзовых	10964	None	None
1887	медали	10974	None	None
1888	.	10980	None	None
1889	На	10982	None	None
1890	втором	10985	None	None
1891	месте	10992	None	None
1892	команда	10998	coref	2602
1893	Германии	11006	None	None
1894	(	11015	None	None
1895	10	11016	None	None
1896	-	11019	coref	2603
1897	16	11021	None	None
1898	7	11024	None	None
1899	)	11025	None	None
1900	,	11026	None	None
1901	на	11028	None	None
1902	третьем	11031	None	None
1903	-	11039	coref	2603
1904	США	11041	coref	2612
1905	(	11045	None	None
1906	10	11046	None	None
1907	-	11049	coref	2603
1908	11	11051	None	None
1909	9	11054	None	None
1910	)	11055	None	None
1911	.	11056	None	None
1912	Россияне	11058	coref	2602
1913	по	11067	None	None
1914	-	11069	coref	2603
1915	прежнему	11070	None	None
1916	на	11079	None	None
1917	четвертом	11082	None	None
1918	месте	11092	None	None
1919	(	11098	None	None
1920	5	11099	None	None
1921	-	11101	coref	2603
1922	6	11103	None	None
1923	3	11105	None	None
1924	)	11106	None	None
1925	.	11107	None	None
1926	В	11109	None	None
1927	субботу	11111	None	None
1928	на	11119	None	None
1929	Олимпиаде	11122	None	None
1930	будут	11132	None	None
1931	разыграны	11138	None	None
1932	6	11148	None	None
1933	комплектов	11150	None	None
1934	наград	11161	None	None
1935	.	11167	None	None
1936	Три	11169	None	None
1937	«	11173	coref	2614
1938	золота	11174	None	None
1939	»	11180	coref	2614
1940	разыграют	11182	None	None
1941	мастера	11192	None	None
1942	шорт	11200	None	None
1943	-	11204	coref	2603
1944	трека	11205	None	None
1945	,	11210	None	None
1946	а	11212	None	None
1947	еще	11214	None	None
1948	за	11218	None	None
1949	три	11221	None	None
1950	медали	11225	None	None
1951	высшей	11232	None	None
1952	пробы	11239	None	None
1953	поспорят	11245	None	None
1954	лыжники	11254	None	None
1955	,	11261	None	None
1956	конькобежки	11263	None	None
1957	и	11275	coref	2617
1958	горнолыжники	11277	None	None
1959	.	11289	None	None
