	word	start_char	type	chain_id
0	Власти	0	None	None
1	Ингушетии	7	coref	1989
2	заведут	17	None	None
3	досье	25	coref	1990
4	на	31	coref	1990
5	беженцев	34	coref	1990
6	из	43	coref	1990
7	Чечни	46	coref	1990
8	Президент	53	coref	1992
9	Ингушетии	63	coref	1989
10	Мурат	73	coref	1992
11	Зязиков	79	coref	1992
12	заявил	87	None	None
13	,	93	None	None
14	что	95	None	None
15	в	99	None	None
16	республике	101	coref	1989
17	будет	112	None	None
18	создана	118	None	None
19	база	126	coref	1990
20	данных	131	coref	1990
21	всех	138	coref	1990
22	чеченских	143	coref	1990
23	беженцев	153	coref	1990
24	.	161	None	None
25	«	163	None	None
26	Данные	164	None	None
27	из	171	coref	1990
28	источников	174	None	None
29	федеральной	185	None	None
30	миграционной	197	None	None
31	службы	210	None	None
32	,	216	None	None
33	республики	218	coref	1989
34	Ингушетия	229	coref	1989
35	и	239	None	None
36	Чеченской	241	coref	1991
37	республики	251	coref	1989
38	,	261	None	None
39	разнятся	263	None	None
40	на	272	coref	1990
41	20	275	None	None
42	-	277	None	None
43	30	278	None	None
44	тыс	281	None	None
45	.	284	None	None
46	семей	286	None	None
47	»	291	None	None
48	,	292	None	None
49	-	294	None	None
50	сообщил	296	None	None
51	Зязиков	304	coref	1992
52	и	312	None	None
53	интервью	314	None	None
54	«	323	None	None
55	Интерфаксу	324	None	None
56	»	334	None	None
57	.	335	None	None
58	По	338	None	None
59	его	341	coref	1992
60	словам	345	None	None
61	,	351	None	None
62	за	353	None	None
63	последний	356	None	None
64	месяц	366	None	None
65	поступило	372	None	None
66	около	382	None	None
67	10	388	None	None
68	тысяч	391	None	None
69	заявлений	397	None	None
70	чеченских	407	coref	1990
71	беженцев	417	coref	1990
72	,	425	None	None
73	находящихся	427	None	None
74	в	439	None	None
75	Ингушетии	441	coref	1989
76	,	450	None	None
77	об	452	None	None
78	их	455	None	None
79	желании	458	None	None
80	вернуться	466	None	None
81	домой	476	None	None
82	.	481	None	None
83	«	483	None	None
84	С	484	None	None
85	каждым	486	None	None
86	днем	493	None	None
87	число	498	None	None
88	желающих	504	None	None
89	вернуться	513	None	None
90	увеличивается	523	None	None
91	»	536	None	None
92	,	537	None	None
93	-	539	None	None
94	сказал	541	None	None
95	глава	548	coref	1992
96	республики	554	coref	1989
97	.	564	None	None
98	Он	567	coref	1992
99	заверил	570	None	None
100	,	577	None	None
101	что	579	None	None
102	возвращение	583	None	None
103	беженцев	595	coref	1990
104	будет	604	None	None
105	происходить	610	None	None
106	только	622	None	None
107	на	629	coref	1990
108	добровольной	632	None	None
109	основе	645	None	None
110	:	651	None	None
111	«	653	None	None
112	Это	654	None	None
113	исключительно	658	None	None
114	добровольный	672	None	None
115	процесс	685	None	None
116	и	693	None	None
117	насильственного	695	None	None
118	выдавливания	711	None	None
119	беженцев	724	coref	1990
120	с	733	None	None
121	территории	735	None	None
122	Ингушетии	746	coref	1989
123	не	756	None	None
124	было	759	None	None
125	и	764	None	None
126	не	766	None	None
127	будет	769	None	None
128	.	774	None	None
129	Все	776	coref	1993
130	они	780	coref	1993
131	граждане	784	None	None
132	России	793	None	None
133	и	800	None	None
134	имеют	802	None	None
135	право	808	None	None
136	жить	814	None	None
137	там	819	None	None
138	,	822	None	None
139	где	824	None	None
140	хотят	828	None	None
141	»	833	None	None
142	.	834	None	None
143	Мурат	837	coref	1992
144	Зязиков	843	coref	1992
145	опроверг	851	None	None
146	утверждения	860	None	None
147	некоторых	872	None	None
148	международных	882	None	None
149	правозащитных	896	None	None
150	организаций	910	None	None
151	о	922	None	None
152	том	924	None	None
153	,	927	None	None
154	что	929	None	None
155	в	933	None	None
156	лагеря	935	None	None
157	беженцев	942	coref	1990
158	не	951	None	None
159	завозится	954	None	None
160	хлеб	964	None	None
161	.	968	None	None
162	«	970	None	None
163	Мы	971	coref	1989
164	помогаем	974	None	None
165	беженцам	983	None	None
166	и	992	None	None
167	намерены	994	None	None
168	делать	1003	None	None
169	это	1010	None	None
170	и	1014	None	None
171	впредь	1016	None	None
172	,	1022	None	None
173	хотя	1024	None	None
174	наша	1029	coref	1989
175	республика	1034	coref	1989
176	испытывает	1045	None	None
177	большие	1056	None	None
178	экономические	1064	None	None
179	трудности	1078	None	None
180	»	1087	None	None
181	,	1088	None	None
182	-	1090	None	None
183	сказал	1092	None	None
184	он	1099	coref	1992
185	.	1101	None	None
