	word	start_char	type	chain_id
0	КНДР	0	coref	1703
1	считает	5	None	None
2	новый	13	coref	1704
3	фильм	19	coref	1704
4	о	25	coref	1704
5	Бонде	27	coref	1704
6	«	33	coref	1704
7	грязной	34	None	None
8	и	42	coref	1704
9	отвратительной	44	None	None
10	пародией	59	None	None
11	»	67	coref	1704
12	КНДР	70	coref	1703
13	потребовала	75	None	None
14	сегодня	87	None	None
15	от	95	None	None
16	США	98	coref	1706
17	снять	102	None	None
18	с	108	None	None
19	проката	110	None	None
20	20	118	coref	1704
21	-	120	coref	1704
22	й	121	coref	1704
23	хит	123	coref	1704
24	про	127	coref	1704
25	Джеймса	131	coref	1704
26	Бонда	139	coref	1704
27	«	145	coref	1704
28	Умри	146	coref	1704
29	в	151	coref	1704
30	другой	153	coref	1704
31	день	160	coref	1704
32	»	164	coref	1704
33	,	165	None	None
34	заявив	167	None	None
35	,	173	None	None
36	что	175	None	None
37	эта	179	coref	1704
38	«	183	coref	1704
39	грязная	184	coref	1704
40	и	192	coref	1704
41	отвратительная	194	coref	1704
42	пародия	209	coref	1704
43	оскорбляет	217	None	None
44	корейскую	228	None	None
45	нацию	238	None	None
46	и	244	coref	1704
47	возводит	246	None	None
48	на	255	None	None
49	него	258	None	None
50	клевету	263	None	None
51	`	-1	None	None
52	`	-1	None	None
53	.	272	None	None
54	По	274	None	None
55	сюжету	277	None	None
56	агент	284	coref	1705
57	007	290	coref	1705
58	попадает	294	None	None
59	в	303	coref	1704
60	плен	305	None	None
61	к	310	None	None
62	северокорейцам	312	None	None
63	и	327	coref	1704
64	подвергается	329	None	None
65	там	342	None	None
66	злодейским	346	None	None
67	пыткам	357	None	None
68	.	363	None	None
69	Как	366	None	None
70	считает	370	None	None
71	северокорейский	378	coref	1707
72	Комитет	394	coref	1707
73	по	402	coref	1707
74	мирному	405	coref	1707
75	объединению	413	coref	1707
76	родины	425	coref	1707
77	,	431	None	None
78	чье	433	coref	1707
79	заявление	437	coref	1708
80	распространено	447	None	None
81	по	462	coref	1707
82	каналам	465	None	None
83	официального	473	None	None
84	агентства	486	None	None
85	ЦТАК	496	None	None
86	,	500	None	None
87	картина	502	coref	1704
88	«	510	coref	1704
89	со	511	None	None
90	всей	514	None	None
91	очевидностью	519	None	None
92	доказывает	532	None	None
93	»	542	coref	1704
94	,	543	None	None
95	что	545	None	None
96	в	549	coref	1704
97	Соединенных	551	coref	1706
98	Штатах	563	coref	1706
99	«	570	coref	1704
100	заключен	571	None	None
101	корень	580	None	None
102	всех	587	None	None
103	бед	592	None	None
104	и	596	coref	1704
105	несчастий	598	None	None
106	корейского	608	None	None
107	народа	619	None	None
108	»	625	coref	1704
109	.	626	None	None
110	«	629	coref	1704
111	США	630	coref	1706
112	должны	634	None	None
113	немедленно	641	None	None
114	остановить	652	None	None
115	показ	663	None	None
116	,	668	None	None
117	-	670	coref	1704
118	говорится	672	None	None
119	в	682	coref	1704
120	заявлени	684	coref	1708
121	,	692	None	None
122	-	694	coref	1704
123	потому	696	None	None
124	что	703	None	None
125	фильм	707	coref	1704
126	выставляет	713	None	None
127	КНДР	724	coref	1703
128	частью	729	None	None
129	«	736	coref	1704
130	оси	737	None	None
131	зла	741	None	None
132	»	744	coref	1704
133	и	746	coref	1704
134	разжигает	748	None	None
135	межкорейскую	758	None	None
136	вражду	771	None	None
137	»	777	coref	1704
138	.	778	None	None
139	В	780	None	None
140	заключении	782	None	None
141	США	793	coref	1706
142	названы	797	None	None
143	«	805	coref	1704
144	штаб	806	None	None
145	-	810	coref	1704
146	квартирой	811	None	None
147	уродства	821	None	None
148	,	829	None	None
149	вырождения	831	None	None
150	,	841	None	None
151	насилия	843	None	None
152	и	851	coref	1704
153	упадочной	853	None	None
154	секс	863	None	None
155	-	867	coref	1704
156	культуры	868	None	None
157	»	876	coref	1704
158	.	877	None	None
159	В	880	None	None
160	соседней	882	coref	1709
161	Республике	891	coref	1709
162	Корея	902	coref	1709
163	новые	908	coref	1704
164	приключения	914	coref	1704
165	героя	926	coref	1704
166	Пирса	932	coref	1704
167	Броснана	938	coref	1704
168	тоже	947	None	None
169	успели	952	None	None
170	вызвать	959	None	None
171	некоторое	967	None	None
172	раздражение	977	None	None
173	,	988	None	None
174	хотя	990	None	None
175	показ	995	None	None
176	в	1001	coref	1704
177	Сеуле	1003	None	None
178	начнется	1009	None	None
179	только	1018	None	None
180	после	1025	None	None
181	Нового	1031	None	None
182	года	1038	None	None
183	.	1042	None	None
184	Больше	1044	None	None
185	всего	1051	None	None
186	нареканий	1057	None	None
187	связаны	1067	None	None
188	с	1075	None	None
189	любовной	1077	None	None
190	сценой	1086	None	None
191	в	1093	coref	1704
192	буддийском	1095	None	None
193	храме	1106	None	None
194	.	1111	None	None
195	Многим	1114	None	None
196	также	1121	None	None
197	не	1127	None	None
198	понравилось	1130	None	None
199	,	1141	None	None
200	что	1143	None	None
201	в	1147	coref	1704
202	фильме	1149	coref	1704
203	крестьяне	1156	None	None
204	пашут	1166	None	None
205	землю	1172	None	None
206	на	1178	None	None
207	коровах	1181	None	None
208	.	1188	None	None
209	Местные	1190	coref	1710
210	критики	1198	coref	1710
211	истолковали	1206	None	None
212	это	1218	None	None
213	как	1222	None	None
214	намек	1226	None	None
215	на	1232	None	None
216	отсталость	1235	None	None
217	их	1246	coref	1709
218	страны	1249	coref	1709
219	.	1255	None	None
