	word	start_char	type	chain_id
0	Для	0	None	None
1	России	4	coref	1777
2	открывается	11	None	None
3	уникальная	23	None	None
4	возможность	34	coref	1788
5	развития	46	None	None
6	рынка	55	None	None
7	программного	61	None	None
8	обеспечения	74	None	None
9	Газета	87	coref	1778
10	Financial	94	coref	1778
11	Times	104	coref	1778
12	опубликовала	110	None	None
13	большую	123	None	None
14	статью	131	None	None
15	,	137	None	None
16	посвященную	139	None	None
17	перспективам	151	None	None
18	развития	164	None	None
19	рынка	173	None	None
20	программного	179	None	None
21	обеспечения	192	None	None
22	в	204	None	None
23	России	206	coref	1777
24	.	212	None	None
25	Объем	214	None	None
26	этого	220	None	None
27	глобального	226	None	None
28	рынка	238	None	None
29	должен	244	None	None
30	составить	251	None	None
31	один	261	None	None
32	триллион	266	None	None
33	долларов	275	None	None
34	к	284	None	None
35	2008	286	None	None
36	году	291	None	None
37	по	296	None	None
38	сравнению	299	None	None
39	с	309	None	None
40	327	311	None	None
41	миллиардами	315	None	None
42	в	327	None	None
43	1997	329	None	None
44	году	334	None	None
45	.	338	None	None
46	В	341	None	None
47	настоящий	343	None	None
48	момент	353	None	None
49	лидером	360	None	None
50	в	368	None	None
51	развитии	370	None	None
52	оффшорных	379	coref	1779
53	зон	389	coref	1779
54	,	392	None	None
55	в	394	None	None
56	которых	396	coref	1779
57	создаются	404	None	None
58	компании	414	None	None
59	,	422	None	None
60	производящие	424	None	None
61	программы	437	None	None
62	для	447	None	None
63	компьютерной	451	None	None
64	отрасли	464	None	None
65	является	472	None	None
66	Индия	481	coref	1780
67	,	486	None	None
68	сообщает	488	None	None
69	BBC	497	None	None
70	.	500	None	None
71	Ее	502	coref	1780
72	рынок	505	coref	1781
73	оценивается	511	None	None
74	в	523	None	None
75	6	525	None	None
76	,	526	None	None
77	2	527	None	None
78	миллиарда	529	None	None
79	долларов	539	None	None
80	,	547	None	None
81	и	549	None	None
82	на	551	None	None
83	его	554	coref	1781
84	создание	558	None	None
85	понадобилось	567	None	None
86	20	580	None	None
87	лет	583	None	None
88	правительственной	587	None	None
89	поддержки	605	None	None
90	.	614	None	None
91	По	616	None	None
92	сравнению	619	None	None
93	с	629	None	None
94	Индией	631	coref	1780
95	,	637	None	None
96	объем	639	None	None
97	этого	645	None	None
98	сектора	651	None	None
99	рынка	659	None	None
100	в	665	None	None
101	России	667	coref	1777
102	составляет	674	None	None
103	пока	685	None	None
104	что	690	None	None
105	менее	694	None	None
106	150	700	None	None
107	миллионов	704	None	None
108	долларов	714	None	None
109	.	722	None	None
110	Сейчас	725	None	None
111	для	732	None	None
112	России	736	coref	1777
113	открывается	743	None	None
114	уникальная	755	None	None
115	историческая	766	coref	1788
116	возможность	779	coref	1788
117	.	790	None	None
118	Во	792	None	None
119	всем	795	None	None
120	мире	800	None	None
121	растет	805	None	None
122	неудовлетворенный	812	None	None
123	спрос	830	None	None
124	на	836	None	None
125	программистов	839	None	None
126	-	853	coref	1785
127	только	855	None	None
128	в	862	None	None
129	США	864	coref	1782
130	,	867	None	None
131	по	869	None	None
132	одной	872	None	None
133	из	878	None	None
134	оценок	881	None	None
135	,	887	None	None
136	имеется	889	None	None
137	800	897	None	None
138	тысяч	901	None	None
139	вакансий	907	None	None
140	.	915	None	None
141	В	917	None	None
142	России	919	coref	1777
143	в	926	None	None
144	год	928	None	None
145	готовится	932	None	None
146	до	942	None	None
147	100	945	None	None
148	тысяч	949	None	None
149	дипломированных	955	None	None
150	программистов	971	None	None
151	.	984	None	None
152	В	987	None	None
153	качестве	989	None	None
154	примера	998	None	None
155	использования	1006	None	None
156	таких	1020	None	None
157	возможностей	1026	None	None
158	Financial	1039	coref	1778
159	Times	1049	coref	1778
160	приводит	1055	None	None
161	Петербург	1064	coref	1783
162	,	1073	None	None
163	где	1075	coref	1783
164	четыре	1079	None	None
165	университета	1086	None	None
166	готовят	1099	None	None
167	полторы	1107	None	None
168	тысячи	1115	None	None
169	программистов	1122	None	None
170	в	1136	None	None
171	год	1138	None	None
172	.	1141	None	None
173	Как	1143	None	None
174	пишет	1147	None	None
175	издание	1153	coref	1778
176	,	1160	None	None
177	эти	1162	None	None
178	специалисты	1166	None	None
179	обладают	1178	None	None
180	высочайшим	1187	None	None
181	уровнем	1198	None	None
182	профессиональной	1206	None	None
183	и	1223	None	None
184	теоретической	1225	None	None
185	подготовки	1239	None	None
186	,	1249	None	None
187	хотя	1251	None	None
188	о	1256	None	None
189	коммерческой	1258	None	None
190	стороне	1271	None	None
191	дела	1279	None	None
192	знают	1284	None	None
193	меньше	1290	None	None
194	.	1296	None	None
195	Российский	1299	coref	1784
196	специалист	1310	coref	1784
197	,	1320	None	None
198	работающий	1322	None	None
199	в	1333	None	None
200	местной	1335	None	None
201	фирме	1343	None	None
202	,	1348	None	None
203	выполняющей	1350	None	None
204	международные	1362	None	None
205	заказы	1376	None	None
206	,	1382	None	None
207	получает	1384	None	None
208	около	1393	None	None
209	5	1399	None	None
210	-	1400	coref	1785
211	7	1401	None	None
212	тысяч	1403	None	None
213	долларов	1409	None	None
214	в	1418	None	None
215	год	1420	None	None
216	по	1424	None	None
217	сравнению	1427	None	None
218	с	1437	None	None
219	35	1439	coref	1785
220	-	1441	coref	1785
221	60	1442	coref	1785
222	тысячами	1445	coref	1785
223	,	1453	None	None
224	которые	1455	coref	1785
225	ему	1463	coref	1784
226	платили	1467	None	None
227	бы	1475	None	None
228	в	1478	None	None
229	Европе	1480	coref	1786
230	или	1487	None	None
231	в	1491	None	None
232	США	1493	coref	1782
233	.	1496	None	None
234	Поэтому	1498	None	None
235	разработка	1506	None	None
236	программного	1517	None	None
237	обеспечения	1530	None	None
238	в	1542	None	None
239	России	1544	coref	1777
240	обходится	1551	None	None
241	на	1561	None	None
242	70	1564	None	None
243	%	1566	None	None
244	дешевле	1568	None	None
245	,	1575	None	None
246	чем	1577	None	None
247	на	1581	None	None
248	Западе	1584	coref	1787
249	.	1590	None	None
250	Основными	1593	None	None
251	условиями	1603	None	None
252	успеха	1613	None	None
253	российской	1620	None	None
254	промышленности	1631	None	None
255	программного	1646	None	None
256	обеспечения	1659	None	None
257	является	1671	None	None
258	,	1679	None	None
259	по	1681	None	None
260	мнению	1684	None	None
261	Financial	1691	coref	1778
262	Times	1701	coref	1778
263	,	1706	None	None
264	принятие	1708	None	None
265	правительством	1717	None	None
266	России	1732	coref	1777
267	осмысленной	1739	None	None
268	коммерческой	1751	None	None
269	стратегии	1764	None	None
270	.	1773	None	None
271	Пока	1775	None	None
272	что	1780	None	None
273	такие	1784	None	None
274	центры	1790	None	None
275	этой	1797	None	None
276	отрасли	1802	None	None
277	,	1809	None	None
278	как	1811	None	None
279	Петербург	1815	coref	1783
280	,	1824	None	None
281	развивались	1826	None	None
282	стихийно	1838	None	None
283	,	1846	None	None
284	без	1848	None	None
285	правительственной	1852	None	None
286	поддержки	1870	None	None
287	.	1879	None	None
288	Кроме	1881	None	None
289	того	1887	None	None
290	,	1891	None	None
291	по	1893	None	None
292	мнению	1896	None	None
293	издания	1903	coref	1778
294	,	1910	None	None
295	необходимо	1912	None	None
296	создание	1923	None	None
297	законодательной	1932	None	None
298	базы	1948	None	None
299	,	1952	None	None
300	и	1954	None	None
301	,	1955	None	None
302	прежде	1957	None	None
303	всего	1964	None	None
304	,	1969	None	None
305	соблюдение	1971	None	None
306	законов	1982	None	None
307	по	1990	None	None
308	защите	1993	None	None
309	интеллектуальной	2000	None	None
310	собственности	2017	None	None
311	.	2030	None	None
312	Если	2033	None	None
313	эта	2038	coref	1788
314	историческая	2042	coref	1788
315	возможность	2055	coref	1788
316	не	2067	None	None
317	будет	2070	None	None
318	в	2076	None	None
319	течение	2078	None	None
320	нескольких	2086	None	None
321	ближайших	2097	None	None
322	лет	2107	None	None
323	использована	2111	None	None
324	Россией	2124	coref	1777
325	,	2131	None	None
326	ею	2133	coref	1788
327	воспользуются	2136	None	None
328	другие	2150	None	None
329	,	2156	None	None
330	заключает	2158	None	None
331	Financial	2168	coref	1778
332	Times	2178	coref	1778
333	.	2183	None	None
334	В	2185	None	None
335	Польше	2187	None	None
336	и	2194	None	None
337	Венгрии	2196	None	None
338	усиленными	2204	None	None
339	темпами	2215	None	None
340	развиваются	2223	None	None
341	программы	2235	None	None
342	подготовки	2245	None	None
343	специалистов	2256	None	None
344	,	2268	None	None
345	а	2270	None	None
346	на	2272	None	None
347	очереди	2275	None	None
348	-	2283	coref	1785
349	Китай	2285	None	None
350	.	2290	None	None
