	word	start_char	type	chain_id
0	Японский	0	coref	2710
1	ледокол	9	coref	2710
2	привез	17	None	None
3	160	24	coref	2711
4	тонн	28	coref	2711
5	арктического	33	coref	2711
6	мусора	46	coref	2711
7	Около	54	coref	2711
8	160	60	coref	2711
9	тонн	64	coref	2711
10	мусора	69	coref	2711
11	привез	76	None	None
12	в	83	None	None
13	Японию	85	coref	2713
14	ледокол	92	coref	2710
15	ВМС	100	coref	2710
16	Японии	104	coref	2710
17	«	111	coref	2710
18	Сирасэ	112	coref	2710
19	»	118	coref	2710
20	,	119	None	None
21	передает	121	None	None
22	ИТАР	130	None	None
23	-	134	None	None
24	ТАСС	135	None	None
25	.	139	None	None
26	На	141	None	None
27	его	144	coref	2710
28	борту	148	None	None
29	-	154	None	None
30	сломанные	156	coref	2714
31	снегоходы	166	coref	2714
32	и	176	None	None
33	другая	178	coref	2715
34	техника	185	coref	2715
35	,	192	None	None
36	оставленная	194	None	None
37	предыдущими	206	None	None
38	экспедициями	218	None	None
39	.	230	None	None
40	Экспедиция	233	None	None
41	японский	244	coref	2716
42	ученых	253	coref	2716
43	в	260	None	None
44	Антарктику	262	coref	2717
45	продолжалась	273	None	None
46	5	286	None	None
47	месяцев	288	None	None
48	.	295	None	None
49	Судно	297	coref	2710
50	водоизмещением	303	coref	2710
51	11	318	coref	2710
52	600	321	coref	2710
53	т	325	coref	2710
54	стартовало	327	None	None
55	в	338	None	None
56	ноябре	340	None	None
57	прошлого	347	None	None
58	года	356	None	None
59	из	361	None	None
60	Токио	364	None	None
61	и	370	None	None
62	прибыло	372	None	None
63	на	380	None	None
64	японскую	383	None	None
65	антарктическую	392	None	None
66	базу	407	None	None
67	Сиова	412	None	None
68	перед	418	None	None
69	самым	424	None	None
70	Новым	430	None	None
71	годом	436	None	None
72	.	441	None	None
73	Помимо	444	None	None
74	благородной	451	None	None
75	миссии	463	None	None
76	добровольных	470	None	None
77	дворников	483	None	None
78	ледового	493	coref	2717
79	континента	502	coref	2717
80	японские	513	coref	2716
81	полярники	522	coref	2716
82	провели	532	None	None
83	в	540	None	None
84	Антарктиду	542	coref	2717
85	метеорологические	553	None	None
86	,	570	None	None
87	биологические	572	None	None
88	и	586	None	None
89	физические	588	None	None
90	опыты	599	None	None
91	.	604	None	None
92	Первая	607	None	None
93	японская	614	None	None
94	экспедиция	623	None	None
95	в	634	None	None
96	Антарктиду	636	coref	2717
97	была	647	None	None
98	направлена	652	None	None
99	в	663	None	None
100	1956	665	None	None
101	году	670	None	None
102	.	674	None	None
103	С	676	None	None
104	тех	678	None	None
105	пор	682	None	None
106	японские	686	coref	2716
107	исследователи	695	None	None
108	отправляются	709	None	None
109	туда	722	coref	2717
110	практически	727	None	None
111	ежегодно	739	None	None
112	.	747	None	None
