	word	start_char	type	chain_id
0	Леннокс	0	coref	2563
1	Льюис	8	coref	2563
2	в	14	coref	2563
3	судах	16	None	None
4	бывает	22	None	None
5	чаще	29	None	None
6	чем	34	None	None
7	на	38	None	None
8	ринге	41	None	None
9	Только	48	None	None
10	чемпион	55	coref	2563
11	мира	63	coref	2563
12	по	68	coref	2563
13	боксу	71	coref	2563
14	в	77	coref	2563
15	супертяжелом	79	coref	2563
16	весе	92	coref	2563
17	,	96	coref	2563
18	британец	98	coref	2563
19	Леннкс	107	coref	2563
20	Льюис	114	coref	2563
21	отсудил	120	None	None
22	миллион	128	None	None
23	у	136	None	None
24	своего	138	coref	2563
25	бывшего	145	coref	2564
26	адвоката	153	coref	2564
27	,	161	coref	2563
28	как	163	None	None
29	на	167	None	None
30	него	170	coref	2563
31	подал	175	None	None
32	в	181	coref	2563
33	суд	183	None	None
34	еще	187	coref	2565
35	один	191	coref	2565
36	боксер	196	coref	2565
37	Хасим	203	coref	2565
38	Рахман	209	coref	2565
39	.	215	None	None
40	Рахман	218	coref	2565
41	намерен	225	None	None
42	судиться	233	None	None
43	с	242	None	None
44	Льюисом	244	coref	2563
45	из	252	None	None
46	-	254	None	None
47	за	255	None	None
48	того	258	None	None
49	,	262	coref	2563
50	что	264	None	None
51	Льюис	268	coref	2563
52	якобы	274	None	None
53	украл	280	None	None
54	три	286	coref	2566
55	чемпионских	290	coref	2566
56	пояса	302	coref	2566
57	стоимостью	308	coref	2566
58	в	319	coref	2563
59	250	321	coref	2566
60	тысяч	325	coref	2566
61	долларов	331	coref	2566
62	.	339	None	None
63	Напомним	341	None	None
64	,	349	coref	2563
65	17	351	None	None
66	ноября	354	None	None
67	2001	361	None	None
68	года	366	None	None
69	Льюис	371	coref	2563
70	победил	377	None	None
71	Рахмана	385	coref	2565
72	,	392	coref	2563
73	нокаутировав	394	None	None
74	соперника	407	coref	2565
75	в	417	coref	2563
76	четвертом	419	None	None
77	раунде	429	None	None
78	.	435	None	None
79	После	437	None	None
80	этого	443	None	None
81	британец	449	coref	2563
82	одолжил	458	None	None
83	у	466	None	None
84	побежденного	468	coref	2565
85	чемпионские	481	coref	2566
86	пояса	493	coref	2566
87	по	499	coref	2563
88	версиям	502	coref	2566
89	IBF	510	coref	2566
90	,	513	coref	2563
91	WBC	515	coref	2566
92	и	519	coref	2566
93	IBO	521	coref	2566
94	,	524	coref	2563
95	чтобы	526	None	None
96	позировать	532	None	None
97	перед	543	None	None
98	фотографами	549	None	None
99	.	560	None	None
100	По	562	None	None
101	словам	565	None	None
102	Рахмана	572	coref	2565
103	,	579	coref	2563
104	Льюис	581	coref	2563
105	так	587	None	None
106	и	591	coref	2566
107	не	593	None	None
108	вернул	596	None	None
109	пояса	603	coref	2566
110	.	608	None	None
111	По	610	None	None
112	закону	613	None	None
113	пояса	620	coref	2566
114	остаются	626	None	None
115	у	635	None	None
116	их	637	coref	2567
117	обладателя	640	None	None
118	на	651	None	None
119	вечное	654	None	None
120	хранение	661	None	None
121	.	669	None	None
122	Если	671	None	None
123	боксер	676	coref	2565
124	теряет	683	None	None
125	свой	690	coref	2568
126	титул	695	None	None
127	,	700	coref	2563
128	для	702	None	None
129	его	706	coref	2563
130	победителя	710	None	None
131	изготавливаются	721	None	None
132	новые	737	None	None
133	пояса	743	coref	2566
134	.	748	None	None
135	А	751	None	None
136	не	753	None	None
137	так	756	None	None
138	давно	760	None	None
139	Льюис	766	coref	2563
140	выиграл	772	None	None
141	1	780	None	None
142	миллион	782	None	None
143	175	790	None	None
144	тысяч	794	coref	2566
145	долларов	800	coref	2566
146	в	809	coref	2563
147	суде	811	coref	2569
148	Манхеттена	816	coref	2569
149	по	827	coref	2563
150	иску	830	None	None
151	против	835	None	None
152	своего	842	coref	2563
153	бывшего	849	coref	2564
154	юриста	857	coref	2564
155	Мильтона	864	coref	2564
156	Чваски	873	coref	2564
157	.	879	None	None
158	Юрист	881	coref	2564
159	был	887	None	None
160	признан	891	None	None
161	виновным	899	None	None
162	в	908	coref	2563
163	том	910	None	None
164	,	913	coref	2563
165	что	915	None	None
166	позволил	919	None	None
167	Паносу	928	coref	2570
168	Элиадесу	935	coref	2570
169	,	943	coref	2563
170	бывшему	945	None	None
171	в	953	coref	2563
172	то	955	None	None
173	время	958	None	None
174	агентом	964	None	None
175	Льюиса	972	coref	2563
176	,	978	coref	2563
177	обманом	980	None	None
178	снять	988	None	None
179	со	994	None	None
180	счета	997	None	None
181	боксера	1003	coref	2563
182	крупную	1011	None	None
183	сумму	1019	None	None
184	денег	1025	None	None
185	,	1030	coref	2563
186	напоминает	1032	None	None
187	'	1043	None	None
188	Спорт	1044	None	None
189	Сегодня	1050	None	None
190	'	1057	None	None
191	.	1058	None	None
192	По	1060	None	None
193	мнению	1063	None	None
194	суда	1070	coref	2569
195	,	1074	coref	2563
196	Льюису	1076	coref	2563
197	удалось	1083	None	None
198	доказать	1091	None	None
199	,	1099	coref	2563
200	что	1101	None	None
201	в	1105	coref	2563
202	обязанности	1107	None	None
203	юриста	1119	coref	2564
204	входило	1126	None	None
205	проинформировать	1134	None	None
206	его	1151	coref	2563
207	о	1155	None	None
208	факте	1157	None	None
209	снятия	1163	None	None
210	денег	1170	None	None
211	и	1176	coref	2566
212	о	1178	None	None
213	конфликте	1180	None	None
214	интересов	1190	None	None
215	,	1199	coref	2563
216	поскольку	1201	None	None
217	Чваски	1211	coref	2564
218	работал	1218	None	None
219	одновременно	1226	None	None
220	и	1239	coref	2566
221	на	1241	None	None
222	Льюиса	1244	coref	2563
223	,	1250	coref	2563
224	и	1252	coref	2566
225	на	1254	None	None
226	Элиадеса	1257	coref	2570
227	.	1265	None	None
228	Однако	1267	None	None
229	адвокат	1274	coref	2571
230	Чваски	1282	coref	2564
231	Джетро	1289	coref	2571
232	Эйзенштейн	1296	coref	2571
233	сообщил	1307	None	None
234	о	1315	None	None
235	намерении	1317	None	None
236	подать	1327	None	None
237	апелляцию	1334	None	None
238	в	1344	coref	2563
239	суд	1346	None	None
240	высшей	1350	None	None
241	инстанции	1357	None	None
242	,	1366	coref	2563
243	поскольку	1368	None	None
244	,	1377	coref	2563
245	по	1379	coref	2563
246	его	1382	coref	2563
247	словам	1386	None	None
248	,	1392	coref	2563
249	его	1394	coref	2563
250	клиент	1398	coref	2564
251	по	1405	coref	2563
252	-	1407	None	None
253	прежнему	1408	None	None
254	полагает	1417	None	None
255	,	1425	coref	2563
256	что	1427	None	None
257	работал	1431	None	None
258	на	1439	None	None
259	Льюиса	1442	coref	2563
260	честно	1449	None	None
261	и	1456	coref	2566
262	профессионально	1458	None	None
263	.	1473	None	None
