	word	start_char	type	chain_id
0	Закаева	0	coref	3282
1	отпустили	8	None	None
2	на	18	coref	3298
3	поруки	21	None	None
4	актрисы	28	coref	3283
5	Ванессы	36	coref	3283
6	Редгрейв	44	coref	3283
7	Съезд	54	None	None
8	народов	60	coref	3284
9	Чечни	68	coref	3284
10	,	73	None	None
11	проходящий	75	None	None
12	11	86	None	None
13	декабря	89	None	None
14	в	97	coref	3298
15	Гудермесе	99	None	None
16	,	108	None	None
17	не	110	None	None
18	изменит	113	None	None
19	ситуацию	121	None	None
20	в	130	coref	3298
21	республике	132	coref	3285
22	,	142	None	None
23	считает	144	None	None
24	специальный	152	coref	3282
25	представитель	164	coref	3282
26	Масхадова	178	coref	3282
27	Ахмед	188	coref	3282
28	Закаев	194	coref	3282
29	.	200	coref	3299
30	«	203	coref	3287
31	Можно	204	None	None
32	проводить	210	None	None
33	и	220	coref	3310
34	съезды	222	None	None
35	,	228	None	None
36	и	230	coref	3310
37	конгрессы	232	None	None
38	,	241	None	None
39	и	243	coref	3310
40	все	245	coref	3310
41	что	249	None	None
42	угодно	253	None	None
43	,	259	None	None
44	но	261	None	None
45	до	264	None	None
46	тех	267	None	None
47	пор	271	None	None
48	,	274	None	None
49	пока	276	None	None
50	не	281	None	None
51	будет	284	None	None
52	принято	290	None	None
53	решение	298	None	None
54	о	306	None	None
55	прекращении	308	None	None
56	войны	320	coref	3293
57	,	325	None	None
58	то	327	None	None
59	есть	330	None	None
60	о	335	None	None
61	начале	337	None	None
62	переговоров	344	None	None
63	,	355	None	None
64	война	357	None	None
65	не	363	None	None
66	закончится	366	None	None
67	»	376	coref	3287
68	,	377	None	None
69	-	379	coref	3298
70	сказал	381	None	None
71	он	388	coref	3282
72	в	391	coref	3298
73	интервью	393	None	None
74	«	402	coref	3287
75	Эхо	403	coref	3287
76	Москвы	407	coref	3287
77	»	413	coref	3287
78	.	414	coref	3299
79	«	417	coref	3287
80	К	418	None	None
81	сожалению	420	None	None
82	,	429	None	None
83	они	431	coref	3284
84	пошли	435	None	None
85	по	441	coref	3302
86	тем	444	coref	3288
87	же	448	coref	3288
88	методам	451	coref	3288
89	,	458	None	None
90	которые	460	coref	3288
91	уже	468	None	None
92	использовались	472	None	None
93	в	487	coref	3298
94	нашем	489	coref	3289
95	конфликте	495	None	None
96	,	504	None	None
97	-	506	coref	3298
98	пояснил	508	None	None
99	Закаев	516	coref	3282
100	.	522	coref	3299
101	-	524	coref	3298
102	Мы	526	coref	3289
103	помним	529	None	None
104	1994	536	None	None
105	год	541	None	None
106	,	544	None	None
107	первую	546	None	None
108	войну	553	None	None
109	.	558	coref	3299
110	Были	560	None	None
111	и	565	coref	3310
112	съезды	567	None	None
113	,	573	None	None
114	и	575	coref	3310
115	выборы	577	None	None
116	,	583	None	None
117	и	585	coref	3310
118	Конституция	587	coref	3290
119	принималась	599	None	None
120	,	610	None	None
121	и	612	coref	3310
122	подписывались	614	None	None
123	какие	628	None	None
124	-	633	coref	3298
125	то	634	None	None
126	договоры	637	None	None
127	с	646	None	None
128	Россией	648	coref	3291
129	,	655	None	None
130	но	657	None	None
131	война	660	None	None
132	закончилась	666	None	None
133	,	677	None	None
134	когда	679	None	None
135	российская	685	coref	3291
136	сторона	696	coref	3291
137	приняла	704	None	None
138	правильное	712	None	None
139	политическое	723	None	None
140	решение	736	None	None
141	действительно	744	None	None
142	закончить	758	None	None
143	войну	768	None	None
144	,	773	None	None
145	то	775	None	None
146	есть	778	None	None
147	начался	783	None	None
148	диалог	791	None	None
149	между	798	None	None
150	противоборствующими	804	None	None
151	сторонами	824	None	None
152	»	833	coref	3287
153	.	834	coref	3299
154	По	837	None	None
155	мнению	840	None	None
156	Закаева	847	coref	3282
157	,	854	None	None
158	«	856	coref	3287
159	сегодня	857	None	None
160	как	865	None	None
161	бы	869	None	None
162	пытаются	872	None	None
163	оформить	881	None	None
164	те	890	None	None
165	заявления	893	None	None
166	Путина	903	coref	3292
167	о	910	None	None
168	том	912	None	None
169	,	915	None	None
170	что	917	None	None
171	он	921	coref	3282
172	будет	924	None	None
173	решать	930	None	None
174	политическими	937	None	None
175	методами	951	None	None
176	российско	960	None	None
177	-	969	coref	3298
178	чеченскую	970	None	None
179	проблему	980	None	None
180	»	988	coref	3287
181	.	989	coref	3299
182	«	991	coref	3287
183	Это	992	None	None
184	и	996	coref	3310
185	есть	998	None	None
186	псевдополитические	1003	None	None
187	решения	1022	coref	3310
188	,	1029	None	None
189	то	1031	None	None
190	есть	1034	None	None
191	съезд	1039	None	None
192	,	1044	None	None
193	в	1046	coref	3298
194	последующем	1048	None	None
195	Конституция	1060	coref	3290
196	,	1071	None	None
197	референдум	1073	None	None
198	»	1083	coref	3287
199	,	1084	None	None
200	-	1086	coref	3298
201	считает	1088	None	None
202	спецпредставитель	1096	coref	3282
203	Масхадова	1114	coref	3282
204	.	1123	coref	3299
205	Использование	1125	None	None
206	таких	1139	None	None
207	политических	1145	None	None
208	методов	1158	None	None
209	«	1166	coref	3287
210	есть	1167	None	None
211	не	1172	None	None
212	окончание	1175	None	None
213	войны	1185	coref	3293
214	,	1190	None	None
215	а	1192	None	None
216	ее	1194	coref	3285
217	продолжение	1197	None	None
218	»	1208	coref	3287
219	,	1209	None	None
220	добавил	1211	None	None
221	он	1219	coref	3282
222	.	1221	coref	3299
223	Говоря	1224	None	None
224	о	1231	None	None
225	возможном	1233	None	None
226	избрании	1243	None	None
227	президента	1252	coref	3294
228	Чечни	1263	coref	3284
229	,	1268	None	None
230	Закаев	1270	coref	3282
231	заметил	1277	None	None
232	:	1284	None	None
233	«	1286	coref	3287
234	Можно	1287	None	None
235	его	1293	coref	3282
236	избирать	1297	None	None
237	,	1305	None	None
238	можно	1307	None	None
239	назначать	1313	None	None
240	,	1322	None	None
241	но	1324	None	None
242	ситуация	1327	None	None
243	не	1336	None	None
244	изменится	1339	None	None
245	.	1348	coref	3299
246	Каким	1350	None	None
247	-	1355	coref	3298
248	то	1356	None	None
249	образом	1359	None	None
250	повлиять	1367	None	None
251	на	1376	coref	3298
252	ситуацию	1379	None	None
253	,	1387	None	None
254	на	1389	coref	3298
255	ход	1392	None	None
256	событий	1396	None	None
257	в	1404	coref	3298
258	Чечне	1406	coref	3285
259	этот	1412	None	None
260	факт	1417	None	None
261	не	1422	None	None
262	может	1425	None	None
263	»	1430	coref	3287
264	.	1431	coref	3299
265	Для	1434	None	None
266	решения	1438	coref	3310
267	чеченского	1446	None	None
268	конфликта	1457	None	None
269	«	1467	coref	3287
270	есть	1468	None	None
271	необходимость	1473	None	None
272	вмешательства	1487	None	None
273	европейского	1501	coref	3295
274	сообщества	1514	coref	3295
275	,	1524	None	None
276	и	1526	coref	3310
277	это	1528	None	None
278	может	1532	None	None
279	быть	1538	None	None
280	выражено	1543	None	None
281	введением	1552	None	None
282	миротворческих	1562	None	None
283	сил	1577	None	None
284	в	1581	coref	3298
285	Чечню	1583	coref	3285
286	»	1588	coref	3287
287	,	1589	None	None
288	заявил	1591	None	None
289	Закаев	1598	coref	3282
290	,	1604	None	None
291	находящийся	1606	None	None
292	в	1618	coref	3298
293	Великобритании	1620	coref	3296
294	.	1634	coref	3299
295	«	1637	coref	3287
296	Я	1638	coref	3282
297	неоднократно	1640	None	None
298	заявлял	1653	None	None
299	о	1661	None	None
300	том	1663	None	None
301	,	1666	None	None
302	что	1668	None	None
303	Чечня	1672	coref	3285
304	,	1677	None	None
305	независимо	1679	None	None
306	от	1690	None	None
307	ее	1693	coref	3285
308	политического	1696	None	None
309	статуса	1710	None	None
310	,	1717	None	None
311	является	1719	None	None
312	частью	1728	None	None
313	Европы	1735	coref	3295
314	.	1741	coref	3299
315	И	1743	None	None
316	Россия	1745	coref	3291
317	уже	1752	None	None
318	на	1756	coref	3298
319	протяжении	1759	None	None
320	последних	1770	None	None
321	двух	1780	None	None
322	лет	1785	None	None
323	,	1788	None	None
324	особенно	1790	None	None
325	после	1799	None	None
326	трагических	1805	None	None
327	событий	1817	None	None
328	в	1825	coref	3298
329	США	1827	None	None
330	,	1830	None	None
331	настаивает	1832	None	None
332	на	1843	coref	3298
333	том	1846	None	None
334	,	1849	None	None
335	чтобы	1851	None	None
336	ситуацию	1857	None	None
337	в	1866	coref	3298
338	Чечне	1868	coref	3285
339	рассматривали	1874	None	None
340	в	1888	coref	3298
341	контексте	1890	None	None
342	борьбы	1900	None	None
343	с	1907	None	None
344	международным	1909	None	None
345	терроризмом	1923	None	None
346	»	1934	coref	3287
347	,	1935	None	None
348	-	1937	coref	3298
349	пояснил	1939	None	None
350	он	1947	coref	3282
351	.	1949	coref	3299
352	В	1952	None	None
353	этом	1954	None	None
354	случае	1959	None	None
355	,	1965	None	None
356	полагает	1967	None	None
357	Закаев	1976	coref	3282
358	,	1982	None	None
359	напрашивается	1984	None	None
360	вывод	1998	None	None
361	,	2003	None	None
362	«	2005	coref	3287
363	что	2006	None	None
364	эту	2010	None	None
365	проблему	2014	None	None
366	необходимо	2023	None	None
367	решать	2034	None	None
368	всем	2041	None	None
369	миром	2046	None	None
370	»	2051	coref	3287
371	.	2052	coref	3299
372	По	2054	None	None
373	его	2057	coref	3282
374	мнению	2061	None	None
375	,	2067	None	None
376	единственной	2069	coref	3297
377	структурой	2082	coref	3297
378	,	2092	None	None
379	которая	2094	coref	3283
380	может	2102	None	None
381	сегодня	2108	None	None
382	повлиять	2116	None	None
383	на	2125	coref	3298
384	ситуацию	2128	None	None
385	,	2136	None	None
386	является	2138	None	None
387	Европейский	2147	coref	3295
388	союз	2159	coref	3295
389	.	2163	coref	3299
390	Суд	2166	coref	3298
391	Лондона	2170	coref	3298
392	отпустил	2178	None	None
393	сегодня	2187	None	None
394	Закаева	2195	coref	3282
395	на	2203	coref	3298
396	поруки	2206	None	None
397	актрисы	2213	coref	3283
398	Ванессы	2221	coref	3283
399	Редгрейв	2229	coref	3283
400	Ахмеда	2239	coref	3282
401	Закаева	2246	coref	3282
402	отпустили	2254	None	None
403	под	2264	None	None
404	залог	2268	coref	3299
405	,	2273	None	None
406	который	2275	coref	3299
407	внесет	2283	None	None
408	за	2290	None	None
409	него	2293	coref	3282
410	актриса	2298	coref	3283
411	Ванесса	2306	coref	3283
412	Редгрейв	2314	coref	3283
413	.	2322	coref	3299
414	Сумма	2324	None	None
415	залога	2330	coref	3299
416	-	2337	coref	3298
417	50	2339	coref	3299
418	тысяч	2342	coref	3307
419	фунтов	2348	coref	3299
420	стерлингов	2355	coref	3299
421	.	2365	coref	3299
422	Таков	2368	None	None
423	итог	2374	None	None
424	сегодняшнего	2379	None	None
425	заседания	2392	None	None
426	магистратского	2402	coref	3298
427	суда	2417	coref	3298
428	на	2422	coref	3298
429	Боу	2425	coref	3298
430	-	2428	coref	3298
431	стрит	2429	coref	3298
432	в	2435	coref	3298
433	центре	2437	coref	3298
434	Лондона	2444	coref	3298
435	.	2451	coref	3299
436	Следующее	2453	None	None
437	заседание	2463	None	None
438	по	2473	coref	3302
439	делу	2476	None	None
440	Закаева	2481	coref	3282
441	пройдет	2489	None	None
442	9	2497	None	None
443	января	2499	None	None
444	,	2505	None	None
445	постановил	2507	None	None
446	судья	2518	None	None
447	Тимоти	2524	None	None
448	Уоркмен	2531	None	None
449	.	2538	coref	3299
450	Если	2541	None	None
451	до	2546	None	None
452	следующего	2549	None	None
453	заседания	2560	None	None
454	суда	2570	coref	3298
455	Закаев	2575	coref	3282
456	попытается	2582	None	None
457	покинуть	2593	None	None
458	территорию	2602	None	None
459	Великобритании	2613	coref	3296
460	,	2627	None	None
461	сменит	2629	None	None
462	адрес	2636	coref	3301
463	пребывания	2642	coref	3301
464	или	2653	None	None
465	откажется	2657	None	None
466	явиться	2667	None	None
467	в	2675	coref	3298
468	суд	2677	coref	3298
469	,	2680	None	None
470	актриса	2682	coref	3283
471	потеряет	2690	None	None
472	50	2699	coref	3299
473	тысяч	2702	coref	3307
474	фунтов	2708	coref	3299
475	стерлингов	2715	coref	3299
476	.	2725	coref	3299
477	Залог	2728	coref	3299
478	за	2734	None	None
479	Закаева	2737	coref	3282
480	не	2745	None	None
481	вносился	2748	None	None
482	-	2757	coref	3298
483	Редгрейв	2759	coref	3283
484	«	2768	coref	3287
485	лишь	2769	None	None
486	подписала	2774	None	None
487	гарантию	2784	None	None
488	,	2792	None	None
489	что	2794	None	None
490	если	2798	None	None
491	Закаев	2803	coref	3282
492	исчезнет	2810	None	None
493	,	2818	None	None
494	она	2820	coref	3283
495	внесет	2824	None	None
496	эти	2831	coref	3299
497	деньги	2835	coref	3299
498	,	2841	None	None
499	и	2843	coref	3310
500	подтвердила	2845	None	None
501	,	2856	None	None
502	что	2858	None	None
503	такие	2862	None	None
504	деньги	2868	coref	3299
505	у	2875	None	None
506	нее	2877	coref	3283
507	есть	2881	None	None
508	»	2885	coref	3287
509	,	2886	None	None
510	сообщил	2888	None	None
511	«	2896	coref	3287
512	Эху	2897	coref	3287
513	Москвы	2901	coref	3287
514	»	2907	coref	3287
515	руководитель	2909	coref	3302
516	Фонда	2922	coref	3302
517	гражданских	2928	coref	3302
518	свобод	2940	coref	3302
519	Александр	2947	coref	3302
520	Гольдфарб	2957	coref	3302
521	,	2966	None	None
522	добавив	2968	None	None
523	,	2975	None	None
524	что	2977	None	None
525	«	2981	coref	3287
526	Закаев	2982	coref	3282
527	был	2989	None	None
528	предупрежден	2993	None	None
529	,	3005	None	None
530	что	3007	None	None
531	он	3011	coref	3282
532	должен	3014	None	None
533	ночевать	3021	None	None
534	по	3030	coref	3302
535	известному	3033	coref	3301
536	суду	3044	coref	3298
537	адресу	3049	coref	3301
538	,	3055	None	None
539	должен	3057	None	None
540	сдать	3064	None	None
541	свой	3070	coref	3282
542	паспорт	3075	None	None
543	,	3082	None	None
544	не	3084	None	None
545	должен	3087	None	None
546	выезжать	3094	None	None
547	за	3103	None	None
548	границу	3106	None	None
549	,	3113	None	None
550	в	3115	coref	3298
551	противном	3117	None	None
552	случае	3127	None	None
553	его	3134	coref	3282
554	ждет	3138	None	None
555	арест	3143	None	None
556	»	3148	coref	3287
557	.	3149	coref	3299
558	Закаев	3152	coref	3282
559	все	3159	coref	3310
560	это	3163	None	None
561	время	3167	None	None
562	будет	3173	None	None
563	жить	3179	None	None
564	в	3184	coref	3298
565	Лондоне	3186	coref	3300
566	,	3193	None	None
567	находясь	3195	None	None
568	на	3204	coref	3298
569	поруках	3207	None	None
570	у	3215	None	None
571	актрисы	3217	coref	3283
572	Ванессы	3225	coref	3283
573	Редгрейв	3233	coref	3283
574	.	3241	coref	3299
575	Адрес	3244	coref	3301
576	,	3249	None	None
577	по	3251	coref	3302
578	которому	3254	coref	3301
579	должен	3263	None	None
580	жить	3270	None	None
581	Закаев	3275	coref	3282
582	,	3281	None	None
583	суд	3283	coref	3298
584	не	3287	None	None
585	раскрывает	3290	None	None
586	.	3300	coref	3299
587	Известно	3302	None	None
588	лишь	3311	None	None
589	,	3315	None	None
590	что	3317	None	None
591	дом	3321	None	None
592	расположен	3325	None	None
593	в	3336	coref	3298
594	Челси	3338	coref	3304
595	-	3344	coref	3298
596	одном	3346	None	None
597	из	3352	None	None
598	престижных	3355	None	None
599	центральных	3366	None	None
600	районов	3378	None	None
601	столицы	3386	coref	3300
602	Великобритании	3394	coref	3296
603	,	3408	None	None
604	сообщает	3410	None	None
605	BBC	3419	None	None
606	.	3422	coref	3299
607	Там	3425	coref	3304
608	и	3429	coref	3310
609	живет	3431	None	None
610	Ванесса	3437	coref	3283
611	Редгрейв	3445	coref	3283
612	,	3453	None	None
613	которая	3455	coref	3283
614	предоставила	3463	None	None
615	кров	3476	None	None
616	семье	3481	None	None
617	Закаева	3487	coref	3282
618	.	3494	coref	3299
619	Как	3497	None	None
620	объяснил	3501	None	None
621	лондонский	3510	coref	3305
622	юрист	3521	coref	3305
623	Джон	3527	coref	3305
624	Харди	3532	coref	3305
625	,	3537	None	None
626	на	3539	coref	3298
627	первом	3542	None	None
628	заседании	3549	None	None
629	суда	3559	coref	3298
630	никаких	3564	None	None
631	значительных	3572	None	None
632	решений	3585	None	None
633	обычно	3593	None	None
634	и	3600	coref	3310
635	не	3602	None	None
636	принимается	3605	None	None
637	.	3616	coref	3299
638	«	3619	coref	3287
639	Все	3620	None	None
640	начинается	3624	None	None
641	с	3635	None	None
642	того	3637	None	None
643	,	3641	None	None
644	-	3643	coref	3298
645	рассказывает	3645	None	None
646	он	3658	coref	3282
647	,	3660	None	None
648	-	3662	coref	3298
649	что	3664	None	None
650	суд	3668	coref	3298
651	принимает	3672	None	None
652	решение	3682	None	None
653	о	3690	None	None
654	том	3692	None	None
655	,	3695	None	None
656	будет	3697	None	None
657	ли	3703	None	None
658	подозреваемый	3706	coref	3282
659	в	3720	coref	3298
660	процессе	3722	None	None
661	слушания	3731	None	None
662	находиться	3740	None	None
663	в	3751	coref	3298
664	тюрьме	3753	None	None
665	или	3760	None	None
666	его	3764	coref	3282
667	следует	3768	None	None
668	отпустить	3776	None	None
669	под	3786	None	None
670	залог	3790	coref	3299
671	.	3795	coref	3299
672	Затем	3797	None	None
673	,	3802	None	None
674	в	3804	coref	3298
675	течение	3806	None	None
676	40	3814	None	None
677	дней	3817	None	None
678	,	3821	None	None
679	страна	3823	coref	3306
680	,	3829	None	None
681	которая	3831	coref	3283
682	настаивает	3839	None	None
683	на	3850	coref	3298
684	экстрадиции	3853	coref	3310
685	,	3864	None	None
686	должна	3866	None	None
687	прислать	3873	None	None
688	нам	3882	coref	3298
689	официальное	3886	None	None
690	требование	3898	None	None
691	о	3909	None	None
692	выдаче	3911	None	None
693	подозреваемого	3918	coref	3282
694	.	3932	coref	3299
695	С	3934	None	None
696	этого	3936	None	None
697	момента	3942	None	None
698	до	3950	None	None
699	окончания	3953	None	None
700	всего	3963	None	None
701	юридического	3969	None	None
702	процесса	3982	None	None
703	обычно	3991	None	None
704	проходит	3998	None	None
705	около	4007	None	None
706	40	4013	None	None
707	дней	4016	None	None
708	»	4020	coref	3287
709	.	4021	coref	3299
710	Еще	4024	coref	3307
711	50	4028	coref	3299
712	тысяч	4031	coref	3307
713	долларов	4037	coref	3307
714	за	4046	None	None
715	Закаева	4049	coref	3282
716	заплатил	4057	None	None
717	Борис	4066	coref	3308
718	Березовский	4072	coref	3308
719	Борис	4085	coref	3308
720	Березовский	4091	coref	3308
721	заплатил	4103	None	None
722	50	4112	coref	3299
723	тысяч	4115	coref	3307
724	долларов	4121	coref	3307
725	за	4130	None	None
726	юридическую	4133	None	None
727	поддержку	4145	None	None
728	Ахмеда	4155	coref	3282
729	Закаева	4162	coref	3282
730	в	4170	coref	3298
731	Дании	4172	coref	3309
732	.	4177	coref	3299
733	Об	4179	None	None
734	этом	4182	None	None
735	РИА	4187	None	None
736	«	4191	coref	3287
737	Новости	4192	None	None
738	»	4199	coref	3287
739	сообщил	4201	None	None
740	в	4209	coref	3298
741	среду	4211	None	None
742	руководитель	4217	coref	3302
743	Фонда	4230	coref	3302
744	по	4236	coref	3302
745	защите	4239	coref	3302
746	гражданских	4246	coref	3302
747	свобод	4258	coref	3302
748	Александр	4265	coref	3302
749	Гольдфарб	4275	coref	3302
750	.	4284	coref	3299
751	Фонд	4286	coref	3303
752	был	4291	None	None
753	создан	4295	None	None
754	Борисом	4302	coref	3308
755	Березовским	4310	coref	3308
756	в	4322	coref	3298
757	Нью	4324	None	None
758	-	4327	coref	3298
759	Йорке	4328	None	None
760	в	4334	coref	3298
761	2000	4336	None	None
762	году	4341	None	None
763	.	4345	coref	3299
764	По	4348	None	None
765	словам	4351	None	None
766	Гольдфарба	4358	coref	3302
767	,	4368	None	None
768	такую	4370	coref	3307
769	сумму	4376	coref	3307
770	составила	4382	None	None
771	доля	4392	None	None
772	Березовского	4397	coref	3308
773	в	4410	coref	3298
774	финансовой	4412	None	None
775	поддержке	4423	None	None
776	Закаева	4433	coref	3282
777	в	4441	coref	3298
778	Дании	4443	coref	3309
779	.	4448	coref	3299
780	Как	4450	None	None
781	ранее	4454	None	None
782	сообщал	4460	None	None
783	сам	4468	coref	3308
784	Березовский	4472	coref	3308
785	,	4483	None	None
786	он	4485	coref	3282
787	продолжит	4488	None	None
788	оказывать	4498	None	None
789	финансовую	4508	None	None
790	поддержку	4519	None	None
791	Закаеву	4529	coref	3282
792	и	4537	coref	3310
793	в	4539	coref	3298
794	Великобритании	4541	coref	3296
795	во	4556	None	None
796	время	4559	None	None
797	судебного	4565	None	None
798	процесса	4575	None	None
799	по	4584	coref	3302
800	его	4587	coref	3282
801	экстрадиции	4591	coref	3310
802	в	4603	coref	3298
803	Россию	4605	coref	3291
804	.	4611	coref	3299
805	Россия	4614	coref	3291
806	уже	4621	None	None
807	отправила	4625	None	None
808	в	4635	coref	3298
809	Великобританию	4637	coref	3296
810	документы	4652	coref	3310
811	,	4661	None	None
812	подтверждающие	4663	None	None
813	причастность	4678	None	None
814	Закаева	4691	coref	3282
815	ко	4699	None	None
816	многим	4702	None	None
817	преступлениям	4709	None	None
818	Посольство	4724	None	None
819	России	4735	coref	3291
820	уже	4742	None	None
821	направило	4746	None	None
822	в	4756	coref	3298
823	МВД	4758	None	None
824	Великобритании	4762	coref	3296
825	оперативно	4777	coref	3310
826	подготовленные	4788	coref	3310
827	российской	4803	coref	3310
828	прокуратурой	4814	coref	3310
829	документы	4827	coref	3310
830	,	4836	None	None
831	подтверждающие	4838	None	None
832	причастность	4853	None	None
833	Ахмеда	4866	coref	3282
834	Закаева	4873	coref	3282
835	к	4881	None	None
836	серии	4883	None	None
837	тяжких	4889	None	None
838	преступлений	4896	None	None
839	на	4909	coref	3298
840	территории	4912	None	None
841	Российской	4923	coref	3291
842	Федерации	4934	coref	3291
843	и	4944	coref	3310
844	ходатайствующие	4946	None	None
845	о	4962	None	None
846	выдаче	4964	None	None
847	его	4971	coref	3282
848	России	4975	coref	3291
849	для	4982	coref	3310
850	уголовного	4986	None	None
851	преследования	4997	None	None
852	.	5010	coref	3299
853	«	5013	coref	3287
854	Таким	5014	None	None
855	образом	5020	None	None
856	,	5027	None	None
857	-	5029	coref	3298
858	заявил	5031	None	None
859	представитель	5038	coref	3282
860	российской	5052	coref	3310
861	дипломатической	5063	None	None
862	миссии	5079	None	None
863	,	5085	None	None
864	-	5087	coref	3298
865	британское	5089	coref	3298
866	правосудие	5100	coref	3298
867	получило	5111	None	None
868	все	5120	coref	3310
869	необходимые	5124	coref	3310
870	документы	5136	coref	3310
871	для	5146	coref	3310
872	объективного	5150	coref	3310
873	рассмотрения	5163	coref	3310
874	вопроса	5176	coref	3310
875	об	5184	coref	3310
876	экстрадиции	5187	coref	3310
877	Закаева	5199	coref	3282
878	и	5207	coref	3310
879	вынесения	5209	coref	3310
880	своего	5219	coref	3298
881	решения	5226	coref	3310
882	.	5233	coref	3299
883	Дело	5235	None	None
884	теперь	5240	None	None
885	за	5247	None	None
886	британской	5250	coref	3296
887	стороной	5261	coref	3296
888	»	5269	coref	3287
889	.	5270	coref	3299
890	Закаев	5273	coref	3282
891	прибыл	5280	None	None
892	в	5287	coref	3298
893	Лондон	5289	coref	3300
894	из	5296	None	None
895	Копенгагена	5299	None	None
896	на	5311	coref	3298
897	прошлой	5314	None	None
898	неделе	5322	None	None
899	,	5328	None	None
900	после	5330	None	None
901	того	5336	None	None
902	как	5341	None	None
903	датские	5345	None	None
904	власти	5353	None	None
905	отказались	5360	None	None
906	выдать	5371	None	None
907	его	5378	coref	3282
908	России	5382	coref	3291
909	и	5389	coref	3310
910	освободили	5391	None	None
911	из	5402	None	None
912	-	5404	coref	3298
913	под	5405	None	None
914	стражи	5409	None	None
915	.	5415	coref	3299
916	В	5418	None	None
917	лондонском	5420	None	None
918	аэропорту	5431	None	None
919	Закаев	5441	coref	3282
920	был	5448	None	None
921	задержан	5452	None	None
922	,	5460	None	None
923	а	5462	None	None
924	затем	5464	None	None
925	отпущен	5470	None	None
926	под	5478	None	None
927	денежный	5482	coref	3299
928	залог	5491	coref	3299
929	в	5497	coref	3298
930	50	5499	coref	3299
931	тыс	5502	coref	3299
932	.	5505	coref	3299
933	фунтов	5507	coref	3299
934	стерлингов	5514	coref	3299
935	,	5524	None	None
936	который	5526	coref	3299
937	за	5534	None	None
938	него	5537	coref	3282
939	внесли	5542	None	None
940	актриса	5549	coref	3283
941	Ванесса	5557	coref	3283
942	Редгрейв	5565	coref	3283
943	,	5573	None	None
944	депутат	5575	None	None
945	Европарламента	5583	None	None
946	лорд	5598	None	None
947	Бетелл	5603	None	None
948	и	5610	coref	3310
949	правозащитник	5612	None	None
950	Владимир	5626	None	None
951	Буковский	5635	None	None
952	.	5644	coref	3299
953	Генпрокуратура	5647	None	None
954	России	5662	coref	3291
955	обвиняет	5669	None	None
956	эмиссара	5678	coref	3286
957	Аслана	5687	coref	3286
958	Масхадова	5694	coref	3282
959	по	5704	coref	3302
960	девяти	5707	None	None
961	статьям	5714	None	None
962	УК	5722	None	None
963	РФ	5725	coref	3291
964	,	5727	None	None
965	в	5729	coref	3298
966	том	5731	None	None
967	числе	5735	None	None
968	в	5741	coref	3298
969	убийстве	5743	None	None
970	двух	5752	None	None
971	и	5757	coref	3310
972	более	5759	None	None
973	человек	5765	None	None
974	,	5772	None	None
975	посягательстве	5774	None	None
976	на	5789	coref	3298
977	жизнь	5792	None	None
978	сотрудника	5798	None	None
979	правоохранительных	5809	None	None
980	органов	5828	None	None
981	,	5835	None	None
982	бандитизме	5837	None	None
983	и	5848	coref	3310
984	т	5850	None	None
985	.	5851	coref	3299
986	д	5853	None	None
987	.	5854	coref	3299
