	word	start_char	type	chain_id
0	Стивен	0	coref	1688
1	Сигал	7	coref	1688
2	фигурирует	13	None	None
3	в	24	None	None
4	деле	26	None	None
5	мафиозного	31	coref	1689
6	клана	42	coref	1689
7	Gambino	48	coref	1689
8	Имя	57	None	None
9	известного	61	coref	1688
10	актера	72	coref	1688
11	Стивена	79	coref	1688
12	Сигала	87	coref	1688
13	попало	94	None	None
14	в	101	None	None
15	материалы	103	None	None
16	дела	113	None	None
17	и	118	None	None
18	в	120	None	None
19	обвинительное	122	coref	1690
20	заключение	136	coref	1690
21	,	146	None	None
22	которое	148	coref	1690
23	было	156	None	None
24	предъявлено	161	None	None
25	членам	173	coref	1691
26	мафиозного	180	coref	1689
27	клана	191	coref	1689
28	Гамбино	197	coref	1689
29	,	204	None	None
30	арестованным	206	None	None
31	накануне	219	None	None
32	в	228	None	None
33	Нью	230	None	None
34	-	233	coref	1693
35	Йорке	234	None	None
36	,	240	None	None
37	передает	242	None	None
38	New	251	None	None
39	York	255	None	None
40	Post	260	None	None
41	.	265	None	None
42	К	267	None	None
43	счастью	269	None	None
44	,	276	None	None
45	только	278	None	None
46	в	285	None	None
47	числе	287	None	None
48	потенциальных	293	None	None
49	жертв	307	None	None
50	.	312	None	None
51	Во	315	None	None
52	вторник	318	None	None
53	в	326	None	None
54	ходе	328	None	None
55	операции	333	None	None
56	были	342	None	None
57	арестованы	347	None	None
58	17	358	coref	1691
59	членов	361	coref	1691
60	клана	368	coref	1689
61	,	373	None	None
62	причем	375	None	None
63	среди	382	None	None
64	них	388	coref	1691
65	не	392	None	None
66	только	395	None	None
67	рядовые	402	None	None
68	исполнители	410	None	None
69	,	421	None	None
70	но	423	None	None
71	и	426	None	None
72	главари	428	None	None
73	,	435	None	None
74	обычно	437	None	None
75	держащиеся	444	None	None
76	в	455	None	None
77	тени	457	None	None
78	и	462	None	None
79	ускользавшие	464	None	None
80	из	477	coref	1693
81	всех	480	None	None
82	сетей	485	None	None
83	.	490	None	None
84	По	492	None	None
85	сведениям	495	None	None
86	,	504	None	None
87	поступившим	506	None	None
88	из	518	coref	1693
89	аппарата	521	None	None
90	прокурора	530	None	None
91	,	539	None	None
92	уже	541	None	None
93	приготовлено	545	None	None
94	федеральное	558	coref	1690
95	обвинительное	570	coref	1690
96	заключение	584	coref	1690
97	,	594	None	None
98	среди	596	None	None
99	68	602	None	None
100	пунктов	605	None	None
101	которого	613	coref	1690
102	-	622	coref	1693
103	обвинения	624	None	None
104	в	634	None	None
105	рэкете	636	None	None
106	,	642	None	None
107	вымогательстве	644	None	None
108	,	658	None	None
109	отмывании	660	None	None
110	грязных	670	None	None
111	денег	678	None	None
112	и	684	None	None
113	подкупе	686	None	None
114	свидетелей	694	None	None
115	.	704	None	None
116	Среди	707	None	None
117	преступлений	713	coref	1692
118	,	725	None	None
119	в	727	None	None
120	которых	729	coref	1692
121	подозреваются	737	None	None
122	мафиози	751	coref	1691
123	,	758	None	None
124	-	760	coref	1693
125	попытка	762	None	None
126	вымогательства	770	None	None
127	сотен	785	None	None
128	тысяч	791	None	None
129	долларов	797	None	None
130	у	806	None	None
131	знаменитого	808	coref	1688
132	американского	820	coref	1688
133	актера	834	coref	1688
134	Стивена	841	coref	1688
135	Сигала	849	coref	1688
136	.	855	None	None
137	По	857	None	None
138	предварительным	860	None	None
139	сведениям	876	None	None
140	,	885	None	None
141	один	887	coref	1693
142	из	892	coref	1693
143	ответчиков	895	coref	1691
144	Джулиус	906	coref	1693
145	Нассо	914	coref	1693
146	с	920	None	None
147	подельниками	922	None	None
148	потребовал	935	None	None
149	свою	946	coref	1693
150	долю	951	None	None
151	в	956	None	None
152	размере	958	None	None
153	150	966	None	None
154	тыс	970	None	None
155	.	973	None	None
156	долларов	975	None	None
157	за	984	None	None
158	каждый	987	coref	1697
159	фильм	994	coref	1697
160	,	999	None	None
161	снятый	1001	None	None
162	Сигалом	1008	coref	1688
163	.	1015	None	None
164	Нассо	1018	coref	1693
165	ранее	1024	None	None
166	являлся	1030	None	None
167	деловым	1038	None	None
168	партнером	1046	None	None
169	Стивена	1056	coref	1688
170	Сигала	1064	coref	1688
171	.	1070	None	None
172	В	1072	None	None
173	начале	1074	None	None
174	этого	1081	None	None
175	года	1087	None	None
176	Нассо	1092	coref	1693
177	предъявил	1098	None	None
178	звезде	1108	coref	1688
179	Голливуда	1115	coref	1688
180	иск	1125	None	None
181	на	1129	None	None
182	60	1132	None	None
183	млн	1135	None	None
184	.	1138	None	None
185	долларов	1140	None	None
186	за	1149	None	None
187	разрыв	1152	None	None
188	контракта	1159	None	None
189	.	1168	None	None
190	Тогда	1170	None	None
191	Нассо	1176	coref	1693
192	утверждал	1182	None	None
193	,	1191	None	None
194	что	1193	None	None
195	потерял	1197	None	None
196	из	1205	coref	1693
197	-	1207	coref	1693
198	за	1208	None	None
199	этого	1211	None	None
200	свыше	1217	None	None
201	25	1223	None	None
202	млн	1226	None	None
203	.	1229	None	None
204	долларов	1231	None	None
205	.	1239	None	None
206	По	1241	None	None
207	словам	1244	None	None
208	адвоката	1251	None	None
209	истца	1260	coref	1693
210	Роберта	1266	None	None
211	Хантмана	1274	None	None
212	,	1282	None	None
213	он	1284	coref	1688
214	не	1287	None	None
215	стремится	1290	None	None
216	нажиться	1300	None	None
217	на	1309	None	None
218	партнере	1312	coref	1688
219	,	1320	None	None
220	с	1322	None	None
221	которым	1324	coref	1688
222	работал	1332	None	None
223	на	1340	None	None
224	протяжении	1343	None	None
225	15	1354	None	None
226	лет	1357	None	None
227	и	1361	None	None
228	заработал	1363	None	None
229	свыше	1373	None	None
230	миллиарда	1379	None	None
231	долларов	1389	None	None
232	.	1397	None	None
233	Он	1399	coref	1693
234	просто	1402	None	None
235	хочет	1409	None	None
236	получить	1415	None	None
237	честную	1424	None	None
238	компенсацию	1432	None	None
239	и	1444	None	None
240	в	1446	None	None
241	прямом	1448	None	None
242	смысле	1455	None	None
243	пошел	1462	None	None
244	в	1468	None	None
245	суд	1470	None	None
246	«	1474	None	None
247	за	1475	None	None
248	справедливостью	1478	None	None
249	»	1493	None	None
250	.	1494	None	None
251	По	1497	None	None
252	материалам	1500	None	None
253	дела	1511	None	None
254	,	1515	None	None
255	один	1517	coref	1693
256	из	1522	coref	1693
257	мафиози	1525	coref	1691
258	Гамбино	1533	coref	1689
259	и	1541	None	None
260	49	1543	coref	1693
261	-	1545	coref	1693
262	летний	1546	coref	1693
263	Нассо	1553	coref	1693
264	были	1559	None	None
265	уличены	1564	None	None
266	записью	1572	coref	1695
267	,	1579	None	None
268	на	1581	None	None
269	которой	1584	coref	1695
270	они	1592	coref	1696
271	обсуждали	1596	None	None
272	,	1605	None	None
273	как	1607	None	None
274	выманить	1611	None	None
275	деньги	1620	None	None
276	у	1627	None	None
277	Сигала	1629	coref	1688
278	.	1635	None	None
279	Босс	1637	coref	1694
280	распорядился	1642	None	None
281	,	1654	None	None
282	чтобы	1656	None	None
283	Нассо	1662	coref	1693
284	потребовал	1668	None	None
285	у	1679	None	None
286	актера	1681	coref	1688
287	150	1688	None	None
288	тыс	1692	None	None
289	.	1695	None	None
290	долларов	1697	None	None
291	за	1706	None	None
292	каждый	1709	coref	1697
293	фильм	1716	coref	1697
294	,	1721	None	None
295	который	1723	coref	1697
296	он	1731	coref	1688
297	сделал	1734	None	None
298	.	1740	None	None
299	Однако	1743	None	None
300	Нассо	1750	coref	1693
301	утверждает	1756	None	None
302	,	1766	None	None
303	что	1768	None	None
304	его	1772	coref	1693
305	заставили	1776	None	None
306	пойти	1786	None	None
307	на	1792	None	None
308	низость	1795	None	None
309	и	1803	None	None
310	заявил	1805	None	None
311	о	1812	None	None
312	своей	1814	coref	1693
313	невиновности	1820	None	None
314	.	1832	None	None
315	В	1834	None	None
316	конце	1836	None	None
317	концов	1842	None	None
318	,	1848	None	None
319	он	1850	coref	1688
320	был	1853	None	None
321	освобожден	1857	None	None
322	под	1868	None	None
323	залог	1872	None	None
324	в	1878	None	None
325	1	1880	None	None
326	,	1881	None	None
327	5	1882	None	None
328	млн	1884	None	None
329	.	1887	None	None
330	долларов	1889	None	None
331	.	1897	None	None
332	В	1900	None	None
333	рамках	1902	None	None
334	этого	1909	None	None
335	же	1915	None	None
336	дела	1918	None	None
337	о	1923	None	None
338	своей	1925	coref	1693
339	непричастности	1931	None	None
340	к	1946	None	None
341	рэкету	1948	None	None
342	также	1955	None	None
343	заявили	1961	None	None
344	62	1969	coref	1699
345	-	1971	coref	1693
346	летний	1972	coref	1693
347	Питер	1979	coref	1699
348	Готти	1985	coref	1699
349	,	1990	None	None
350	59	1992	coref	1700
351	-	1994	coref	1693
352	летний	1995	coref	1693
353	Ричард	2002	coref	1700
354	Готти	2009	coref	1699
355	и	2015	None	None
356	34	2017	coref	1701
357	-	2019	coref	1693
358	летний	2020	coref	1693
359	Ричард	2027	coref	1700
360	Готти	2034	coref	1699
361	младший	2040	coref	1701
362	.	2047	None	None
363	Питер	2049	coref	1699
364	Готти	2055	coref	1699
365	заключен	2061	None	None
366	в	2070	None	None
367	тюрьму	2072	None	None
368	без	2079	None	None
369	права	2083	None	None
370	на	2089	None	None
371	освобождение	2092	None	None
372	.	2104	None	None
373	Два	2106	coref	1702
374	Ричарда	2110	coref	1702
375	вышли	2118	None	None
376	на	2124	None	None
377	свободу	2127	None	None
378	,	2134	None	None
379	заплатив	2136	None	None
380	по	2145	None	None
381	300	2148	None	None
382	тыс	2152	None	None
383	.	2155	None	None
384	долларов	2157	None	None
385	каждый	2166	coref	1697
386	.	2172	None	None
