	word	start_char	type	chain_id
0	Израиль	0	coref	3044
1	и	8	coref	3047
2	Палестина	10	coref	3045
3	договорились	20	None	None
4	о	33	coref	3066
5	выводе	35	None	None
6	израильских	42	coref	3046
7	войск	54	coref	3046
8	В	61	None	None
9	Иерусалиме	63	None	None
10	днем	74	None	None
11	в	79	coref	3048
12	понедельник	81	None	None
13	прошла	93	None	None
14	очередная	100	coref	3047
15	встреча	110	coref	3047
16	между	118	coref	3047
17	представителями	124	coref	3047
18	израильских	140	coref	3046
19	и	152	coref	3047
20	палестинских	154	coref	3047
21	служб	167	coref	3047
22	безопасности	173	coref	3047
23	.	185	None	None
24	Ее	187	coref	3047
25	главным	190	None	None
26	решением	198	None	None
27	стала	207	None	None
28	договоренность	213	None	None
29	о	228	coref	3066
30	том	230	None	None
31	,	233	None	None
32	что	235	None	None
33	уже	239	None	None
34	в	243	coref	3048
35	ночь	245	None	None
36	на	250	coref	3057
37	вторник	253	None	None
38	израильские	261	coref	3046
39	армейские	273	coref	3046
40	части	283	coref	3046
41	должны	289	None	None
42	покинуть	296	None	None
43	все	305	coref	3048
44	палестинские	309	coref	3048
45	территории	322	coref	3048
46	в	333	coref	3048
47	так	335	coref	3048
48	называемой	339	coref	3048
49	«	350	coref	3048
50	зоне	351	coref	3048
51	А	356	coref	3048
52	»	357	coref	3048
53	,	358	None	None
54	согласно	360	None	None
55	Норвежским	369	coref	3049
56	соглашениям	380	coref	3049
57	находящиеся	392	None	None
58	под	404	None	None
59	полным	408	None	None
60	контролем	415	None	None
61	Палестинской	425	coref	3045
62	национальной	438	coref	3045
63	администрации	451	coref	3045
64	,	464	None	None
65	сообщает	466	None	None
66	РИА	475	None	None
67	«	479	coref	3048
68	Новости	480	None	None
69	»	487	coref	3048
70	.	488	None	None
71	В	490	None	None
72	эту	492	coref	3048
73	зону	496	coref	3048
74	входят	501	None	None
75	территории	508	coref	3048
76	,	518	None	None
77	которые	520	coref	3050
78	согласно	528	None	None
79	Норвежским	537	coref	3049
80	соглашениям	548	coref	3049
81	находятся	560	None	None
82	под	570	None	None
83	полным	574	None	None
84	контролем	581	None	None
85	Палестинской	591	coref	3045
86	автономии	604	coref	3045
87	.	613	None	None
88	Израильские	615	coref	3046
89	войска	627	coref	3046
90	должны	634	None	None
91	покинуть	641	None	None
92	Вифлеем	650	coref	3051
93	,	657	None	None
94	Бейт	659	coref	3052
95	-	663	coref	3052
96	Джаллу	664	coref	3052
97	и	671	coref	3047
98	шесть	673	coref	3053
99	населенных	679	coref	3053
100	пунктов	690	coref	3053
101	в	698	coref	3048
102	секторе	700	coref	3053
103	Газа	708	coref	3053
104	.	712	None	None
105	Договоренность	715	None	None
106	об	730	None	None
107	отводе	733	None	None
108	войск	740	coref	3046
109	была	746	None	None
110	достигнута	751	None	None
111	на	762	coref	3057
112	состоявшейся	765	None	None
113	ночью	778	None	None
114	встрече	784	coref	3055
115	представителей	792	coref	3055
116	служб	807	coref	3047
117	безопасности	813	coref	3047
118	Израиля	826	coref	3044
119	и	834	coref	3047
120	палестинской	836	coref	3045
121	автономии	849	coref	3045
122	при	859	None	None
123	посредничестве	863	None	None
124	американского	878	coref	3057
125	эмиссара	892	coref	3057
126	в	901	coref	3048
127	регионе	903	coref	3057
128	Энтони	911	coref	3057
129	Зинни	918	coref	3057
130	.	923	None	None
131	Как	925	None	None
132	передает	929	None	None
133	РИА	938	None	None
134	«	942	coref	3048
135	Новости	943	None	None
136	»	950	coref	3048
137	,	951	None	None
138	с	953	None	None
139	обеих	955	coref	3059
140	сторон	961	coref	3059
141	в	968	coref	3048
142	ней	970	coref	3055
143	приняли	974	None	None
144	участие	982	None	None
145	по	990	None	None
146	два	993	None	None
147	генерала	997	None	None
148	.	1005	None	None
149	Израиль	1007	coref	3044
150	представляли	1015	None	None
151	командующий	1028	coref	3060
152	дивизией	1040	coref	3060
153	«	1049	coref	3048
154	Иудея	1050	coref	3060
155	и	1056	coref	3047
156	Самария	1058	coref	3060
157	»	1065	coref	3048
158	Гаршон	1067	coref	3060
159	Ицхак	1074	coref	3060
160	и	1080	coref	3047
161	командующий	1082	coref	3060
162	дивизией	1094	coref	3060
163	«	1103	coref	3048
164	Газа	1104	coref	3053
165	»	1108	coref	3048
166	Исраэль	1110	coref	3061
167	Зив	1118	coref	3061
168	.	1121	None	None
169	С	1123	None	None
170	палестинской	1125	coref	3045
171	стороны	1138	coref	3045
172	на	1146	coref	3057
173	встрече	1149	coref	3055
174	присутствовали	1157	None	None
175	руководители	1172	None	None
176	вооруженных	1185	None	None
177	полицейских	1197	None	None
178	формирований	1209	None	None
179	на	1222	coref	3057
180	Западном	1225	None	None
181	берегу	1234	None	None
182	реки	1241	None	None
183	Иордан	1246	None	None
184	и	1253	coref	3047
185	в	1255	coref	3048
186	секторе	1257	coref	3053
187	Газа	1265	coref	3053
188	Хадж	1270	coref	3062
189	Исмаил	1275	coref	3062
190	и	1282	coref	3047
191	Эль	1284	coref	3063
192	-	1287	coref	3052
193	Маджейда	1288	coref	3063
194	.	1296	None	None
195	Палестинцы	1299	coref	3064
196	потребовали	1310	None	None
197	немедленного	1322	None	None
198	ухода	1335	None	None
199	израильтян	1341	coref	3046
200	из	1352	None	None
201	этих	1355	coref	3048
202	районов	1360	coref	3048
203	.	1367	None	None
204	Израильтяне	1369	coref	3065
205	,	1380	None	None
206	в	1382	coref	3048
207	свою	1384	None	None
208	очередь	1389	None	None
209	,	1396	None	None
210	указали	1398	None	None
211	,	1405	None	None
212	что	1407	None	None
213	готовы	1411	None	None
214	выполнить	1418	None	None
215	такое	1428	None	None
216	требование	1434	None	None
217	,	1444	None	None
218	однако	1446	None	None
219	поставили	1453	None	None
220	условие	1463	None	None
221	-	1471	coref	3052
222	обязательства	1473	None	None
223	со	1487	None	None
224	стороны	1490	coref	3045
225	палестинских	1498	coref	3047
226	служб	1511	coref	3047
227	безопасности	1517	coref	3047
228	по	1530	None	None
229	пресечению	1533	None	None
230	террористической	1544	None	None
231	деятельности	1561	None	None
232	против	1574	None	None
233	израильтян	1581	coref	3046
234	.	1591	None	None
235	Сейчас	1593	None	None
236	очень	1600	None	None
237	многие	1606	None	None
238	израильские	1613	coref	3046
239	политики	1625	None	None
240	,	1633	None	None
241	прежде	1635	None	None
242	всего	1642	None	None
243	из	1648	None	None
244	правого	1651	None	None
245	лагеря	1659	None	None
246	,	1665	None	None
247	подчеркивают	1667	None	None
248	,	1679	None	None
249	что	1681	None	None
250	как	1685	None	None
251	только	1689	None	None
252	армия	1696	coref	3046
253	оставит	1702	None	None
254	палестинские	1710	coref	3048
255	территории	1723	coref	3048
256	,	1733	None	None
257	уже	1735	None	None
258	на	1739	coref	3057
259	деле	1742	None	None
260	являющиеся	1747	None	None
261	своеобразными	1758	None	None
262	«	1772	coref	3048
263	буферными	1773	None	None
264	зонами	1783	None	None
265	»	1789	coref	3048
266	,	1790	None	None
267	это	1792	None	None
268	обеспечит	1796	None	None
269	практически	1806	None	None
270	свободный	1818	None	None
271	проход	1828	None	None
272	в	1835	coref	3048
273	Израиль	1837	coref	3044
274	для	1845	None	None
275	вооруженных	1849	None	None
276	палестинских	1861	coref	3047
277	террористов	1874	None	None
278	.	1885	None	None
279	Тем	1888	None	None
280	не	1892	None	None
281	менее	1895	None	None
282	на	1901	coref	3057
283	встрече	1904	coref	3055
284	указывалось	1912	None	None
285	,	1923	None	None
286	что	1925	None	None
287	если	1929	None	None
288	палестинская	1934	coref	3045
289	сторона	1947	coref	3045
290	берет	1955	None	None
291	на	1961	coref	3057
292	себя	1964	None	None
293	ответственность	1969	None	None
294	и	1985	coref	3047
295	полный	1987	None	None
296	контроль	1994	None	None
297	над	2003	None	None
298	всеми	2007	coref	3048
299	территориями	2013	coref	3048
300	,	2025	None	None
301	израильская	2027	coref	3046
302	армия	2039	coref	3046
303	уйдет	2045	None	None
304	оттуда	2051	coref	3048
305	«	2058	coref	3048
306	уже	2059	None	None
307	сегодня	2063	None	None
308	»	2070	coref	3048
309	.	2071	None	None
310	Конкретно	2073	None	None
311	сейчас	2083	None	None
312	указывается	2090	None	None
313	,	2101	None	None
314	что	2103	None	None
315	соглашение	2107	coref	3066
316	о	2118	coref	3066
317	прекращении	2120	coref	3066
318	огня	2132	coref	3066
319	,	2136	None	None
320	после	2138	None	None
321	которого	2144	coref	3066
322	начнется	2153	None	None
323	отвод	2162	None	None
324	израильских	2168	coref	3046
325	войск	2180	coref	3046
326	из	2186	None	None
327	«	2189	coref	3048
328	зоны	2190	coref	3048
329	А	2195	coref	3048
330	»	2196	coref	3048
331	,	2197	None	None
332	может	2199	None	None
333	быть	2205	None	None
334	подписано	2210	None	None
335	уже	2220	None	None
336	в	2224	coref	3048
337	ближайшие	2226	None	None
338	48	2236	None	None
339	часов	2239	None	None
340	.	2244	None	None
341	Об	2246	None	None
342	этом	2249	None	None
343	,	2253	None	None
344	в	2255	coref	3048
345	частности	2257	None	None
346	,	2266	None	None
347	заявил	2268	None	None
348	министр	2275	None	None
349	обороны	2283	None	None
350	Израиля	2291	coref	3044
351	Беньямин	2299	None	None
352	Бен	2308	None	None
353	Элиэзер	2312	None	None
354	.	2319	None	None
355	Между	2322	None	None
356	тем	2328	None	None
357	специальный	2332	coref	3057
358	представитель	2344	coref	3057
359	США	2358	coref	3057
360	на	2362	coref	3057
361	Ближнем	2365	coref	3057
362	Востоке	2373	coref	3057
363	Энтони	2381	coref	3057
364	Зинни	2388	coref	3057
365	продолжил	2394	None	None
366	свои	2404	coref	3057
367	встречи	2409	None	None
368	в	2417	coref	3048
369	Израиле	2419	coref	3044
370	и	2427	coref	3047
371	Палестинской	2429	coref	3045
372	автономии	2442	coref	3045
373	.	2451	None	None
374	В	2453	None	None
375	воскресенье	2455	None	None
376	он	2467	coref	3057
377	встретился	2470	None	None
378	с	2481	None	None
379	президентом	2483	None	None
380	Израиля	2495	coref	3044
381	Моше	2503	None	None
382	Кацавом	2508	None	None
383	,	2515	None	None
384	после	2517	None	None
385	чего	2523	None	None
386	отбыл	2528	None	None
387	в	2534	coref	3048
388	Рамаллах	2536	coref	3067
389	,	2544	None	None
390	где	2546	coref	3067
391	у	2550	None	None
392	него	2552	coref	3057
393	состоялись	2557	None	None
394	встречи	2568	None	None
395	с	2576	None	None
396	руководителем	2578	None	None
397	Палестинской	2592	coref	3045
398	национальной	2605	coref	3045
399	администрации	2618	coref	3045
400	Ясиром	2632	None	None
401	Арафатом	2639	None	None
402	,	2647	None	None
403	спикером	2649	None	None
404	палестинского	2658	None	None
405	парламента	2672	None	None
406	Ахмедом	2683	None	None
407	Куреи	2691	None	None
408	,	2696	None	None
409	руководителем	2698	None	None
410	департамента	2712	None	None
411	местного	2725	None	None
412	управления	2734	None	None
413	Саибом	2745	None	None
414	Арикатом	2752	None	None
415	и	2761	coref	3047
416	главой	2763	None	None
417	министерства	2770	None	None
418	информации	2783	None	None
419	Ясиром	2794	None	None
420	Абд	2801	None	None
421	Раббо	2805	None	None
422	.	2810	None	None
423	На	2812	None	None
424	встречах	2815	None	None
425	,	2823	None	None
426	по	2825	None	None
427	некоторым	2828	None	None
428	данным	2838	None	None
429	,	2844	None	None
430	речь	2846	None	None
431	также	2851	None	None
432	шла	2857	None	None
433	о	2861	coref	3066
434	перспективах	2863	None	None
435	отвода	2876	None	None
436	израильских	2883	coref	3046
437	армейских	2895	coref	3046
438	подразделений	2905	coref	3046
439	из	2919	None	None
440	«	2922	coref	3048
441	зоны	2923	coref	3048
442	А	2928	coref	3048
443	»	2929	coref	3048
444	.	2930	None	None
