	word	start_char	type	chain_id
0	Ричи	0	coref	1607
1	Блэкмор	5	coref	1607
2	будет	13	None	None
3	выступать	19	None	None
4	в	29	coref	1608
5	Лужниках	31	coref	1608
6	среди	40	None	None
7	стогов	46	coref	1609
8	сена	53	coref	1609
9	Необычно	59	None	None
10	будет	68	None	None
11	выглядеть	74	None	None
12	сцена	84	coref	1610
13	Дворца	90	coref	1608
14	спорта	97	coref	1608
15	в	104	coref	1608
16	Лужниках	106	coref	1608
17	во	115	None	None
18	время	118	None	None
19	концерта	124	None	None
20	коллектива	133	None	None
21	Ричи	144	coref	1607
22	Блэкмора	149	coref	1607
23	«	158	None	None
24	Blackmore	159	None	None
25	'	168	None	None
26	s	169	None	None
27	Night	171	None	None
28	»	176	None	None
29	14	178	None	None
30	апреля	181	None	None
31	.	187	None	None
32	Как	189	None	None
33	сообщили	193	None	None
34	организаторы	202	None	None
35	концерта	215	None	None
36	,	223	None	None
37	представители	225	None	None
38	Блэкмора	239	coref	1607
39	попросили	248	None	None
40	украсить	258	None	None
41	сцену	267	coref	1610
42	20	273	None	None
43	-	275	coref	1607
44	ю	276	coref	1609
45	небольшими	278	None	None
46	деревьями	289	None	None
47	,	298	None	None
48	6	300	coref	1609
49	-	301	coref	1607
50	ю	302	coref	1609
51	большими	304	None	None
52	лиственными	313	None	None
53	деревьями	325	None	None
54	и	335	None	None
55	6	337	coref	1609
56	-	338	coref	1607
57	ю	339	coref	1609
58	настоящими	341	coref	1609
59	стогами	352	coref	1609
60	сена	360	coref	1609
61	.	364	None	None
62	Первый	367	None	None
63	визит	374	None	None
64	Ричи	380	coref	1607
65	Блэкмора	385	coref	1607
66	в	394	coref	1608
67	Россию	396	None	None
68	пройдет	403	None	None
69	в	411	coref	1608
70	рамках	413	None	None
71	турне	420	None	None
72	«	426	None	None
73	Fires	427	None	None
74	At	433	None	None
75	Midnight	436	None	None
76	Acoustic	445	None	None
77	/	453	None	None
78	Electric	454	None	None
79	Tour	463	None	None
80	2002	468	None	None
81	»	472	None	None
82	.	473	None	None
83	В	475	None	None
84	день	477	None	None
85	концерта	482	None	None
86	он	491	coref	1607
87	отметит	494	None	None
88	свой	502	coref	1607
89	день	507	None	None
90	рождения	512	None	None
91	.	520	None	None
92	На	523	None	None
93	столичной	526	coref	1610
94	сцене	536	coref	1610
95	будет	542	None	None
96	исполнено	548	None	None
97	не	558	None	None
98	менее	561	None	None
99	4	567	None	None
100	-	568	coref	1607
101	5	569	None	None
102	старых	571	None	None
103	композиций	578	None	None
104	-	589	coref	1607
105	для	591	None	None
106	московской	595	None	None
107	публики	606	None	None
108	в	614	coref	1608
109	честь	616	None	None
110	дня	622	None	None
111	рождения	626	None	None
112	гитарист	635	coref	1607
113	-	643	coref	1607
114	виртуоз	644	coref	1607
115	решил	652	None	None
116	«	658	None	None
117	тряхнуть	659	None	None
118	стариной	668	None	None
119	»	676	None	None
120	и	678	None	None
121	сыграть	680	None	None
122	не	688	None	None
123	на	691	None	None
124	акустической	694	None	None
125	гитаре	707	None	None
126	,	713	None	None
127	а	715	None	None
128	на	717	None	None
129	«	720	None	None
130	Fender	721	None	None
131	Stratocaster	728	None	None
132	»	740	None	None
133	как	742	None	None
134	в	746	coref	1608
135	былые	748	None	None
136	времена	754	None	None
137	в	762	coref	1608
138	Deep	764	None	None
139	Purple	769	None	None
140	и	776	None	None
141	Rainbow	778	None	None
142	,	785	None	None
143	сообщили	787	None	None
144	организаторы	796	None	None
145	концерта	809	None	None
146	,	817	None	None
147	передает	819	None	None
148	«	828	None	None
149	Интерфакс	829	None	None
150	»	838	None	None
151	.	839	None	None
152	Заказать	842	None	None
153	билеты	851	None	None
154	можно	858	None	None
155	здесь	864	None	None
156	.	870	None	None
