	word	start_char	type	chain_id
0	Военный	0	coref	2807
1	поезд	8	coref	2807
2	США	14	coref	2807
3	столкнулся	18	None	None
4	с	29	coref	2807
5	локомотивом	31	coref	2809
6	на	43	None	None
7	чешском	46	coref	2810
8	полигоне	54	coref	2810
9	Градиште	63	coref	2810
10	В	73	None	None
11	пятницу	75	None	None
12	утром	83	None	None
13	на	89	None	None
14	участке	92	None	None
15	Карловы	100	coref	2811
16	Вары	108	coref	2811
17	Хомутов	113	None	None
18	военный	121	coref	2807
19	грузовой	129	coref	2807
20	поезд	138	coref	2807
21	,	143	None	None
22	транспортирующий	145	None	None
23	американскую	162	coref	2812
24	боевую	175	coref	2812
25	технику	182	coref	2812
26	в	190	None	None
27	район	192	None	None
28	учений	198	None	None
29	на	205	None	None
30	полигон	208	coref	2810
31	Градиште	216	coref	2810
32	,	224	None	None
33	столкнулся	226	None	None
34	с	237	coref	2807
35	чешским	239	coref	2809
36	грузовым	247	coref	2809
37	поездом	256	coref	2809
38	,	263	None	None
39	передает	265	None	None
40	РИА	274	None	None
41	«	278	None	None
42	Новости	279	None	None
43	»	286	None	None
44	.	287	None	None
45	В	290	None	None
46	результате	292	None	None
47	аварии	303	None	None
48	погиб	310	None	None
49	машинист	316	None	None
50	чешского	325	coref	2809
51	локомотива	334	coref	2809
52	,	344	None	None
53	трое	346	coref	2813
54	солдат	351	coref	2813
55	армии	358	coref	2813
56	США	364	coref	2807
57	получили	368	None	None
58	тяжелые	377	None	None
59	ранения	385	None	None
60	,	392	None	None
61	7	394	None	None
62	американцев	396	None	None
63	-	408	coref	2817
64	легкие	410	None	None
65	ранения	417	None	None
66	.	424	None	None
67	В	427	None	None
68	район	429	None	None
69	аварии	435	None	None
70	было	442	None	None
71	направлено	447	None	None
72	5	458	coref	2817
73	машин	460	None	None
74	скорой	466	None	None
75	помощи	473	None	None
76	и	480	None	None
77	вертолет	482	None	None
78	службы	491	None	None
79	спасения	498	None	None
80	.	506	None	None
81	3	508	coref	2813
82	тяжело	510	coref	2813
83	раненых	517	coref	2813
84	американца	525	coref	2813
85	срочно	536	None	None
86	транспортированы	543	None	None
87	в	560	None	None
88	военный	562	coref	2807
89	госпиталь	570	None	None
90	.	579	None	None
91	Причины	581	None	None
92	трагедии	589	None	None
93	выясняются	598	None	None
94	.	608	None	None
95	Поезд	611	coref	2807
96	с	617	coref	2807
97	американской	619	coref	2807
98	военной	632	coref	2807
99	техникой	640	coref	2807
100	направлялся	649	None	None
101	из	661	None	None
102	Германии	664	None	None
103	через	673	None	None
104	Карловы	679	coref	2811
105	Вары	687	coref	2811
106	в	692	None	None
107	район	694	None	None
108	военного	700	coref	2810
109	полигона	709	coref	2810
110	Градиште	718	coref	2810
111	,	726	None	None
112	где	728	coref	2810
113	пройдут	732	None	None
114	учения	740	None	None
115	,	746	None	None
116	названные	748	None	None
117	Duke	758	None	None
118	Gauntlet	763	None	None
119	.	771	None	None
120	Перевозились	773	None	None
121	американские	786	coref	2815
122	танки	799	coref	2815
123	и	805	None	None
124	боевые	807	coref	2816
125	машины	814	coref	2816
126	пехоты	821	coref	2816
127	.	827	None	None
128	В	830	None	None
129	минувшую	832	None	None
130	среду	841	None	None
131	в	847	None	None
132	районе	849	None	None
133	учений	856	None	None
134	на	863	None	None
135	военном	866	coref	2810
136	полигоне	874	coref	2810
137	Градиште	883	coref	2810
138	погиб	892	None	None
139	29	898	None	None
140	-	900	coref	2817
141	летний	901	None	None
142	военнослужащий	908	None	None
143	5	923	coref	2817
144	-	924	coref	2817
145	го	925	coref	2817
146	армейского	928	coref	2817
147	корпуса	939	coref	2817
148	США	947	coref	2807
149	.	950	None	None
150	Автомашина	952	None	None
151	с	963	coref	2807
152	цистерной	965	None	None
153	бензина	975	None	None
154	съехала	983	None	None
155	с	991	coref	2807
156	дороги	993	None	None
157	и	1000	None	None
158	перевернулась	1002	None	None
159	.	1015	None	None
160	В	1018	None	None
161	начинающихся	1020	None	None
162	учениях	1033	None	None
163	армии	1041	coref	2813
164	США	1047	coref	2807
165	примет	1051	None	None
166	участие	1058	None	None
167	около	1066	None	None
168	2	1072	None	None
169	тыс	1074	None	None
170	.	1077	None	None
171	американских	1079	None	None
172	военнослужащих	1092	None	None
173	из	1107	None	None
174	5	1110	coref	2817
175	-	1111	coref	2817
176	го	1112	coref	2817
177	армейского	1115	coref	2817
178	корпуса	1126	coref	2817
179	США	1134	coref	2807
180	и	1138	None	None
181	3	1140	coref	2813
182	-	1141	coref	2817
183	й	1142	None	None
184	американской	1144	coref	2807
185	бригады	1157	None	None
186	пехоты	1165	coref	2816
187	.	1171	None	None
188	Учения	1173	None	None
189	в	1180	None	None
190	районе	1182	None	None
191	Карловых	1189	coref	2811
192	Вар	1198	coref	2811
193	продлятся	1202	None	None
194	до	1212	None	None
195	3	1215	coref	2813
196	июня	1217	None	None
197	.	1221	None	None
