	word	start_char	type	chain_id
0	Америка	0	coref	3225
1	перешла	8	None	None
2	на	16	None	None
3	летнее	19	coref	3227
4	время	26	coref	3227
5	В	33	None	None
6	США	35	coref	3225
7	в	39	None	None
8	воскресенье	41	None	None
9	осуществлен	53	None	None
10	переход	65	None	None
11	на	73	None	None
12	летнее	76	coref	3227
13	время	83	coref	3227
14	,	88	None	None
15	передает	90	None	None
16	РИА	99	None	None
17	«	103	coref	3229
18	Новости	104	None	None
19	»	111	coref	3229
20	.	112	None	None
21	Стрелки	115	None	None
22	часов	123	None	None
23	по	129	None	None
24	всей	132	coref	3225
25	стране	137	coref	3225
26	,	143	None	None
27	за	145	None	None
28	исключением	148	None	None
29	Аризоны	160	None	None
30	,	167	None	None
31	части	169	None	None
32	штата	175	None	None
33	Индиана	181	None	None
34	,	188	None	None
35	расположенном	190	None	None
36	в	204	None	None
37	часовом	206	None	None
38	поясе	214	None	None
39	Восточного	220	coref	3226
40	побережья	231	coref	3226
41	,	240	None	None
42	Пуэрто	242	None	None
43	-	248	coref	3229
44	Рико	249	None	None
45	,	253	None	None
46	Виргинских	255	None	None
47	островов	266	None	None
48	,	274	None	None
49	Американского	276	None	None
50	Самоа	290	None	None
51	,	295	None	None
52	и	297	None	None
53	Гавайев	299	None	None
54	,	306	None	None
55	были	308	None	None
56	переведены	313	None	None
57	на	324	None	None
58	час	327	None	None
59	вперед	331	None	None
60	.	337	None	None
61	Обратный	339	None	None
62	переход	348	None	None
63	к	356	None	None
64	стандартному	358	None	None
65	времени	371	coref	3228
66	будет	379	None	None
67	осуществлен	385	None	None
68	27	397	None	None
69	октября	400	None	None
70	.	407	None	None
71	Переход	410	None	None
72	на	418	None	None
73	летнее	421	coref	3227
74	время	428	coref	3227
75	,	433	None	None
76	которое	435	coref	3227
77	называют	443	None	None
78	в	452	None	None
79	США	454	coref	3225
80	«	458	coref	3229
81	временем	459	None	None
82	экономии	468	None	None
83	светового	477	None	None
84	дня	487	None	None
85	»	490	coref	3229
86	,	491	None	None
87	по	493	None	None
88	данным	496	None	None
89	министерства	503	None	None
90	транспорта	516	None	None
91	США	527	coref	3225
92	,	530	None	None
93	преследует	532	None	None
94	три	543	None	None
95	основные	547	None	None
96	цели	556	None	None
97	:	560	None	None
98	экономию	562	None	None
99	электроэнергии	571	None	None
100	,	585	None	None
101	обеспечение	587	None	None
102	безопасности	599	None	None
103	населения	612	None	None
104	-	622	coref	3229
105	доказано	624	None	None
106	,	632	None	None
107	что	634	None	None
108	в	638	None	None
109	светлое	640	None	None
110	время	648	coref	3227
111	суток	654	None	None
112	меньше	660	None	None
113	вероятность	667	None	None
114	ДТП	679	None	None
115	,	682	None	None
116	аварий	684	None	None
117	на	691	None	None
118	производстве	694	None	None
119	,	706	None	None
120	несчастных	708	None	None
121	случаев	719	None	None
122	;	726	None	None
123	а	728	None	None
124	также	730	None	None
125	предупреждение	736	None	None
126	преступности	751	None	None
127	.	763	None	None
128	Автором	766	None	None
129	идеи	774	coref	3228
130	летнего	779	coref	3228
131	времени	787	coref	3228
132	был	795	None	None
133	Бенджамин	799	coref	3229
134	Франклин	809	coref	3229
135	,	817	None	None
136	но	819	None	None
137	при	822	None	None
138	жизни	826	None	None
139	«	832	coref	3229
140	отца	833	coref	3229
141	-	837	coref	3229
142	основателя	838	coref	3229
143	»	848	coref	3229
144	это	850	None	None
145	нововведение	854	None	None
146	реализовано	867	None	None
147	не	879	None	None
148	было	882	None	None
149	.	886	None	None
150	Вспомнил	888	None	None
151	о	897	None	None
152	ней	899	coref	3228
153	в	903	None	None
154	1907	905	None	None
155	англичанин	910	coref	3230
156	Уильям	921	coref	3230
157	Уиллетт	928	coref	3230
158	,	935	None	None
159	обративший	937	None	None
160	внимание	948	None	None
161	на	957	None	None
162	то	960	None	None
163	,	962	None	None
164	что	964	None	None
165	в	968	None	None
166	ранние	970	None	None
167	вечерние	977	None	None
168	часы	986	None	None
169	в	991	None	None
170	квартирах	993	None	None
171	зажигают	1003	None	None
172	свет	1012	None	None
173	.	1016	None	None
174	Идея	1018	None	None
175	британца	1023	coref	3230
176	была	1032	None	None
177	осуществлена	1037	None	None
178	лишь	1050	None	None
179	в	1055	None	None
180	1916	1057	None	None
181	году	1062	None	None
182	,	1066	None	None
183	когда	1068	None	None
184	правительство	1074	None	None
185	сочло	1088	None	None
186	такую	1094	None	None
187	экономию	1100	None	None
188	в	1109	None	None
189	военное	1111	None	None
190	время	1119	coref	3227
191	вполне	1125	None	None
192	уместной	1132	None	None
193	.	1140	None	None
194	В	1143	None	None
195	1918	1145	None	None
196	году	1150	None	None
197	идея	1155	coref	3231
198	вернулась	1160	None	None
199	в	1170	None	None
200	США	1172	coref	3225
201	,	1175	None	None
202	но	1177	None	None
203	встретила	1180	None	None
204	мощное	1190	None	None
205	сопротивление	1197	None	None
206	населения	1211	None	None
207	.	1220	None	None
208	Воплотить	1222	None	None
209	ее	1232	coref	3231
210	в	1235	None	None
211	жизнь	1237	None	None
212	удалось	1243	None	None
213	лишь	1251	None	None
214	во	1256	None	None
215	время	1259	coref	3227
216	Второй	1265	None	None
217	мировой	1272	None	None
218	войны	1280	None	None
219	.	1285	None	None
220	С	1287	None	None
221	тех	1289	None	None
222	пор	1293	None	None
223	ежегодно	1297	None	None
224	в	1306	None	None
225	первое	1308	None	None
226	воскресенье	1315	None	None
227	апреля	1327	None	None
228	-	1334	coref	3229
229	на	1336	None	None
230	неделю	1339	None	None
231	позже	1346	None	None
232	большинства	1352	coref	3232
233	стран	1364	coref	3232
234	,	1369	None	None
235	где	1371	coref	3232
236	также	1375	None	None
237	осуществляют	1381	None	None
238	переход	1394	None	None
239	на	1402	None	None
240	летнее	1405	coref	3227
241	время	1412	coref	3227
242	,	1417	None	None
243	в	1419	None	None
244	США	1421	coref	3225
245	«	1425	coref	3229
246	время	1426	coref	3227
247	двигают	1432	None	None
248	на	1440	None	None
249	час	1443	None	None
250	»	1446	coref	3229
251	.	1447	None	None
252	С	1450	None	None
253	воcкресенья	1452	None	None
254	разница	1464	None	None
255	во	1472	None	None
256	времени	1475	coref	3228
257	между	1483	None	None
258	Москвой	1489	coref	3233
259	и	1497	None	None
260	Нью	1499	None	None
261	-	1502	coref	3229
262	Йорком	1503	None	None
263	и	1510	None	None
264	Вашингтоном	1512	None	None
265	вновь	1524	None	None
266	после	1530	None	None
267	недельного	1536	None	None
268	увеличения	1547	None	None
269	разрыва	1558	None	None
270	вернулась	1566	None	None
271	к	1576	None	None
272	восьми	1578	None	None
273	часам	1585	None	None
274	:	1590	None	None
275	когда	1592	None	None
276	на	1598	None	None
277	Восточном	1601	coref	3226
278	побережье	1611	coref	3226
279	США	1621	coref	3225
280	полночь	1625	None	None
281	,	1632	None	None
282	в	1634	None	None
283	Москве	1636	coref	3233
284	уже	1643	None	None
285	8	1647	None	None
286	часов	1649	None	None
287	утра	1655	None	None
288	.	1659	None	None
