	word	start_char	type	chain_id
0	Минфин	0	coref	1716
1	продает	7	None	None
2	большие	15	None	None
3	алмазы	23	None	None
4	Министерство	31	coref	1716
5	финансов	44	coref	1716
6	РФ	53	coref	1716
7	проведет	56	None	None
8	во	65	None	None
9	вторник	68	None	None
10	на	76	coref	1720
11	территории	79	None	None
12	Гохрана	90	coref	1717
13	аукцион	98	coref	1718
14	по	106	coref	1718
15	реализации	109	None	None
16	на	120	coref	1720
17	внутреннем	123	None	None
18	рынке	134	None	None
19	алмазов	140	coref	1718
20	«	148	None	None
21	специальных	149	None	None
22	размеров	161	None	None
23	»	169	None	None
24	-	171	None	None
25	массой	173	None	None
26	10	180	None	None
27	,	182	None	None
28	8	183	None	None
29	карата	185	None	None
30	и	192	coref	1722
31	более	194	None	None
32	.	199	None	None
33	Схема	202	None	None
34	проведения	208	None	None
35	аукциона	219	coref	1718
36	такова	228	None	None
37	:	234	None	None
38	организации	236	coref	1719
39	,	247	None	None
40	допущенные	249	None	None
41	к	260	coref	1720
42	участию	262	None	None
43	в	270	coref	1721
44	аукционе	272	coref	1718
45	,	280	None	None
46	до	282	None	None
47	его	285	coref	1718
48	проведения	289	None	None
49	приглашаются	300	None	None
50	на	313	coref	1720
51	просмотр	316	None	None
52	предназначенных	325	coref	1720
53	к	341	coref	1720
54	продаже	343	coref	1718
55	алмазов	351	coref	1718
56	.	358	None	None
57	После	360	None	None
58	просмотра	366	None	None
59	эти	376	coref	1719
60	организации	380	coref	1719
61	должны	392	None	None
62	представить	399	None	None
63	свои	411	coref	1719
64	предложения	416	None	None
65	по	428	coref	1718
66	стоимости	431	None	None
67	каждого	441	None	None
68	выбранного	449	None	None
69	лота	460	None	None
70	просмотренной	465	coref	1720
71	партии	479	coref	1720
72	алмазов	486	coref	1718
73	в	494	coref	1721
74	запечатанных	496	None	None
75	конвертах	509	None	None
76	не	519	None	None
77	позднее	522	None	None
78	чем	530	None	None
79	за	534	None	None
80	один	537	None	None
81	рабочий	542	None	None
82	день	550	None	None
83	до	555	None	None
84	аукциона	558	coref	1718
85	.	566	None	None
86	Выигравшей	568	None	None
87	признается	579	None	None
88	организация	590	coref	1719
89	,	601	None	None
90	предложившая	603	None	None
91	наиболее	616	None	None
92	высокую	625	None	None
93	стоимость	633	None	None
94	за	643	None	None
95	выставленный	646	coref	1720
96	на	659	coref	1720
97	продажу	662	coref	1720
98	лот	670	coref	1720
99	.	673	None	None
100	Как	676	None	None
101	сообщили	680	None	None
102	РИА	689	None	None
103	«	693	None	None
104	Новости	694	None	None
105	»	701	None	None
106	в	703	coref	1721
107	Минфине	705	coref	1716
108	,	712	None	None
109	в	714	coref	1721
110	торгах	716	None	None
111	могут	723	None	None
112	участвовать	729	None	None
113	российские	741	None	None
114	обрабатывающие	752	None	None
115	организации	767	coref	1719
116	,	778	None	None
117	подавшие	780	None	None
118	заявки	789	None	None
119	не	796	None	None
120	позднее	799	None	None
121	8	807	None	None
122	июня	809	None	None
123	и	814	coref	1722
124	обеспечившие	816	None	None
125	своевременное	829	None	None
126	перечисление	843	None	None
127	задатка	856	None	None
128	за	864	None	None
129	алмазы	867	None	None
130	на	874	coref	1720
131	сумму	877	None	None
132	30	883	None	None
133	тыс	886	None	None
134	.	889	None	None
135	рублей	891	None	None
136	.	897	None	None
137	Данный	900	coref	1718
138	аукцион	907	coref	1718
139	по	915	coref	1718
140	продаже	918	coref	1718
141	алмазов	926	coref	1718
142	спецразмеров	934	coref	1718
143	станет	947	None	None
144	вторым	954	None	None
145	в	961	coref	1721
146	2002	963	None	None
147	году	968	coref	1721
148	.	972	None	None
149	Первый	974	coref	1721
150	в	981	coref	1721
151	этом	983	coref	1721
152	году	988	coref	1721
153	аукцион	993	coref	1718
154	прошел	1001	None	None
155	26	1008	None	None
156	марта	1011	None	None
157	.	1016	None	None
158	На	1018	coref	1723
159	нем	1021	coref	1721
160	было	1025	None	None
161	реализовано	1030	None	None
162	меньше	1042	None	None
163	половины	1049	None	None
164	от	1058	None	None
165	выставлявшихся	1061	None	None
166	118	1076	None	None
167	лотов	1080	None	None
168	.	1085	None	None
169	В	1087	None	None
170	аукционе	1089	coref	1718
171	приняли	1098	None	None
172	участие	1106	None	None
173	до	1114	None	None
174	25	1117	None	None
175	российских	1120	None	None
176	обрабатывающих	1131	None	None
177	организаций	1146	None	None
178	.	1157	None	None
179	Начало	1160	None	None
180	подобным	1167	None	None
181	аукционам	1176	None	None
182	по	1186	coref	1718
183	продаже	1189	coref	1718
184	алмазов	1197	coref	1718
185	из	1205	coref	1723
186	госфонда	1208	coref	1722
187	было	1217	None	None
188	положено	1222	None	None
189	в	1231	coref	1721
190	2001	1233	None	None
191	году	1238	coref	1721
192	.	1242	None	None
193	Аукционы	1244	None	None
194	стали	1253	None	None
195	результатом	1259	None	None
196	пересмотра	1271	None	None
197	политики	1282	None	None
198	в	1291	coref	1721
199	отношении	1293	None	None
200	структуры	1303	None	None
201	Госфонда	1313	coref	1722
202	драгметаллов	1322	coref	1722
203	и	1335	coref	1722
204	камней	1337	coref	1722
205	:	1343	None	None
206	весной	1345	None	None
207	правительство	1352	None	None
208	решило	1366	None	None
209	постепенно	1373	None	None
210	продавать	1384	None	None
211	алмазы	1394	None	None
212	,	1400	None	None
213	а	1402	None	None
214	на	1404	coref	1720
215	вырученные	1407	None	None
216	деньги	1418	None	None
217	приобретать	1425	None	None
218	более	1437	None	None
219	ликвидные	1443	None	None
220	ценности	1453	None	None
221	,	1461	None	None
222	например	1463	None	None
223	золото	1472	None	None
224	.	1478	None	None
225	На	1481	coref	1723
226	первом	1484	coref	1723
227	из	1491	coref	1723
228	аукционов	1494	coref	1723
229	,	1503	None	None
230	прошедшем	1505	None	None
231	25	1515	None	None
232	сентября	1518	None	None
233	2001	1527	None	None
234	года	1532	None	None
235	,	1536	None	None
236	было	1538	None	None
237	продано	1543	None	None
238	70	1551	None	None
239	%	1553	None	None
240	из	1555	coref	1723
241	выставлявшихся	1558	None	None
242	на	1573	coref	1720
243	нем	1576	coref	1721
244	286	1580	None	None
245	лотов	1584	None	None
246	.	1589	None	None
247	Выручка	1591	None	None
248	,	1598	None	None
249	полученная	1600	None	None
250	по	1611	coref	1718
251	его	1614	coref	1718
252	итогам	1618	None	None
253	,	1624	None	None
254	составила	1626	None	None
255	около	1636	None	None
256	7	1642	None	None
257	,	1643	None	None
258	8	1644	None	None
259	млн	1646	None	None
260	.	1649	None	None
261	долларов	1651	None	None
262	.	1659	None	None
263	На	1661	coref	1723
264	втором	1664	None	None
265	аукционе	1671	coref	1718
266	28	1680	None	None
267	ноября	1683	None	None
268	2001	1690	None	None
269	года	1695	None	None
270	было	1700	None	None
271	продано	1705	None	None
272	60	1713	None	None
273	%	1715	None	None
274	из	1717	coref	1723
275	выставлявшихся	1720	None	None
276	166	1735	None	None
277	лотов	1739	None	None
278	,	1744	None	None
279	выручка	1746	None	None
280	составила	1754	None	None
281	около	1764	None	None
282	6	1770	None	None
283	,	1771	None	None
284	8	1772	None	None
285	млн	1774	None	None
286	.	1777	None	None
287	долларов	1779	None	None
288	.	1787	None	None
289	В	1790	None	None
290	2002	1792	None	None
291	году	1797	coref	1721
292	Гохран	1802	coref	1717
293	запланировал	1809	None	None
294	провести	1822	None	None
295	в	1831	coref	1721
296	общей	1833	None	None
297	сложности	1839	None	None
298	четыре	1849	None	None
299	аукциона	1856	coref	1718
300	по	1865	coref	1718
301	продаже	1868	coref	1718
302	крупных	1876	None	None
303	алмазов	1884	coref	1718
304	в	1892	coref	1721
305	общей	1894	None	None
306	сложности	1900	None	None
307	на	1910	coref	1720
308	30	1913	None	None
309	млн	1916	None	None
310	.	1919	None	None
311	долл	1921	None	None
312	.	1925	None	None
