	word	start_char	type	chain_id
0	Корреспондента	0	coref	2110
1	«	15	coref	2110
2	Известий	16	coref	2110
3	»	24	coref	2110
4	могут	26	None	None
5	обвинить	32	None	None
6	в	41	coref	2110
7	сотрудничестве	43	None	None
8	с	58	coref	2119
9	похитителями	60	coref	2112
10	Кукуры	73	coref	2110
11	Корреспондент	81	coref	2110
12	«	95	coref	2110
13	Известий	96	coref	2110
14	»	104	coref	2110
15	Юрий	106	coref	2110
16	Спирин	111	coref	2110
17	,	117	coref	2110
18	автор	119	coref	2110
19	статьи	125	coref	2110
20	в	132	coref	2110
21	сегодняшнем	134	coref	2110
22	номере	146	coref	2110
23	газеты	153	coref	2110
24	под	160	coref	2110
25	названием	164	coref	2110
26	«	174	coref	2110
27	Кассета	175	coref	2110
28	Кукуры	183	coref	2110
29	»	189	coref	2110
30	,	190	coref	2110
31	может	192	None	None
32	быть	198	None	None
33	обвинен	203	None	None
34	как	211	None	None
35	соучастник	215	None	None
36	похищения	226	None	None
37	первого	236	coref	2113
38	вице	244	coref	2113
39	-	248	coref	2113
40	президента	249	coref	2113
41	«	260	coref	2110
42	Лукойла	261	coref	2112
43	»	268	coref	2110
44	Сергея	270	coref	2113
45	Кукуры	277	coref	2110
46	,	283	coref	2110
47	поскольку	285	None	None
48	отказывается	295	None	None
49	назвать	308	None	None
50	свой	316	coref	2110
51	источник	321	coref	2124
52	информации	330	None	None
53	.	340	None	None
54	Об	342	None	None
55	этом	345	None	None
56	сообщила	350	None	None
57	пресс	359	coref	2116
58	-	364	coref	2113
59	служба	365	coref	2116
60	газеты	372	coref	2110
61	.	378	None	None
62	По	381	None	None
63	ее	384	coref	2111
64	данным	387	None	None
65	,	393	coref	2110
66	Юрий	395	coref	2110
67	Спирин	400	coref	2110
68	в	407	coref	2110
69	среду	409	None	None
70	был	415	None	None
71	вызван	419	None	None
72	на	426	None	None
73	допрос	429	None	None
74	в	436	coref	2110
75	прокуратуру	438	coref	2117
76	Московской	450	coref	2117
77	области	461	coref	2117
78	в	469	coref	2110
79	связи	471	None	None
80	с	477	coref	2119
81	публикацией	479	None	None
82	статьи	491	coref	2110
83	«	498	coref	2110
84	Кассета	499	coref	2110
85	Кукуры	507	coref	2110
86	»	513	coref	2110
87	в	515	coref	2110
88	номере	517	coref	2110
89	«	524	coref	2110
90	Известий	525	coref	2110
91	»	533	coref	2110
92	за	535	coref	2114
93	18	538	coref	2114
94	сентября	541	coref	2114
95	,	549	coref	2110
96	в	551	coref	2110
97	которой	553	coref	2114
98	рассказываются	561	None	None
99	подробности	576	None	None
100	обнаружения	588	None	None
101	кассеты	600	coref	2119
102	с	608	coref	2119
103	требованием	610	coref	2119
104	выкупа	622	coref	2119
105	за	629	coref	2114
106	первого	632	coref	2113
107	вице	640	coref	2113
108	-	644	coref	2113
109	президента	645	coref	2113
110	«	656	coref	2110
111	Лукойла	657	coref	2112
112	»	664	coref	2110
113	Сергея	666	coref	2113
114	Кукуры	673	coref	2110
115	.	679	None	None
116	«	682	coref	2110
117	В	683	None	None
118	первую	685	None	None
119	очередь	692	None	None
120	сотрудников	700	coref	2120
121	прокуратуры	712	coref	2117
122	интересовал	724	None	None
123	человек	736	None	None
124	,	743	coref	2110
125	передавший	745	None	None
126	Спирину	756	coref	2110
127	сведения	764	None	None
128	о	773	coref	2119
129	кассете	775	coref	2119
130	,	782	coref	2110
131	на	784	None	None
132	которой	787	coref	2114
133	содержалась	795	None	None
134	информация	807	coref	2139
135	с	818	coref	2119
136	требованием	820	coref	2119
137	выкупа	832	coref	2119
138	,	838	coref	2110
139	-	840	coref	2113
140	говорится	842	None	None
141	в	852	coref	2110
142	сообщении	854	None	None
143	пресс	864	coref	2116
144	-	869	coref	2113
145	службы	870	coref	2116
146	«	877	coref	2110
147	Известий	878	coref	2110
148	»	886	coref	2110
149	.	887	None	None
150	-	889	coref	2113
151	Корреспондент	891	coref	2110
152	«	905	coref	2110
153	Известий	906	coref	2110
154	»	914	coref	2110
155	отказался	916	None	None
156	давать	926	None	None
157	показания	933	None	None
158	,	942	coref	2110
159	мотивируя	944	None	None
160	отказ	954	None	None
161	отсутствием	960	None	None
162	адвоката	972	None	None
163	»	980	coref	2110
164	.	981	None	None
165	В	984	None	None
166	сообщении	986	None	None
167	пресс	996	coref	2116
168	-	1001	coref	2113
169	службы	1002	coref	2116
170	также	1009	None	None
171	отмечается	1015	None	None
172	,	1025	coref	2110
173	что	1027	None	None
174	«	1031	coref	2110
175	допросу	1032	None	None
176	предшествовала	1040	None	None
177	длительная	1055	coref	2121
178	беседа	1066	coref	2121
179	Спирина	1073	coref	2110
180	со	1081	coref	2121
181	следователем	1084	coref	2121
182	прокуратуры	1097	coref	2117
183	Московской	1109	coref	2117
184	области	1120	coref	2117
185	и	1128	coref	2119
186	оперативным	1130	coref	2121
187	сотрудником	1142	coref	2121
188	ГУБОП	1154	coref	2121
189	МВД	1160	coref	2121
190	России	1164	coref	2121
191	,	1170	coref	2110
192	во	1172	None	None
193	время	1175	None	None
194	которой	1181	coref	2114
195	они	1189	coref	2120
196	заявили	1193	None	None
197	,	1200	coref	2110
198	что	1202	None	None
199	корреспондент	1206	coref	2110
200	«	1220	coref	2110
201	Известий	1221	coref	2110
202	»	1229	coref	2110
203	может	1231	None	None
204	быть	1237	None	None
205	обвинен	1242	None	None
206	как	1250	None	None
207	соучастник	1254	None	None
208	похищения	1265	None	None
209	Кукуры	1275	coref	2110
210	,	1281	coref	2110
211	поскольку	1283	None	None
212	отказывается	1293	None	None
213	назвать	1306	None	None
214	свой	1314	coref	2110
215	источник	1319	coref	2124
216	информации	1328	None	None
217	»	1338	coref	2110
218	.	1339	None	None
219	«	1342	coref	2110
220	В	1343	None	None
221	ходе	1345	None	None
222	беседы	1350	None	None
223	сотрудники	1357	coref	2120
224	косвенно	1368	None	None
225	подтвердили	1377	None	None
226	информацию	1389	coref	2139
227	о	1400	coref	2119
228	получении	1402	None	None
229	кассеты	1412	coref	2119
230	.	1419	None	None
231	Однако	1421	None	None
232	,	1427	coref	2110
233	по	1429	coref	2129
234	их	1432	coref	2120
235	словам	1435	None	None
236	,	1441	coref	2110
237	похитители	1443	coref	2112
238	требуют	1454	None	None
239	за	1462	coref	2114
240	Сергея	1465	coref	2113
241	Кукуру	1472	coref	2113
242	не	1479	None	None
243	шесть	1482	None	None
244	миллионов	1488	None	None
245	долларов	1498	coref	2119
246	,	1506	coref	2110
247	а	1508	None	None
248	больше	1510	None	None
249	»	1516	coref	2110
250	,	1517	coref	2110
251	-	1519	coref	2113
252	отметили	1521	None	None
253	в	1530	coref	2110
254	пресс	1532	coref	2116
255	-	1537	coref	2113
256	службе	1538	coref	2116
257	«	1545	coref	2110
258	Известий	1546	coref	2110
259	»	1554	coref	2110
260	.	1555	None	None
261	Между	1558	None	None
262	тем	1564	None	None
263	«	1568	coref	2110
264	Известия	1569	coref	2111
265	»	1577	coref	2110
266	в	1579	coref	2110
267	номере	1581	coref	2110
268	,	1587	coref	2110
269	который	1589	coref	2123
270	выйдет	1597	None	None
271	в	1604	coref	2110
272	четверг	1606	None	None
273	,	1613	coref	2110
274	продолжают	1615	None	None
275	тему	1626	None	None
276	расследования	1631	None	None
277	дела	1645	None	None
278	о	1650	coref	2119
279	похищении	1652	None	None
280	Кукуры	1662	coref	2110
281	.	1668	None	None
282	В	1670	None	None
283	частности	1672	None	None
284	,	1681	coref	2110
285	газета	1683	coref	2111
286	сообщает	1690	None	None
287	со	1699	coref	2121
288	ссылкой	1702	None	None
289	на	1710	None	None
290	источник	1713	coref	2124
291	в	1722	coref	2110
292	правоохранительных	1724	coref	2124
293	органах	1743	coref	2124
294	,	1750	coref	2110
295	что	1752	None	None
296	оперативно	1756	coref	2125
297	-	1766	coref	2113
298	следственная	1767	coref	2125
299	группа	1780	coref	2125
300	,	1786	coref	2110
301	занимающаяся	1788	None	None
302	делом	1801	None	None
303	Кукуры	1807	coref	2110
304	,	1813	coref	2110
305	всерьез	1815	None	None
306	рассматривает	1823	None	None
307	новую	1837	coref	2126
308	версию	1843	coref	2126
309	,	1849	coref	2110
310	согласно	1851	None	None
311	которой	1860	coref	2114
312	предприниматель	1868	coref	2113
313	мог	1884	None	None
314	быть	1888	None	None
315	похищен	1893	None	None
316	с	1901	coref	2119
317	целью	1903	None	None
318	грабежа	1909	None	None
319	.	1916	None	None
320	По	1919	None	None
321	сведениям	1922	None	None
322	источника	1932	coref	2124
323	«	1942	coref	2110
324	Известий	1943	coref	2110
325	»	1951	coref	2110
326	,	1952	coref	2110
327	Кукура	1954	coref	2113
328	-	1961	coref	2113
329	очень	1963	None	None
330	богатый	1969	None	None
331	человек	1977	None	None
332	,	1984	coref	2110
333	его	1986	coref	2113
334	официальная	1990	None	None
335	зарплата	2002	None	None
336	в	2011	coref	2110
337	«	2013	coref	2110
338	Лукойле	2014	coref	2115
339	»	2021	coref	2110
340	составляет	2023	None	None
341	1	2034	None	None
342	,	2035	coref	2110
343	8	2036	None	None
344	млн	2038	coref	2119
345	долларов	2042	coref	2119
346	в	2051	coref	2110
347	месяц	2053	None	None
348	,	2058	coref	2110
349	сообщает	2060	None	None
350	«	2069	coref	2110
351	Интерфакс	2070	coref	2127
352	»	2079	coref	2110
353	.	2080	None	None
354	«	2082	coref	2110
355	Поэтому	2083	None	None
356	преступники	2091	coref	2112
357	могли	2103	None	None
358	выкрасть	2109	None	None
359	вице	2118	coref	2113
360	-	2122	coref	2113
361	президента	2123	coref	2113
362	крупнейшей	2134	coref	2113
363	нефтяной	2145	coref	2113
364	компании	2154	coref	2113
365	для	2163	None	None
366	того	2167	None	None
367	,	2171	coref	2110
368	чтобы	2173	None	None
369	выведать	2179	None	None
370	место	2188	coref	2128
371	хранения	2194	coref	2128
372	средств	2203	coref	2128
373	и	2211	coref	2119
374	возможность	2213	None	None
375	доступа	2225	None	None
376	к	2233	None	None
377	ним	2235	coref	2128
378	.	2238	None	None
379	Оперативники	2240	coref	2125
380	считают	2253	None	None
381	,	2260	coref	2110
382	что	2262	None	None
383	эта	2266	None	None
384	версия	2270	None	None
385	подтвердится	2277	None	None
386	или	2290	None	None
387	же	2294	None	None
388	будет	2297	None	None
389	опровергнута	2303	None	None
390	в	2316	coref	2110
391	самое	2318	None	None
392	ближайшее	2324	None	None
393	время	2334	None	None
394	»	2339	coref	2110
395	,	2340	coref	2110
396	-	2342	coref	2113
397	отмечает	2344	None	None
398	газета	2353	coref	2111
399	.	2359	None	None
400	В	2362	None	None
401	интервью	2364	None	None
402	«	2373	coref	2110
403	Известиям	2374	coref	2111
404	»	2383	coref	2110
405	депутат	2385	coref	2129
406	Госдумы	2393	coref	2129
407	,	2400	coref	2110
408	глава	2402	coref	2129
409	подкомитета	2408	coref	2129
410	по	2420	coref	2129
411	охранно	2423	coref	2129
412	-	2430	coref	2113
413	детективной	2431	coref	2129
414	деятельности	2443	coref	2129
415	,	2455	coref	2110
416	бывший	2457	coref	2129
417	офицер	2464	coref	2129
418	КГБ	2471	coref	2129
419	Геннадий	2475	coref	2129
420	Гудков	2484	coref	2129
421	заявил	2491	None	None
422	,	2497	coref	2110
423	что	2499	None	None
424	,	2502	coref	2110
425	проследив	2504	None	None
426	поступающую	2514	None	None
427	информацию	2526	coref	2139
428	об	2537	None	None
429	обстоятельствах	2540	None	None
430	преступления	2556	coref	2130
431	,	2568	coref	2110
432	он	2570	coref	2129
433	пришел	2573	None	None
434	к	2580	None	None
435	выводу	2582	None	None
436	,	2588	coref	2110
437	что	2590	None	None
438	оно	2594	coref	2130
439	не	2598	None	None
440	могло	2601	None	None
441	быть	2607	None	None
442	спланировано	2612	None	None
443	и	2625	coref	2119
444	исполнено	2627	None	None
445	обычной	2637	None	None
446	преступной	2645	None	None
447	группировкой	2656	None	None
448	.	2668	None	None
449	«	2671	coref	2110
450	Мне	2672	coref	2129
451	кажется	2676	None	None
452	,	2683	coref	2110
453	что	2685	None	None
454	похищение	2689	None	None
455	было	2699	None	None
456	устроено	2704	None	None
457	очень	2713	None	None
458	серьезной	2719	None	None
459	структурой	2729	None	None
460	.	2739	None	None
461	Об	2741	None	None
462	этом	2744	None	None
463	говорит	2749	None	None
464	хотя	2757	None	None
465	бы	2762	None	None
466	тот	2765	None	None
467	факт	2769	None	None
468	,	2773	coref	2110
469	что	2775	None	None
470	за	2779	coref	2114
471	Кукурой	2782	coref	2113
472	велось	2790	None	None
473	тщательное	2797	None	None
474	оперативное	2808	None	None
475	наблюдение	2820	None	None
476	.	2830	None	None
477	Я	2832	coref	2129
478	считаю	2834	None	None
479	,	2840	coref	2110
480	что	2842	None	None
481	здесь	2846	None	None
482	не	2852	None	None
483	обошлось	2855	None	None
484	без	2864	None	None
485	штатных	2868	None	None
486	сотрудников	2876	coref	2120
487	правоохранительных	2888	coref	2124
488	органов	2907	None	None
489	,	2914	coref	2110
490	ведь	2916	None	None
491	ни	2921	None	None
492	одна	2924	None	None
493	организованная	2929	None	None
494	преступная	2944	None	None
495	группировка	2955	None	None
496	никогда	2967	None	None
497	не	2975	None	None
498	рискнет	2978	None	None
499	в	2986	coref	2110
500	таком	2988	None	None
501	опасном	2994	None	None
502	деле	3002	None	None
503	открыто	3007	None	None
504	использовать	3015	None	None
505	милицейскую	3028	None	None
506	форму	3040	None	None
507	и	3046	coref	2119
508	автомобиль	3048	coref	2131
509	со	3059	coref	2121
510	спецномерами	3062	coref	2131
511	»	3074	coref	2110
512	,	3075	coref	2110
513	-	3077	coref	2113
514	заявил	3079	None	None
515	Гудков	3086	coref	2129
516	.	3092	None	None
517	Похитители	3095	coref	2112
518	ведут	3106	None	None
519	с	3112	coref	2119
520	правоохранительными	3114	coref	2132
521	органами	3134	coref	2132
522	и	3143	coref	2119
523	«	3145	coref	2110
524	ЛУКОЙЛом	3146	coref	2115
525	»	3154	coref	2110
526	переговоры	3156	None	None
527	об	3167	None	None
528	освобождении	3170	None	None
529	Кукуры	3183	coref	2110
530	.	3189	None	None
531	Пожелавший	3191	None	None
532	остаться	3202	None	None
533	неизвестным	3211	None	None
534	сотрудник	3223	None	None
535	ГУВД	3233	coref	2133
536	Московской	3238	coref	2117
537	области	3249	coref	2117
538	подтвердил	3257	None	None
539	,	3267	coref	2110
540	что	3269	None	None
541	еще	3273	None	None
542	17	3277	None	None
543	сентября	3280	coref	2114
544	бизнесмена	3289	coref	2113
545	должны	3300	None	None
546	были	3307	None	None
547	обменять	3312	None	None
548	на	3321	None	None
549	деньги	3324	None	None
550	,	3330	coref	2110
551	однако	3332	None	None
552	по	3339	coref	2129
553	неизвестным	3342	None	None
554	причинам	3354	None	None
555	эта	3363	None	None
556	сделка	3367	None	None
557	сорвалась	3374	None	None
558	.	3383	None	None
559	Следствие	3386	coref	2134
560	ничего	3396	None	None
561	не	3403	None	None
562	знает	3406	None	None
563	о	3412	coref	2119
564	похитителях	3414	coref	2112
565	одного	3426	coref	2112
566	из	3433	coref	2112
567	руководителей	3436	coref	2112
568	«	3450	coref	2110
569	Лукойла	3451	coref	2112
570	»	3458	coref	2110
571	Начальник	3461	coref	2135
572	Главного	3471	coref	2135
573	управления	3480	coref	2135
574	по	3491	coref	2129
575	борьбе	3494	coref	2135
576	с	3501	coref	2119
577	оргпреступностью	3503	coref	2135
578	МВД	3520	coref	2121
579	России	3524	coref	2121
580	генерал	3531	coref	2135
581	-	3538	coref	2113
582	лейтенант	3539	coref	2135
583	Александр	3549	coref	2135
584	Овчинников	3559	coref	2135
585	заявил	3570	None	None
586	,	3576	coref	2110
587	что	3578	None	None
588	следствие	3582	coref	2134
589	не	3592	None	None
590	располагает	3595	None	None
591	данными	3607	None	None
592	о	3615	coref	2119
593	том	3617	None	None
594	,	3620	coref	2110
595	кто	3622	None	None
596	похитил	3626	None	None
597	первого	3634	coref	2113
598	вице	3642	coref	2113
599	-	3646	coref	2113
600	президента	3647	coref	2113
601	«	3658	coref	2110
602	Лукойла	3659	coref	2112
603	»	3666	coref	2110
604	Сергея	3668	coref	2113
605	Кукуру	3675	coref	2113
606	.	3681	None	None
607	«	3683	coref	2110
608	Я	3684	coref	2129
609	могу	3686	None	None
610	однозначно	3691	None	None
611	заявить	3702	None	None
612	,	3709	coref	2110
613	что	3711	None	None
614	официально	3715	None	None
615	в	3726	coref	2110
616	правоохранительные	3728	coref	2132
617	органы	3747	coref	2132
618	информации	3754	None	None
619	о	3765	coref	2119
620	предполагаемых	3767	coref	2112
621	преступниках	3782	coref	2112
622	.	3795	None	None
623	.	3796	None	None
624	.	3797	None	None
625	не	3799	None	None
626	поступало	3802	None	None
627	»	3811	coref	2110
628	,	3812	coref	2110
629	-	3814	coref	2113
630	сказал	3816	None	None
631	он	3823	coref	2129
632	журналистам	3826	coref	2111
633	.	3837	None	None
634	Отвечая	3840	None	None
635	на	3848	None	None
636	вопрос	3851	None	None
637	о	3858	coref	2119
638	том	3860	None	None
639	,	3863	coref	2110
640	получили	3865	None	None
641	ли	3874	None	None
642	правоохранительные	3877	coref	2132
643	органы	3896	coref	2132
644	от	3903	None	None
645	похитителей	3906	coref	2112
646	кассету	3918	coref	2119
647	с	3926	coref	2119
648	видеозаписью	3928	coref	2119
649	Кукуры	3941	coref	2110
650	и	3948	coref	2119
651	требованием	3950	coref	2119
652	о	3962	coref	2119
653	выкупе	3964	coref	2119
654	в	3971	coref	2110
655	3	3973	coref	2119
656	млн	3975	coref	2119
657	долларов	3979	coref	2119
658	и	3988	coref	2119
659	3	3990	coref	2119
660	млн	3992	coref	2119
661	евро	3996	coref	2119
662	наличными	4001	coref	2119
663	,	4010	coref	2110
664	начальник	4012	coref	2135
665	ГУБОП	4022	coref	2121
666	ответил	4028	None	None
667	:	4035	None	None
668	«	4037	coref	2110
669	Без	4038	None	None
670	комментариев	4042	None	None
671	»	4054	coref	2110
672	.	4055	None	None
673	За	4058	None	None
674	освобождение	4061	None	None
675	Кукуры	4074	coref	2110
676	похитители	4081	coref	2112
677	каждый	4092	None	None
678	раз	4099	None	None
679	требуют	4103	None	None
680	разные	4111	None	None
681	суммы	4118	None	None
682	В	4125	None	None
683	«	4127	coref	2110
684	Лукойл	4128	coref	2115
685	»	4134	coref	2110
686	поступило	4136	None	None
687	несколько	4146	None	None
688	звонков	4156	None	None
689	с	4164	coref	2119
690	требованиями	4166	None	None
691	выкупа	4179	coref	2119
692	за	4186	coref	2114
693	похищенного	4189	coref	2113
694	первого	4201	coref	2113
695	вице	4209	coref	2113
696	-	4213	coref	2113
697	президента	4214	coref	2113
698	этой	4225	coref	2113
699	нефтяной	4230	coref	2113
700	компании	4239	coref	2113
701	Сергея	4248	coref	2113
702	Кукуру	4255	coref	2113
703	.	4261	None	None
704	Как	4263	None	None
705	сообщил	4267	None	None
706	в	4275	coref	2110
707	среду	4277	None	None
708	заместитель	4283	coref	2136
709	начальника	4295	coref	2136
710	ГУВД	4306	coref	2133
711	Московской	4311	coref	2117
712	области	4322	coref	2117
713	Геннадий	4330	coref	2129
714	Дейнеко	4339	coref	2136
715	,	4346	coref	2110
716	каждый	4348	None	None
717	раз	4355	None	None
718	неизвестные	4359	coref	2112
719	требуют	4371	None	None
720	разные	4379	None	None
721	суммы	4386	None	None
722	.	4391	None	None
723	«	4394	coref	2110
724	Но	4395	None	None
725	никаких	4398	None	None
726	доказательств	4406	None	None
727	,	4419	coref	2110
728	что	4421	None	None
729	Кукура	4425	coref	2113
730	находится	4432	None	None
731	именно	4442	None	None
732	у	4449	coref	2145
733	них	4451	coref	2112
734	,	4454	coref	2110
735	звонившие	4456	coref	2112
736	не	4466	None	None
737	представляют	4469	None	None
738	»	4481	coref	2110
739	,	4482	coref	2110
740	-	4484	coref	2113
741	отметил	4486	None	None
742	Дейнеко	4494	coref	2136
743	,	4501	coref	2110
744	передает	4503	None	None
745	ИТАР	4512	coref	2137
746	-	4516	coref	2113
747	ТАСС	4517	coref	2137
748	.	4521	None	None
749	По	4524	None	None
750	его	4527	coref	2113
751	словам	4531	None	None
752	,	4537	coref	2110
753	следствие	4539	coref	2134
754	отрабатывает	4549	None	None
755	все	4562	None	None
756	возможные	4566	None	None
757	версии	4576	None	None
758	похищения	4583	None	None
759	вице	4593	coref	2113
760	-	4597	coref	2113
761	президента	4598	coref	2113
762	,	4608	coref	2110
763	от	4610	None	None
764	бытовой	4613	None	None
765	до	4621	None	None
766	связанной	4624	None	None
767	с	4634	coref	2119
768	профессиональной	4636	None	None
769	деятельностью	4653	None	None
770	.	4666	None	None
771	Кроме	4668	None	None
772	того	4674	None	None
773	,	4678	coref	2110
774	сказал	4680	None	None
775	Дейнеко	4687	coref	2136
776	,	4694	coref	2110
777	проверяется	4696	None	None
778	информация	4708	coref	2139
779	о	4719	coref	2119
780	том	4721	None	None
781	,	4724	coref	2110
782	что	4726	None	None
783	Кукура	4730	coref	2113
784	был	4737	None	None
785	похищен	4741	None	None
786	в	4749	coref	2110
787	результате	4751	None	None
788	внутренних	4762	coref	2136
789	разборок	4773	None	None
790	в	4782	coref	2110
791	компании	4784	coref	2113
792	.	4792	None	None
793	Представители	4795	coref	2138
794	«	4809	coref	2110
795	Лукойла	4810	coref	2112
796	»	4817	coref	2110
797	считают	4819	None	None
798	,	4826	coref	2110
799	что	4828	None	None
800	информация	4832	coref	2139
801	в	4843	coref	2110
802	СМИ	4845	coref	2139
803	может	4849	None	None
804	помешать	4855	None	None
805	расследованию	4864	None	None
806	Представители	4879	coref	2138
807	нефтяной	4893	coref	2113
808	компании	4902	coref	2113
809	считают	4911	None	None
810	,	4918	coref	2110
811	что	4920	None	None
812	информация	4924	coref	2139
813	,	4934	coref	2110
814	опубликованная	4936	None	None
815	в	4951	coref	2110
816	некоторых	4953	coref	2140
817	СМИ	4963	coref	2139
818	по	4967	coref	2129
819	делу	4970	None	None
820	о	4975	coref	2119
821	похищении	4977	None	None
822	первого	4987	coref	2113
823	вице	4995	coref	2113
824	-	4999	coref	2113
825	президента	5000	coref	2113
826	Сергея	5011	coref	2113
827	Кукуры	5018	coref	2110
828	,	5024	coref	2110
829	«	5026	coref	2110
830	может	5027	None	None
831	повредить	5033	None	None
832	расследованию	5043	None	None
833	»	5056	coref	2110
834	.	5057	None	None
835	Об	5059	None	None
836	этом	5062	None	None
837	в	5067	coref	2110
838	среду	5069	None	None
839	сообщил	5075	None	None
840	руководитель	5083	coref	2124
841	пресс	5096	coref	2116
842	-	5101	coref	2113
843	службы	5102	coref	2116
844	компании	5109	coref	2113
845	.	5117	None	None
846	По	5120	None	None
847	словам	5123	None	None
848	источника	5130	coref	2124
849	,	5139	coref	2110
850	«	5141	coref	2110
851	мы	5142	coref	2115
852	по	5145	coref	2129
853	-	5147	coref	2113
854	прежнему	5148	None	None
855	не	5157	None	None
856	будем	5160	None	None
857	комментировать	5166	None	None
858	информацию	5181	coref	2139
859	,	5191	coref	2110
860	которая	5193	coref	2139
861	поступает	5201	None	None
862	из	5211	coref	2112
863	неофициальных	5214	coref	2140
864	источников	5228	coref	2140
865	»	5238	coref	2110
866	.	5239	None	None
867	Накануне	5242	None	None
868	заместитель	5251	coref	2136
869	министра	5263	coref	2136
870	внутренних	5272	coref	2136
871	дел	5283	coref	2136
872	России	5287	coref	2121
873	статс	5294	coref	2136
874	-	5299	coref	2113
875	секретарь	5300	coref	2136
876	Владимир	5310	coref	2136
877	Васильев	5319	coref	2136
878	сообщил	5328	None	None
879	,	5335	coref	2110
880	что	5337	None	None
881	о	5341	coref	2119
882	ходе	5343	None	None
883	расследования	5348	None	None
884	обстоятельств	5362	None	None
885	похищения	5376	None	None
886	Сергея	5386	coref	2113
887	Кукуры	5393	coref	2110
888	доложено	5400	None	None
889	премьер	5409	None	None
890	-	5416	coref	2113
891	министру	5417	None	None
892	России	5426	coref	2121
893	Михаилу	5433	None	None
894	Касьянову	5441	None	None
895	.	5450	None	None
896	Заместитель	5453	coref	2136
897	министра	5465	coref	2136
898	заверил	5474	None	None
899	,	5481	coref	2110
900	что	5483	None	None
901	«	5487	coref	2110
902	на	5488	None	None
903	эту	5491	coref	2142
904	тему	5495	None	None
905	будет	5500	None	None
906	дан	5506	None	None
907	исчерпывающий	5510	None	None
908	ответ	5524	None	None
909	руководством	5530	None	None
910	ГУБОП	5543	coref	2121
911	»	5548	coref	2110
912	.	5549	None	None
913	Однако	5551	None	None
914	,	5557	coref	2110
915	по	5559	coref	2129
916	его	5562	coref	2113
917	словам	5566	None	None
918	,	5572	coref	2110
919	«	5574	coref	2110
920	для	5575	None	None
921	того	5579	None	None
922	чтобы	5584	None	None
923	это	5590	None	None
924	сделать	5594	None	None
925	,	5601	coref	2110
926	нужно	5603	None	None
927	согласовать	5609	None	None
928	все	5621	None	None
929	вопросы	5625	None	None
930	с	5633	coref	2119
931	руководством	5635	None	None
932	следственно	5648	coref	2134
933	-	5659	coref	2113
934	оперативной	5660	coref	2134
935	группы	5672	coref	2134
936	»	5678	coref	2110
937	.	5679	None	None
938	«	5682	coref	2110
939	Работа	5683	None	None
940	проводится	5690	None	None
941	,	5700	coref	2110
942	поступает	5702	None	None
943	информация	5712	coref	2139
944	,	5722	coref	2110
945	она	5724	coref	2141
946	тщательно	5728	None	None
947	проверяется	5738	None	None
948	,	5749	coref	2110
949	-	5751	coref	2113
950	сказал	5753	None	None
951	Васильев	5760	coref	2136
952	.	5768	None	None
953	-	5770	coref	2113
954	Поверьте	5772	None	None
955	,	5780	coref	2110
956	что	5782	None	None
957	проводится	5786	None	None
958	очень	5797	None	None
959	большая	5803	None	None
960	работа	5811	None	None
961	,	5817	coref	2110
962	это	5819	None	None
963	преступление	5823	None	None
964	находится	5836	None	None
965	на	5846	None	None
966	контроле	5849	None	None
967	.	5857	None	None
968	Других	5859	None	None
969	деталей	5866	None	None
970	сообщить	5874	None	None
971	не	5883	None	None
972	могу	5886	None	None
973	»	5890	coref	2110
974	.	5891	None	None
975	Заместитель	5894	coref	2136
976	министра	5906	coref	2136
977	отметил	5915	None	None
978	также	5923	None	None
979	,	5928	coref	2110
980	что	5930	None	None
981	вопрос	5934	None	None
982	о	5941	coref	2119
983	розыске	5943	None	None
984	Сергея	5951	coref	2113
985	Кукуры	5958	coref	2110
986	«	5965	coref	2110
987	волнует	5966	None	None
988	очень	5974	None	None
989	многих	5980	None	None
990	»	5986	coref	2110
991	,	5987	coref	2110
992	в	5989	coref	2110
993	том	5991	None	None
994	числе	5995	None	None
995	представителей	6001	None	None
996	бизнес	6016	None	None
997	-	6022	coref	2113
998	сообщества	6023	None	None
999	.	6033	None	None
1000	В	6036	None	None
1001	четверг	6038	None	None
1002	,	6045	coref	2110
1003	12	6047	None	None
1004	сентября	6050	coref	2114
1005	,	6058	coref	2110
1006	в	6060	coref	2110
1007	7	6062	None	None
1008	:	6063	None	None
1009	20	6064	None	None
1010	по	6067	coref	2129
1011	московскому	6070	None	None
1012	времени	6082	None	None
1013	у	6090	coref	2145
1014	деревни	6092	coref	2145
1015	Внуково	6100	None	None
1016	Ленинского	6108	None	None
1017	района	6119	coref	2145
1018	Подмосковья	6126	coref	2118
1019	,	6137	coref	2110
1020	в	6139	coref	2110
1021	300	6141	None	None
1022	м	6145	None	None
1023	от	6147	None	None
1024	железнодорожного	6150	None	None
1025	переезда	6167	None	None
1026	четверо	6176	coref	2112
1027	неизвестных	6184	coref	2112
1028	в	6196	coref	2110
1029	масках	6198	coref	2112
1030	,	6204	coref	2110
1031	вооруженные	6206	None	None
1032	автоматическим	6218	None	None
1033	оружием	6233	None	None
1034	,	6240	coref	2110
1035	вышли	6242	None	None
1036	из	6248	coref	2112
1037	перегородившей	6251	coref	2131
1038	проезжую	6266	coref	2131
1039	часть	6275	coref	2131
1040	дороги	6281	coref	2131
1041	автомашины	6288	coref	2131
1042	«	6299	coref	2110
1043	Волга	6300	coref	2131
1044	»	6305	coref	2110
1045	черного	6307	coref	2131
1046	цвета	6315	coref	2131
1047	с	6321	coref	2119
1048	синими	6323	coref	2131
1049	милицейскими	6330	coref	2131
1050	номерами	6343	coref	2131
1051	.	6351	None	None
1052	Они	6353	coref	2112
1053	остановили	6357	None	None
1054	Mercedes	6368	coref	2142
1055	,	6376	coref	2110
1056	в	6378	coref	2110
1057	котором	6380	coref	2142
1058	находились	6388	None	None
1059	Сергей	6399	coref	2113
1060	Кукура	6406	coref	2113
1061	,	6412	coref	2110
1062	водитель	6414	coref	2143
1063	и	6423	coref	2119
1064	охранник	6425	coref	2144
1065	.	6433	None	None
1066	Неизвестные	6435	coref	2112
1067	пересадили	6447	None	None
1068	Кукуру	6458	coref	2113
1069	в	6465	coref	2110
1070	«	6467	coref	2110
1071	Волгу	6468	coref	2131
1072	»	6473	coref	2110
1073	и	6475	coref	2119
1074	увезли	6477	None	None
1075	в	6484	coref	2110
1076	неизвестном	6486	None	None
1077	направлении	6498	None	None
1078	.	6509	None	None
1079	Водителю	6512	coref	2143
1080	и	6521	coref	2119
1081	охраннику	6523	coref	2144
1082	надели	6533	None	None
1083	на	6540	None	None
1084	голову	6543	None	None
1085	мешки	6550	None	None
1086	,	6555	coref	2110
1087	сделали	6557	None	None
1088	инъекции	6565	None	None
1089	неустановленного	6574	None	None
1090	препарата	6591	None	None
1091	,	6600	coref	2110
1092	после	6602	None	None
1093	чего	6608	None	None
1094	на	6613	None	None
1095	автомобиле	6616	coref	2142
1096	Mercedes	6627	coref	2142
1097	вывезли	6636	None	None
1098	в	6644	coref	2110
1099	лесной	6646	coref	2145
1100	массив	6653	coref	2145
1101	у	6660	coref	2145
1102	деревни	6662	coref	2145
1103	Зайцево	6670	coref	2145
1104	Одинцовского	6678	coref	2145
1105	района	6691	coref	2145
1106	,	6697	coref	2110
1107	где	6699	coref	2145
1108	эту	6703	coref	2142
1109	машину	6707	coref	2142
1110	бросили	6714	None	None
1111	.	6721	None	None
1112	При	6723	None	None
1113	этом	6727	None	None
1114	у	6732	coref	2145
1115	охранника	6734	coref	2144
1116	был	6744	None	None
1117	похищен	6748	None	None
1118	служебный	6756	None	None
1119	пистолет	6766	None	None
1120	«	6775	coref	2110
1121	Иж	6776	None	None
1122	-	6778	coref	2113
1123	71	6779	None	None
1124	»	6781	coref	2110
1125	.	6782	None	None
1126	Впоследствии	6784	None	None
1127	охраннику	6797	coref	2144
1128	удалось	6807	None	None
1129	освободиться	6815	None	None
1130	и	6828	coref	2119
1131	сообщить	6830	None	None
1132	о	6839	coref	2119
1133	ЧП	6841	None	None
1134	в	6844	coref	2110
1135	Апрелевский	6846	None	None
1136	городской	6858	None	None
1137	отдел	6868	None	None
1138	милиции	6874	None	None
1139	Наро	6882	None	None
1140	-	6886	coref	2113
1141	Фоминского	6887	None	None
1142	управления	6898	coref	2135
1143	внутренних	6909	coref	2136
1144	дел	6920	coref	2136
1145	.	6923	None	None
1146	По	6926	None	None
1147	описаниям	6929	None	None
1148	охранника	6939	coref	2144
1149	Кукуры	6949	coref	2110
1150	следствию	6956	coref	2134
1151	удалось	6966	None	None
1152	установить	6974	None	None
1153	приметы	6985	None	None
1154	похитителей	6993	coref	2112
1155	.	7004	None	None
