	word	start_char	type	chain_id
0	Президент	0	coref	2376
1	ХК	10	coref	2376
2	«	13	coref	2376
3	Динамо	14	coref	2376
4	»	20	coref	2376
5	Сергей	22	coref	2376
6	Сидоровский	29	coref	2376
7	подал	41	None	None
8	в	47	None	None
9	отставку	49	None	None
10	Неожиданное	59	None	None
11	известие	71	None	None
12	пришло	80	None	None
13	из	87	coref	2379
14	ХК	90	coref	2376
15	«	93	coref	2376
16	Динамо	94	coref	2376
17	»	100	coref	2376
18	Москва	102	coref	2377
19	:	108	None	None
20	президент	110	coref	2376
21	клуба	120	coref	2376
22	Сергей	126	coref	2376
23	Сидоровский	133	coref	2376
24	объявил	145	None	None
25	о	153	None	None
26	своем	155	coref	2376
27	решении	161	None	None
28	уйти	169	None	None
29	в	174	None	None
30	отставку	176	None	None
31	.	184	None	None
32	Как	186	None	None
33	сообщает	190	None	None
34	«	199	coref	2376
35	Весь	200	None	None
36	хоккей	205	None	None
37	»	211	coref	2376
38	,	212	coref	2379
39	затянувшаяся	214	None	None
40	серия	227	None	None
41	неудач	233	None	None
42	в	240	None	None
43	московском	242	coref	2377
44	«	253	coref	2376
45	Динамо	254	coref	2376
46	»	260	coref	2376
47	предвещала	262	None	None
48	изменения	273	None	None
49	в	283	None	None
50	команде	285	coref	2377
51	.	292	None	None
52	Два	294	None	None
53	домашних	298	None	None
54	поражения	307	None	None
55	от	317	None	None
56	«	320	coref	2376
57	Нефтехимика	321	None	None
58	»	332	coref	2376
59	и	334	coref	2379
60	«	336	coref	2376
61	Ак	337	None	None
62	Барса	340	None	None
63	»	345	coref	2376
64	накалили	347	None	None
65	ситуацию	356	None	None
66	до	365	None	None
67	предела	368	None	None
68	.	375	None	None
69	И	378	None	None
70	вот	380	None	None
71	случилось	384	None	None
72	то	394	None	None
73	,	396	coref	2379
74	чего	398	None	None
75	ждали	403	None	None
76	,	408	coref	2379
77	отставка	410	None	None
78	.	418	None	None
79	Но	420	None	None
80	покидает	423	None	None
81	команду	432	coref	2377
82	не	440	None	None
83	главный	443	coref	2378
84	тренер	451	coref	2378
85	,	457	coref	2379
86	а	459	None	None
87	президент	461	coref	2376
88	.	470	None	None
89	Сергей	472	coref	2376
90	Сидоровский	479	coref	2376
91	взял	491	None	None
92	на	496	coref	2379
93	себя	499	coref	2376
94	всю	504	None	None
95	ответственность	508	None	None
96	за	524	None	None
97	неудачи	527	None	None
98	команды	535	coref	2377
99	.	542	None	None
100	В	544	None	None
101	прошлом	546	None	None
102	году	554	None	None
103	он	559	coref	2376
104	был	562	None	None
105	одним	566	coref	2379
106	из	572	coref	2379
107	тех	575	coref	2379
108	,	578	coref	2379
109	кто	580	coref	2379
110	принимал	584	coref	2379
111	решение	593	coref	2379
112	об	601	coref	2379
113	отстранении	604	coref	2379
114	с	616	coref	2379
115	поста	618	coref	2379
116	главного	624	coref	2379
117	тренера	633	coref	2379
118	Зинутэлы	641	coref	2379
119	Билялетдинова	650	coref	2379
120	и	664	coref	2379
121	назначении	666	coref	2379
122	на	677	coref	2379
123	его	680	coref	2379
124	место	684	coref	2379
125	Владимира	690	coref	2378
126	Семенова	700	coref	2378
127	.	708	None	None
128	Теперь	710	None	None
129	он	717	coref	2376
130	выразил	720	None	None
131	готовность	728	None	None
132	ответить	739	None	None
133	за	748	None	None
134	свои	751	coref	2376
135	действия	756	None	None
136	.	764	None	None
