	word	start_char	type	chain_id
0	В	0	None	None
1	Израиле	2	coref	2870
2	совершены	10	None	None
3	пять	20	None	None
4	терактов	25	None	None
5	за	34	None	None
6	день	37	None	None
7	Первый	43	None	None
8	теракт	50	None	None
9	:	56	None	None
10	взрыв	58	None	None
11	автобуса	64	coref	2871
12	в	73	coref	2878
13	Цфате	75	coref	2872
14	На	82	None	None
15	севере	85	None	None
16	Израиля	92	coref	2870
17	недалеко	100	None	None
18	от	109	None	None
19	города	112	None	None
20	Сафед	119	None	None
21	взорван	125	None	None
22	автобус	133	coref	2871
23	,	140	None	None
24	имеются	142	None	None
25	многочисленные	150	None	None
26	жертвы	165	None	None
27	.	171	None	None
28	По	173	None	None
29	данным	176	None	None
30	MIGnews	183	None	None
31	.	190	None	None
32	com	191	None	None
33	,	194	None	None
34	десять	196	None	None
35	человек	203	coref	2893
36	погибли	211	None	None
37	,	218	None	None
38	около	220	coref	2873
39	пятидесяти	226	coref	2873
40	получили	237	coref	2873
41	ранения	246	coref	2873
42	,	253	None	None
43	двадцать	255	coref	2874
44	из	264	coref	2874
45	них	267	coref	2873
46	ранены	271	None	None
47	тяжело	278	None	None
48	.	284	None	None
49	Взрыв	287	None	None
50	прогремел	293	None	None
51	в	303	coref	2878
52	пассажирском	305	coref	2871
53	автобусе	318	coref	2871
54	кооператива	327	coref	2871
55	«	339	coref	2871
56	Эгед	340	coref	2871
57	»	344	coref	2871
58	╧	346	coref	2871
59	361	348	coref	2871
60	,	351	None	None
61	следовавшим	353	None	None
62	из	365	coref	2874
63	Хайфы	368	coref	2875
64	в	374	coref	2878
65	Цфат	376	coref	2872
66	.	380	None	None
67	Первыми	382	coref	2876
68	людьми	390	coref	2876
69	,	396	None	None
70	предложившим	398	None	None
71	свою	411	coref	2876
72	помощь	416	None	None
73	раненым	423	coref	2873
74	,	430	None	None
75	были	432	None	None
76	двое	437	coref	2903
77	израильских	442	None	None
78	арабов	454	None	None
79	,	460	None	None
80	случайно	462	None	None
81	оказавшихся	471	None	None
82	на	483	coref	2884
83	месте	486	None	None
84	происшествия	492	None	None
85	.	504	None	None
86	По	507	None	None
87	свидетельствам	510	None	None
88	очевидцев	525	None	None
89	,	534	None	None
90	взрывом	536	None	None
91	у	544	None	None
92	автобуса	546	coref	2871
93	сорвало	555	None	None
94	крышу	563	None	None
95	.	568	None	None
96	Пока	570	None	None
97	не	575	None	None
98	ясно	578	None	None
99	,	582	None	None
100	как	584	None	None
101	именно	588	None	None
102	был	595	None	None
103	осуществлен	599	None	None
104	теракт	611	None	None
105	.	617	None	None
106	Полицейские	619	None	None
107	эксперты	631	None	None
108	предполагают	640	None	None
109	,	652	None	None
110	что	654	None	None
111	взрыв	658	None	None
112	произошел	664	None	None
113	в	674	coref	2878
114	результате	676	None	None
115	срабатывания	687	None	None
116	«	700	coref	2871
117	пояса	701	None	None
118	смертника	707	None	None
119	»	716	coref	2871
120	на	718	coref	2884
121	теле	721	None	None
122	террориста	726	None	None
123	в	737	coref	2878
124	центральной	739	None	None
125	части	751	None	None
126	автобуса	757	coref	2871
127	.	765	None	None
128	По	768	None	None
129	имеющейся	771	None	None
130	информации	781	None	None
131	,	791	None	None
132	трагедия	793	None	None
133	произошла	802	None	None
134	около	812	coref	2873
135	одного	818	None	None
136	из	825	coref	2874
137	еврейских	828	None	None
138	святых	838	None	None
139	мест	845	None	None
140	.	849	None	None
141	Как	851	None	None
142	всегда	855	None	None
143	по	862	None	None
144	воскресеньям	865	None	None
145	в	878	coref	2878
146	автобусе	880	coref	2871
147	находилось	889	None	None
148	много	900	None	None
149	израильских	906	None	None
150	солдат	918	coref	2898
151	,	924	None	None
152	возвращавшихся	926	None	None
153	к	941	None	None
154	месту	943	None	None
155	службы	949	None	None
156	после	956	None	None
157	уикэнда	962	None	None
158	.	969	None	None
159	Справочные	972	None	None
160	телефоны	983	None	None
161	больниц	992	coref	2877
162	:	999	None	None
163	«	1001	coref	2871
164	Ребекка	1002	coref	2878
165	Зив	1010	coref	2878
166	»	1013	coref	2871
167	в	1015	coref	2878
168	Цфате	1017	coref	2872
169	1255161	1023	None	None
170	;	1030	None	None
171	«	1032	coref	2871
172	Порайя	1033	coref	2879
173	»	1039	coref	2871
174	в	1041	coref	2878
175	Тверии	1043	coref	2879
176	1255144	1050	None	None
177	;	1057	None	None
178	«	1059	coref	2871
179	Рамбам	1060	coref	2880
180	»	1066	coref	2871
181	в	1068	coref	2878
182	Хайфе	1070	coref	2875
183	1255162	1076	None	None
184	.	1083	None	None
185	В	1085	None	None
186	больницу	1087	coref	2878
187	в	1096	coref	2878
188	Цфате	1098	coref	2872
189	уже	1104	None	None
190	доставлены	1108	None	None
191	14	1119	coref	2881
192	пострадавших	1122	coref	2881
193	,	1134	None	None
194	6	1136	coref	2882
195	из	1138	coref	2874
196	них	1141	coref	2873
197	в	1145	coref	2878
198	тяжелом	1147	None	None
199	состоянии	1155	None	None
200	.	1164	None	None
201	Ответственность	1167	None	None
202	за	1183	None	None
203	этот	1186	None	None
204	теракт	1191	None	None
205	взяло	1198	None	None
206	на	1204	coref	2884
207	себя	1207	coref	2883
208	военное	1212	coref	2883
209	крыло	1220	coref	2883
210	радикальной	1226	coref	2883
211	организации	1238	coref	2883
212	«	1250	coref	2871
213	Хамас	1251	coref	2883
214	»	1256	coref	2871
215	«	1258	coref	2871
216	Бригады	1259	coref	2883
217	Изеддин	1267	coref	2883
218	аль	1275	coref	2883
219	Кассам	1279	coref	2883
220	»	1285	coref	2871
221	.	1286	None	None
222	В	1288	None	None
223	заявлении	1290	None	None
224	представителя	1300	None	None
225	организации	1314	coref	2883
226	указывается	1326	None	None
227	,	1337	None	None
228	что	1339	None	None
229	данный	1343	None	None
230	террористический	1350	None	None
231	акт	1367	None	None
232	является	1371	None	None
233	местью	1380	None	None
234	за	1387	None	None
235	израильский	1390	coref	2884
236	авианалет	1402	coref	2884
237	на	1412	coref	2884
238	Газу	1415	coref	2884
239	в	1420	coref	2878
240	ночь	1422	coref	2884
241	с	1427	coref	2884
242	22	1429	coref	2884
243	на	1432	coref	2884
244	23	1435	coref	2884
245	июля	1438	coref	2884
246	,	1442	None	None
247	в	1444	coref	2878
248	результате	1446	None	None
249	которого	1457	coref	2884
250	16	1466	coref	2885
251	палестинцев	1469	coref	2885
252	погибли	1481	None	None
253	и	1489	None	None
254	около	1491	coref	2873
255	150	1497	None	None
256	получили	1501	coref	2873
257	ранения	1510	coref	2873
258	различной	1518	None	None
259	степени	1528	None	None
260	тяжести	1536	None	None
261	.	1543	None	None
262	Среди	1545	None	None
263	убитых	1551	coref	2885
264	был	1558	None	None
265	один	1562	coref	2886
266	из	1567	coref	2874
267	видных	1570	coref	2886
268	командиров	1577	coref	2886
269	«	1588	coref	2871
270	Бригад	1589	coref	2883
271	Изеддин	1596	coref	2883
272	аль	1604	coref	2883
273	Кассам	1608	coref	2883
274	»	1614	coref	2871
275	Салах	1616	coref	2886
276	Шахада	1622	coref	2886
277	.	1628	None	None
278	Секретарь	1631	coref	2887
279	кабинета	1641	coref	2887
280	министров	1650	coref	2887
281	Палестинской	1660	coref	2887
282	автономии	1673	coref	2887
283	Ахмед	1683	coref	2887
284	Абед	1689	coref	2887
285	аль	1694	coref	2883
286	Рахман	1698	coref	2887
287	заявил	1705	None	None
288	,	1711	None	None
289	что	1713	None	None
290	теракт	1717	None	None
291	является	1724	None	None
292	ответом	1733	None	None
293	на	1741	coref	2884
294	действия	1744	None	None
295	израильской	1753	None	None
296	армии	1765	None	None
297	на	1771	coref	2884
298	палестинских	1774	None	None
299	территориях	1787	None	None
300	.	1798	None	None
301	«	1800	coref	2871
302	В	1801	None	None
303	то	1803	None	None
304	время	1806	None	None
305	,	1811	None	None
306	когда	1813	None	None
307	израильтяне	1819	None	None
308	убивают	1831	None	None
309	палестинцев	1839	coref	2885
310	на	1851	coref	2884
311	территориях	1854	None	None
312	,	1865	None	None
313	один	1867	coref	2886
314	из	1872	coref	2874
315	палестинцев	1875	coref	2885
316	встает	1887	None	None
317	и	1894	None	None
318	идет	1896	None	None
319	жертвовать	1901	None	None
320	собой	1912	coref	2888
321	,	1917	None	None
322	чтобы	1919	None	None
323	привлечь	1925	None	None
324	внимание	1934	None	None
325	мира	1943	None	None
326	к	1948	None	None
327	страданиям	1950	None	None
328	своего	1961	coref	2888
329	народа	1968	None	None
330	»	1974	coref	2871
331	,	1975	None	None
332	-	1977	coref	2896
333	заявил	1979	None	None
334	аль	1986	coref	2883
335	Рахман	1990	coref	2887
336	.	1996	None	None
337	Второй	1999	None	None
338	теракт	2006	None	None
339	:	2012	None	None
340	расстрел	2014	None	None
341	машины	2023	coref	2889
342	в	2030	coref	2878
343	Иерусалиме	2032	coref	2890
344	Двое	2044	coref	2908
345	жителей	2049	None	None
346	Иерусалима	2057	coref	2890
347	-	2068	coref	2896
348	один	2070	coref	2886
349	израильтянин	2075	coref	2891
350	и	2088	None	None
351	один	2090	coref	2886
352	араб	2095	coref	2892
353	-	2100	coref	2896
354	погибли	2102	None	None
355	и	2110	None	None
356	еще	2112	None	None
357	11	2116	coref	2893
358	человек	2119	coref	2893
359	получили	2127	coref	2873
360	ранения	2136	coref	2873
361	в	2144	coref	2878
362	результате	2146	None	None
363	обстрела	2157	None	None
364	автомобиля	2166	coref	2889
365	в	2177	coref	2878
366	Иерусалиме	2179	coref	2890
367	.	2189	None	None
368	Состояние	2191	None	None
369	двоих	2201	coref	2894
370	пострадавших	2207	coref	2881
371	оценивается	2220	None	None
372	медиками	2232	None	None
373	как	2241	None	None
374	очень	2245	None	None
375	тяжелое	2251	None	None
376	,	2258	None	None
377	сообщает	2260	None	None
378	CNN	2269	None	None
379	.	2273	None	None
380	Инцидент	2276	None	None
381	произошел	2285	None	None
382	возле	2295	None	None
383	Шхемских	2301	None	None
384	ворот	2310	None	None
385	Старого	2316	None	None
386	города	2324	None	None
387	.	2330	None	None
388	Все	2332	coref	2895
389	пострадавшие	2336	coref	2895
390	-	2349	coref	2896
391	сотрудники	2351	None	None
392	израильской	2362	None	None
393	телефонной	2374	None	None
394	компании	2385	None	None
395	БЕЗЕК	2394	None	None
396	.	2399	None	None
397	По	2401	None	None
398	некоторым	2404	None	None
399	сведениям	2414	None	None
400	,	2423	None	None
401	ранены	2425	None	None
402	несколько	2432	None	None
403	прохожих	2442	None	None
404	.	2450	None	None
405	Стрелявший	2452	None	None
406	уничтожен	2463	None	None
407	на	2473	coref	2884
408	месте	2476	None	None
409	выстрелом	2482	None	None
410	полицейского	2492	None	None
411	.	2504	None	None
412	Ответственность	2507	None	None
413	за	2523	None	None
414	этом	2526	None	None
415	обстрел	2531	None	None
416	взяла	2539	None	None
417	на	2545	coref	2884
418	себя	2548	coref	2883
419	палестинская	2553	coref	2896
420	террористическая	2566	coref	2896
421	организация	2583	coref	2896
422	«	2595	coref	2871
423	Бригада	2596	coref	2896
424	мучеников	2604	coref	2896
425	Аль	2614	coref	2896
426	-	2617	coref	2896
427	Аксы	2618	coref	2896
428	»	2622	coref	2871
429	.	2623	None	None
430	Третий	2626	None	None
431	теракт	2633	None	None
432	:	2639	None	None
433	взрыв	2641	None	None
434	бомбы	2647	coref	2905
435	в	2653	coref	2878
436	Шхеме	2655	coref	2897
437	Как	2662	None	None
438	сообщает	2666	None	None
439	израильское	2675	None	None
440	радио	2687	None	None
441	,	2692	None	None
442	в	2694	coref	2878
443	Шхеме	2696	coref	2897
444	ранены	2702	None	None
445	трое	2709	coref	2898
446	солдат	2714	coref	2898
447	Армии	2721	coref	2898
448	обороны	2727	coref	2898
449	Израиля	2735	coref	2870
450	.	2742	None	None
451	По	2744	None	None
452	предварительной	2747	None	None
453	информации	2763	None	None
454	,	2773	None	None
455	в	2775	coref	2878
456	Старом	2777	None	None
457	городе	2784	None	None
458	Касбе	2791	None	None
459	неподалеку	2797	None	None
460	от	2808	None	None
461	армейского	2811	None	None
462	расчета	2822	None	None
463	сработало	2830	None	None
464	самодельное	2840	None	None
465	взрывное	2852	None	None
466	устройство	2861	None	None
467	.	2871	None	None
468	Все	2874	coref	2895
469	трое	2878	coref	2898
470	солдат	2883	coref	2898
471	получили	2890	coref	2873
472	легкие	2899	None	None
473	ранения	2906	coref	2873
474	.	2913	None	None
475	Другие	2915	None	None
476	подробности	2922	None	None
477	происшествия	2934	None	None
478	не	2947	None	None
479	сообщаются	2950	None	None
480	.	2960	None	None
481	В	2962	None	None
482	Шхеме	2964	coref	2897
483	действуют	2970	None	None
484	подразделения	2980	None	None
485	бригады	2994	None	None
486	«	3002	coref	2871
487	Гивати	3003	None	None
488	»	3009	coref	2871
489	.	3010	None	None
490	Четветрый	3013	None	None
491	теракт	3023	None	None
492	:	3029	None	None
493	обстрел	3031	None	None
494	автобуса	3039	coref	2871
495	и	3048	None	None
496	автомобиля	3050	coref	2889
497	в	3061	coref	2878
498	Тулькарме	3063	coref	2901
499	В	3074	None	None
500	районе	3076	None	None
501	Тулькарма	3083	coref	2901
502	,	3092	None	None
503	между	3094	None	None
504	поселениями	3100	None	None
505	Авней	3112	None	None
506	-	3117	coref	2896
507	Хефец	3118	None	None
508	и	3124	None	None
509	Эйнав	3126	None	None
510	,	3131	None	None
511	палестинскими	3133	None	None
512	боевиками	3147	None	None
513	обстрелян	3157	None	None
514	израильский	3167	coref	2884
515	пассажирский	3179	coref	2899
516	автобус	3192	coref	2871
517	и	3200	None	None
518	автомобиль	3202	coref	2900
519	,	3212	None	None
520	сообщает	3214	None	None
521	MIGnews	3223	None	None
522	.	3230	None	None
523	com	3231	None	None
524	.	3234	None	None
525	Один	3237	coref	2902
526	человек	3242	coref	2893
527	получил	3250	None	None
528	серьезные	3258	None	None
529	ранения	3268	coref	2873
530	,	3275	None	None
531	двое	3277	coref	2903
532	ранены	3282	None	None
533	сравнительно	3289	None	None
534	легко	3302	None	None
535	.	3307	None	None
536	Представители	3309	None	None
537	израильской	3323	None	None
538	службы	3335	None	None
539	безопасности	3342	None	None
540	предполагают	3355	None	None
541	,	3367	None	None
542	что	3369	None	None
543	стрельба	3373	None	None
544	велась	3382	None	None
545	из	3389	coref	2874
546	движущегося	3392	None	None
547	транспортного	3404	None	None
548	средства	3418	None	None
549	.	3426	None	None
550	Медики	3429	None	None
551	израильской	3436	None	None
552	службы	3448	None	None
553	«	3455	coref	2871
554	скорой	3456	None	None
555	помощи	3463	None	None
556	»	3469	coref	2871
557	оказали	3471	None	None
558	пострадавшим	3479	coref	2904
559	первую	3492	None	None
560	помощь	3499	None	None
561	,	3505	None	None
562	после	3507	None	None
563	чего	3513	None	None
564	они	3518	coref	2904
565	были	3522	None	None
566	переправлены	3527	None	None
567	в	3540	coref	2878
568	больницу	3542	coref	2878
569	в	3551	coref	2878
570	Хадере	3553	None	None
571	.	3559	None	None
572	Пятый	3562	None	None
573	теракт	3568	None	None
574	:	3574	None	None
575	взрыв	3576	None	None
576	бомбы	3582	coref	2905
577	в	3588	coref	2878
578	Самарии	3590	coref	2906
579	По	3599	None	None
580	меньшей	3602	None	None
581	мере	3610	None	None
582	,	3614	None	None
583	четыре	3616	coref	2907
584	человека	3623	coref	2907
585	ранены	3632	None	None
586	в	3639	coref	2878
587	результате	3641	None	None
588	взрыва	3652	None	None
589	самодельной	3659	coref	2905
590	бомбы	3671	coref	2905
591	в	3677	coref	2878
592	Самарии	3679	coref	2906
593	.	3686	None	None
594	Двое	3688	coref	2908
595	из	3693	coref	2874
596	них	3696	coref	2873
597	находятся	3700	None	None
598	в	3710	coref	2878
599	тяжелом	3712	None	None
600	состоянии	3720	None	None
601	.	3729	None	None
602	Теракт	3731	None	None
603	был	3738	None	None
604	совершен	3742	None	None
605	между	3751	None	None
606	поселениями	3757	None	None
607	Тальмон	3769	None	None
608	и	3777	None	None
609	Бейт	3779	None	None
610	-	3783	coref	2896
611	Эль	3784	None	None
612	к	3788	None	None
613	северу	3790	None	None
614	от	3797	None	None
615	Рамаллаха	3800	coref	2909
616	,	3809	None	None
617	где	3811	coref	2909
618	находится	3815	None	None
619	штаб	3825	None	None
620	-	3829	coref	2896
621	квартира	3830	None	None
622	Ясира	3839	None	None
623	Арафата	3845	None	None
624	.	3852	None	None
625	По	3855	None	None
626	данным	3858	None	None
627	службы	3865	None	None
628	спасения	3872	None	None
629	,	3880	None	None
630	сигнал	3882	None	None
631	о	3889	None	None
632	взрыве	3891	None	None
633	бомбы	3898	coref	2905
634	на	3904	coref	2884
635	дороге	3907	None	None
636	поступил	3914	None	None
637	на	3923	coref	2884
638	пульт	3926	None	None
639	диспетчера	3932	None	None
640	в	3943	coref	2878
641	15	3945	None	None
642	:	3947	None	None
643	01	3948	None	None
644	по	3951	None	None
645	ближневосточному	3954	None	None
646	времени	3971	None	None
647	.	3978	None	None
648	К	3980	None	None
649	месту	3982	None	None
650	происшествия	3988	None	None
651	были	4001	None	None
652	вызван	4006	None	None
653	армейский	4013	coref	2910
654	вертолет	4023	coref	2910
655	,	4031	None	None
656	который	4033	coref	2910
657	доставил	4041	None	None
658	пострадавших	4050	coref	2881
659	в	4063	coref	2878
660	травмацентр	4065	None	None
661	иерусалимской	4077	None	None
662	больницы	4091	None	None
663	«	4100	coref	2871
664	Адасса	4101	None	None
665	»	4107	coref	2871
666	.	4108	None	None
