	word	start_char	type	chain_id
0	«	0	coref	1751
1	Газпром	1	coref	1751
2	»	8	coref	1751
3	отсудил	10	None	None
4	у	18	None	None
5	налоговиков	20	coref	1752
6	1	32	None	None
7	млрд	34	None	None
8	долларов	39	None	None
9	«	49	coref	1751
10	Газпром	50	coref	1751
11	»	57	coref	1751
12	отсудил	59	None	None
13	у	67	None	None
14	межрегиональной	69	coref	1752
15	налоговой	85	coref	1752
16	инспекции	95	coref	1752
17	N40	105	coref	1752
18	почти	109	None	None
19	1	115	None	None
20	млрд	117	None	None
21	долларов	122	None	None
22	,	130	None	None
23	для	132	coref	1757
24	чего	136	None	None
25	монополии	141	coref	1751
26	пришлось	151	None	None
27	опровергнуть	160	None	None
28	некоторые	173	None	None
29	законы	183	None	None
30	физики	190	None	None
31	.	196	None	None
32	Сумма	198	None	None
33	эта	204	None	None
34	является	208	None	None
35	спорной	217	None	None
36	с	225	None	None
37	марта	227	None	None
38	2002	233	None	None
39	года	238	None	None
40	,	242	None	None
41	когда	244	None	None
42	начальник	250	None	None
43	столичной	260	None	None
44	налоговой	270	coref	1752
45	полиции	280	None	None
46	Виктор	288	None	None
47	Васильев	295	None	None
48	заявил	304	None	None
49	,	310	None	None
50	что	312	None	None
51	может	316	None	None
52	возбудить	322	None	None
53	в	332	None	None
54	отношении	334	None	None
55	руководителей	344	None	None
56	монополиста	358	coref	1751
57	уголовное	370	None	None
58	дело	380	None	None
59	за	385	None	None
60	уход	388	None	None
61	от	393	None	None
62	уплаты	396	None	None
63	налогов	403	None	None
64	в	411	None	None
65	особо	413	None	None
66	крупных	419	None	None
67	размерах	427	None	None
68	.	435	None	None
69	Акции	437	None	None
70	компании	443	coref	1751
71	обвалились	452	None	None
72	12	463	None	None
73	марта	466	None	None
74	более	472	None	None
75	чем	478	None	None
76	на	482	None	None
77	8	485	None	None
78	%	486	None	None
79	.	487	None	None
80	Суть	490	None	None
81	претензий	495	None	None
82	касалась	505	None	None
83	экспортируемого	514	None	None
84	монополией	530	coref	1751
85	газа	541	coref	1753
86	,	545	None	None
87	а	547	None	None
88	точнее	549	None	None
89	-	556	None	None
90	особенностей	558	None	None
91	его	571	coref	1753
92	налогообложения	575	None	None
93	.	590	None	None
94	Главная	592	None	None
95	претензия	600	None	None
96	налоговиков	610	coref	1752
97	сводилась	622	None	None
98	к	632	None	None
99	тому	634	None	None
100	,	638	None	None
101	что	640	None	None
102	компания	644	coref	1751
103	якобы	653	None	None
104	экспортировала	659	None	None
105	природный	674	coref	1754
106	газ	684	coref	1754
107	под	688	None	None
108	видом	692	None	None
109	сухого	698	None	None
110	отбензиненного	705	coref	1757
111	(	720	None	None
112	он	721	coref	1754
113	отличается	724	None	None
114	от	735	None	None
115	природного	738	None	None
116	очисткой	749	None	None
117	от	758	None	None
118	легких	761	None	None
119	углеводородов	768	None	None
120	)	781	None	None
121	.	782	None	None
122	До	784	None	None
123	9	787	None	None
124	сентября	789	None	None
125	2001	798	None	None
126	года	803	None	None
127	акциз	808	None	None
128	на	814	None	None
129	природный	817	coref	1754
130	газ	827	coref	1754
131	составлял	831	None	None
132	при	841	None	None
133	экспорте	845	None	None
134	30	854	None	None
135	%	856	None	None
136	,	857	None	None
137	а	859	None	None
138	при	861	None	None
139	продаже	865	None	None
140	внутри	873	None	None
141	страны	880	None	None
142	-	887	None	None
143	15	889	None	None
144	%	891	None	None
145	,	893	None	None
146	тогда	895	None	None
147	как	901	None	None
148	сухой	905	None	None
149	отбензиненный	911	None	None
150	газ	925	coref	1754
151	был	929	None	None
152	полностью	933	None	None
153	освобожден	943	None	None
154	от	954	None	None
155	этого	957	None	None
156	налога	963	None	None
157	.	969	None	None
158	Монополия	972	coref	1751
159	этим	982	None	None
160	,	986	None	None
161	как	988	None	None
162	посчитали	992	None	None
163	налоговики	1002	coref	1752
164	,	1012	None	None
165	экономила	1014	None	None
166	колоссальные	1024	None	None
167	суммы	1037	None	None
168	:	1042	None	None
169	разумеется	1044	None	None
170	,	1054	None	None
171	весь	1056	None	None
172	отбензиненный	1061	None	None
173	газ	1075	coref	1754
174	шел	1079	None	None
175	на	1083	None	None
176	экспорт	1086	None	None
177	.	1093	None	None
178	В	1095	None	None
179	2001	1097	None	None
180	году	1102	None	None
181	это	1107	None	None
182	почти	1111	None	None
183	19	1117	None	None
184	млрд	1120	None	None
185	кубометров	1125	None	None
186	.	1135	None	None
187	Но	1137	None	None
188	налоговая	1140	coref	1752
189	инспекция	1150	coref	1752
190	решила	1160	None	None
191	,	1166	None	None
192	что	1168	None	None
193	«	1172	coref	1751
194	Газпром	1173	coref	1751
195	»	1180	coref	1751
196	не	1182	None	None
197	мог	1185	None	None
198	ею	1189	None	None
199	пользоваться	1192	None	None
200	этой	1205	None	None
201	льготой	1210	None	None
202	-	1218	None	None
203	из	1220	None	None
204	-	1222	None	None
205	за	1223	None	None
206	явления	1226	None	None
207	диффузии	1234	None	None
208	.	1242	None	None
209	Проще	1244	None	None
210	говоря	1250	None	None
211	:	1256	None	None
212	так	1258	None	None
213	как	1262	None	None
214	природный	1266	coref	1754
215	газ	1276	coref	1754
216	смешивается	1280	None	None
217	в	1292	None	None
218	трубе	1294	None	None
219	с	1300	None	None
220	сухим	1302	None	None
221	отбензиненным	1308	None	None
222	,	1321	None	None
223	он	1323	coref	1754
224	не	1326	None	None
225	может	1329	None	None
226	полностью	1335	None	None
227	уйти	1345	None	None
228	на	1350	None	None
229	экспорт	1353	None	None
230	.	1360	None	None
231	Налоговики	1362	coref	1752
232	решили	1373	None	None
233	считать	1380	None	None
234	,	1387	None	None
235	что	1389	None	None
236	отбензиненный	1393	None	None
237	газ	1407	coref	1754
238	занимал	1411	None	None
239	в	1419	None	None
240	экспорте	1421	None	None
241	«	1430	coref	1751
242	Газпрома	1431	coref	1751
243	»	1439	coref	1751
244	ту	1441	None	None
245	же	1444	None	None
246	долю	1447	None	None
247	,	1451	None	None
248	что	1453	None	None
249	и	1457	None	None
250	в	1459	None	None
251	поставках	1461	None	None
252	на	1471	None	None
253	внутренний	1474	None	None
254	рынок	1485	None	None
255	и	1491	None	None
256	насчитали	1493	None	None
257	на	1503	None	None
258	29	1506	None	None
259	млрд	1509	None	None
260	руб	1514	None	None
261	.	1517	None	None
262	акциза	1519	None	None
263	.	1525	None	None
264	Но	1528	None	None
265	за	1531	None	None
266	три	1534	None	None
267	дня	1538	None	None
268	судебного	1542	None	None
269	заседания	1552	None	None
270	адвокаты	1562	coref	1755
271	«	1571	coref	1751
272	Газпрома	1572	coref	1751
273	»	1580	coref	1751
274	убедили	1582	None	None
275	суд	1590	None	None
276	первой	1594	None	None
277	инстанции	1601	None	None
278	в	1611	None	None
279	том	1613	None	None
280	,	1616	None	None
281	что	1618	None	None
282	Налоговый	1622	None	None
283	кодекс	1632	None	None
284	имеет	1639	None	None
285	больший	1645	None	None
286	вес	1653	None	None
287	,	1656	None	None
288	чем	1658	None	None
289	учебник	1662	None	None
290	физики	1670	None	None
291	.	1676	None	None
292	«	1678	coref	1751
293	Мы	1679	None	None
294	не	1682	None	None
295	можем	1685	None	None
296	подвергать	1691	None	None
297	сомнению	1702	None	None
298	первичные	1711	None	None
299	документы	1721	None	None
300	налогоплательщика	1731	None	None
301	.	1748	None	None
302	Если	1750	None	None
303	в	1755	None	None
304	контрактах	1757	None	None
305	,	1767	None	None
306	актах	1769	None	None
307	приема	1775	None	None
308	-	1781	None	None
309	передачи	1782	None	None
310	,	1790	None	None
311	счетах	1792	None	None
312	-	1798	None	None
313	фактурах	1799	None	None
314	и	1808	None	None
315	таможенных	1810	None	None
316	декларациях	1821	None	None
317	сказано	1833	None	None
318	,	1840	None	None
319	что	1842	None	None
320	экспортируется	1846	None	None
321	сухой	1861	None	None
322	отбензиненный	1867	None	None
323	газ	1881	coref	1754
324	,	1884	None	None
325	значит	1886	None	None
326	,	1892	None	None
327	так	1894	None	None
328	оно	1898	None	None
329	и	1902	None	None
330	есть	1904	None	None
331	»	1908	coref	1751
332	,	1909	None	None
333	-	1911	None	None
334	цитируют	1913	None	None
335	адвоката	1922	coref	1756
336	«	1931	coref	1751
337	Газпрома	1932	coref	1751
338	»	1940	coref	1751
339	«	1942	coref	1751
340	Ведомости	1943	None	None
341	»	1952	coref	1751
342	.	1953	None	None
343	Как	1956	None	None
344	отмечает	1960	None	None
345	«	1969	coref	1751
346	Коммерсант	1970	None	None
347	»	1980	coref	1751
348	,	1981	None	None
349	налоговики	1983	coref	1752
350	,	1993	None	None
351	вероятно	1995	None	None
352	,	2003	None	None
353	будут	2005	None	None
354	настаивать	2011	None	None
355	на	2022	None	None
356	пересмотре	2025	None	None
357	дела	2036	None	None
358	:	2040	None	None
359	ведь	2042	None	None
360	«	2047	coref	1751
361	Газпром	2048	coref	1751
362	»	2055	coref	1751
363	разработал	2057	None	None
364	легальный	2068	None	None
365	способ	2078	None	None
366	сокращения	2085	None	None
367	налогов	2096	None	None
368	.	2103	None	None
369	Для	2105	None	None
370	монополии	2109	coref	1751
371	используемая	2119	None	None
372	методика	2132	None	None
373	расчета	2141	None	None
374	акцизных	2149	None	None
375	платежей	2158	None	None
376	-	2167	None	None
377	эффективный	2169	None	None
378	способ	2181	None	None
379	дотирования	2188	None	None
380	цен	2200	None	None
381	на	2204	None	None
382	внутреннем	2207	None	None
383	рынке	2218	None	None
384	,	2223	None	None
385	и	2225	None	None
386	отказ	2227	None	None
387	от	2233	None	None
388	него	2236	None	None
389	отрицательно	2241	None	None
390	скажется	2254	None	None
391	на	2263	None	None
392	экономическом	2266	None	None
393	положении	2280	None	None
394	компании	2290	coref	1751
395	.	2298	None	None
396	Особенно	2300	None	None
397	этот	2309	None	None
398	способ	2314	None	None
399	пригодится	2321	None	None
400	после	2332	None	None
401	либерализации	2338	None	None
402	рынка	2352	None	None
403	,	2357	None	None
404	когда	2359	None	None
405	основные	2365	None	None
406	поставщики	2374	None	None
407	сырья	2385	coref	1757
408	для	2391	coref	1757
409	производства	2395	coref	1757
410	отбензиненного	2408	coref	1757
411	газа	2423	coref	1753
412	-	2428	None	None
413	нефтяные	2430	None	None
414	компании	2439	coref	1751
415	-	2448	None	None
416	смогут	2450	None	None
417	продавать	2457	None	None
418	его	2467	coref	1753
419	самостоятельно	2471	None	None
420	.	2485	None	None
