	word	start_char	type	chain_id
0	Басаев	0	coref	1977
1	,	6	None	None
2	Масхадов	8	coref	1978
3	и	17	None	None
4	Хаттаб	19	coref	1979
5	-	26	coref	1985
6	в	28	None	None
7	Чечне	30	coref	1980
8	,	35	None	None
9	в	37	None	None
10	глубоком	39	None	None
11	подполье	48	None	None
12	Лидеры	58	None	None
13	чеченских	65	coref	1977
14	бандформирований	75	None	None
15	Масхадов	92	coref	1978
16	и	101	None	None
17	Хаттаб	103	coref	1979
18	находятся	110	None	None
19	на	120	coref	1985
20	территории	123	None	None
21	республики	134	coref	1980
22	в	145	None	None
23	глубочайшем	147	None	None
24	подполье	159	None	None
25	.	167	None	None
26	Об	169	None	None
27	этом	172	None	None
28	в	177	None	None
29	четверг	179	None	None
30	заявил	187	None	None
31	журналистам	194	None	None
32	начальник	206	coref	1981
33	Генерального	216	coref	1981
34	штаба	229	coref	1981
35	ВС	235	coref	1981
36	России	238	coref	1981
37	Анатолий	245	coref	1981
38	Квашнин	254	coref	1981
39	,	261	None	None
40	сообщает	263	None	None
41	РИА	272	None	None
42	«	276	None	None
43	Новости	277	None	None
44	»	284	None	None
45	.	285	None	None
46	Во	288	None	None
47	вторник	291	None	None
48	появились	299	None	None
49	сообщения	309	None	None
50	о	319	None	None
51	том	321	None	None
52	,	324	None	None
53	что	326	None	None
54	чеченскому	330	coref	1977
55	полевому	341	coref	1977
56	командиру	350	coref	1977
57	Шамилю	360	coref	1977
58	Басаеву	367	coref	1977
59	удалось	375	None	None
60	покинуть	383	None	None
61	Чечню	392	coref	1980
62	.	397	None	None
63	Командующий	399	coref	1985
64	Объединенной	411	coref	1985
65	группировкой	424	coref	1985
66	войск	437	coref	1985
67	на	443	coref	1985
68	Северном	446	coref	1985
69	Кавказе	455	coref	1985
70	генерал	463	coref	1985
71	-	470	coref	1985
72	лейтенант	471	coref	1985
73	Владимир	481	coref	1985
74	Молтенской	490	coref	1985
75	заявил	501	None	None
76	,	507	None	None
77	что	509	None	None
78	террорист	513	coref	1977
79	,	522	None	None
80	«	524	None	None
81	возможно	525	None	None
82	,	533	None	None
83	находится	535	None	None
84	на	545	coref	1985
85	лечении	548	None	None
86	за	556	None	None
87	пределами	559	None	None
88	Чечни	569	coref	1980
89	»	574	None	None
90	.	575	None	None
91	Эту	578	None	None
92	информацию	582	None	None
93	начальник	593	coref	1981
94	Генштаба	603	coref	1981
95	ВС	612	coref	1981
96	России	615	coref	1981
97	назвал	622	None	None
98	«	629	None	None
99	домыслами	630	None	None
100	»	639	None	None
101	,	640	None	None
102	основанными	642	None	None
103	на	654	coref	1985
104	том	657	None	None
105	,	660	None	None
106	что	662	None	None
107	этот	666	coref	1977
108	лидер	671	coref	1977
109	террористов	677	coref	1977
110	«	689	None	None
111	около	690	None	None
112	полугода	696	None	None
113	себя	705	coref	1977
114	не	710	None	None
115	проявляет	713	None	None
116	»	722	None	None
117	.	723	None	None
118	Что	726	None	None
119	касается	730	None	None
120	других	739	coref	1986
121	лидеров	746	coref	1986
122	незаконных	754	coref	1986
123	вооруженных	765	coref	1986
124	формирований	777	coref	1986
125	,	789	None	None
126	в	791	None	None
127	частности	793	None	None
128	,	802	None	None
129	Аслана	804	coref	1978
130	Масхадова	811	coref	1978
131	и	821	None	None
132	Хаттаба	823	coref	1979
133	,	830	None	None
134	то	832	None	None
135	здесь	835	None	None
136	нет	841	None	None
137	никаких	845	None	None
138	разногласий	853	None	None
139	.	864	None	None
140	Молтенской	866	coref	1985
141	так	877	None	None
142	же	881	None	None
143	,	883	None	None
144	как	885	None	None
145	и	889	None	None
146	Квашнин	891	coref	1981
147	,	898	None	None
148	утверждает	900	None	None
149	,	910	None	None
150	что	912	None	None
151	они	916	coref	1986
152	по	920	None	None
153	-	922	coref	1985
154	прежнему	923	None	None
155	остаются	932	None	None
156	на	941	coref	1985
157	территории	944	None	None
158	республики	955	coref	1980
159	.	965	None	None
160	Между	968	None	None
161	тем	974	None	None
162	19	978	None	None
163	февраля	981	None	None
164	Шамиль	989	coref	1977
165	Басаев	996	coref	1977
166	был	1003	None	None
167	объявлен	1007	None	None
168	в	1016	None	None
169	розыск	1018	None	None
170	в	1025	None	None
171	Грузии	1027	coref	1987
172	.	1033	None	None
173	Генеральный	1035	None	None
174	прокурор	1047	None	None
175	республики	1056	coref	1980
176	Нугзар	1067	None	None
177	Габричидзе	1074	None	None
178	заявил	1085	None	None
179	,	1091	None	None
180	что	1093	None	None
181	грузинская	1097	None	None
182	прокуратура	1108	None	None
183	возбудила	1120	None	None
184	уголовное	1130	None	None
185	дело	1140	None	None
186	против	1145	None	None
187	Басаева	1152	coref	1977
188	еще	1160	None	None
189	в	1164	None	None
190	1996	1166	None	None
191	году	1171	None	None
192	.	1175	None	None
193	Грузия	1178	coref	1987
194	обвиняет	1185	None	None
195	лидера	1194	coref	1977
196	чеченских	1201	coref	1977
197	боевиков	1211	coref	1977
198	в	1220	None	None
199	создании	1222	None	None
200	на	1231	coref	1985
201	территории	1234	None	None
202	Абхазии	1245	coref	1988
203	в	1253	None	None
204	1992	1255	None	None
205	-	1259	coref	1985
206	93	1260	None	None
207	г	1263	None	None
208	.	1264	None	None
209	г	1265	None	None
210	.	1266	None	None
211	незаконного	1268	None	None
212	вооруженного	1280	None	None
213	формирования	1293	None	None
214	и	1306	None	None
215	убийствах	1308	None	None
216	граждан	1318	None	None
217	республики	1326	coref	1980
218	.	1336	None	None
