	word	start_char	type	chain_id
0	У	0	None	None
1	американских	2	coref	2935
2	офицеров	15	coref	2935
3	похитили	24	None	None
4	секретные	33	coref	2936
5	документы	43	coref	2936
6	на	53	coref	2937
7	гавайском	56	coref	2937
8	пляже	66	coref	2937
9	На	73	None	None
10	Гавайях	76	None	None
11	у	84	None	None
12	четырех	86	coref	2935
13	офицеров	94	coref	2935
14	американской	103	coref	2935
15	армии	116	coref	2935
16	и	122	coref	2935
17	ВВС	124	coref	2935
18	на	128	coref	2937
19	пляже	131	coref	2937
20	были	137	None	None
21	похищены	142	None	None
22	совершенно	151	coref	2936
23	секретные	162	coref	2936
24	военные	172	coref	2936
25	документы	180	coref	2936
26	американского	190	coref	2936
27	командования	204	coref	2936
28	.	216	None	None
29	Телекомпания	219	None	None
30	CNN	232	None	None
31	сообщает	236	None	None
32	,	244	None	None
33	что	246	None	None
34	дискеты	250	coref	2938
35	с	258	None	None
36	записанной	260	None	None
37	на	271	coref	2937
38	них	274	coref	2938
39	совершенно	278	coref	2936
40	секретной	289	coref	2936
41	информацией	299	coref	2936
42	исчезли	311	None	None
43	из	319	coref	2937
44	оставленного	322	None	None
45	офицерами	335	coref	2935
46	автомобиля	345	None	None
47	на	356	coref	2937
48	пляже	359	coref	2937
49	Ваймиа	365	coref	2937
50	на	372	coref	2937
51	северном	375	coref	2937
52	побережье	384	coref	2937
53	острова	394	coref	2937
54	Оаху	402	coref	2937
55	.	406	None	None
56	По	408	None	None
57	имеющимся	411	None	None
58	данным	421	None	None
59	,	427	None	None
60	исчезнувшие	429	coref	2936
61	документы	441	coref	2936
62	касаются	451	None	None
63	вопросов	460	None	None
64	национальной	469	None	None
65	безопасности	482	None	None
66	США	495	coref	2940
67	.	498	None	None
68	Спецслужбами	501	None	None
69	США	514	coref	2940
70	ведется	518	None	None
71	усиленный	526	None	None
72	поиск	536	None	None
73	документов	542	coref	2936
74	,	552	None	None
75	сообщает	554	None	None
76	РИА	563	None	None
77	«	567	None	None
78	Новости	568	None	None
79	»	575	None	None
80	.	576	None	None
81	Полиция	578	None	None
82	острова	586	coref	2937
83	Оаху	594	coref	2937
84	,	598	None	None
85	штаб	600	None	None
86	-	604	coref	2937
87	квартира	605	None	None
88	Тихоокеанского	614	None	None
89	военного	629	None	None
90	командования	638	coref	2936
91	США	651	coref	2940
92	передали	655	None	None
93	ФБР	664	None	None
94	имена	668	None	None
95	людей	674	None	None
96	,	679	None	None
97	занимающихся	681	None	None
98	кражами	694	coref	2941
99	или	702	None	None
100	подозреваемыми	706	None	None
101	в	721	None	None
102	их	723	coref	2941
103	совершении	726	None	None
104	на	737	coref	2937
105	пляже	740	coref	2937
106	Ваймиа	746	coref	2937
107	-	753	coref	2937
108	одном	755	coref	2937
109	из	761	coref	2937
110	самых	764	coref	2937
111	популярных	770	coref	2937
112	среди	781	coref	2937
113	местных	787	coref	2937
114	жителей	795	coref	2937
115	и	803	coref	2935
116	расквартированных	805	coref	2937
117	на	823	coref	2937
118	острове	826	coref	2937
119	военных	834	coref	2937
120	.	841	None	None
121	Агенты	843	None	None
122	спецслужб	850	None	None
123	США	860	coref	2940
124	произвели	864	None	None
125	обыски	874	None	None
126	в	881	None	None
127	некоторых	883	None	None
128	домах	893	None	None
129	,	898	None	None
130	но	900	None	None
131	пока	903	None	None
132	безрезультатно	908	None	None
133	.	922	None	None
