	word	start_char	type	chain_id
0	Федор	0	coref	2917
1	Конюхов	6	coref	2917
2	попал	14	None	None
3	в	20	None	None
4	Атлантике	22	coref	2918
5	в	32	None	None
6	жестокий	34	None	None
7	шторм	43	None	None
8	Неудачно	50	None	None
9	началась	59	None	None
10	попытка	68	None	None
11	известного	76	coref	2917
12	российского	87	coref	2917
13	путешественника	99	coref	2917
14	Федора	115	coref	2917
15	Конюхова	122	coref	2917
16	пересечь	131	None	None
17	на	140	None	None
18	гребной	143	coref	2919
19	лодке	151	coref	2919
20	«	157	coref	2919
21	Уралаз	158	coref	2919
22	»	164	coref	2919
23	Атлантический	166	coref	2918
24	океан	180	coref	2918
25	.	185	None	None
26	16	187	None	None
27	октября	190	None	None
28	он	198	coref	2917
29	стартовал	201	None	None
30	с	211	None	None
31	Канарских	213	coref	2920
32	островов	223	coref	2920
33	,	231	None	None
34	успел	233	None	None
35	удалиться	239	None	None
36	от	249	None	None
37	них	252	coref	2920
38	на	256	None	None
39	74	259	None	None
40	мили	262	None	None
41	,	266	None	None
42	но	268	None	None
43	сегодня	271	None	None
44	шторм	279	None	None
45	гонит	285	None	None
46	его	291	coref	2917
47	обратно	295	None	None
48	к	303	None	None
49	этим	305	coref	2920
50	островам	310	coref	2920
51	.	318	None	None
52	Как	321	None	None
53	сообщил	325	None	None
54	Федор	333	coref	2917
55	ИТАР	339	None	None
56	-	343	None	None
57	ТАСС	344	None	None
58	по	349	None	None
59	телефону	352	None	None
60	спутниковой	361	None	None
61	связи	373	None	None
62	,	378	None	None
63	сейчас	380	None	None
64	он	387	coref	2917
65	сидит	390	None	None
66	привязанный	396	None	None
67	к	408	None	None
68	своей	410	coref	2917
69	лодке	416	coref	2919
70	,	421	None	None
71	которую	423	coref	2919
72	швыряет	431	None	None
73	по	439	None	None
74	волнам	442	None	None
75	как	449	None	None
76	щепку	453	None	None
77	.	458	None	None
78	В	460	None	None
79	таких	462	None	None
80	условиях	468	None	None
81	грести	477	None	None
82	совершенно	484	None	None
83	невозможно	495	None	None
84	.	505	None	None
85	Встречный	507	None	None
86	ветер	517	None	None
87	сносит	523	None	None
88	лодку	530	coref	2919
89	на	536	None	None
90	восток	539	None	None
91	со	546	None	None
92	скоростью	549	None	None
93	около	559	None	None
94	одной	565	None	None
95	мили	571	None	None
96	в	576	None	None
97	час	578	None	None
98	(	582	None	None
99	одна	583	None	None
100	морская	588	None	None
101	миля	596	None	None
102	равна	601	None	None
103	1	607	None	None
104	,	608	None	None
105	852	609	None	None
106	км	613	None	None
107	)	615	None	None
108	.	616	None	None
109	По	619	None	None
110	прогнозам	622	None	None
111	синоптиков	632	None	None
112	,	642	None	None
113	шторм	644	None	None
114	будет	650	None	None
115	продолжаться	656	None	None
116	еще	669	None	None
117	около	673	None	None
118	трех	679	None	None
119	суток	684	None	None
120	.	689	None	None
121	Федор	691	coref	2917
122	Конюхов	697	coref	2917
123	ждет	705	None	None
124	окончания	710	None	None
125	разбушевавшейся	720	None	None
126	стихии	736	None	None
127	,	742	None	None
128	чтобы	744	None	None
129	спуститься	750	None	None
130	ближе	761	None	None
131	к	767	None	None
132	экватору	769	None	None
133	,	777	None	None
134	там	779	None	None
135	Атлантический	783	coref	2918
136	океан	797	coref	2918
137	ведет	803	None	None
138	себя	809	None	None
139	спокойней	814	None	None
140	.	823	None	None
141	Чтобы	826	None	None
142	доплыть	832	None	None
143	от	840	None	None
144	Канарских	843	coref	2920
145	островов	853	coref	2920
146	до	862	None	None
147	Америки	865	None	None
148	,	872	None	None
149	Федору	874	coref	2917
150	необходимо	881	None	None
151	сделать	892	None	None
152	четыре	900	None	None
153	миллиона	907	None	None
154	гребков	916	None	None
155	.	923	None	None
156	Атлантику	925	coref	2918
157	он	935	coref	2917
158	намеревался	938	None	None
159	пересечь	950	None	None
160	за	959	None	None
161	100	962	None	None
162	дней	966	None	None
163	,	970	None	None
164	но	972	None	None
165	погода	975	None	None
166	вносит	982	None	None
167	свои	989	None	None
168	коррективы	994	None	None
169	в	1005	None	None
170	планы	1007	None	None
171	российского	1013	coref	2917
172	путешественника	1025	coref	2917
173	.	1040	None	None
