	word	start_char	type	chain_id
0	Ирак	0	coref	2748
1	передал	5	None	None
2	в	13	None	None
3	ООН	15	coref	2749
4	доклад	19	coref	2750
5	о	26	coref	2750
6	своих	28	coref	2748
7	вооружених	34	coref	2750
8	Иракские	46	coref	2751
9	представители	55	coref	2751
10	передали	69	None	None
11	экспертам	78	None	None
12	ООН	88	coref	2749
13	так	92	None	None
14	называмую	96	None	None
15	декларацию	106	coref	2750
16	обо	117	coref	2750
17	всех	121	coref	2750
18	своих	126	coref	2748
19	вооружениях	132	coref	2750
20	и	144	coref	2750
21	военных	146	coref	2750
22	разработках	154	coref	2750
23	,	165	None	None
24	ведущихся	167	None	None
25	в	177	None	None
26	стране	179	coref	2748
27	,	185	None	None
28	сообщает	187	None	None
29	Reuters	196	None	None
30	.	203	None	None
31	В	205	None	None
32	воскресенье	207	None	None
33	отчет	219	coref	2750
34	будет	225	None	None
35	доставлен	231	None	None
36	в	241	None	None
37	штаб	243	None	None
38	-	247	None	None
39	квартиру	248	None	None
40	ООН	257	coref	2749
41	в	261	None	None
42	Нью	263	None	None
43	-	266	None	None
44	Йорке	267	None	None
45	.	272	None	None
46	Официальные	275	coref	2751
47	представители	287	coref	2751
48	Ирака	301	coref	2748
49	доставили	307	None	None
50	в	317	None	None
51	представительства	319	None	None
52	ООН	337	coref	2749
53	в	341	None	None
54	Багдаде	343	None	None
55	две	351	None	None
56	большие	355	None	None
57	сумки	363	None	None
58	и	369	coref	2750
59	четыре	371	None	None
60	коробки	378	None	None
61	с	386	None	None
62	бумагами	388	None	None
63	:	396	None	None
64	в	398	None	None
65	отчете	400	coref	2750
66	насчитывается	407	None	None
67	более	421	None	None
68	12	427	None	None
69	тысяч	430	None	None
70	страниц	436	None	None
71	.	443	None	None
72	Ядерной	445	None	None
73	,	452	None	None
74	химической	454	None	None
75	,	464	None	None
76	биологической	466	None	None
77	и	480	coref	2750
78	ракетной	482	None	None
79	программам	491	None	None
80	Ирака	502	coref	2748
81	в	508	None	None
82	этом	510	coref	2750
83	отчете	515	coref	2750
84	посвящено	522	None	None
85	по	532	None	None
86	отдельному	535	None	None
87	тому	546	None	None
88	.	550	None	None
89	Кроме	552	None	None
90	того	558	None	None
91	,	562	None	None
92	к	564	None	None
93	отчету	566	coref	2750
94	прилагается	573	None	None
95	несколько	585	None	None
96	дисков	595	None	None
97	,	601	None	None
98	содержащих	603	None	None
99	,	613	None	None
100	как	615	None	None
101	предположили	619	None	None
102	журналисты	632	None	None
103	,	642	None	None
104	дополнительную	644	None	None
105	информацию	659	None	None
106	.	669	None	None
107	Хоссам	672	None	None
108	Мохаммед	679	None	None
109	Амин	688	None	None
110	,	692	None	None
111	руководивший	694	None	None
112	составлением	707	None	None
113	отчета	720	coref	2750
114	,	726	None	None
115	вновь	728	None	None
116	заявил	734	None	None
117	,	740	None	None
118	что	742	None	None
119	никакого	746	None	None
120	оружия	755	None	None
121	массового	762	None	None
122	поражения	772	None	None
123	на	782	None	None
124	территории	785	None	None
125	Ирака	796	coref	2748
126	нет	802	None	None
127	.	805	None	None
128	В	808	None	None
129	суботу	810	None	None
130	президент	817	coref	2752
131	Ирака	827	coref	2748
132	Саддам	833	coref	2752
133	Хусейн	840	coref	2752
134	выступил	847	None	None
135	с	856	None	None
136	обращением	858	None	None
137	к	869	None	None
138	народу	871	None	None
139	Кувейта	878	coref	2753
140	,	885	None	None
141	принеся	887	None	None
142	извинения	895	None	None
143	за	905	None	None
144	вторжение	908	None	None
145	1990	918	None	None
146	года	923	None	None
147	.	927	None	None
148	Хусейн	929	coref	2752
149	также	936	None	None
150	призвал	942	None	None
151	Кувейт	950	coref	2753
152	присоединиться	957	None	None
153	к	972	None	None
154	Ираку	974	coref	2748
155	в	980	None	None
156	борьбе	982	None	None
157	с	989	None	None
158	возможной	991	None	None
159	оккупацией	1001	None	None
160	.	1011	None	None
