	word	start_char	type	chain_id
0	Прокурором	0	None	None
1	Чечни	11	coref	2022
2	назначен	17	None	None
3	Владимир	26	coref	2023
4	Кравченко	35	coref	2023
5	,	44	None	None
6	а	46	None	None
7	главой	48	None	None
8	МВД	55	coref	2024
9	-	59	coref	2028
10	Руслан	61	coref	2025
11	Цакаев	68	coref	2025
12	Президент	76	coref	2026
13	России	86	coref	2026
14	Владимир	93	coref	2023
15	Путин	102	coref	2026
16	своим	108	coref	2026
17	указом	114	None	None
18	назначил	121	None	None
19	Руслана	130	coref	2025
20	Цакаева	138	coref	2025
21	министром	146	None	None
22	внутренних	156	coref	2025
23	дел	167	coref	2025
24	Чеченской	171	coref	2022
25	республики	181	coref	2022
26	.	191	None	None
27	Об	193	None	None
28	этом	196	None	None
29	сообщили	201	None	None
30	«	210	None	None
31	Интерфаксу	211	None	None
32	»	221	None	None
33	в	223	None	None
34	понедельник	225	None	None
35	в	237	None	None
36	пресс	239	coref	2028
37	-	244	coref	2028
38	службе	245	coref	2028
39	главы	252	coref	2026
40	Российского	258	coref	2026
41	государства	270	coref	2026
42	.	281	None	None
43	Как	284	None	None
44	сообщили	288	None	None
45	в	297	None	None
46	Информационном	299	coref	2028
47	управлении	314	coref	2028
48	президента	325	coref	2026
49	Российской	336	coref	2026
50	Федерации	347	coref	2026
51	,	356	None	None
52	одновременно	358	None	None
53	с	371	None	None
54	назначением	373	None	None
55	Цакаева	385	coref	2025
56	главой	393	None	None
57	МВД	400	coref	2024
58	Чечни	404	coref	2022
59	генеральный	410	coref	2029
60	прокурор	422	coref	2029
61	РФ	431	coref	2026
62	Владимир	434	coref	2023
63	Устинов	443	coref	2029
64	назначил	451	None	None
65	своим	460	coref	2026
66	постановлением	466	None	None
67	от	481	None	None
68	16	484	None	None
69	декабря	487	None	None
70	Владимира	495	coref	2023
71	Кравченко	505	coref	2023
72	прокурором	515	None	None
73	Чечни	526	coref	2022
74	.	531	None	None
75	Кандидатуры	534	None	None
76	на	546	None	None
77	данные	549	None	None
78	должности	556	None	None
79	обсуждались	566	None	None
80	15	578	None	None
81	декабря	581	None	None
82	на	589	None	None
83	встрече	592	None	None
84	президента	600	coref	2026
85	РФ	611	coref	2026
86	с	614	None	None
87	руководителем	616	coref	2030
88	администрации	630	coref	2030
89	Чечни	644	coref	2022
90	Ахмадом	650	coref	2030
91	Кадыровым	658	coref	2030
92	и	668	None	None
93	премьер	670	None	None
94	-	677	coref	2028
95	министром	678	None	None
96	республики	688	coref	2022
97	Михаилом	699	None	None
98	Бабичем	708	None	None
99	,	715	None	None
100	и	717	None	None
101	сегодня	719	None	None
102	состоялись	727	None	None
103	указанные	738	None	None
104	назначения	748	None	None
105	,	758	None	None
106	сообщает	760	None	None
107	информуправление	769	coref	2028
108	.	785	None	None
109	«	788	None	None
110	Новые	789	None	None
111	назначения	795	None	None
112	,	805	None	None
113	состоявшиеся	807	None	None
114	в	820	None	None
115	преддверие	822	None	None
116	всенародного	833	None	None
117	референдума	846	None	None
118	по	858	None	None
119	конституции	861	None	None
120	Чеченской	873	coref	2022
121	республики	883	coref	2022
122	,	893	None	None
123	окажут	895	None	None
124	позитивное	902	None	None
125	влияние	913	None	None
126	на	921	None	None
127	процесс	924	None	None
128	стабилизации	932	None	None
129	ситуации	945	None	None
130	в	954	None	None
131	республике	956	coref	2022
132	и	967	None	None
133	становления	969	None	None
134	органов	981	coref	2033
135	ее	989	coref	2022
136	государственной	992	None	None
137	власти	1008	None	None
138	»	1014	None	None
139	,	1015	None	None
140	-	1017	coref	2028
141	подчеркнули	1019	None	None
142	в	1031	None	None
143	управлении	1033	coref	2028
144	президента	1044	coref	2026
145	.	1054	None	None
146	Глава	1057	coref	2030
147	администрации	1063	coref	2030
148	Чечни	1077	coref	2022
149	Ахмад	1083	coref	2030
150	Кадыров	1089	coref	2030
151	возлагает	1097	None	None
152	большие	1107	None	None
153	надежды	1115	None	None
154	на	1123	None	None
155	нового	1126	coref	2025
156	министра	1133	coref	2025
157	внутренних	1142	coref	2025
158	дел	1153	coref	2025
159	Чечни	1157	coref	2022
160	.	1162	None	None
161	«	1164	None	None
162	Я	1165	coref	2030
163	уверен	1167	None	None
164	,	1173	None	None
165	что	1175	None	None
166	он	1179	coref	2025
167	понимает	1182	None	None
168	весь	1191	None	None
169	объем	1196	None	None
170	задач	1202	coref	2032
171	,	1207	None	None
172	которые	1209	coref	2032
173	ему	1217	coref	2025
174	предстоит	1221	None	None
175	решать	1231	None	None
176	.	1237	None	None
177	Прежде	1239	None	None
178	всего	1246	None	None
179	,	1251	None	None
180	на	1253	None	None
181	его	1256	coref	2025
182	плечи	1260	None	None
183	возлагается	1266	None	None
184	труд	1278	None	None
185	создания	1283	None	None
186	полноценных	1292	coref	2033
187	республиканских	1304	coref	2033
188	органов	1320	coref	2033
189	внутренних	1328	coref	2025
190	дел	1339	coref	2025
191	,	1342	None	None
192	в	1344	None	None
193	которых	1346	coref	2033
194	бы	1354	None	None
195	работали	1357	None	None
196	местные	1366	None	None
197	жители	1374	None	None
198	»	1380	None	None
199	,	1381	None	None
200	-	1383	coref	2028
201	сказал	1385	None	None
202	Кадыров	1392	coref	2030
203	в	1400	None	None
204	понедельник	1402	None	None
205	.	1413	None	None
206	Глава	1416	coref	2030
207	администрации	1422	coref	2030
208	республики	1436	coref	2022
209	отметил	1447	None	None
210	,	1454	None	None
211	что	1456	None	None
212	ранее	1460	None	None
213	Цакаев	1466	coref	2025
214	«	1473	None	None
215	не	1474	None	None
216	работал	1477	None	None
217	в	1485	None	None
218	милиции	1487	None	None
219	»	1494	None	None
220	,	1495	None	None
221	однако	1497	None	None
222	,	1503	None	None
223	«	1505	None	None
224	имеет	1506	None	None
225	высокую	1512	None	None
226	квалификацию	1520	None	None
227	,	1532	None	None
228	как	1534	None	None
229	юрист	1538	None	None
230	»	1543	None	None
231	.	1544	None	None
232	Кравченко	1547	coref	2023
233	Владимир	1557	coref	2023
234	Павлович	1566	coref	2023
235	родился	1575	None	None
236	21	1583	None	None
237	апреля	1586	None	None
238	1950	1593	None	None
239	года	1598	None	None
240	в	1603	None	None
241	Белоруссии	1605	None	None
242	.	1615	None	None
243	Закончил	1617	None	None
244	в	1626	None	None
245	1971	1628	None	None
246	году	1633	None	None
247	Саратовский	1638	None	None
248	юридический	1650	None	None
249	институт	1662	None	None
250	.	1670	None	None
251	В	1672	None	None
252	органах	1674	None	None
253	прокуратуры	1682	coref	2035
254	работает	1694	None	None
255	с	1703	None	None
256	1971	1705	None	None
257	года	1710	None	None
258	:	1714	None	None
259	старшим	1716	None	None
260	следователем	1724	None	None
261	,	1736	None	None
262	заместителем	1738	None	None
263	прокурора	1751	None	None
264	,	1760	None	None
265	прокурором	1762	None	None
266	городов	1773	None	None
267	и	1781	None	None
268	районов	1783	None	None
269	Ставропольского	1791	coref	2034
270	края	1807	coref	2034
271	,	1811	None	None
272	следователем	1813	None	None
273	,	1825	None	None
274	следователем	1827	None	None
275	по	1840	None	None
276	особо	1843	None	None
277	важным	1849	None	None
278	делам	1856	None	None
279	,	1861	None	None
280	заместителем	1863	None	None
281	прокурора	1876	None	None
282	Ставропольского	1886	coref	2034
283	края	1902	coref	2034
284	.	1906	None	None
285	С	1908	None	None
286	декабря	1910	None	None
287	1997	1918	None	None
288	года	1923	None	None
289	-	1928	coref	2028
290	в	1930	None	None
291	аппарате	1932	None	None
292	Генеральной	1941	coref	2035
293	прокуратуры	1953	coref	2035
294	Российской	1965	coref	2026
295	Федерации	1976	coref	2026
296	:	1985	None	None
297	главным	1987	None	None
298	специалистом	1995	None	None
299	,	2007	None	None
300	помощником	2009	None	None
301	по	2020	None	None
302	особым	2023	None	None
303	поручениям	2030	None	None
304	заместителя	2041	None	None
305	генерального	2053	None	None
306	прокурора	2066	None	None
307	РФ	2076	coref	2026
308	,	2078	None	None
309	заместителем	2080	None	None
310	начальника	2093	None	None
311	следственного	2104	None	None
312	управления	2118	None	None
313	-	2129	coref	2028
314	начальником	2131	None	None
315	отдела	2143	None	None
316	по	2150	None	None
317	надзору	2153	None	None
318	за	2161	None	None
319	расследованием	2164	None	None
320	особо	2179	None	None
321	важных	2185	None	None
322	дел	2192	coref	2025
323	Главного	2196	None	None
324	управления	2205	None	None
325	по	2216	None	None
326	надзору	2219	None	None
327	за	2227	None	None
328	исполнением	2230	None	None
329	законов	2242	None	None
330	о	2250	None	None
331	федеральной	2252	None	None
332	безопасности	2264	None	None
333	и	2277	None	None
334	межнациональных	2279	None	None
335	отношениях	2295	None	None
336	на	2306	None	None
337	Северном	2309	coref	2036
338	Кавказе	2318	coref	2036
339	.	2325	None	None
340	С	2327	None	None
341	февраля	2329	None	None
342	по	2337	None	None
343	июнь	2340	None	None
344	2000	2345	None	None
345	года	2350	None	None
346	-	2355	coref	2028
347	и	2357	None	None
348	.	2358	None	None
349	о	2359	None	None
350	.	2360	None	None
351	прокурора	2362	None	None
352	Чеченской	2372	coref	2022
353	республики	2382	coref	2022
354	.	2392	None	None
355	В	2394	None	None
356	должности	2396	None	None
357	начальника	2406	None	None
358	управления	2417	None	None
359	генеральной	2428	coref	2035
360	прокуратуры	2440	coref	2035
361	РФ	2452	coref	2026
362	по	2455	None	None
363	расследованию	2458	None	None
364	преступлений	2472	None	None
365	в	2485	None	None
366	сфере	2487	None	None
367	федеральной	2493	None	None
368	безопасности	2505	None	None
369	и	2518	None	None
370	межнациональных	2520	None	None
371	отношений	2536	None	None
372	на	2546	None	None
373	Северном	2549	coref	2036
374	Кавказе	2558	coref	2036
375	с	2566	None	None
376	февраля	2568	None	None
377	2001	2576	None	None
378	года	2581	None	None
379	.	2585	None	None
380	Имеет	2587	None	None
381	награды	2593	None	None
382	Орден	2601	None	None
383	Почета	2607	None	None
384	,	2613	None	None
385	нагрудный	2615	None	None
386	знак	2625	None	None
387	«	2630	None	None
388	Почетный	2631	None	None
389	работник	2640	None	None
390	прокуратуры	2649	coref	2035
391	Российской	2661	coref	2026
392	Федерации	2672	coref	2026
393	»	2681	None	None
394	.	2682	None	None
395	Цакаев	2685	coref	2025
396	Руслан	2692	coref	2025
397	Узудиевич	2699	coref	2025
398	родился	2709	None	None
399	в	2717	None	None
400	1956	2719	None	None
401	году	2724	None	None
402	в	2729	None	None
403	Казахстане	2731	None	None
404	.	2741	None	None
405	По	2743	None	None
406	специальности	2746	None	None
407	-	2760	coref	2028
408	юрист	2762	None	None
409	-	2767	coref	2028
410	правовед	2768	None	None
411	,	2776	None	None
412	с	2778	None	None
413	отличием	2780	None	None
414	закончил	2789	None	None
415	юридический	2798	None	None
416	факультет	2810	None	None
417	Московского	2820	None	None
418	государственного	2832	None	None
419	университета	2849	None	None
420	им	2862	None	None
421	.	2864	None	None
422	Ломоносова	2866	None	None
423	.	2876	None	None
424	Работал	2878	None	None
425	в	2886	None	None
426	Министерстве	2888	None	None
427	юстиции	2901	None	None
428	и	2909	None	None
429	в	2911	None	None
430	прокуратуре	2913	None	None
431	Чечено	2925	None	None
432	-	2931	coref	2028
433	Ингушской	2932	None	None
434	АССР	2942	None	None
435	.	2946	None	None
436	С	2948	None	None
437	1991	2950	None	None
438	по	2955	None	None
439	1995	2958	None	None
440	год	2963	None	None
441	занимался	2967	None	None
442	общественно	2977	None	None
443	-	2988	coref	2028
444	политической	2990	None	None
445	деятельностью	3003	None	None
446	.	3016	None	None
447	С	3018	None	None
448	1997	3020	None	None
449	по	3025	None	None
450	2000	3028	None	None
451	год	3033	None	None
452	-	3037	coref	2028
453	старший	3039	None	None
454	прокурор	3047	coref	2029
455	по	3056	None	None
456	надзору	3059	None	None
457	в	3067	None	None
458	органах	3069	None	None
459	внутренних	3077	coref	2025
460	дел	3088	coref	2025
461	Генеральной	3092	coref	2035
462	прокуратуры	3104	coref	2035
463	Российской	3116	coref	2026
464	Федерации	3127	coref	2026
465	.	3136	None	None
466	С	3138	None	None
467	мая	3140	None	None
468	2000	3144	None	None
469	года	3149	None	None
470	по	3154	None	None
471	декабрь	3157	None	None
472	2002	3165	None	None
473	года	3170	None	None
474	-	3175	coref	2028
475	старший	3177	None	None
476	прокурор	3185	coref	2029
477	отдела	3194	None	None
478	реабилитации	3201	None	None
479	жертв	3214	None	None
480	политических	3220	None	None
481	репрессий	3233	None	None
482	Генеральной	3243	coref	2035
483	прокуратуры	3255	coref	2035
484	РФ	3267	coref	2026
485	.	3269	None	None
486	Имеет	3271	None	None
487	звание	3277	None	None
488	«	3284	None	None
489	Заслуженного	3285	None	None
490	юриста	3298	None	None
491	Чеченской	3305	coref	2022
492	республики	3315	coref	2022
493	»	3325	None	None
494	.	3326	None	None
495	Владеет	3328	None	None
496	немецким	3336	None	None
497	языком	3345	None	None
498	.	3351	None	None
