	word	start_char	type	chain_id
0	Перед	0	None	None
1	боем	6	None	None
2	Тайсона	11	coref	4144
3	публику	19	None	None
4	'	27	coref	4144
5	разогреет	28	None	None
6	'	37	coref	4144
7	бывшая	39	coref	4145
8	фигуристка	46	coref	4145
9	Бывшая	58	coref	4145
10	американская	65	coref	4145
11	фигуристка	78	coref	4145
12	Тоня	89	coref	4145
13	Хардинг	94	coref	4145
14	готовится	102	None	None
15	к	112	None	None
16	первому	114	None	None
17	боксерскому	122	None	None
18	бою	134	None	None
19	в	138	None	None
20	ранге	140	None	None
21	профессионала	146	None	None
22	.	159	None	None
23	22	161	None	None
24	февраля	164	None	None
25	в	172	None	None
26	Мемфисе	174	None	None
27	(	182	None	None
28	штат	183	None	None
29	Алабама	188	None	None
30	)	195	None	None
31	она	197	coref	4145
32	выйдет	201	None	None
33	на	208	None	None
34	ринг	211	None	None
35	против	216	None	None
36	своей	223	coref	4145
37	соотечественницы	229	coref	4146
38	Саманты	246	coref	4146
39	Браунинг	254	coref	4146
40	.	262	None	None
41	Дамы	264	coref	4147
42	будут	269	None	None
43	'	275	coref	4144
44	разогревать	276	None	None
45	'	287	coref	4144
46	публику	289	None	None
47	перед	297	None	None
48	главным	303	None	None
49	событием	311	None	None
50	вечера	320	None	None
51	-	327	coref	4149
52	поединком	329	None	None
53	Майка	339	coref	4144
54	Тайсона	345	coref	4144
55	и	353	None	None
56	Клиффорда	355	coref	4148
57	Этьена	365	coref	4148
58	.	371	None	None
59	«	374	None	None
60	Моя	375	coref	4145
61	цель	379	None	None
62	-	384	coref	4149
63	стать	386	None	None
64	абсолютной	392	None	None
65	чемпионкой	403	None	None
66	мира	414	None	None
67	»	418	None	None
68	,	419	None	None
69	-	421	coref	4149
70	заявляет	423	None	None
71	Тоня	432	coref	4145
72	Хардинг	437	coref	4145
73	,	444	None	None
74	которая	446	coref	4145
75	свой	454	coref	4145
76	первый	459	None	None
77	бой	466	None	None
78	провела	470	None	None
79	в	478	None	None
80	марте	480	None	None
81	2002	486	None	None
82	года	491	None	None
83	.	495	None	None
84	Интересно	498	None	None
85	,	507	None	None
86	что	509	None	None
87	в	513	None	None
88	январе	515	None	None
89	1994	522	None	None
90	года	527	None	None
91	на	532	None	None
92	первенстве	535	None	None
93	США	546	None	None
94	лидер	550	coref	4149
95	американского	556	coref	4149
96	фигурного	570	coref	4149
97	катания	580	coref	4149
98	-	588	coref	4149
99	Нэнси	590	coref	4149
100	Керриган	596	coref	4149
101	была	605	None	None
102	избита	610	None	None
103	неизвестными	617	None	None
104	.	629	None	None
105	Полученные	631	None	None
106	травмы	642	None	None
107	едва	649	None	None
108	не	654	None	None
109	помешала	657	None	None
110	ей	666	coref	4149
111	выступить	669	None	None
112	на	679	None	None
113	Олимпиаде	682	None	None
114	в	692	None	None
115	норвежском	694	None	None
116	Лиллехаммере	705	None	None
117	.	717	None	None
118	Хардинг	719	coref	4145
119	-	727	coref	4149
120	«	729	None	None
121	идейная	730	None	None
122	вдохновительница	738	None	None
123	»	754	None	None
124	преступления	756	None	None
125	-	769	coref	4149
126	заключила	771	None	None
127	с	781	None	None
128	властями	783	None	None
129	сделку	792	None	None
130	и	799	None	None
131	отделалась	801	None	None
132	тремя	812	None	None
133	годами	818	None	None
134	тюрьмы	825	None	None
135	условно	832	None	None
136	,	839	None	None
137	штрафом	841	None	None
138	в	849	None	None
139	160	851	None	None
140	тысяч	855	None	None
141	долларов	861	None	None
142	,	869	None	None
143	500	871	None	None
144	часами	875	None	None
145	общественно	882	None	None
146	-	893	coref	4149
147	полезного	894	None	None
148	труда	904	None	None
149	и	910	None	None
150	запретом	912	None	None
151	на	921	None	None
152	участие	924	None	None
153	в	932	None	None
154	соревнованиях	934	None	None
155	по	948	None	None
156	фигурному	951	None	None
157	катанию	961	None	None
158	.	968	None	None
159	Что	971	None	None
160	касается	975	None	None
161	'	984	coref	4144
162	главного	985	None	None
163	блюда	994	None	None
164	'	999	coref	4144
165	,	1000	None	None
166	поражение	1002	None	None
167	Тайсона	1012	coref	4144
168	от	1020	None	None
169	Этьена	1023	coref	4148
170	может	1030	None	None
171	положить	1036	None	None
172	конец	1045	None	None
173	богатой	1051	None	None
174	спортивной	1059	None	None
175	карьере	1070	None	None
176	'	1078	coref	4144
177	Железного	1079	coref	4144
178	Майка	1089	coref	4144
179	'	1094	coref	4144
180	.	1095	None	None
181	Этот	1097	None	None
182	бой	1102	None	None
183	будет	1106	None	None
184	отчаянной	1112	None	None
185	попыткой	1122	None	None
186	обрести	1131	None	None
187	прежнюю	1139	None	None
188	форму	1147	None	None
189	и	1153	None	None
190	реабилитироваться	1155	None	None
191	за	1173	None	None
192	оскорбительное	1176	None	None
193	поражение	1191	None	None
194	от	1201	None	None
195	британца	1204	coref	4150
196	Леннокса	1213	coref	4150
197	Льюиса	1222	coref	4150
198	в	1229	None	None
199	титульном	1231	None	None
200	бою	1241	None	None
201	в	1245	None	None
202	июне	1247	None	None
203	прошлого	1252	None	None
204	года	1261	None	None
205	.	1265	None	None
206	Победа	1267	None	None
207	22	1274	None	None
208	февраля	1277	None	None
209	может	1285	None	None
210	дать	1291	None	None
211	еще	1296	None	None
212	один	1300	None	None
213	шанс	1305	None	None
214	Тайсону	1310	coref	4144
215	вернуться	1318	None	None
216	на	1328	None	None
217	трон	1331	None	None
218	профессионального	1336	None	None
219	бокса	1354	None	None
220	:	1359	None	None
221	в	1361	None	None
222	случае	1363	None	None
223	успеха	1370	None	None
224	высока	1377	None	None
225	вероятность	1384	None	None
226	проведения	1396	None	None
227	матча	1407	None	None
228	-	1412	coref	4149
229	реванша	1413	None	None
230	с	1421	None	None
231	Льюисом	1423	coref	4150
232	.	1430	None	None
233	'	1433	coref	4144
234	Этот	1434	None	None
235	поединок	1439	None	None
236	очень	1448	None	None
237	важен	1454	None	None
238	для	1460	None	None
239	Майка	1464	coref	4144
240	,	1469	None	None
241	-	1471	coref	4149
242	сказал	1473	None	None
243	,	1479	None	None
244	в	1481	None	None
245	частности	1483	None	None
246	,	1492	None	None
247	его	1494	coref	4144
248	тренер	1498	None	None
249	Фредди	1505	None	None
250	Роуч	1512	None	None
251	.	1516	None	None
252	-	1518	coref	4149
253	И	1520	None	None
254	если	1522	None	None
255	он	1527	coref	4144
256	не	1530	None	None
257	сможет	1533	None	None
258	победить	1540	None	None
259	,	1548	None	None
260	то	1550	None	None
261	можно	1553	None	None
262	будет	1559	None	None
263	смело	1565	None	None
264	говорить	1571	None	None
265	о	1580	None	None
266	завершении	1582	None	None
267	его	1593	coref	4144
268	карьеры	1597	None	None
269	.	1604	None	None
270	Потому	1606	None	None
271	что	1613	None	None
272	если	1617	None	None
273	он	1622	coref	4144
274	не	1625	None	None
275	выиграет	1628	None	None
276	у	1637	None	None
277	бойца	1639	coref	4148
278	такого	1645	coref	4148
279	уровня	1652	coref	4148
280	,	1658	None	None
281	то	1660	None	None
282	он	1663	coref	4144
283	уже	1666	None	None
284	точно	1670	None	None
285	никогда	1676	None	None
286	не	1684	None	None
287	будет	1687	None	None
288	чемпионом	1693	None	None
289	.	1702	None	None
290	Сам	1704	coref	4144
291	Майк	1708	coref	4144
292	очень	1713	None	None
293	четко	1719	None	None
294	это	1725	None	None
295	понимает	1729	None	None
296	'	1737	coref	4144
297	.	1738	None	None
