	word	start_char	type	chain_id
0	Посол	0	coref	4063
1	США	6	coref	4063
2	в	10	coref	4063
3	России	12	coref	4063
4	«	19	None	None
5	крайне	20	None	None
6	озабочен	27	None	None
7	»	35	None	None
8	обстрелом	37	None	None
9	российской	47	coref	4065
10	колонны	58	coref	4066
11	в	66	coref	4063
12	Багдаде	68	coref	4066
13	Посол	77	coref	4063
14	США	83	coref	4063
15	в	87	coref	4063
16	России	89	coref	4063
17	Александр	96	coref	4063
18	Вершбоу	106	coref	4063
19	выразил	114	None	None
20	крайнюю	122	None	None
21	озабоченность	130	None	None
22	в	144	coref	4063
23	связи	146	None	None
24	с	152	None	None
25	сообщениями	154	None	None
26	об	166	None	None
27	обстреле	169	None	None
28	под	178	None	None
29	Багдадом	182	coref	4067
30	российской	191	coref	4065
31	колонны	202	coref	4066
32	.	209	None	None
33	«	211	None	None
34	Мы	212	coref	4064
35	крайне	215	None	None
36	озабочены	222	None	None
37	случившимся	232	None	None
38	и	244	None	None
39	делаем	246	None	None
40	все	253	None	None
41	возможное	257	None	None
42	для	267	None	None
43	выяснения	271	None	None
44	обстоятельств	281	None	None
45	»	294	None	None
46	,	295	None	None
47	-	297	None	None
48	сказал	299	None	None
49	посол	306	coref	4063
50	в	312	coref	4063
51	воскресенье	314	None	None
52	после	326	None	None
53	посещения	332	None	None
54	МИД	342	coref	4068
55	РФ	346	coref	4065
56	.	348	None	None
57	Вершбоу	351	coref	4063
58	,	358	None	None
59	высказывания	360	None	None
60	которого	373	coref	4063
61	были	382	None	None
62	переданы	387	None	None
63	в	396	coref	4063
64	новостном	398	None	None
65	канале	408	None	None
66	телекомпании	415	None	None
67	НТВ	428	None	None
68	,	431	None	None
69	подтвердил	433	None	None
70	,	443	None	None
71	что	445	None	None
72	была	449	None	None
73	договоренность	454	None	None
74	с	469	None	None
75	российской	471	coref	4065
76	стороной	482	coref	4065
77	об	491	None	None
78	обеспечении	494	None	None
79	безопасного	506	None	None
80	выезда	518	None	None
81	из	525	None	None
82	Багдада	528	coref	4067
83	российской	536	coref	4065
84	колонны	547	coref	4066
85	.	554	None	None
86	При	557	None	None
87	этом	561	None	None
88	посол	566	coref	4063
89	отметил	572	None	None
90	,	579	None	None
91	что	581	None	None
92	ему	585	coref	4063
93	неизвестны	589	None	None
94	ни	600	None	None
95	силы	603	coref	4069
96	,	607	None	None
97	которые	609	coref	4069
98	совершили	617	None	None
99	нападение	627	None	None
100	,	636	None	None
101	ни	638	None	None
102	обстоятельства	641	None	None
103	инцидента	656	None	None
104	.	665	None	None
105	Вершбоу	667	coref	4063
106	сообщил	675	None	None
107	,	682	None	None
108	что	684	None	None
109	запросил	688	None	None
110	информацию	697	None	None
111	у	708	None	None
112	командования	710	None	None
113	коалиционными	723	None	None
114	силами	737	None	None
115	в	744	coref	4063
116	Ираке	746	None	None
117	и	752	None	None
118	подчеркнул	754	None	None
119	,	764	None	None
120	что	766	None	None
121	как	770	None	None
122	только	774	None	None
123	ему	781	coref	4063
124	что	785	None	None
125	-	788	None	None
126	то	790	None	None
127	станет	793	None	None
128	известно	800	None	None
129	,	808	None	None
130	он	810	coref	4063
131	уведомит	813	None	None
132	об	822	None	None
133	этом	825	None	None
134	российскую	830	coref	4065
135	сторону	841	coref	4065
136	.	848	None	None
137	Посол	850	coref	4063
138	США	856	coref	4063
139	был	860	None	None
140	вызван	864	None	None
141	в	871	coref	4063
142	МИД	873	coref	4068
143	сразу	877	None	None
144	же	883	None	None
145	после	886	None	None
146	известия	892	None	None
147	об	901	None	None
148	обстреле	904	None	None
149	российской	913	coref	4065
150	колонны	924	coref	4066
151	.	931	None	None
