	word	start_char	type	chain_id
0	В	0	None	None
1	Лионе	2	coref	3345
2	обсуждают	8	None	None
3	,	17	None	None
4	как	19	None	None
5	искать	23	None	None
6	похищенные	30	None	None
7	культурные	41	None	None
8	сокровища	52	None	None
9	Ирака	62	coref	3346
10	В	69	None	None
11	штаб	71	coref	3347
12	-	75	coref	3347
13	квартире	76	coref	3347
14	Интерпола	85	coref	3347
15	во	95	coref	3347
16	французском	98	coref	3345
17	Лионе	110	coref	3345
18	в	116	coref	3352
19	понедельник	118	None	None
20	открылась	130	None	None
21	международная	140	None	None
22	конференция	154	None	None
23	по	166	None	None
24	вопросам	169	None	None
25	розыска	178	None	None
26	похищенных	186	None	None
27	культурно	197	None	None
28	-	206	coref	3347
29	исторических	207	None	None
30	ценностей	220	None	None
31	Ирака	230	coref	3346
32	.	235	coref	3351
33	В	238	None	None
34	мероприятии	240	None	None
35	участвуют	252	None	None
36	представители	262	None	None
37	181	276	None	None
38	страны	280	None	None
39	,	286	None	None
40	входящей	288	None	None
41	в	297	coref	3352
42	международную	299	coref	3348
43	полицейскую	313	coref	3348
44	организацию	325	coref	3348
45	,	336	None	None
46	представители	338	None	None
47	ЮНЕСКО	352	None	None
48	,	358	None	None
49	Всемирного	360	None	None
50	совета	371	None	None
51	музеев	378	None	None
52	,	384	None	None
53	сотрудники	386	None	None
54	таможенных	397	None	None
55	органов	408	None	None
56	и	416	coref	3353
57	крупнейшие	418	None	None
58	международные	429	None	None
59	эксперты	443	None	None
60	.	451	coref	3351
61	Как	454	None	None
62	отмечается	458	None	None
63	в	469	coref	3352
64	коммюнике	471	None	None
65	,	480	None	None
66	распространенном	482	None	None
67	штаб	499	coref	3347
68	-	503	coref	3347
69	квартирой	504	coref	3347
70	Интерпола	514	coref	3347
71	,	523	None	None
72	задачей	525	None	None
73	конференции	533	None	None
74	является	545	None	None
75	«	554	None	None
76	создание	555	None	None
77	совместной	564	coref	3349
78	структуры	575	coref	3349
79	»	584	None	None
80	,	585	None	None
81	которая	587	coref	3349
82	будет	595	None	None
83	обладать	601	None	None
84	«	610	None	None
85	ресурсами	611	None	None
86	и	621	coref	3353
87	экспертными	623	None	None
88	возможностями	635	None	None
89	»	648	None	None
90	для	650	None	None
91	«	654	None	None
92	эффективной	655	None	None
93	работы	667	None	None
94	по	674	None	None
95	поиску	677	None	None
96	пропавших	684	None	None
97	ценностей	694	None	None
98	»	703	None	None
99	.	704	coref	3351
100	Организаторы	707	None	None
101	форума	720	None	None
102	намерены	727	None	None
103	обсудить	736	None	None
104	вопрос	745	None	None
105	о	752	None	None
106	том	754	None	None
107	,	757	None	None
108	чтобы	759	None	None
109	в	765	coref	3352
110	созданную	767	None	None
111	Интерполом	777	coref	3348
112	базу	788	None	None
113	данных	793	None	None
114	о	800	None	None
115	похищенных	802	None	None
116	предметах	813	None	None
117	искусства	823	None	None
118	включить	833	None	None
119	также	842	None	None
120	те	848	coref	3350
121	ценности	851	coref	3350
122	,	859	None	None
123	которые	861	coref	3350
124	пропали	869	None	None
125	в	877	coref	3352
126	Ираке	879	coref	3346
127	в	885	coref	3352
128	результате	887	None	None
129	военных	898	None	None
130	действий	906	None	None
131	и	915	coref	3353
132	последовавшей	917	None	None
133	затем	931	None	None
134	волны	937	None	None
135	грабежей	943	None	None
136	,	951	None	None
137	сообщает	953	None	None
138	РИА	962	None	None
139	'	966	None	None
140	Новости	967	None	None
141	'	974	None	None
142	По	977	None	None
143	неполным	980	None	None
144	данным	989	None	None
145	,	995	None	None
146	из	997	None	None
147	Археологического	1000	None	None
148	музея	1017	None	None
149	в	1023	coref	3352
150	Багдаде	1025	None	None
151	и	1033	coref	3353
152	других	1035	None	None
153	музейных	1042	None	None
154	и	1051	coref	3353
155	библиотечных	1053	None	None
156	хранилищ	1066	None	None
157	на	1075	None	None
158	территории	1078	None	None
159	Ирака	1089	coref	3346
160	пропало	1095	None	None
161	в	1103	coref	3352
162	общей	1105	None	None
163	сложности	1111	None	None
164	примерно	1121	coref	3351
165	200	1130	coref	3351
166	тыс	1134	coref	3351
167	.	1137	coref	3351
168	экспонатов	1139	coref	3351
169	,	1149	None	None
170	большинство	1151	None	None
171	из	1163	None	None
172	которых	1166	coref	3351
173	представляет	1174	None	None
174	общемировую	1187	None	None
175	ценность	1199	None	None
176	.	1207	coref	3351
177	Конференция	1210	coref	3352
178	в	1222	coref	3352
179	штаб	1224	coref	3347
180	-	1228	coref	3347
181	квартире	1229	coref	3347
182	Интерпола	1238	coref	3347
183	проходит	1248	None	None
184	за	1257	None	None
185	закрытыми	1260	None	None
186	дверями	1270	None	None
187	и	1278	coref	3353
188	сопровождается	1280	None	None
189	повышенными	1295	None	None
190	мерами	1307	None	None
191	безопасности	1314	None	None
192	.	1326	coref	3351
193	Ожидается	1328	None	None
194	,	1337	None	None
195	что	1339	None	None
196	во	1343	coref	3347
197	второй	1346	None	None
198	день	1353	None	None
199	ее	1358	coref	3352
200	работы	1361	None	None
201	в	1368	coref	3352
202	ней	1370	coref	3352
203	примет	1374	None	None
204	участие	1381	None	None
205	министр	1389	coref	3353
206	юстиции	1397	coref	3353
207	и	1405	coref	3353
208	генеральный	1407	coref	3353
209	прокурор	1419	coref	3353
210	США	1428	coref	3353
211	Джон	1432	coref	3353
212	Эшкфрот	1437	coref	3353
213	.	1444	coref	3351
214	Как	1447	None	None
215	предполагается	1451	None	None
216	,	1465	None	None
217	в	1467	coref	3352
218	Лионе	1469	coref	3345
219	Эшкрофт	1475	coref	3353
220	расскажет	1483	None	None
221	о	1493	None	None
222	мерах	1495	None	None
223	,	1500	None	None
224	предпринимаемых	1502	None	None
225	присутствующими	1518	None	None
226	в	1534	coref	3352
227	Ираке	1536	coref	3346
228	американскими	1542	None	None
229	силами	1556	None	None
230	для	1563	None	None
231	прекращения	1567	None	None
232	грабежей	1579	None	None
233	и	1588	coref	3353
234	розыска	1590	None	None
235	похищенных	1598	None	None
236	иракских	1609	None	None
237	культурно	1618	None	None
238	-	1627	coref	3347
239	исторических	1628	None	None
240	ценностей	1641	None	None
241	.	1650	coref	3351
