	word	start_char	type	chain_id
0	Дику	0	coref	4684
1	Чейни	5	coref	4684
2	проверят	11	None	None
3	сердце	20	None	None
4	Вице	28	coref	4684
5	-	32	coref	4684
6	президент	33	coref	4684
7	США	43	coref	4684
8	Дик	47	coref	4684
9	Чейни	51	coref	4684
10	пройдет	57	None	None
11	во	65	None	None
12	вторник	68	None	None
13	кардиологическое	76	coref	4686
14	обследование	93	coref	4686
15	,	105	None	None
16	которое	107	coref	4686
17	будет	115	None	None
18	продолжаться	121	None	None
19	несколько	134	None	None
20	часов	144	None	None
21	,	149	None	None
22	передает	151	None	None
23	РИА	160	None	None
24	«	164	None	None
25	Новости	165	None	None
26	»	172	None	None
27	.	173	None	None
28	Как	176	None	None
29	сообщила	180	None	None
30	пресс	189	None	None
31	-	194	coref	4684
32	служба	195	None	None
33	вице	202	coref	4684
34	-	206	coref	4684
35	президента	207	coref	4684
36	,	217	None	None
37	обследование	219	coref	4686
38	Чейни	232	coref	4684
39	будет	238	None	None
40	«	244	None	None
41	плановым	245	None	None
42	»	253	None	None
43	и	255	None	None
44	после	257	None	None
45	него	263	coref	4687
46	он	268	coref	4684
47	вернется	271	None	None
48	к	280	None	None
49	своим	282	coref	4684
50	обязанностям	288	None	None
51	.	300	None	None
52	Вечером	303	None	None
53	в	311	None	None
54	понедельник	313	None	None
55	президент	325	coref	4684
56	США	335	coref	4684
57	Джордж	339	coref	4688
58	Буш	346	coref	4688
59	покинул	350	None	None
60	Вашингтон	358	coref	4689
61	,	367	None	None
62	вылетев	369	None	None
63	с	377	None	None
64	шестидневным	379	None	None
65	визитом	392	None	None
66	в	400	None	None
67	Африку	402	None	None
68	.	408	None	None
69	Во	410	None	None
70	время	413	None	None
71	отсутствия	419	None	None
72	президента	430	coref	4684
73	Ричард	441	coref	4684
74	Чейни	448	coref	4684
75	является	454	None	None
76	самым	463	None	None
77	высокопоставленным	469	None	None
78	лицом	488	None	None
79	в	494	None	None
80	Белом	496	None	None
81	доме	502	None	None
82	.	506	None	None
83	С	509	None	None
84	1978	511	None	None
85	года	516	None	None
86	у	521	None	None
87	Дика	523	coref	4684
88	Чейни	528	coref	4684
89	было	534	None	None
90	четыре	539	None	None
91	инфаркта	546	None	None
92	миокарда	555	None	None
93	.	563	None	None
94	С	565	None	None
95	2001	567	None	None
96	года	572	None	None
97	для	577	None	None
98	стимуляции	581	None	None
99	работы	592	None	None
100	сердечной	599	None	None
101	мышцы	609	None	None
102	ему	615	coref	4684
103	вживили	619	None	None
104	в	627	None	None
105	грудь	629	None	None
106	электрический	635	None	None
107	дифибриллятор	649	None	None
108	.	662	None	None
109	Вице	664	coref	4684
110	-	668	coref	4684
111	президент	669	coref	4684
112	США	679	coref	4684
113	,	682	None	None
114	которому	684	coref	4684
115	62	693	None	None
116	года	696	None	None
117	,	700	None	None
118	заявляет	702	None	None
119	,	710	None	None
120	что	712	None	None
121	чувствует	716	None	None
122	себя	726	coref	4684
123	отлично	731	None	None
124	и	739	None	None
125	недавно	741	None	None
126	объявил	749	None	None
127	,	756	None	None
128	что	758	None	None
129	намерен	762	None	None
130	снова	770	None	None
131	баллотироваться	776	None	None
132	на	792	None	None
133	пост	795	None	None
134	вице	800	coref	4684
135	-	804	coref	4684
136	президента	805	coref	4684
137	в	816	None	None
138	связке	818	None	None
139	с	825	None	None
140	Джорджем	827	coref	4688
141	Бушем	836	coref	4688
142	.	841	None	None
143	В	844	None	None
144	ходе	846	None	None
145	обследования	851	coref	4690
146	,	863	None	None
147	которое	865	coref	4686
148	пройдет	873	None	None
149	в	881	None	None
150	госпитале	883	None	None
151	при	893	None	None
152	Университете	897	None	None
153	имени	910	None	None
154	Джорджа	916	None	None
155	Вашингтона	924	None	None
156	в	935	None	None
157	американской	937	coref	4689
158	столице	950	coref	4689
159	,	957	None	None
160	Дику	959	coref	4684
161	Чейни	964	coref	4684
162	сделают	970	None	None
163	электрокардиограмму	978	None	None
164	и	998	None	None
165	проведут	1000	None	None
166	ряд	1009	None	None
167	медицинских	1013	None	None
168	тестов	1025	None	None
169	по	1032	None	None
170	проверке	1035	None	None
171	работы	1044	None	None
172	сердца	1051	None	None
173	.	1057	None	None
