	word	start_char	type	chain_id
0	Палестинское	0	coref	4653
1	руководство	13	coref	4653
2	просит	25	None	None
3	Евросоюз	32	coref	4654
4	признать	41	None	None
5	«	50	coref	4655
6	Хамас	51	coref	4655
7	»	56	coref	4655
8	террористической	58	coref	4655
9	организацией	75	None	None
10	Высокопоставленные	89	None	None
11	представители	108	None	None
12	палестинского	122	coref	4653
13	правительства	136	coref	4653
14	обратились	150	None	None
15	к	161	None	None
16	руководству	163	None	None
17	Европейского	175	coref	4654
18	Союза	188	coref	4654
19	с	194	None	None
20	просьбой	196	None	None
21	провозгласить	205	None	None
22	радикальное	219	coref	4655
23	движение	231	coref	4655
24	«	240	coref	4655
25	Хамас	241	coref	4655
26	»	246	coref	4655
27	террористической	248	coref	4655
28	организацией	265	None	None
29	.	277	None	None
30	Об	279	None	None
31	этом	282	None	None
32	сообщает	287	None	None
33	израильская	296	coref	4656
34	радиостанция	308	coref	4656
35	«	321	coref	4655
36	Решет	322	coref	4656
37	Бет	328	coref	4656
38	»	331	coref	4655
39	со	333	None	None
40	ссылкой	336	None	None
41	на	344	None	None
42	источники	347	coref	4657
43	в	357	coref	4657
44	Палестинской	359	coref	4653
45	автономии	372	coref	4653
46	.	381	None	None
47	Как	384	None	None
48	отмечают	388	None	None
49	те	397	coref	4657
50	же	400	coref	4657
51	источники	403	coref	4657
52	,	412	None	None
53	именно	414	None	None
54	этим	421	None	None
55	и	426	coref	4658
56	объясняется	428	None	None
57	поспешное	440	None	None
58	заявление	450	None	None
59	руководства	460	None	None
60	«	472	coref	4655
61	Хамас	473	coref	4655
62	»	478	coref	4655
63	о	480	None	None
64	готовности	482	None	None
65	заключить	493	None	None
66	соглашение	503	None	None
67	о	514	None	None
68	тактическом	516	None	None
69	перемирии	528	None	None
70	(	538	None	None
71	«	539	coref	4655
72	худне	540	None	None
73	»	545	coref	4655
74	)	546	None	None
75	.	547	None	None
76	В	549	None	None
77	«	551	coref	4655
78	Хамас	552	coref	4655
79	»	557	coref	4655
80	опасаются	559	None	None
81	,	568	None	None
82	что	570	None	None
83	в	574	coref	4657
84	случае	576	None	None
85	,	582	None	None
86	если	584	None	None
87	ЕС	589	coref	4654
88	удовлетворит	592	None	None
89	просьбу	605	None	None
90	правительства	613	coref	4653
91	Махмуда	627	coref	4653
92	Аббаса	635	coref	4653
93	(	642	None	None
94	Абу	643	None	None
95	Мазена	647	None	None
96	)	653	None	None
97	,	654	None	None
98	финансовые	656	None	None
99	средства	667	None	None
100	организации	676	coref	4655
101	,	687	None	None
102	лежащие	689	None	None
103	на	697	None	None
104	счетах	700	None	None
105	в	707	coref	4657
106	европейских	709	None	None
107	банках	721	None	None
108	,	727	None	None
109	будут	729	None	None
110	заморожены	735	None	None
111	,	745	None	None
112	что	747	None	None
113	приведет	751	None	None
114	к	760	None	None
115	полной	762	None	None
116	парализации	769	None	None
117	ее	781	coref	4655
118	деятельности	784	None	None
119	,	796	None	None
120	сообщает	798	None	None
121	Cursor	807	None	None
122	.	813	None	None
123	В	816	None	None
124	конце	818	None	None
125	недели	824	None	None
126	в	831	coref	4657
127	Каире	833	None	None
128	запланирована	839	None	None
129	встреча	853	coref	4658
130	между	861	coref	4658
131	главой	867	coref	4658
132	политического	874	coref	4658
133	отдела	888	coref	4658
134	«	895	coref	4655
135	Хамас	896	coref	4655
136	»	901	coref	4655
137	Халедом	903	coref	4658
138	Мешалем	911	coref	4658
139	и	919	coref	4658
140	одним	921	coref	4658
141	из	927	coref	4658
142	лидеров	930	coref	4658
143	террористической	938	coref	4655
144	организации	955	coref	4655
145	«	967	coref	4655
146	Исламский	968	coref	4658
147	джихад	978	coref	4658
148	»	984	coref	4655
149	шейхом	986	coref	4658
150	Рамаданом	993	coref	4658
151	Шалахом	1003	coref	4658
152	,	1010	None	None
153	на	1012	None	None
154	которй	1015	coref	4658
155	стороны	1022	coref	4661
156	обсудят	1030	None	None
157	возможность	1038	None	None
158	заключения	1050	None	None
159	соглашения	1061	None	None
160	между	1072	coref	4658
161	руководством	1078	coref	4653
162	Палестинской	1091	coref	4653
163	автономии	1104	coref	4653
164	и	1114	coref	4658
165	оппозиционными	1116	None	None
166	ей	1131	coref	4653
167	палестинскими	1134	None	None
168	движениями	1148	None	None
169	о	1159	None	None
170	прекращении	1161	None	None
171	огня	1173	None	None
172	.	1177	None	None
173	Израильские	1180	coref	4662
174	военные	1192	coref	4662
175	арестовали	1200	None	None
176	на	1211	None	None
177	Западном	1214	coref	4663
178	берегу	1223	coref	4663
179	более	1230	coref	4664
180	100	1236	coref	4664
181	боевиков	1240	coref	4664
182	«	1249	coref	4655
183	Хамас	1250	coref	4655
184	»	1255	coref	4655
185	Израильские	1258	coref	4662
186	солдаты	1270	coref	4662
187	заняли	1278	None	None
188	во	1285	None	None
189	вторник	1288	None	None
190	утром	1296	None	None
191	центральную	1302	None	None
192	часть	1314	None	None
193	города	1320	coref	4665
194	Наблус	1327	coref	4665
195	на	1334	None	None
196	Западном	1337	coref	4663
197	берегу	1346	coref	4663
198	реки	1353	coref	4663
199	Иордан	1358	coref	4663
200	.	1364	None	None
201	Палестинские	1366	None	None
202	источники	1379	coref	4657
203	сообщают	1389	None	None
204	,	1397	None	None
205	что	1399	None	None
206	военнослужащие	1403	coref	4662
207	полностью	1418	None	None
208	контролируют	1428	None	None
209	район	1441	None	None
210	рынка	1447	None	None
211	«	1453	coref	4655
212	Касба	1454	None	None
213	»	1459	coref	4655
214	и	1461	coref	4658
215	проводят	1463	None	None
216	обыски	1472	None	None
217	и	1479	coref	4658
218	аресты	1481	None	None
219	в	1488	coref	4657
220	домах	1490	None	None
221	.	1495	None	None
222	Операция	1498	None	None
223	в	1507	coref	4657
224	Наблусе	1509	coref	4665
225	началась	1517	None	None
226	после	1526	None	None
227	того	1532	None	None
228	,	1536	None	None
229	как	1538	None	None
230	военный	1542	None	None
231	патруль	1550	None	None
232	несколько	1558	None	None
233	раз	1568	None	None
234	был	1572	None	None
235	обстрелян	1576	None	None
236	в	1586	coref	4657
237	районе	1588	None	None
238	центра	1595	None	None
239	города	1602	coref	4665
240	.	1608	None	None
241	Представители	1610	None	None
242	израильской	1624	coref	4680
243	армии	1636	None	None
244	пока	1642	None	None
245	не	1647	None	None
246	комментируют	1650	None	None
247	начало	1663	None	None
248	военной	1670	coref	4680
249	операции	1678	None	None
250	в	1687	coref	4657
251	Наблусе	1689	coref	4665
252	.	1696	None	None
253	Предполагается	1698	None	None
254	,	1712	None	None
255	что	1714	None	None
256	речь	1718	None	None
257	идет	1723	None	None
258	о	1728	None	None
259	краткосрочной	1730	None	None
260	акции	1744	None	None
261	по	1750	coref	4674
262	задержанию	1753	None	None
263	экстремистов	1764	None	None
264	.	1776	None	None
265	О	1778	None	None
266	потерях	1780	None	None
267	с	1788	None	None
268	обеих	1790	coref	4667
269	сторон	1796	coref	4667
270	сообщений	1803	None	None
271	не	1813	None	None
272	поступало	1816	None	None
273	.	1825	None	None
274	Кроме	1828	None	None
275	того	1834	None	None
276	,	1838	None	None
277	в	1840	coref	4657
278	Хевроне	1842	coref	4668
279	в	1850	coref	4657
280	ночь	1852	None	None
281	на	1857	None	None
282	вторник	1860	None	None
283	были	1868	None	None
284	задержаны	1873	None	None
285	более	1883	coref	4664
286	120	1889	coref	4664
287	палестинцев	1893	coref	4664
288	.	1904	None	None
289	Все	1906	coref	4664
290	они	1910	coref	4664
291	подозреваются	1914	None	None
292	в	1928	coref	4657
293	причастности	1930	None	None
294	к	1943	None	None
295	террористической	1945	coref	4655
296	деятельности	1962	None	None
297	.	1974	None	None
298	Большинство	1976	None	None
299	задержанных	1988	coref	4664
300	являются	2000	None	None
301	активистами	2009	None	None
302	радикальной	2021	coref	4655
303	организации	2033	coref	4655
304	«	2045	coref	4655
305	Хамас	2046	coref	4655
306	»	2051	coref	4655
307	.	2052	None	None
308	В	2054	None	None
309	настоящий	2056	None	None
310	момент	2066	None	None
311	все	2073	coref	4664
312	они	2077	coref	4664
313	допрашиваются	2081	None	None
314	следователями	2095	None	None
315	израильской	2109	coref	4680
316	Общей	2121	None	None
317	службы	2127	None	None
318	безопасности	2134	coref	4674
319	(	2147	None	None
320	ШАБАК	2148	None	None
321	)	2153	None	None
322	.	2154	None	None
323	В	2156	None	None
324	операции	2158	None	None
325	была	2167	None	None
326	задействована	2172	None	None
327	бронетехника	2186	None	None
328	.	2198	None	None
329	В	2201	None	None
330	коммюнике	2203	None	None
331	военного	2213	None	None
332	представителя	2222	None	None
333	Израиля	2236	coref	4669
334	отмечается	2244	None	None
335	,	2254	None	None
336	что	2256	None	None
337	«	2260	coref	4655
338	окопавшиеся	2261	None	None
339	в	2273	coref	4657
340	Хевроне	2275	coref	4668
341	боевики	2283	None	None
342	группировки	2291	coref	4655
343	«	2303	coref	4655
344	Хамас	2304	coref	4655
345	»	2309	coref	4655
346	несут	2311	None	None
347	ответственность	2317	None	None
348	за	2333	None	None
349	серию	2336	None	None
350	терактов	2342	coref	4670
351	,	2350	None	None
352	в	2352	coref	4657
353	результате	2354	None	None
354	которых	2365	coref	4670
355	52	2373	None	None
356	израильтянина	2376	None	None
357	погибли	2390	None	None
358	и	2398	coref	4658
359	более	2400	coref	4664
360	ста	2406	None	None
361	получили	2410	None	None
362	ранения	2419	None	None
363	.	2426	None	None
364	Аресты	2429	None	None
365	палестинцев	2436	coref	4664
366	прошли	2448	None	None
367	минувшей	2455	None	None
368	ночью	2464	None	None
369	и	2470	coref	4658
370	в	2472	coref	4657
371	других	2474	None	None
372	городах	2481	None	None
373	Западного	2489	coref	4663
374	берега	2499	coref	4663
375	реки	2506	coref	4663
376	Иордан	2511	coref	4663
377	.	2517	None	None
378	Арестованы	2519	None	None
379	еще	2530	None	None
380	около	2534	coref	4671
381	20	2540	coref	4671
382	человек	2543	coref	4671
383	,	2550	None	None
384	чьи	2552	coref	4671
385	имена	2556	None	None
386	числятся	2562	None	None
387	в	2571	coref	4657
388	так	2573	None	None
389	называемых	2577	None	None
390	«	2588	coref	4655
391	черных	2589	None	None
392	списках	2596	None	None
393	»	2603	coref	4655
394	израильских	2605	None	None
395	спецслужб	2617	None	None
396	.	2626	None	None
397	В	2628	None	None
398	районе	2630	None	None
399	Дженина	2637	None	None
400	разрушен	2645	None	None
401	дом	2654	coref	4681
402	семьи	2658	None	None
403	палестинца	2664	None	None
404	,	2674	None	None
405	причастного	2676	None	None
406	,	2687	None	None
407	согласно	2689	None	None
408	утверждению	2698	None	None
409	израильтян	2710	coref	4669
410	,	2720	None	None
411	к	2722	None	None
412	одному	2724	None	None
413	из	2731	coref	4658
414	террористических	2734	None	None
415	актов	2751	None	None
416	.	2756	None	None
417	Израиль	2759	coref	4669
418	может	2767	None	None
419	передать	2773	None	None
420	сектор	2782	coref	4672
421	Газа	2789	coref	4672
422	под	2794	None	None
423	контроль	2798	None	None
424	палестинских	2807	None	None
425	спецслужб	2820	None	None
426	уже	2830	None	None
427	через	2834	None	None
428	несколько	2840	None	None
429	дней	2850	None	None
430	На	2856	None	None
431	контрольно	2859	None	None
432	-	2869	None	None
433	пропускном	2870	None	None
434	пункте	2881	None	None
435	«	2888	coref	4655
436	Эрез	2889	None	None
437	»	2893	coref	4655
438	,	2894	None	None
439	разделяющем	2896	None	None
440	территории	2908	None	None
441	Израиля	2919	coref	4669
442	и	2927	coref	4658
443	сектора	2929	coref	4672
444	Газа	2937	coref	4672
445	,	2941	None	None
446	в	2943	coref	4657
447	понедельник	2945	None	None
448	вечером	2957	None	None
449	состоялась	2965	None	None
450	очередная	2976	coref	4673
451	встреча	2986	coref	4658
452	между	2994	coref	4658
453	представителями	3000	coref	4673
454	силовых	3016	coref	4673
455	структур	3024	coref	4673
456	Израиля	3033	coref	4669
457	и	3041	coref	4658
458	Палестинской	3043	coref	4653
459	автономии	3056	coref	4653
460	.	3065	None	None
461	В	3067	None	None
462	ней	3069	coref	4673
463	приняли	3073	None	None
464	участие	3081	None	None
465	израильский	3089	None	None
466	генерал	3101	None	None
467	-	3108	None	None
468	майор	3109	None	None
469	Амос	3115	None	None
470	Гилад	3120	None	None
471	и	3126	coref	4658
472	палестинский	3128	coref	4674
473	министр	3141	coref	4674
474	по	3149	coref	4674
475	вопросам	3152	coref	4674
476	внутренней	3161	coref	4674
477	безопасности	3172	coref	4674
478	Мохаммед	3185	coref	4674
479	Дахлан	3194	coref	4674
480	,	3200	None	None
481	а	3202	None	None
482	также	3204	None	None
483	глава	3210	None	None
484	палестинской	3216	None	None
485	полиции	3229	None	None
486	в	3237	coref	4657
487	секторе	3239	coref	4672
488	Газа	3247	coref	4672
489	полковник	3252	None	None
490	Абдель	3262	None	None
491	Разек	3269	None	None
492	Маджейда	3275	None	None
493	.	3283	None	None
494	Встреча	3285	None	None
495	получила	3293	None	None
496	довольно	3302	None	None
497	высокие	3311	None	None
498	оценки	3319	None	None
499	с	3326	None	None
500	обеих	3328	coref	4667
501	сторон	3334	coref	4667
502	.	3340	None	None
503	Основным	3343	None	None
504	вопросом	3352	None	None
505	переговоров	3361	None	None
506	был	3373	None	None
507	вывод	3377	None	None
508	израильских	3383	None	None
509	армейских	3395	None	None
510	подразделений	3405	None	None
511	из	3419	coref	4658
512	сектора	3422	coref	4672
513	Газа	3430	coref	4672
514	и	3435	coref	4658
515	Вифлеема	3437	coref	4676
516	,	3445	None	None
517	и	3447	coref	4658
518	передача	3449	None	None
519	этих	3458	coref	4677
520	территорий	3463	coref	4677
521	под	3474	None	None
522	полный	3478	None	None
523	,	3484	None	None
524	либо	3486	None	None
525	частичный	3491	None	None
526	,	3500	None	None
527	палестинский	3502	coref	4674
528	контроль	3515	None	None
529	.	3523	None	None
530	Еще	3525	None	None
531	один	3529	None	None
532	возможный	3534	None	None
533	вариант	3544	None	None
534	обеспечения	3552	None	None
535	безопасности	3564	coref	4674
536	в	3577	coref	4657
537	Газе	3579	coref	4672
538	и	3584	coref	4658
539	Вифлееме	3586	coref	4676
540	-	3595	None	None
541	это	3597	None	None
542	создание	3601	None	None
543	совместных	3610	None	None
544	патрулей	3621	None	None
545	,	3629	None	None
546	то	3631	None	None
547	есть	3634	None	None
548	возврат	3639	None	None
549	к	3647	None	None
550	практике	3649	None	None
551	,	3657	None	None
552	существовавшей	3659	None	None
553	три	3674	None	None
554	года	3678	None	None
555	назад	3683	None	None
556	,	3688	None	None
557	до	3690	None	None
558	начала	3693	None	None
559	«	3700	coref	4655
560	интифады	3701	None	None
561	Аль	3710	None	None
562	-	3713	None	None
563	Акса	3714	None	None
564	»	3718	coref	4655
565	.	3719	None	None
566	Согласно	3722	None	None
567	информации	3731	None	None
568	,	3741	None	None
569	появившейся	3743	None	None
570	утром	3755	None	None
571	во	3761	None	None
572	вторник	3764	None	None
573	в	3772	coref	4657
574	некоторых	3774	None	None
575	израильских	3784	None	None
576	СМИ	3796	None	None
577	,	3799	None	None
578	силовые	3801	coref	4678
579	структуры	3809	coref	4678
580	Палестинской	3819	coref	4653
581	автономии	3832	coref	4653
582	,	3841	None	None
583	находящиеся	3843	None	None
584	под	3855	None	None
585	руководством	3859	coref	4653
586	Мохаммеда	3872	coref	4674
587	Дахлана	3882	coref	4674
588	,	3889	None	None
589	возможно	3891	None	None
590	возьмут	3900	None	None
591	под	3908	None	None
592	свой	3912	coref	4678
593	контроль	3917	None	None
594	Газу	3926	coref	4672
595	и	3931	coref	4658
596	Вифлеем	3933	coref	4676
597	уже	3941	None	None
598	через	3945	None	None
599	несколько	3951	None	None
600	дней	3961	None	None
601	,	3965	None	None
602	сообщает	3967	None	None
603	РИА	3976	None	None
604	«	3980	coref	4655
605	Новости	3981	None	None
606	»	3988	coref	4655
607	.	3989	None	None
608	Тем	3992	None	None
609	не	3996	None	None
610	менее	3999	None	None
611	,	4004	None	None
612	как	4006	None	None
613	передает	4010	None	None
614	Израильское	4019	coref	4656
615	радио	4031	coref	4656
616	,	4036	None	None
617	палестинская	4038	coref	4653
618	сторона	4051	coref	4653
619	обуславливает	4059	None	None
620	подобную	4073	None	None
621	перспективу	4082	None	None
622	рядом	4094	coref	4679
623	требований	4100	coref	4679
624	,	4110	None	None
625	далеко	4112	None	None
626	не	4119	None	None
627	всегда	4122	None	None
628	устраивающих	4129	None	None
629	израильтян	4142	coref	4669
630	.	4152	None	None
631	Среди	4154	None	None
632	них	4160	coref	4679
633	-	4164	None	None
634	полный	4166	None	None
635	контроль	4173	None	None
636	над	4182	None	None
637	сектором	4186	coref	4672
638	Газа	4195	coref	4672
639	,	4199	None	None
640	включая	4201	None	None
641	проходящее	4209	None	None
642	по	4220	coref	4674
643	всей	4223	None	None
644	его	4228	coref	4672
645	территории	4232	None	None
646	с	4243	None	None
647	севера	4245	None	None
648	на	4252	None	None
649	юг	4255	None	None
650	центральное	4258	None	None
651	шоссе	4270	None	None
652	,	4275	None	None
653	возобновление	4277	None	None
654	работы	4291	None	None
655	в	4298	coref	4657
656	Газе	4300	coref	4672
657	международного	4305	None	None
658	аэропорта	4320	None	None
659	«	4330	coref	4655
660	Даханийя	4331	None	None
661	»	4339	coref	4655
662	,	4340	None	None
663	восстановление	4342	None	None
664	круглосуточной	4357	None	None
665	работы	4372	None	None
666	КПП	4379	None	None
667	«	4383	coref	4655
668	Рафиях	4384	None	None
669	»	4390	coref	4655
670	на	4392	None	None
671	границе	4395	None	None
672	с	4403	None	None
673	Египтом	4405	None	None
674	,	4412	None	None
675	а	4414	None	None
676	также	4416	None	None
677	прекращение	4422	None	None
678	израильтянами	4434	coref	4669
679	операций	4448	None	None
680	по	4457	coref	4674
681	физическому	4460	None	None
682	уничтожению	4472	None	None
683	палестинских	4484	None	None
684	командиров	4497	None	None
685	.	4507	None	None
686	Шеф	4510	None	None
687	израильской	4514	coref	4680
688	военной	4526	coref	4680
689	разведки	4534	coref	4680
690	(	4543	None	None
691	АМАН	4544	coref	4680
692	)	4548	None	None
693	генерал	4550	None	None
694	Аарон	4558	None	None
695	Зееви	4564	None	None
696	-	4569	None	None
697	Фаркаш	4570	None	None
698	прибыл	4577	None	None
699	в	4584	coref	4657
700	понедельник	4586	None	None
701	в	4598	coref	4657
702	Вашингтон	4600	None	None
703	для	4610	None	None
704	консультаций	4614	None	None
705	с	4627	None	None
706	представителями	4629	coref	4673
707	администрации	4645	None	None
708	США	4659	coref	4681
709	.	4662	None	None
710	Белый	4664	coref	4681
711	дом	4670	coref	4681
712	интересуют	4674	None	None
713	последние	4685	coref	4682
714	данные	4695	coref	4682
715	,	4701	None	None
716	которыми	4703	coref	4682
717	располагает	4712	None	None
718	АМАН	4724	coref	4680
719	,	4728	None	None
720	о	4730	None	None
721	потенциальной	4732	None	None
722	способности	4746	None	None
723	палестинских	4758	None	None
724	силовых	4771	coref	4673
725	структур	4779	coref	4673
726	противостоять	4788	None	None
727	террористической	4802	coref	4655
728	организации	4819	coref	4655
729	«	4831	coref	4655
730	Хамас	4832	coref	4655
731	»	4837	coref	4655
732	.	4838	None	None
733	В	4841	None	None
734	ближайшую	4843	None	None
735	субботу	4853	None	None
736	с	4861	None	None
737	двудневным	4863	None	None
738	визитом	4874	None	None
739	в	4882	coref	4657
740	Израиль	4884	coref	4669
741	прибудет	4892	None	None
742	советник	4901	coref	4683
743	президента	4910	coref	4683
744	США	4921	coref	4681
745	по	4925	coref	4674
746	национальной	4928	coref	4683
747	безопасности	4941	coref	4674
748	Кондолиза	4954	coref	4683
749	Райс	4964	coref	4683
750	.	4968	None	None
751	В	4970	None	None
752	ходе	4972	None	None
753	визита	4977	None	None
754	она	4984	coref	4683
755	проведет	4988	None	None
756	серию	4997	None	None
757	встреч	5003	None	None
758	с	5010	None	None
759	израильскими	5012	None	None
760	и	5025	coref	4658
761	палестинскими	5027	None	None
762	руководителями	5041	None	None
763	.	5055	None	None
