	word	start_char	type	chain_id
0	В	0	None	None
1	боестолкновении	2	None	None
2	двух	18	coref	5097
3	афганских	23	coref	5097
4	группировок	33	coref	5097
5	погибли	45	None	None
6	60	53	coref	5098
7	человек	56	coref	5098
8	На	65	None	None
9	севере	68	coref	5099
10	Афганистана	75	coref	5099
11	в	87	None	None
12	столкновениях	89	None	None
13	между	103	None	None
14	отрядами	109	coref	5097
15	этнических	118	coref	5097
16	лидеров	129	coref	5097
17	в	137	None	None
18	среду	139	None	None
19	погибли	145	None	None
20	по	153	None	None
21	крайней	156	None	None
22	мере	164	None	None
23	60	169	coref	5098
24	человек	172	coref	5098
25	,	179	coref	5105
26	десятки	181	None	None
27	бойцов	189	None	None
28	ранены	196	None	None
29	,	202	coref	5105
30	пишет	204	None	None
31	в	210	None	None
32	четверг	212	None	None
33	газета	220	coref	5102
34	News	227	coref	5102
35	.	231	None	None
36	По	234	None	None
37	данным	237	None	None
38	издания	244	coref	5102
39	,	251	coref	5105
40	в	253	None	None
41	настоящее	255	None	None
42	время	265	None	None
43	возле	271	None	None
44	«	277	coref	5103
45	северной	278	coref	5103
46	столицы	287	coref	5103
47	»	294	coref	5103
48	Афганистана	296	coref	5099
49	города	308	coref	5103
50	Мазари	315	coref	5103
51	-	321	coref	5103
52	Шариф	322	coref	5103
53	продолжаются	328	None	None
54	бои	341	None	None
55	между	345	None	None
56	двумя	351	coref	5097
57	противоборствующими	357	coref	5097
58	группировками	377	coref	5097
59	-	391	coref	5103
60	бойцами	393	None	None
61	из	401	None	None
62	числа	404	None	None
63	сторонников	410	None	None
64	этнического	422	coref	5104
65	таджика	434	coref	5104
66	Атта	442	coref	5104
67	Мохаммада	447	coref	5104
68	(	457	None	None
69	лидера	458	coref	5101
70	фракции	465	None	None
71	партии	473	None	None
72	«	480	coref	5103
73	Джамиат	481	None	None
74	-	488	coref	5103
75	е	489	None	None
76	-	490	coref	5103
77	ислами	491	None	None
78	»	497	coref	5103
79	)	498	None	None
80	и	500	None	None
81	узбекского	502	coref	5105
82	генерала	513	coref	5105
83	,	521	coref	5105
84	заместителя	523	coref	5105
85	министра	535	coref	5105
86	обороны	544	coref	5105
87	Абдул	552	coref	5105
88	Рашида	558	coref	5105
89	Достума	565	coref	5105
90	,	572	coref	5105
91	являющегося	574	None	None
92	также	586	None	None
93	лидером	592	None	None
94	собственной	600	None	None
95	партии	612	None	None
96	«	619	coref	5103
97	Дмумбиш	620	None	None
98	-	627	coref	5103
99	е	628	None	None
100	-	629	coref	5103
101	милли	630	None	None
102	»	635	coref	5103
103	,	636	coref	5105
104	сообщает	638	None	None
105	РИА	647	None	None
106	«	651	coref	5103
107	Новости	652	None	None
108	»	659	coref	5103
109	.	660	None	None
110	Оба	663	coref	5101
111	лидера	667	coref	5101
112	,	673	coref	5105
113	входившие	675	None	None
114	ранее	685	None	None
115	в	691	None	None
116	Северный	693	None	None
117	альянс	702	None	None
118	,	708	coref	5105
119	поддерживают	710	None	None
120	президента	723	None	None
121	Хамида	734	None	None
122	Карзая	741	None	None
123	,	747	coref	5105
124	однако	749	None	None
125	борются	756	None	None
126	между	764	None	None
127	собой	770	None	None
128	за	776	None	None
129	контроль	779	None	None
130	над	788	None	None
131	отдельными	792	None	None
132	районами	803	None	None
133	в	812	None	None
134	провинциях	814	None	None
135	Балх	825	None	None
136	,	829	coref	5105
137	Фарьяб	831	None	None
138	,	837	coref	5105
139	Джаузджан	839	None	None
140	и	849	None	None
141	Сар	851	None	None
142	-	854	coref	5103
143	е	855	None	None
144	-	856	coref	5103
145	пуль	857	None	None
146	.	861	None	None
147	Представители	864	None	None
148	ООН	878	None	None
149	пытаются	882	None	None
150	примирить	891	None	None
151	этнических	901	coref	5097
152	лидеров	912	coref	5097
153	,	919	coref	5105
154	тем	921	None	None
155	не	925	None	None
156	менее	928	None	None
157	столкновения	934	None	None
158	между	947	None	None
159	отрядами	953	coref	5097
160	полевых	962	None	None
161	командиров	970	None	None
162	,	980	coref	5105
163	лояльных	982	None	None
164	Мохаммаду	991	coref	5104
165	и	1001	None	None
166	Достуму	1003	coref	5105
167	,	1010	coref	5105
168	не	1012	None	None
169	прекращаются	1015	None	None
170	.	1027	None	None
171	По	1030	None	None
172	поступившим	1033	None	None
173	с	1045	None	None
174	севера	1047	coref	5099
175	страны	1054	coref	5099
176	данным	1061	None	None
177	,	1067	coref	5105
178	в	1069	None	None
179	среду	1071	None	None
180	бои	1077	None	None
181	шли	1081	None	None
182	возле	1085	None	None
183	города	1091	coref	5103
184	Фаизабада	1098	None	None
185	,	1107	coref	5105
186	расположенного	1109	None	None
187	на	1124	None	None
188	полпути	1127	None	None
189	между	1135	None	None
190	Мазари	1141	coref	5103
191	-	1147	coref	5103
192	Шарифом	1148	coref	5103
193	и	1156	None	None
194	оплотом	1158	None	None
195	Достума	1166	coref	5105
196	Шибирганом	1174	None	None
197	,	1184	coref	5105
198	а	1186	None	None
199	также	1188	None	None
200	возле	1194	None	None
201	Меймене	1200	None	None
202	-	1208	coref	5103
203	столице	1210	None	None
204	провинции	1218	None	None
205	Фарьяб	1228	None	None
206	.	1234	None	None
207	Стороны	1236	coref	5097
208	активно	1244	None	None
209	применяют	1252	None	None
210	танки	1262	None	None
211	и	1268	None	None
212	тяжелую	1270	None	None
213	артиллерию	1278	None	None
214	,	1288	coref	5105
215	и	1290	None	None
216	те	1292	None	None
217	,	1294	coref	5105
218	и	1296	None	None
219	другие	1298	None	None
220	несут	1305	None	None
221	потери	1311	None	None
222	в	1318	None	None
223	живой	1320	None	None
224	силе	1326	None	None
225	.	1330	None	None
