	word	start_char	type	chain_id
0	Марата	0	coref	4311
1	Измайлова	7	coref	4311
2	отцепили	17	None	None
3	от	26	None	None
4	первой	29	coref	4312
5	сборной	36	coref	4312
6	России	44	coref	4312
7	Полузащитник	52	coref	4311
8	московского	65	coref	4311
9	«	77	coref	4311
10	Локомотива	78	coref	4311
11	»	88	coref	4311
12	Марат	90	coref	4311
13	Измайлов	96	coref	4311
14	сыграет	105	None	None
15	против	113	None	None
16	Ирландии	120	coref	4314
17	уже	129	None	None
18	в	133	None	None
19	пятницу	135	None	None
20	.	142	None	None
21	Он	144	coref	4311
22	не	147	None	None
23	выйдет	150	None	None
24	в	157	None	None
25	составе	159	None	None
26	главной	167	coref	4312
27	команды	175	coref	4312
28	,	182	None	None
29	так	184	None	None
30	как	188	None	None
31	Георгий	192	coref	4315
32	Ярцев	200	coref	4315
33	отправил	206	None	None
34	его	215	coref	4311
35	на	219	None	None
36	помощь	222	None	None
37	молодежной	229	coref	4316
38	сборной	240	coref	4312
39	.	247	None	None
40	Измайлов	249	coref	4311
41	отбыл	258	None	None
42	в	264	None	None
43	расположение	266	None	None
44	«	279	coref	4311
45	молодежки	280	coref	4316
46	»	289	coref	4311
47	сразу	291	None	None
48	с	297	None	None
49	трапа	299	None	None
50	самолета	305	coref	4317
51	.	313	None	None
52	Поступок	316	None	None
53	Ярцева	325	coref	4315
54	выглядит	332	None	None
55	весьма	341	None	None
56	нелепо	348	None	None
57	,	354	None	None
58	так	356	None	None
59	как	360	None	None
60	Измайлов	364	coref	4311
61	тренировался	373	None	None
62	с	386	None	None
63	партнерами	388	None	None
64	по	399	None	None
65	первой	402	coref	4312
66	сборной	409	coref	4312
67	,	416	None	None
68	а	418	None	None
69	приезд	420	None	None
70	Марата	427	coref	4311
71	в	434	None	None
72	состав	436	None	None
73	«	443	coref	4311
74	молодежки	444	coref	4316
75	»	453	coref	4311
76	за	455	None	None
77	несколько	458	None	None
78	часов	468	None	None
79	до	474	None	None
80	игры	477	None	None
81	говорит	482	None	None
82	о	490	None	None
83	том	492	None	None
84	,	495	None	None
85	что	497	None	None
86	и	501	None	None
87	в	503	None	None
88	этом	505	None	None
89	матче	510	None	None
90	,	515	None	None
91	в	517	None	None
92	лучшем	519	None	None
93	случае	526	None	None
94	,	532	None	None
95	он	534	coref	4311
96	выйдет	537	None	None
97	на	544	None	None
98	замену	547	None	None
99	.	553	None	None
100	Между	556	None	None
101	тем	562	None	None
102	,	565	None	None
103	по	567	None	None
104	сообщению	570	None	None
105	ИТАР	580	None	None
106	-	584	None	None
107	ТАСС	585	None	None
108	в	590	None	None
109	Ирландии	592	coref	4314
110	предстоящая	601	None	None
111	6	613	None	None
112	сентября	615	None	None
113	игра	624	None	None
114	вызывает	629	None	None
115	повышенный	638	None	None
116	интерес	649	None	None
117	.	656	None	None
118	Все	658	None	None
119	билеты	662	None	None
120	на	669	None	None
121	матч	672	None	None
122	были	677	None	None
123	распроданы	682	None	None
124	еще	693	None	None
125	за	697	None	None
126	месяц	700	None	None
127	до	706	None	None
128	начала	709	None	None
129	.	715	None	None
130	Последние	717	None	None
131	билеты	727	None	None
132	,	733	None	None
133	предназначавшиеся	735	None	None
134	для	753	None	None
135	российских	757	None	None
136	болельщиков	768	None	None
137	,	779	None	None
138	были	781	None	None
139	куплены	786	None	None
140	ирландцами	794	None	None
141	за	805	None	None
142	неделю	808	None	None
143	до	815	None	None
144	матча	818	None	None
145	.	823	None	None
146	Всего	825	None	None
147	на	831	None	None
148	стадионе	834	None	None
149	«	843	coref	4311
150	Лэнсдаун	844	None	None
151	Роуд	853	None	None
152	»	857	coref	4311
153	ожидается	859	None	None
154	присутствие	869	None	None
155	около	881	None	None
156	40	887	None	None
157	тысяч	890	None	None
158	жителей	896	None	None
159	.	903	None	None
160	Полет	906	None	None
161	сборной	912	coref	4312
162	России	920	coref	4312
163	продолжался	927	None	None
164	четыре	939	None	None
165	часа	946	None	None
166	,	950	None	None
167	после	952	None	None
168	чего	958	None	None
169	самолет	963	coref	4317
170	приземлился	971	None	None
171	в	983	None	None
172	аэропорту	985	None	None
173	Дублина	995	coref	4319
174	.	1002	None	None
175	Для	1004	None	None
176	ускорения	1008	None	None
177	прохождения	1018	None	None
178	пограничных	1030	None	None
179	формальностей	1042	None	None
180	хозяева	1056	None	None
181	поставили	1064	None	None
182	российской	1074	coref	4312
183	футбольной	1085	coref	4312
184	делегации	1096	coref	4312
185	отметки	1106	None	None
186	о	1114	None	None
187	прохождении	1116	None	None
188	паспортного	1128	None	None
189	контроля	1140	None	None
190	прямо	1149	None	None
191	на	1155	None	None
192	борту	1158	None	None
193	самолета	1164	coref	4317
194	сразу	1173	None	None
195	после	1179	None	None
196	его	1185	coref	4311
197	приземления	1189	None	None
198	.	1200	None	None
199	Как	1203	None	None
200	сообщил	1207	None	None
201	РИА	1215	None	None
202	«	1219	coref	4311
203	Новости	1220	None	None
204	»	1227	coref	4311
205	главный	1229	coref	4315
206	тренер	1237	coref	4315
207	сборной	1244	coref	4312
208	Георгий	1252	coref	4315
209	Ярцев	1260	coref	4315
210	,	1265	None	None
211	после	1267	None	None
212	размещения	1273	None	None
213	команды	1284	coref	4312
214	в	1292	None	None
215	гостинице	1294	None	None
216	«	1304	coref	4311
217	Сити	1305	None	None
218	Уэст	1310	None	None
219	»	1314	coref	4311
220	в	1316	None	None
221	пригороде	1318	None	None
222	Дублина	1328	coref	4319
223	футболисты	1336	coref	4312
224	пообедают	1347	None	None
225	,	1356	None	None
226	немного	1358	None	None
227	передохнут	1366	None	None
228	и	1377	None	None
229	приблизительно	1379	None	None
230	в	1394	None	None
231	18	1396	None	None
232	:	1398	None	None
233	00	1399	None	None
234	по	1402	None	None
235	местному	1405	None	None
236	времени	1414	None	None
237	проведут	1422	None	None
238	тренировочное	1431	None	None
239	занятие	1445	None	None
240	.	1452	None	None
241	С	1454	None	None
242	утра	1456	None	None
243	субботы	1461	None	None
244	никаких	1469	None	None
245	тренировок	1477	None	None
246	,	1487	None	None
247	скорее	1489	None	None
248	всего	1496	None	None
249	,	1501	None	None
250	не	1503	None	None
251	будет	1506	None	None
252	:	1511	None	None
253	футболистам	1513	coref	4312
254	дадут	1525	None	None
255	как	1531	None	None
256	следует	1535	None	None
257	выспаться	1543	None	None
258	,	1552	None	None
259	затем	1554	None	None
260	завтрак	1560	None	None
261	,	1567	None	None
262	обед	1569	None	None
263	,	1573	None	None
264	а	1575	None	None
265	в	1577	None	None
266	16	1579	None	None
267	:	1581	None	None
268	00	1582	None	None
269	начнется	1585	None	None
270	отборочный	1594	None	None
271	матч	1605	None	None
272	с	1610	None	None
273	командой	1612	coref	4314
274	Ирландии	1621	coref	4314
275	.	1629	None	None
