	word	start_char	type	chain_id
0	В	0	None	None
1	США	2	coref	3424
2	вводится	6	None	None
3	в	15	None	None
4	обращение	17	None	None
5	«	27	coref	3425
6	розовая	28	None	None
7	»	35	coref	3425
8	20	37	coref	3425
9	-	39	coref	3425
10	долларовая	40	coref	3425
11	купюра	51	coref	3425
12	В	59	None	None
13	США	61	coref	3424
14	в	65	None	None
15	четверг	67	None	None
16	,	74	None	None
17	9	76	None	None
18	октября	78	None	None
19	,	85	None	None
20	вводится	87	None	None
21	в	96	None	None
22	обращение	98	None	None
23	новая	108	coref	3425
24	«	114	coref	3425
25	цветная	115	coref	3425
26	»	122	coref	3425
27	20	124	coref	3425
28	-	126	coref	3425
29	долларовая	127	coref	3425
30	купюра	138	coref	3425
31	.	144	None	None
32	После	146	None	None
33	первых	152	None	None
34	анонсов	159	None	None
35	в	167	None	None
36	России	169	None	None
37	ее	176	coref	3425
38	начали	179	None	None
39	называть	186	None	None
40	«	195	coref	3425
41	розовой	196	None	None
42	»	203	coref	3425
43	,	204	None	None
44	однако	206	None	None
45	оказалось	213	None	None
46	,	222	None	None
47	что	224	None	None
48	она	228	coref	3425
49	-	232	coref	3425
50	не	234	None	None
51	только	237	None	None
52	розовая	244	None	None
53	.	251	None	None
54	Новая	254	coref	3426
55	купюра	260	coref	3425
56	сохранит	267	None	None
57	прежний	276	None	None
58	размер	284	None	None
59	,	290	None	None
60	на	292	None	None
61	ее	295	coref	3425
62	лицевой	298	None	None
63	стороне	306	None	None
64	останется	314	None	None
65	портрет	324	None	None
66	7	332	coref	3427
67	-	333	coref	3425
68	го	334	coref	3427
69	президента	337	coref	3427
70	США	348	coref	3424
71	Эндрю	352	coref	3427
72	Джексона	358	coref	3427
73	,	366	None	None
74	хотя	368	None	None
75	он	373	coref	3427
76	значительно	376	None	None
77	изменился	388	None	None
78	и	398	None	None
79	больше	400	None	None
80	напоминает	407	None	None
81	собственный	418	None	None
82	бюст	430	None	None
83	.	434	None	None
84	На	436	None	None
85	оборотной	439	None	None
86	стороне	449	None	None
87	-	457	coref	3425
88	изображение	459	None	None
89	Белого	471	coref	3428
90	дома	478	coref	3428
91	.	482	None	None
92	Основными	485	None	None
93	цветами	495	None	None
94	по	503	None	None
95	-	505	coref	3425
96	прежнему	506	None	None
97	будут	515	None	None
98	зеленый	521	None	None
99	,	528	None	None
100	белый	530	None	None
101	и	536	None	None
102	черный	538	None	None
103	.	544	None	None
104	В	546	None	None
105	то	548	None	None
106	же	551	None	None
107	время	554	None	None
108	фон	560	None	None
109	вокруг	564	None	None
110	головы	571	coref	3429
111	Джексона	578	coref	3427
112	станет	587	None	None
113	бледно	594	None	None
114	-	600	coref	3425
115	оранжевым	601	None	None
116	,	610	None	None
117	слева	612	None	None
118	от	618	None	None
119	нее	621	coref	3429
120	появится	625	None	None
121	голубой	634	None	None
122	орел	642	None	None
123	,	646	None	None
124	а	648	None	None
125	цифра	650	None	None
126	20	656	coref	3425
127	в	659	None	None
128	правом	661	None	None
129	нижнем	668	None	None
130	углу	675	None	None
131	из	680	None	None
132	зеленой	683	None	None
133	превратится	691	None	None
134	в	703	None	None
135	желтую	705	None	None
136	.	711	None	None
137	На	713	None	None
138	другой	716	None	None
139	стороне	723	None	None
140	вокруг	731	None	None
141	Белого	738	coref	3428
142	дома	745	coref	3428
143	будут	750	None	None
144	разбросаны	756	None	None
145	маленькие	767	None	None
146	цифры	777	None	None
147	20	783	coref	3425
148	желтого	786	None	None
149	цвета	794	None	None
150	.	799	None	None
151	Сегодня	802	None	None
152	Федеральная	810	coref	3430
153	резервная	822	coref	3430
154	система	832	coref	3430
155	начнет	840	None	None
156	снабжать	847	None	None
157	новыми	856	coref	3431
158	банкнотами	863	coref	3431
159	банки	874	coref	3432
160	,	879	None	None
161	которые	881	coref	3432
162	,	888	None	None
163	в	890	None	None
164	свою	892	None	None
165	очередь	897	None	None
166	,	904	None	None
167	будут	906	None	None
168	выдавать	912	None	None
169	их	921	coref	3431
170	на	924	None	None
171	руки	927	None	None
172	американцам	932	None	None
173	.	943	None	None
174	Мероприятия	946	None	None
175	по	958	None	None
176	этому	961	None	None
177	поводу	967	None	None
178	пройдут	974	None	None
179	в	982	None	None
180	крупнейших	984	None	None
181	городах	995	None	None
182	США	1003	coref	3424
183	.	1006	None	None
184	Так	1008	None	None
185	,	1011	None	None
186	в	1013	None	None
187	Нью	1015	None	None
188	-	1018	coref	3425
189	Йорке	1019	None	None
190	«	1025	coref	3425
191	дебют	1026	None	None
192	»	1031	coref	3425
193	новой	1033	None	None
194	купюры	1039	None	None
195	состоится	1046	None	None
196	на	1056	None	None
197	Тайм	1059	coref	3433
198	-	1063	coref	3425
199	Сквер	1064	coref	3433
200	,	1069	None	None
201	в	1071	None	None
202	магазинах	1073	None	None
203	и	1083	None	None
204	заведениях	1085	None	None
205	которой	1096	coref	3433
206	сотрудники	1104	None	None
207	ФРС	1115	coref	3430
208	и	1119	None	None
209	министерства	1121	coref	3434
210	финансов	1134	coref	3434
211	США	1143	coref	3424
212	,	1146	None	None
213	в	1148	None	None
214	частности	1150	None	None
215	,	1159	None	None
216	директор	1161	None	None
217	Бюро	1170	None	None
218	гравировки	1175	None	None
219	и	1186	None	None
220	печати	1188	None	None
221	Том	1195	None	None
222	Фергюсон	1199	None	None
223	,	1207	None	None
224	впервые	1209	None	None
225	расплатятся	1217	None	None
226	новыми	1229	coref	3431
227	банкнотами	1236	coref	3431
228	.	1246	None	None
229	В	1249	None	None
230	Вашингтоне	1251	None	None
231	новая	1262	coref	3425
232	купюра	1268	coref	3425
233	впервые	1275	None	None
234	будет	1283	None	None
235	использована	1289	None	None
236	для	1302	None	None
237	оплаты	1306	None	None
238	услуг	1313	None	None
239	городской	1319	coref	3435
240	почты	1329	coref	3435
241	,	1334	None	None
242	где	1336	coref	3435
243	в	1340	None	None
244	мероприятии	1342	None	None
245	также	1354	None	None
246	примут	1360	None	None
247	участие	1367	None	None
248	высокопоставленные	1375	None	None
249	представители	1394	None	None
250	министерства	1408	coref	3434
251	финансов	1421	coref	3434
252	,	1429	None	None
253	сообщает	1431	None	None
254	РИА	1440	None	None
255	«	1444	coref	3425
256	Новости	1445	None	None
257	»	1452	coref	3425
258	.	1453	None	None
259	Все	1456	None	None
260	эти	1460	None	None
261	мероприятия	1464	None	None
262	-	1476	coref	3425
263	часть	1478	None	None
264	обширной	1484	coref	3436
265	программы	1493	coref	3436
266	,	1502	None	None
267	которая	1504	coref	3436
268	рассчитана	1512	None	None
269	на	1523	None	None
270	то	1526	None	None
271	,	1528	None	None
272	чтобы	1530	None	None
273	«	1536	coref	3425
274	приучить	1537	None	None
275	»	1545	coref	3425
276	людей	1547	None	None
277	к	1553	None	None
278	новому	1555	None	None
279	облику	1562	None	None
280	20	1569	coref	3425
281	-	1571	coref	3425
282	долларовых	1572	None	None
283	купюр	1583	None	None
284	.	1588	None	None
285	Программа	1590	coref	3436
286	,	1599	None	None
287	в	1601	None	None
288	частности	1603	None	None
289	,	1612	None	None
290	предполагает	1614	None	None
291	выпуск	1627	None	None
292	более	1634	None	None
293	37	1640	None	None
294	млн	1643	None	None
295	учебных	1647	None	None
296	материалов	1655	None	None
297	книг	1666	None	None
298	,	1670	None	None
299	брошюр	1672	None	None
300	,	1678	None	None
301	компьютерных	1680	None	None
302	дисков	1693	None	None
303	и	1700	None	None
304	т	1702	None	None
305	.	1703	None	None
306	д	1704	None	None
307	.	1705	None	None
308	Для	1708	None	None
309	США	1712	coref	3424
310	отказ	1716	None	None
311	от	1722	None	None
312	традиционного	1725	None	None
313	черно	1739	None	None
314	-	1744	coref	3425
315	зеленого	1745	None	None
316	дизайна	1754	None	None
317	-	1762	coref	3425
318	большая	1764	None	None
319	проблема	1772	None	None
320	.	1780	None	None
321	Доллар	1782	None	None
322	-	1789	coref	3425
323	мировая	1791	None	None
324	валюта	1799	None	None
325	,	1805	None	None
326	и	1807	None	None
327	людей	1809	None	None
328	во	1815	None	None
329	всем	1818	None	None
330	мире	1823	None	None
331	необходимо	1828	None	None
332	«	1839	coref	3425
333	приучить	1840	None	None
334	»	1848	coref	3425
335	к	1850	None	None
336	новым	1852	None	None
337	долларам	1858	None	None
338	.	1866	None	None
339	С	1868	None	None
340	подобным	1870	None	None
341	настороженным	1879	None	None
342	отношением	1893	None	None
343	к	1904	None	None
344	новым	1906	None	None
345	купюрам	1912	None	None
346	власти	1920	None	None
347	Штатов	1927	coref	3424
348	столкнулись	1934	None	None
349	впервые	1946	None	None
350	в	1954	None	None
351	1996	1956	None	None
352	,	1960	None	None
353	когда	1962	None	None
354	были	1968	None	None
355	представлены	1973	None	None
356	обновленные	1986	None	None
357	купюры	1998	None	None
358	с	2005	None	None
359	видоизмененными	2007	None	None
360	портретами	2023	None	None
361	президентов	2034	None	None
362	.	2045	None	None
363	Сейчас	2047	None	None
364	же	2054	None	None
365	изменения	2057	None	None
366	гораздо	2067	None	None
367	более	2075	None	None
368	значительны	2081	None	None
369	.	2092	None	None
370	Новые	2095	None	None
371	цвета	2101	None	None
372	должны	2107	None	None
373	затруднить	2114	None	None
374	подделку	2125	None	None
375	и	2134	None	None
376	позволят	2136	None	None
377	легче	2145	None	None
378	отличать	2151	None	None
379	купюры	2160	None	None
380	различного	2167	None	None
381	номинала	2178	None	None
382	.	2186	None	None
383	В	2188	None	None
384	США	2190	coref	3424
385	подделывают	2194	None	None
386	чаще	2206	None	None
387	всего	2211	None	None
388	именно	2217	None	None
389	купюры	2224	None	None
390	в	2231	None	None
391	20	2233	coref	3425
392	долларов	2236	None	None
393	.	2244	None	None
394	За	2246	None	None
395	рубежом	2249	None	None
396	более	2257	None	None
397	популярны	2263	None	None
398	стодолларовые	2273	None	None
399	банкноты	2287	None	None
400	.	2295	None	None
401	Новые	2297	None	None
402	банкноты	2303	None	None
403	достоинством	2312	None	None
404	в	2325	None	None
405	50	2327	None	None
406	и	2330	None	None
407	100	2332	None	None
408	долларов	2336	None	None
409	должны	2345	None	None
410	появиться	2352	None	None
411	соответственно	2362	None	None
412	в	2377	None	None
413	2004	2379	None	None
414	и	2384	None	None
415	2005	2386	None	None
416	годах	2391	None	None
417	.	2396	None	None
418	Решение	2399	None	None
419	о	2407	None	None
420	возможном	2409	None	None
421	новом	2419	None	None
422	дизайне	2425	None	None
423	5	2433	None	None
424	-	2434	coref	3425
425	и	2436	None	None
426	10	2438	None	None
427	-	2440	coref	3425
428	долларовых	2441	None	None
429	купюр	2452	None	None
430	пока	2458	None	None
431	не	2463	None	None
432	принято	2466	None	None
433	,	2473	None	None
434	а	2475	None	None
435	изменение	2477	None	None
436	облика	2487	None	None
437	двух	2494	None	None
438	-	2498	coref	3425
439	и	2500	None	None
440	однодолларовых	2502	None	None
441	банкнот	2517	None	None
442	не	2525	None	None
443	планируется	2528	None	None
444	.	2539	None	None
445	Как	2541	None	None
446	ожидается	2545	None	None
447	,	2554	None	None
448	новый	2556	None	None
449	дизайн	2562	None	None
450	банкнот	2569	None	None
451	будет	2577	None	None
452	вводиться	2583	None	None
453	каждые	2593	None	None
454	7	2600	coref	3427
455	-	2601	coref	3425
456	10	2602	None	None
457	лет	2605	None	None
458	.	2608	None	None
459	Официально	2611	None	None
460	новая	2622	coref	3425
461	«	2628	coref	3425
462	двадцатка	2629	None	None
463	»	2638	coref	3425
464	впервые	2640	None	None
465	была	2648	None	None
466	представлена	2653	None	None
467	пять	2666	None	None
468	месяцев	2671	None	None
469	назад	2679	None	None
470	.	2684	None	None
471	С	2686	None	None
472	тех	2688	None	None
473	пор	2692	None	None
474	бюро	2696	None	None
475	гравировки	2701	None	None
476	и	2712	None	None
477	печати	2714	None	None
478	изготовило	2721	None	None
479	и	2732	None	None
480	передало	2734	None	None
481	в	2743	None	None
482	хранилища	2745	None	None
483	уже	2755	None	None
484	915	2759	None	None
485	млн	2763	None	None
486	таких	2767	None	None
487	банкнот	2773	None	None
488	.	2780	None	None
