	word	start_char	type	chain_id
0	В	0	None	None
1	Чечне	2	coref	3747
2	похищен	8	None	None
3	солдат	16	coref	3748
4	,	22	None	None
5	прибывший	24	None	None
6	домой	34	None	None
7	в	40	None	None
8	отпуск	42	None	None
9	из	49	None	None
10	Ленинградской	52	coref	3749
11	области	66	coref	3749
12	В	75	None	None
13	Чечне	77	coref	3747
14	похищен	83	None	None
15	военнослужащий	91	coref	3748
16	срочной	106	coref	3748
17	службы	114	coref	3748
18	,	120	None	None
19	проходящий	122	None	None
20	службу	133	None	None
21	в	140	None	None
22	Ленинградской	142	coref	3749
23	области	156	coref	3749
24	и	164	None	None
25	прибывший	166	None	None
26	домой	176	None	None
27	в	182	None	None
28	отпуск	184	None	None
29	.	190	None	None
30	В	193	None	None
31	Гудермесском	195	None	None
32	городском	208	None	None
33	отделе	218	None	None
34	внутренних	225	None	None
35	дел	236	None	None
36	«	240	None	None
37	Интерфаксу	241	None	None
38	»	251	None	None
39	сообщили	253	None	None
40	,	261	None	None
41	что	263	None	None
42	в	267	None	None
43	ночь	269	None	None
44	с	274	None	None
45	четверга	276	None	None
46	на	285	coref	3751
47	пятницу	288	None	None
48	группа	296	coref	3750
49	неизвестных	303	coref	3750
50	бандитов	315	coref	3750
51	проникла	324	None	None
52	в	333	None	None
53	дом	335	coref	3751
54	на	339	coref	3751
55	улице	342	coref	3751
56	Тепловозная	348	coref	3751
57	,	359	None	None
58	в	361	None	None
59	котором	363	coref	3751
60	находился	371	None	None
61	прибывший	381	None	None
62	в	391	None	None
63	краткосрочный	393	None	None
64	отпуск	407	None	None
65	домой	414	None	None
66	к	420	None	None
67	родным	422	None	None
68	солдат	429	coref	3748
69	срочной	436	coref	3748
70	службы	444	coref	3748
71	Мурат	451	coref	3748
72	Бисултанов	457	coref	3748
73	.	467	None	None
74	Угрожая	470	None	None
75	оружием	478	None	None
76	,	485	None	None
77	бандиты	487	coref	3750
78	забрали	495	None	None
79	Бисултанова	503	coref	3748
80	с	515	None	None
81	собой	517	coref	3750
82	и	523	None	None
83	увезли	525	None	None
84	в	532	None	None
85	неизвестном	534	None	None
86	направлении	546	None	None
87	.	557	None	None
88	Установить	558	None	None
89	местонахождение	569	None	None
90	похищенного	585	coref	3748
91	пока	597	None	None
92	не	602	None	None
93	удалось	605	None	None
94	.	612	None	None
95	С	615	None	None
96	декабря	617	None	None
97	2002	625	None	None
98	года	630	None	None
99	Бисултанов	635	coref	3748
100	проходит	646	None	None
101	службу	655	None	None
102	в	662	None	None
103	рядах	664	None	None
104	Вооруженных	670	None	None
105	сил	682	None	None
106	Российской	686	None	None
107	Федерации	697	None	None
108	в	707	None	None
109	поселке	709	None	None
110	Ледашова	717	None	None
111	Выборгского	726	None	None
112	района	738	None	None
113	Ленинградской	745	coref	3749
114	области	759	coref	3749
115	.	766	None	None
116	В	769	None	None
117	городе	771	None	None
118	организованы	778	None	None
119	интенсивные	791	None	None
120	поиски	803	None	None
121	Бисултанова	810	coref	3748
122	,	821	None	None
123	проводятся	823	None	None
124	оперативно	834	None	None
125	-	844	None	None
126	следственные	845	None	None
127	мероприятия	858	None	None
128	с	870	None	None
129	целью	872	None	None
130	установления	878	None	None
131	и	891	None	None
132	задержания	893	None	None
133	лиц	904	coref	3750
134	,	907	None	None
135	причастных	909	None	None
136	к	920	None	None
137	этому	922	None	None
138	инциденту	928	None	None
139	,	937	None	None
140	отметили	939	None	None
141	в	948	None	None
142	милиции	950	None	None
143	.	957	None	None
