	word	start_char	type	chain_id
0	'	0	coref	4095
1	Феррари	1	coref	4095
2	'	8	coref	4095
3	представит	10	None	None
4	новый	21	coref	4096
5	болид	27	coref	4096
6	в	33	coref	4098
7	Имоле	35	coref	4097
8	Конюшня	42	coref	4095
9	'	50	coref	4095
10	Феррари	51	coref	4095
11	'	58	coref	4095
12	намерена	60	None	None
13	использовать	69	None	None
14	новый	82	coref	4096
15	болид	88	coref	4096
16	на	94	None	None
17	очередном	97	coref	4098
18	этапе	107	coref	4098
19	чемпионата	113	coref	4098
20	мира	124	coref	4098
21	по	129	coref	4098
22	автогонкам	132	coref	4098
23	в	143	coref	4098
24	классе	145	coref	4098
25	'	152	coref	4095
26	Формула	153	coref	4098
27	-	160	coref	4096
28	1	161	coref	4098
29	'	162	coref	4095
30	в	164	coref	4098
31	Сан	166	coref	4098
32	-	169	coref	4096
33	Марино	170	coref	4098
34	,	176	None	None
35	который	178	coref	4098
36	намечен	186	None	None
37	на	194	None	None
38	20	197	None	None
39	апреля	200	None	None
40	.	206	None	None
41	Об	208	None	None
42	этом	211	None	None
43	недвусмысленно	216	None	None
44	заявил	231	None	None
45	босс	238	coref	4099
46	'	243	coref	4095
47	Скудерии	244	coref	4099
48	'	252	coref	4095
49	Жан	254	coref	4099
50	Тодт	258	coref	4099
51	в	263	coref	4098
52	понедельник	265	None	None
53	в	277	coref	4098
54	интервью	279	None	None
55	итальянскому	288	None	None
56	спортивному	301	None	None
57	изданию	313	None	None
58	Gazzetta	321	None	None
59	dello	330	None	None
60	Sport	336	None	None
61	.	341	None	None
62	'	344	coref	4095
63	Если	345	None	None
64	не	350	None	None
65	случится	353	None	None
66	ничего	362	None	None
67	непредвиденного	369	None	None
68	,	384	None	None
69	вы	386	None	None
70	увидите	389	None	None
71	новый	397	coref	4096
72	F2003	403	coref	4096
73	-	408	coref	4096
74	GA	409	coref	4096
75	уже	412	None	None
76	на	416	None	None
77	автодроме	419	None	None
78	в	429	coref	4098
79	Имоле	431	coref	4097
80	'	436	coref	4095
81	,	437	None	None
82	-	439	coref	4096
83	пообещал	441	None	None
84	Тодт	450	coref	4099
85	.	454	None	None
86	Итальянские	456	coref	4100
87	автопроизводители	468	coref	4100
88	возлагают	486	None	None
89	большие	496	None	None
90	надежды	504	None	None
91	на	512	None	None
92	этот	515	None	None
93	дебют	520	None	None
94	,	525	None	None
95	сообщает	527	None	None
96	Reuters	536	None	None
97	.	543	None	None
98	По	545	None	None
99	их	548	coref	4100
100	мнению	551	None	None
101	,	557	None	None
102	новый	559	coref	4096
103	болид	565	coref	4096
104	должен	571	None	None
105	помочь	578	None	None
106	'	585	coref	4095
107	Феррари	586	coref	4095
108	'	593	coref	4095
109	справиться	595	None	None
110	со	606	None	None
111	спадом	609	coref	4101
112	,	615	None	None
113	который	617	coref	4098
114	переживает	625	None	None
115	команда	636	coref	4095
116	на	644	None	None
117	старте	647	None	None
118	сезона	654	None	None
119	.	660	None	None
120	Накануне	663	None	None
121	череда	672	None	None
122	разочарований	679	None	None
123	пополнилась	693	None	None
124	сходами	705	None	None
125	с	713	None	None
126	трассы	715	None	None
127	обоих	722	coref	4102
128	пилотов	728	coref	4102
129	'	736	coref	4095
130	Феррари	737	coref	4095
131	'	744	coref	4095
132	во	746	None	None
133	время	749	None	None
134	гран	755	None	None
135	-	759	coref	4096
136	при	760	None	None
137	Бразилии	764	coref	4103
138	.	772	None	None
139	Напомним	774	None	None
140	,	782	None	None
141	что	784	None	None
142	Михаэль	788	coref	4104
143	Шумахер	796	coref	4104
144	врезался	804	None	None
145	в	813	coref	4098
146	отбойник	815	None	None
147	на	824	None	None
148	26	827	None	None
149	-	829	coref	4096
150	м	830	None	None
151	круге	832	None	None
152	,	837	None	None
153	а	839	None	None
154	Рубенс	841	coref	4105
155	Барикелло	848	coref	4105
156	20	858	None	None
157	-	860	coref	4096
158	ю	861	None	None
159	кругами	863	None	None
160	позже	871	None	None
161	был	877	None	None
162	вынужден	881	None	None
163	прервать	890	None	None
164	свое	899	coref	4105
165	участие	904	None	None
166	в	912	coref	4098
167	домашнем	914	None	None
168	этапе	923	coref	4098
169	из	929	None	None
170	-	931	coref	4096
171	за	932	None	None
172	проблем	935	None	None
173	с	943	None	None
174	двигателем	945	None	None
175	.	955	None	None
176	'	958	coref	4095
177	Во	959	None	None
178	вторник	962	None	None
179	и	970	None	None
180	среду	972	None	None
181	в	978	coref	4098
182	ходе	980	None	None
183	тестов	985	None	None
184	в	992	coref	4098
185	Мюджелло	994	None	None
186	мы	1003	coref	4095
187	проверим	1006	None	None
188	'	1015	coref	4095
189	состояние	1016	None	None
190	здоровья	1026	None	None
191	'	1034	coref	4095
192	нового	1036	coref	4096
193	F2003	1043	coref	4096
194	-	1048	coref	4096
195	GA	1049	coref	4096
196	,	1051	None	None
197	-	1053	coref	4096
198	заявил	1055	None	None
199	пятикратный	1062	coref	4104
200	чемпион	1074	coref	4104
201	мира	1082	coref	4098
202	после	1087	None	None
203	гран	1093	None	None
204	-	1097	coref	4096
205	при	1098	None	None
206	Бразилии	1102	coref	4103
207	.	1110	None	None
208	-	1112	coref	4096
209	Впереди	1114	None	None
210	еще	1122	None	None
211	13	1126	None	None
212	гонок	1129	None	None
213	,	1134	None	None
214	и	1136	None	None
215	нам	1138	coref	4095
216	не	1142	None	None
217	стоит	1145	None	None
218	делать	1151	None	None
219	трагедии	1158	None	None
220	из	1167	None	None
221	неудачного	1170	None	None
222	старта	1181	None	None
223	.	1187	None	None
224	Ведь	1189	None	None
225	все	1194	None	None
226	только	1198	None	None
227	начинается	1205	None	None
228	.	1215	None	None
229	Пока	1217	None	None
230	можно	1222	None	None
231	констатировать	1228	None	None
232	,	1242	None	None
233	что	1244	None	None
234	наши	1248	coref	4095
235	конкуренты	1253	None	None
236	сделали	1264	None	None
237	большой	1272	None	None
238	шаг	1280	None	None
239	вперед	1284	None	None
240	по	1291	coref	4098
241	сравнению	1294	None	None
242	с	1304	None	None
243	прошлым	1306	None	None
244	сезоном	1314	None	None
245	.	1321	None	None
246	Скоро	1323	None	None
247	мы	1329	coref	4095
248	сделаем	1332	None	None
249	свой	1340	None	None
250	'	1344	coref	4095
251	.	1345	None	None
