	word	start_char	type	chain_id
0	В	0	None	None
1	США	2	coref	5007
2	в	6	None	None
3	результате	8	None	None
4	снежной	19	None	None
5	бури	27	None	None
6	погибли	32	None	None
7	8	40	coref	5008
8	человек	42	coref	5008
9	Восемь	51	coref	5008
10	человек	58	coref	5008
11	погибли	66	None	None
12	в	74	None	None
13	результате	76	None	None
14	снегопадов	87	None	None
15	,	97	None	None
16	сопровождавшихся	99	None	None
17	сильным	116	None	None
18	ветром	124	None	None
19	,	130	None	None
20	обрушившихся	132	None	None
21	на	145	None	None
22	северо	148	None	None
23	-	154	coref	5009
24	восточные	155	None	None
25	районы	165	None	None
26	США	172	coref	5007
27	.	175	None	None
28	Все	177	coref	5008
29	они	181	coref	5008
30	стали	185	None	None
31	жертвами	191	None	None
32	многочисленных	200	None	None
33	автомобильных	215	None	None
34	аварий	229	None	None
35	.	235	None	None
36	Большое	238	None	None
37	количество	246	None	None
38	снега	257	None	None
39	выпало	263	None	None
40	в	270	None	None
41	Нью	272	coref	5009
42	-	275	coref	5009
43	Йорке	276	coref	5009
44	,	281	None	None
45	Филадельфии	283	None	None
46	,	294	None	None
47	Балтиморе	296	None	None
48	,	305	None	None
49	Бостоне	307	coref	5010
50	.	314	None	None
51	В	316	None	None
52	штатах	318	None	None
53	Нью	325	coref	5009
54	-	328	coref	5009
55	Гэмпшир	329	None	None
56	и	337	None	None
57	Мэн	339	None	None
58	снежный	343	None	None
59	покров	351	None	None
60	местами	358	None	None
61	достиг	366	None	None
62	50	373	None	None
63	см	376	None	None
64	,	378	None	None
65	сообщает	380	None	None
66	«	389	None	None
67	Интерфакс	390	None	None
68	»	399	None	None
69	.	400	None	None
70	В	403	None	None
71	центре	405	None	None
72	Нью	412	coref	5009
73	-	415	coref	5009
74	Йорка	416	coref	5009
75	образовались	422	None	None
76	гигантские	435	None	None
77	сугробы	446	None	None
78	.	453	None	None
79	На	455	None	None
80	обычно	458	None	None
81	оживленных	465	None	None
82	авеню	476	None	None
83	сейчас	482	None	None
84	можно	489	None	None
85	видеть	495	None	None
86	лишь	502	None	None
87	редкие	507	None	None
88	машины	514	None	None
89	и	521	None	None
90	немногочисленных	523	None	None
91	прохожих	540	None	None
92	,	548	None	None
93	укутанных	550	None	None
94	в	560	None	None
95	шарфы	562	None	None
96	.	567	None	None
97	Временно	570	None	None
98	был	579	None	None
99	закрыт	583	None	None
100	аэропорт	590	None	None
101	Бостона	599	coref	5010
102	,	606	None	None
103	в	608	None	None
104	трех	610	None	None
105	нью	615	None	None
106	-	618	coref	5009
107	йоркских	619	None	None
108	аэропортах	628	None	None
109	многие	639	None	None
110	рейсы	646	None	None
111	были	652	None	None
112	отменены	657	None	None
113	или	666	None	None
114	задержаны	670	None	None
115	.	679	None	None
116	Техника	682	None	None
117	явно	690	None	None
118	не	695	None	None
119	справляется	698	None	None
120	с	710	None	None
121	расчисткой	712	None	None
122	автомагистралей	723	None	None
123	.	738	None	None
124	На	740	None	None
125	нормализацию	743	None	None
126	работы	756	None	None
127	аэропортов	763	None	None
128	,	773	None	None
129	по	775	None	None
130	оценкам	778	None	None
131	,	785	None	None
132	потребуется	787	None	None
133	несколько	799	None	None
134	дней	809	None	None
135	.	813	None	None
136	Даже	816	None	None
137	там	821	None	None
138	,	824	None	None
139	где	826	None	None
140	дороги	830	None	None
141	расчищены	837	None	None
142	,	846	None	None
143	движение	848	None	None
144	крайне	857	None	None
145	затруднено	864	None	None
146	.	874	None	None
147	Машины	876	None	None
148	то	883	None	None
149	и	886	None	None
150	дело	888	None	None
151	заносит	893	None	None
152	на	901	None	None
153	скользкой	904	None	None
154	проезжей	914	None	None
155	части	923	None	None
156	.	928	None	None
157	Местные	930	None	None
158	власти	938	None	None
159	призывают	945	None	None
160	сограждан	955	None	None
161	не	965	None	None
162	пускаться	968	None	None
163	в	978	None	None
164	путь	980	None	None
165	без	985	None	None
166	крайней	989	None	None
167	необходимости	997	None	None
168	.	1010	None	None
