	word	start_char	type	chain_id
0	Правительство	0	coref	4691
1	США	14	coref	4691
2	знает	18	None	None
3	о	24	None	None
4	казнях	26	None	None
5	в	33	None	None
6	Ираке	35	coref	4692
7	своих	41	coref	4691
8	информаторов	47	coref	4693
9	,	59	None	None
10	но	61	None	None
11	закрывает	64	None	None
12	глаза	74	None	None
13	В	81	None	None
14	четверг	83	None	None
15	администрация	91	coref	4691
16	Белого	105	coref	4691
17	дома	112	coref	4691
18	утвердила	117	None	None
19	решение	127	None	None
20	о	135	None	None
21	выплате	137	None	None
22	информатору	145	coref	4694
23	,	156	None	None
24	рассказавшему	158	None	None
25	о	172	None	None
26	том	174	None	None
27	,	177	None	None
28	где	179	None	None
29	скрывались	183	None	None
30	сыновья	194	coref	4695
31	Саддама	202	coref	4695
32	Хусейна	210	coref	4695
33	Удей	218	coref	4697
34	и	223	coref	4711
35	Кусай	225	coref	4698
36	,	230	None	None
37	награды	232	None	None
38	в	240	None	None
39	размере	242	None	None
40	30	250	None	None
41	миллионов	253	None	None
42	долларов	263	None	None
43	.	271	None	None
44	Однако	273	None	None
45	судьба	280	None	None
46	большинства	287	None	None
47	иракцев	299	coref	4699
48	,	306	None	None
49	сотрудничающих	308	None	None
50	с	323	None	None
51	американскими	325	coref	4700
52	войсками	339	coref	4700
53	,	347	None	None
54	складывается	349	None	None
55	чаще	362	None	None
56	всего	367	None	None
57	вовсе	373	None	None
58	не	379	None	None
59	так	382	None	None
60	удачно	386	None	None
61	.	392	None	None
62	В	395	None	None
63	пятницу	397	None	None
64	в	405	None	None
65	новом	407	None	None
66	обращении	413	None	None
67	к	423	None	None
68	иракскому	425	coref	4699
69	народу	435	coref	4699
70	,	441	None	None
71	переданном	443	None	None
72	телекомпанией	454	None	None
73	Al	468	None	None
74	-	470	coref	4703
75	Jazeera	471	None	None
76	,	478	None	None
77	Саддам	480	coref	4696
78	Хусейн	487	coref	4696
79	призвал	494	None	None
80	«	502	coref	4704
81	истребить	503	None	None
82	тех	513	coref	4693
83	,	516	None	None
84	кто	518	coref	4693
85	предал	522	None	None
86	нацию	529	None	None
87	»	534	coref	4704
88	сотрудничеством	536	None	None
89	с	552	None	None
90	американскими	554	coref	4700
91	войсками	568	coref	4700
92	.	576	None	None
93	Газета	579	coref	4701
94	The	586	coref	4701
95	Washington	590	coref	4701
96	Post	601	coref	4701
97	опубликовала	606	None	None
98	в	619	None	None
99	пятницу	621	None	None
100	статью	629	coref	4702
101	,	635	None	None
102	в	637	None	None
103	которой	639	coref	4702
104	рассказывается	647	None	None
105	о	662	None	None
106	том	664	None	None
107	,	667	None	None
108	как	669	None	None
109	именно	673	None	None
110	жители	680	coref	4699
111	Ирака	687	coref	4692
112	поступают	693	None	None
113	с	703	None	None
114	инорфматорами	705	coref	4693
115	.	718	None	None
116	«	721	coref	4704
117	Если	722	None	None
118	ты	727	coref	4703
119	не	730	None	None
120	убьешь	733	None	None
121	своего	740	coref	4703
122	сына	747	coref	4704
123	,	751	None	None
124	мы	753	coref	4710
125	вырежем	756	None	None
126	всю	764	coref	4705
127	твою	768	coref	4703
128	семью	773	coref	4705
129	»	778	coref	4704
130	28	781	coref	4704
131	-	783	coref	4703
132	летний	784	coref	4704
133	Сабах	791	coref	4704
134	Кербул	797	coref	4703
135	был	804	None	None
136	казнен	808	None	None
137	своим	815	coref	4691
138	собственным	821	coref	4703
139	отцом	833	coref	4703
140	,	838	None	None
141	за	840	None	None
142	«	843	coref	4704
143	предательство	844	None	None
144	и	858	coref	4711
145	сотрудничество	860	None	None
146	с	875	None	None
147	оккупационными	877	coref	4700
148	войсками	892	coref	4700
149	»	900	coref	4704
150	.	901	None	None
151	Жители	904	coref	4706
152	небольшой	911	coref	4706
153	иракской	921	coref	4706
154	деревни	930	coref	4706
155	Тулуйя	938	coref	4706
156	обвинили	945	None	None
157	Сабаха	954	coref	4703
158	в	961	None	None
159	том	963	None	None
160	,	966	None	None
161	что	968	None	None
162	именно	972	None	None
163	он	979	coref	4703
164	указал	982	None	None
165	американским	989	coref	4700
166	военным	1002	coref	4700
167	на	1010	None	None
168	людей	1013	None	None
169	,	1018	None	None
170	симпатизирующих	1020	None	None
171	Саддаму	1036	coref	4696
172	.	1043	None	None
173	Последующая	1045	None	None
174	операция	1057	None	None
175	американских	1066	coref	4700
176	войск	1079	coref	4700
177	в	1085	None	None
178	деревне	1087	coref	4707
179	привела	1095	None	None
180	к	1103	None	None
181	гибели	1105	None	None
182	4	1112	None	None
183	мирных	1114	None	None
184	жителей	1121	coref	4699
185	.	1128	None	None
186	Через	1131	None	None
187	несколько	1137	None	None
188	дней	1147	None	None
189	совет	1152	None	None
190	деревни	1158	coref	4706
191	объявил	1166	None	None
192	отцу	1174	coref	4703
193	Сабаха	1179	coref	4703
194	Кербула	1186	coref	4703
195	-	1194	coref	4703
196	Салему	1196	coref	4703
197	,	1202	None	None
198	что	1204	None	None
199	если	1208	None	None
200	он	1213	coref	4703
201	не	1216	None	None
202	убьет	1219	None	None
203	своего	1225	coref	4703
204	сына	1232	coref	4704
205	,	1236	None	None
206	вся	1238	coref	4705
207	его	1242	coref	4703
208	семья	1246	coref	4705
209	будет	1252	None	None
210	уничтожена	1258	None	None
211	.	1268	None	None
212	Казнь	1271	None	None
213	«	1277	coref	4704
214	предателя	1278	coref	4704
215	»	1287	coref	4704
216	была	1289	None	None
217	публичной	1294	None	None
218	.	1303	None	None
219	Очевидцы	1305	None	None
220	рассказывают	1314	None	None
221	,	1326	None	None
222	что	1328	None	None
223	у	1332	None	None
224	отца	1334	coref	4703
225	дрогнула	1339	None	None
226	рука	1348	None	None
227	.	1352	None	None
228	Он	1354	coref	4703
229	сделал	1357	None	None
230	два	1364	None	None
231	выстрела	1368	None	None
232	,	1376	None	None
233	ранив	1378	None	None
234	Сабаха	1384	coref	4703
235	в	1391	None	None
236	ногу	1393	None	None
237	и	1398	coref	4711
238	живот	1400	None	None
239	,	1405	None	None
240	и	1407	coref	4711
241	потерял	1409	None	None
242	сознание	1417	None	None
243	.	1425	None	None
244	Последние	1427	None	None
245	несколько	1437	None	None
246	выстрелов	1447	None	None
247	,	1456	None	None
248	в	1458	None	None
249	том	1460	None	None
250	числе	1464	None	None
251	«	1470	coref	4704
252	контрольный	1471	None	None
253	выстрел	1483	None	None
254	в	1491	None	None
255	голову	1493	None	None
256	»	1499	coref	4704
257	,	1500	None	None
258	сделал	1502	None	None
259	брат	1509	coref	4708
260	Сабаха	1514	coref	4703
261	-	1521	coref	4703
262	Салах	1523	coref	4708
263	.	1528	None	None
264	Вокруг	1531	None	None
265	места	1538	None	None
266	казни	1544	None	None
267	стояли	1550	None	None
268	жители	1557	coref	4699
269	деревни	1564	coref	4706
270	,	1571	None	None
271	вооруженные	1573	None	None
272	автоматами	1585	None	None
273	AK	1596	None	None
274	-	1598	coref	4703
275	47	1599	None	None
276	.	1601	None	None
277	«	1604	coref	4704
278	Я	1605	coref	4703
279	все	1607	None	None
280	-	1610	coref	4703
281	таки	1611	None	None
282	его	1616	coref	4703
283	отец	1620	None	None
284	.	1624	None	None
285	У	1626	None	None
286	меня	1628	coref	4703
287	есть	1633	None	None
288	сердце	1638	None	None
289	,	1644	None	None
290	а	1646	None	None
291	он	1648	coref	4703
292	-	1651	coref	4703
293	мой	1653	coref	4703
294	сын	1657	None	None
295	!	1660	None	None
296	Даже	1662	None	None
297	пророк	1667	coref	4709
298	Авраам	1674	coref	4709
299	не	1681	None	None
300	смог	1684	None	None
301	убить	1689	None	None
302	своего	1695	coref	4703
303	сына	1702	coref	4704
304	»	1706	coref	4704
305	,	1707	None	None
306	-	1709	coref	4703
307	говорит	1711	None	None
308	Салем	1719	coref	4703
309	Кербул	1725	coref	4703
310	,	1731	None	None
311	затягиваясь	1733	None	None
312	сигаретой	1745	None	None
313	.	1754	None	None
314	«	1756	coref	4704
315	У	1757	None	None
316	меня	1759	coref	4703
317	просто	1764	None	None
318	не	1771	None	None
319	было	1774	None	None
320	другого	1779	None	None
321	выбора	1787	None	None
322	»	1793	coref	4704
323	.	1794	None	None
324	В	1796	None	None
325	глазах	1798	None	None
326	у	1805	None	None
327	Салема	1807	coref	4703
328	стоят	1814	None	None
329	слезы	1820	None	None
330	.	1825	None	None
331	«	1828	coref	4704
332	Сначала	1829	None	None
333	мы	1837	coref	4710
334	истребим	1840	None	None
335	всех	1849	None	None
336	предателей	1854	coref	4693
337	,	1864	None	None
338	а	1866	None	None
339	потом	1868	None	None
340	-	1874	coref	4703
341	оккупантов	1876	coref	4700
342	»	1886	coref	4704
343	За	1889	None	None
344	несколько	1892	None	None
345	месяцев	1902	None	None
346	,	1909	None	None
347	прошедших	1911	None	None
348	после	1921	None	None
349	падения	1927	None	None
350	режима	1935	None	None
351	Саддама	1942	coref	4695
352	Хусейна	1950	coref	4695
353	,	1957	None	None
354	американским	1959	coref	4700
355	военным	1972	coref	4700
356	удалось	1980	None	None
357	поймать	1988	None	None
358	около	1996	None	None
359	80	2002	None	None
360	%	2004	None	None
361	помощников	2006	coref	4711
362	и	2017	coref	4711
363	функционеров	2019	coref	4711
364	партии	2032	coref	4711
365	Баас	2039	coref	4711
366	,	2043	None	None
367	а	2045	None	None
368	также	2047	None	None
369	конфисковать	2053	None	None
370	большое	2066	None	None
371	количество	2074	None	None
372	оружия	2085	None	None
373	,	2091	None	None
374	боеприпасов	2093	None	None
375	и	2105	coref	4711
376	взрывчатки	2107	None	None
377	.	2117	None	None
378	Почти	2119	None	None
379	все	2125	None	None
380	успешные	2129	None	None
381	операции	2138	None	None
382	американских	2147	coref	4700
383	войск	2160	coref	4700
384	в	2166	None	None
385	Ираке	2168	coref	4692
386	были	2174	None	None
387	проведены	2179	None	None
388	по	2189	None	None
389	наводке	2192	None	None
390	местных	2200	coref	4699
391	жителей	2208	coref	4699
392	.	2215	None	None
393	Информаторы	2218	coref	4693
394	работают	2230	None	None
395	за	2239	None	None
396	денежное	2242	coref	4713
397	вознаграждение	2251	coref	4713
398	,	2265	None	None
399	которое	2267	coref	4713
400	может	2275	None	None
401	быть	2281	None	None
402	не	2286	None	None
403	очень	2289	None	None
404	большим	2295	None	None
405	-	2303	coref	4703
406	около	2305	None	None
407	20	2311	None	None
408	долларов	2314	None	None
409	,	2322	None	None
410	или	2324	None	None
411	достаточно	2328	None	None
412	крупным	2339	None	None
413	-	2347	coref	4703
414	до	2349	None	None
415	2	2352	None	None
416	500	2354	None	None
417	долларов	2358	None	None
418	.	2366	None	None
419	Единственное	2368	None	None
420	,	2380	None	None
421	чего	2382	None	None
422	не	2387	None	None
423	могут	2390	None	None
424	предоставить	2396	None	None
425	американские	2409	coref	4691
426	власти	2422	coref	4691
427	своим	2429	coref	4691
428	иракским	2435	coref	4693
429	помощникам	2444	coref	4693
430	-	2455	coref	4703
431	это	2457	None	None
432	гарантий	2461	None	None
433	безопасности	2470	None	None
434	.	2482	None	None
435	По	2485	None	None
436	стране	2488	coref	4692
437	циркулируют	2495	None	None
438	списки	2507	None	None
439	информаторов	2514	coref	4693
440	.	2526	None	None
441	Информаторов	2528	coref	4693
442	публично	2541	None	None
443	казнят	2550	None	None
444	,	2556	None	None
445	на	2558	None	None
446	них	2561	coref	4693
447	устраивают	2565	None	None
448	покушения	2576	None	None
449	или	2586	None	None
450	забрасывают	2590	None	None
451	их	2602	coref	4693
452	дома	2605	coref	4691
453	гранатами	2610	None	None
454	.	2619	None	None
455	Каждая	2621	None	None
456	листовка	2628	None	None
457	с	2637	None	None
458	«	2639	coref	4704
459	именами	2640	None	None
460	предателей	2648	coref	4693
461	»	2658	coref	4704
462	начинается	2660	None	None
463	традиционным	2671	None	None
464	«	2684	coref	4704
465	во	2685	None	None
466	имя	2688	None	None
467	Аллаха	2692	None	None
468	,	2698	None	None
469	милостивого	2700	None	None
470	и	2712	coref	4711
471	милосердного	2714	None	None
472	»	2726	coref	4704
473	,	2727	None	None
474	а	2729	None	None
475	заканчивается	2731	None	None
476	словами	2745	None	None
477	:	2752	None	None
478	«	2754	coref	4704
479	Сначала	2755	None	None
480	мы	2763	coref	4710
481	истребим	2766	None	None
482	всех	2775	None	None
483	предателей	2780	coref	4693
484	,	2790	None	None
485	а	2792	None	None
486	потом	2794	None	None
487	-	2800	coref	4703
488	оккупантов	2802	coref	4700
489	»	2812	coref	4704
490	.	2813	None	None
491	Представители	2816	coref	4714
492	СЕНТКОМА	2830	coref	4714
493	не	2839	None	None
494	комментируют	2842	None	None
495	сообщения	2855	None	None
496	об	2865	None	None
497	убийствах	2868	None	None
498	и	2878	coref	4711
499	казнях	2880	None	None
500	информаторов	2887	coref	4693
501	.	2899	None	None
502	«	2901	coref	4704
503	Американская	2902	coref	4700
504	армия	2915	coref	4700
505	умыла	2921	None	None
506	руки	2927	None	None
507	»	2931	coref	4704
508	,	2932	None	None
509	-	2934	coref	4703
510	пишет	2936	None	None
511	The	2942	coref	4701
512	Washington	2946	coref	4701
513	Post	2957	coref	4701
514	.	2961	None	None
515	«	2964	coref	4704
516	Мы	2965	coref	4714
517	не	2968	None	None
518	предоставляем	2971	None	None
519	никакой	2985	None	None
520	защиты	2993	None	None
521	на	3000	None	None
522	местном	3003	None	None
523	уровне	3011	None	None
524	»	3017	coref	4704
525	,	3018	None	None
526	-	3020	coref	4703
527	заявил	3022	None	None
528	генерал	3029	coref	4715
529	-	3036	coref	4703
530	лейтенант	3037	coref	4715
531	Рикардо	3047	coref	4715
532	Санчез	3055	coref	4715
533	.	3061	None	None
534	Не	3064	None	None
535	все	3067	None	None
536	информаторы	3071	coref	4693
537	получают	3083	None	None
538	деньги	3092	coref	4713
539	.	3098	None	None
540	Некоторые	3100	None	None
541	«	3110	coref	4704
542	работают	3111	None	None
543	за	3120	None	None
544	идею	3123	None	None
545	»	3127	coref	4704
546	45	3130	coref	4716
547	-	3132	coref	4703
548	летний	3133	coref	4704
549	Шакр	3140	coref	4716
550	,	3144	None	None
551	рассказавший	3146	None	None
552	американцам	3159	coref	4700
553	о	3171	None	None
554	том	3173	None	None
555	,	3176	None	None
556	где	3178	None	None
557	скрываются	3182	None	None
558	некоторые	3193	None	None
559	члены	3203	coref	4711
560	партии	3209	coref	4711
561	Баас	3216	coref	4711
562	утверждает	3221	None	None
563	,	3231	None	None
564	что	3233	None	None
565	он	3237	coref	4703
566	сделал	3240	None	None
567	это	3247	None	None
568	«	3251	coref	4704
569	ради	3252	None	None
570	своих	3257	coref	4691
571	детей	3263	coref	4717
572	»	3268	coref	4704
573	.	3269	None	None
574	«	3272	coref	4704
575	Я	3273	coref	4703
576	не	3275	None	None
577	взял	3278	None	None
578	у	3283	None	None
579	них	3285	coref	4693
580	ни	3289	None	None
581	цента	3292	None	None
582	.	3297	None	None
583	Я	3299	coref	4703
584	хочу	3301	None	None
585	сделать	3306	None	None
586	достойное	3314	None	None
587	дело	3324	None	None
588	,	3328	None	None
589	чтобы	3330	None	None
590	мои	3336	coref	4716
591	дети	3340	coref	4717
592	потом	3345	None	None
593	добрым	3351	None	None
594	словом	3358	None	None
595	вспоминали	3365	None	None
596	своего	3376	coref	4703
597	отца	3383	coref	4703
598	»	3387	coref	4704
599	,	3388	None	None
600	-	3390	coref	4703
601	говорит	3392	None	None
602	Шакр	3400	coref	4716
603	.	3404	None	None
604	Спустя	3407	None	None
605	несколько	3414	None	None
606	дней	3424	None	None
607	в	3429	None	None
608	его	3431	coref	4703
609	дом	3435	None	None
610	бросили	3439	None	None
611	гранату	3447	None	None
612	.	3454	None	None
613	Пока	3456	None	None
614	он	3461	coref	4703
615	жив	3464	None	None
616	.	3467	None	None
