	word	start_char	type	chain_id
0	В	0	None	None
1	Москве	2	coref	3480
2	увеличат	9	None	None
3	тарифы	18	None	None
4	на	25	None	None
5	электроэнергию	28	None	None
6	и	43	None	None
7	тепло	45	None	None
8	С	52	None	None
9	1	54	None	None
10	марта	56	None	None
11	в	62	None	None
12	Москве	64	coref	3480
13	увеличат	71	None	None
14	тарифы	80	None	None
15	на	87	None	None
16	электроэнергию	90	None	None
17	и	105	None	None
18	тепло	107	None	None
19	.	112	None	None
20	Вопрос	114	None	None
21	об	121	None	None
22	этом	124	None	None
23	решается	129	None	None
24	сейчас	138	None	None
25	в	145	None	None
26	столичной	147	coref	3481
27	мэрии	157	coref	3481
28	,	162	None	None
29	заявил	164	None	None
30	вице	171	coref	3482
31	-	175	coref	3482
32	мэр	176	coref	3482
33	столицы	180	coref	3480
34	Валерий	188	coref	3482
35	Шанцев	196	coref	3482
36	.	202	None	None
37	По	205	None	None
38	его	208	coref	3482
39	словам	212	None	None
40	,	218	None	None
41	ОАО	220	None	None
42	«	224	None	None
43	Мосэнерго	225	None	None
44	»	234	None	None
45	предлагает	236	None	None
46	увеличить	247	None	None
47	тарифы	257	None	None
48	на	264	None	None
49	электроэнергию	267	None	None
50	на	282	None	None
51	39	285	None	None
52	%	287	None	None
53	,	288	None	None
54	на	290	None	None
55	тепло	293	None	None
56	-	299	coref	3482
57	на	301	None	None
58	50	304	None	None
59	%	306	None	None
60	.	307	None	None
61	Однако	309	None	None
62	столичное	316	coref	3481
63	правительство	326	coref	3481
64	не	340	None	None
65	согласно	343	None	None
66	этими	352	None	None
67	цифрами	358	None	None
68	,	365	None	None
69	поскольку	367	None	None
70	считает	377	None	None
71	,	384	None	None
72	что	386	None	None
73	подобное	390	None	None
74	увеличение	399	None	None
75	тарифов	410	None	None
76	было	418	None	None
77	бы	423	None	None
78	экономически	426	None	None
79	невыгодно	439	None	None
80	.	448	None	None
81	Скорее	450	None	None
82	всего	457	None	None
83	,	462	None	None
84	эти	464	None	None
85	цифры	468	None	None
86	будут	474	None	None
87	сокращены	480	None	None
88	вдвое	490	None	None
89	,	495	None	None
90	передает	497	None	None
91	«	506	None	None
92	Интерфакс	507	None	None
93	»	516	None	None
94	.	517	None	None
95	Вице	520	coref	3482
96	-	524	coref	3482
97	мэр	525	coref	3482
98	сообщил	529	None	None
99	,	536	None	None
100	что	538	None	None
101	в	542	None	None
102	бюджете	544	None	None
103	города	552	coref	3480
104	на	559	None	None
105	текущий	562	None	None
106	год	570	None	None
107	заложено	574	None	None
108	повышение	583	None	None
109	тарифов	593	None	None
110	на	601	None	None
111	15	604	None	None
112	%	606	None	None
113	.	607	None	None
114	Городское	609	None	None
115	законодательство	619	None	None
116	допускает	636	None	None
117	повышение	646	None	None
118	тарифов	656	None	None
119	один	664	None	None
120	раз	669	None	None
121	в	673	None	None
122	год	675	None	None
123	.	678	None	None
