	word	start_char	type	chain_id
0	В	0	None	None
1	Якутии	2	coref	4075
2	9	9	None	None
3	апреля	11	None	None
4	объявлено	18	None	None
5	днем	28	None	None
6	траура	33	None	None
7	В	41	None	None
8	Якутии	43	coref	4075
9	9	50	None	None
10	апреля	52	None	None
11	объявлен	59	None	None
12	днем	68	None	None
13	траура	73	None	None
14	в	80	coref	4077
15	связи	82	None	None
16	с	88	coref	4080
17	гибелью	90	None	None
18	22	98	coref	4076
19	учеников	101	coref	4076
20	во	110	None	None
21	время	113	None	None
22	пожара	119	coref	4076
23	в	126	coref	4077
24	школе	128	coref	4077
25	села	134	coref	4077
26	Сыдыбыл	139	coref	4077
27	.	146	None	None
28	Соответствующий	148	None	None
29	указ	164	None	None
30	подписал	169	None	None
31	во	178	None	None
32	вторник	181	None	None
33	президент	189	None	None
34	республики	199	coref	4075
35	Вячеслав	210	None	None
36	Штыров	219	None	None
37	.	225	None	None
38	На	228	None	None
39	всей	231	None	None
40	территории	236	None	None
41	республики	247	coref	4075
42	на	258	None	None
43	зданиях	261	None	None
44	органов	269	None	None
45	государственной	277	None	None
46	власти	293	None	None
47	и	300	None	None
48	местного	302	None	None
49	самоуправления	311	None	None
50	в	326	coref	4077
51	среду	328	None	None
52	будут	334	None	None
53	приспущены	340	None	None
54	государственные	351	None	None
55	флаги	367	None	None
56	России	373	coref	4079
57	и	380	None	None
58	Якутии	382	coref	4075
59	,	388	None	None
60	телевидение	390	None	None
61	и	402	None	None
62	учреждения	404	None	None
63	культуры	415	None	None
64	отменят	424	None	None
65	все	432	None	None
66	развлекательные	436	None	None
67	передачи	452	None	None
68	и	461	None	None
69	мероприятия	463	None	None
70	.	474	None	None
71	В	477	None	None
72	Сыдыбыле	479	coref	4078
73	состоялась	488	None	None
74	встреча	499	coref	4080
75	правительственной	507	coref	4080
76	комиссии	525	coref	4080
77	с	534	coref	4080
78	родителями	536	coref	4080
79	погибших	547	coref	4076
80	,	555	None	None
81	на	557	None	None
82	которой	560	coref	4080
83	принято	568	None	None
84	совместное	576	None	None
85	решение	587	None	None
86	-	595	None	None
87	похоронить	597	None	None
88	детей	608	coref	4076
89	в	614	coref	4077
90	одной	616	None	None
91	могиле	622	None	None
92	после	629	None	None
93	того	635	None	None
94	,	639	None	None
95	как	641	None	None
96	найдут	645	None	None
97	все	652	None	None
98	останки	656	None	None
99	.	663	None	None
100	На	666	None	None
101	месте	669	None	None
102	погребения	675	None	None
103	будет	686	None	None
104	возведен	692	None	None
105	мемориальный	701	None	None
106	комплекс	714	None	None
107	.	722	None	None
108	Об	724	None	None
109	этом	727	None	None
110	сообщил	732	None	None
111	председатель	740	coref	4081
112	правительства	753	coref	4081
113	Якутии	767	coref	4075
114	Егор	774	coref	4081
115	Борисов	779	coref	4081
116	.	786	None	None
117	По	789	None	None
118	его	792	coref	4081
119	словам	796	None	None
120	,	802	None	None
121	на	804	None	None
122	сегодняшний	807	None	None
123	день	819	None	None
124	обнаружены	824	None	None
125	останки	835	None	None
126	15	843	None	None
127	из	846	None	None
128	22	849	coref	4076
129	погибших	852	coref	4076
130	.	860	None	None
131	Поиски	862	None	None
132	остальных	869	None	None
133	тел	879	None	None
134	продолжаются	883	None	None
135	,	895	None	None
136	эксперты	897	None	None
137	проводят	906	None	None
138	идентификацию	915	None	None
139	жертв	929	coref	4076
140	пожара	935	coref	4076
141	,	941	None	None
142	передает	943	None	None
143	ИТАР	952	None	None
144	-	956	None	None
145	ТАСС	957	None	None
146	.	961	None	None
147	Напомним	964	None	None
148	,	972	None	None
149	в	974	coref	4077
150	результате	976	None	None
151	пожара	987	coref	4076
152	в	994	coref	4077
153	школе	996	coref	4077
154	поселка	1002	coref	4077
155	Сыдыбыл	1010	coref	4077
156	в	1018	coref	4077
157	Якутии	1020	coref	4075
158	погибли	1027	None	None
159	22	1035	coref	4076
160	ребенка	1038	coref	4076
161	,	1045	None	None
162	различные	1047	None	None
163	ранения	1057	None	None
164	получили	1065	None	None
165	39	1074	None	None
166	человек	1077	None	None
167	.	1084	None	None
168	По	1086	None	None
169	предварительным	1089	None	None
170	данным	1105	None	None
171	,	1111	None	None
172	причиной	1113	None	None
173	пожара	1122	coref	4076
174	стало	1129	None	None
175	возгорание	1135	None	None
176	электрического	1146	None	None
177	щита	1161	None	None
178	.	1165	None	None
179	Учительница	1168	None	None
180	якутского	1180	None	None
181	языка	1190	None	None
182	Саргылана	1196	None	None
183	Капустина	1206	None	None
184	рассказала	1216	None	None
185	,	1226	None	None
186	что	1228	None	None
187	пожар	1232	None	None
188	начался	1238	None	None
189	в	1246	coref	4077
190	школьной	1248	None	None
191	раздевалке	1257	None	None
192	,	1267	None	None
193	огонь	1269	None	None
194	быстро	1275	None	None
195	распространился	1282	None	None
196	по	1298	None	None
197	первому	1301	None	None
198	этажу	1309	None	None
199	,	1314	None	None
200	отрезав	1316	None	None
201	путь	1324	None	None
202	к	1329	None	None
203	выходу	1331	None	None
204	.	1337	None	None
205	Выпускники	1339	coref	4076
206	помогали	1350	None	None
207	учителям	1359	None	None
208	спасать	1368	None	None
209	младших	1376	None	None
210	школьников	1384	None	None
211	,	1394	None	None
212	а	1396	None	None
213	сами	1398	coref	4076
214	не	1403	None	None
215	сумели	1406	None	None
216	выбраться	1413	None	None
217	из	1423	None	None
218	огня	1426	None	None
219	.	1430	None	None
220	По	1433	None	None
221	факту	1436	None	None
222	пожара	1442	coref	4076
223	в	1449	coref	4077
224	школе	1451	coref	4077
225	возбуждено	1457	None	None
226	уголовное	1468	None	None
227	дело	1478	None	None
228	по	1483	None	None
229	статье	1486	coref	4082
230	219	1493	coref	4082
231	УК	1497	coref	4082
232	РФ	1500	coref	4079
233	,	1502	None	None
234	часть	1504	None	None
235	2	1510	None	None
236	.	1511	None	None
237	Согласно	1513	None	None
238	этой	1522	coref	4082
239	статье	1527	coref	4082
240	,	1533	None	None
241	виновные	1535	None	None
242	могут	1544	None	None
243	получить	1550	None	None
244	до	1559	None	None
245	10	1562	None	None
246	лет	1565	None	None
247	лишения	1569	None	None
248	свободы	1577	None	None
249	.	1584	None	None
