	word	start_char	type	chain_id
0	Уоррен	0	coref	3415
1	Баффет	7	coref	3415
2	поможет	14	None	None
3	Шварценеггеру	22	coref	3416
4	стать	36	None	None
5	губернатором	42	None	None
6	Калифорнии	55	coref	3417
7	Главный	67	None	None
8	претендент	75	None	None
9	на	86	None	None
10	пост	89	None	None
11	губернатора	94	None	None
12	штата	106	coref	3417
13	Калифорния	112	coref	3417
14	,	122	None	None
15	американский	124	coref	3416
16	киноактер	137	coref	3416
17	Арнольд	147	coref	3416
18	Шварценеггер	155	coref	3416
19	назначил	168	None	None
20	своим	177	coref	3416
21	экономическим	183	None	None
22	советником	197	None	None
23	известного	208	coref	3415
24	и	219	coref	3415
25	влиятельного	221	coref	3415
26	финансиста	234	coref	3415
27	Уоррена	245	coref	3415
28	Баффета	253	coref	3415
29	.	260	None	None
30	Пресс	263	None	None
31	-	268	None	None
32	служба	269	None	None
33	актера	276	coref	3416
34	сообщила	283	None	None
35	,	291	None	None
36	что	293	None	None
37	в	297	None	None
38	задачу	299	None	None
39	этого	306	coref	3415
40	советника	312	coref	3415
41	входит	322	None	None
42	собрать	329	None	None
43	группу	337	coref	3418
44	экономистов	344	coref	3418
45	и	356	coref	3415
46	предпринимателей	358	coref	3418
47	,	374	None	None
48	которые	376	coref	3418
49	должны	384	None	None
50	изучить	391	None	None
51	и	399	coref	3415
52	предложить	401	None	None
53	решение	412	None	None
54	острых	420	None	None
55	экономической	427	None	None
56	и	441	coref	3415
57	энергетической	443	None	None
58	проблем	458	None	None
59	,	465	None	None
60	переживаемых	467	None	None
61	сейчас	480	None	None
62	самым	487	coref	3417
63	многонаселенным	493	coref	3417
64	и	509	coref	3415
65	богатым	511	coref	3417
66	штатом	519	coref	3417
67	страны	526	coref	3417
68	.	532	None	None
69	Баффет	535	coref	3415
70	,	541	None	None
71	уступающий	543	None	None
72	по	554	coref	3420
73	размеру	557	None	None
74	кошелька	565	None	None
75	лишь	574	None	None
76	основателю	579	None	None
77	Microsoft	590	None	None
78	Биллу	600	None	None
79	Гейтсу	606	None	None
80	,	612	None	None
81	выразил	614	None	None
82	уверенность	622	None	None
83	,	633	None	None
84	что	635	None	None
85	знаменитый	639	coref	3416
86	киноактер	650	coref	3416
87	«	660	coref	3416
88	станет	661	None	None
89	хорошим	668	None	None
90	губернатором	676	None	None
91	»	688	coref	3416
92	.	689	None	None
93	Шварценеггер	692	coref	3416
94	лидирует	705	None	None
95	сейчас	714	None	None
96	в	721	None	None
97	опросах	723	None	None
98	общественного	731	None	None
99	мнения	745	None	None
100	:	751	None	None
101	52	753	None	None
102	%	755	None	None
103	жителей	757	None	None
104	штата	765	coref	3417
105	считают	771	None	None
106	,	778	None	None
107	что	780	None	None
108	он	784	coref	3416
109	будет	787	None	None
110	лучшим	793	None	None
111	управленцем	800	None	None
112	,	811	None	None
113	чем	813	None	None
114	какой	817	None	None
115	-	822	None	None
116	либо	823	None	None
117	профессиональный	828	None	None
118	политический	845	None	None
119	деятель	858	None	None
120	.	865	None	None
121	Пока	868	None	None
122	что	873	None	None
123	политическая	877	None	None
124	и	890	coref	3415
125	экономическая	892	None	None
126	программы	906	None	None
127	Шварценеггера	916	coref	3416
128	,	929	None	None
129	претендующего	931	None	None
130	на	945	None	None
131	пост	948	None	None
132	губернатора	953	None	None
133	Калифорнии	965	coref	3417
134	,	975	None	None
135	остаются	977	None	None
136	загадкой	986	None	None
137	.	994	None	None
138	Обозреватель	996	None	None
139	Newsweek	1009	None	None
140	,	1017	None	None
141	выслушавший	1019	None	None
142	его	1031	coref	3416
143	предвыборные	1035	None	None
144	речи	1048	None	None
145	,	1052	None	None
146	подсчитал	1054	None	None
147	,	1063	None	None
148	что	1065	None	None
149	за	1069	None	None
150	первые	1072	None	None
151	6	1079	None	None
152	дней	1081	None	None
153	выступлений	1086	None	None
154	актер	1098	coref	3416
155	произнес	1104	None	None
156	знаменитую	1113	None	None
157	фразу	1124	None	None
158	Терминатора	1130	None	None
159	«	1142	coref	3416
160	I	1143	None	None
161	'	1144	None	None
162	ll	1145	None	None
163	be	1148	None	None
164	back	1151	None	None
165	»	1155	coref	3416
166	900	1157	None	None
167	раз	1161	None	None
168	.	1164	None	None
169	А	1167	None	None
170	на	1169	None	None
171	все	1172	None	None
172	вопрос	1176	None	None
173	о	1183	None	None
174	своей	1185	coref	3416
175	выборной	1191	coref	3419
176	платформе	1200	coref	3419
177	«	1210	coref	3416
178	Терминатор	1211	coref	3416
179	»	1221	coref	3416
180	вынужден	1223	None	None
181	отвечать	1232	None	None
182	уклончиво	1241	None	None
183	,	1250	None	None
184	обещая	1252	None	None
185	представить	1259	None	None
186	ее	1271	coref	3419
187	в	1274	None	None
188	полном	1276	None	None
189	объеме	1283	None	None
190	в	1290	None	None
191	самое	1292	None	None
192	ближайшее	1298	None	None
193	время	1308	None	None
194	.	1313	None	None
195	Самой	1316	None	None
196	крупной	1322	None	None
197	политической	1330	None	None
198	акцией	1343	None	None
199	Шварценеггера	1350	coref	3416
200	в	1364	None	None
201	масштабах	1366	None	None
202	штата	1376	coref	3417
203	остается	1382	None	None
204	инициатива	1391	coref	3420
205	по	1402	coref	3420
206	созданию	1405	coref	3420
207	для	1414	coref	3420
208	калифорнийских	1418	coref	3420
209	школьников	1433	coref	3420
210	системы	1444	coref	3420
211	местного	1452	coref	3420
212	варианта	1461	coref	3420
213	школьных	1470	coref	3420
214	групп	1479	coref	3420
215	продленного	1485	coref	3420
216	дня	1497	coref	3420
217	.	1500	None	None
218	Избиратели	1502	None	None
219	штата	1513	coref	3417
220	поддержали	1519	None	None
221	ее	1530	coref	3419
222	еще	1533	None	None
223	на	1537	None	None
224	губернаторских	1540	None	None
225	выборах	1555	None	None
226	в	1563	None	None
227	прошлом	1565	None	None
228	году	1573	None	None
229	.	1577	None	None
230	Уже	1579	None	None
231	тогда	1583	None	None
232	возник	1589	None	None
233	вопрос	1596	None	None
234	,	1602	None	None
235	а	1604	None	None
236	не	1606	None	None
237	является	1609	None	None
238	ли	1618	None	None
239	это	1621	None	None
240	первым	1625	None	None
241	шагом	1632	None	None
242	кинозвезды	1638	coref	3416
243	к	1649	None	None
244	губернаторскому	1651	None	None
245	креслу	1667	None	None
246	.	1673	None	None
247	Известно	1675	None	None
248	,	1683	None	None
249	что	1685	None	None
250	«	1689	coref	3416
251	терминатор	1690	coref	3416
252	»	1700	coref	3416
253	поддерживает	1702	None	None
254	право	1715	None	None
255	на	1721	None	None
256	аборты	1724	None	None
257	,	1730	None	None
258	а	1732	None	None
259	также	1734	None	None
260	желание	1740	None	None
261	гомосексуальных	1748	None	None
262	пар	1764	None	None
263	на	1768	None	None
264	усыновление	1771	None	None
265	детей	1783	None	None
266	.	1788	None	None
267	Он	1790	coref	3416
268	также	1793	None	None
269	выступает	1799	None	None
270	за	1809	None	None
271	введение	1812	None	None
272	в	1821	None	None
273	штате	1823	coref	3417
274	контроля	1829	None	None
275	над	1838	None	None
276	огнестрельным	1842	None	None
277	оружием	1856	None	None
278	.	1863	None	None
279	Шварценеггер	1866	coref	3416
280	-	1879	None	None
281	не	1881	None	None
282	просто	1884	None	None
283	звезда	1891	None	None
284	Голливуда	1898	None	None
285	,	1907	None	None
286	он	1909	coref	3416
287	одновременно	1912	None	None
288	и	1925	coref	3415
289	преуспевающий	1927	None	None
290	бизнесмен	1941	None	None
291	,	1950	None	None
292	и	1952	coref	3415
293	обладатель	1954	None	None
294	ученой	1965	None	None
295	степени	1972	None	None
296	Университета	1980	None	None
297	штата	1993	coref	3417
298	Висконсин	1999	None	None
299	в	2009	None	None
300	области	2011	None	None
301	бизнеса	2019	None	None
302	и	2027	coref	3415
303	экономики	2029	None	None
304	.	2038	None	None
305	Как	2040	None	None
306	сообщает	2044	None	None
307	«	2053	coref	3416
308	Интерфакс	2054	None	None
309	»	2063	coref	3416
310	,	2064	None	None
311	по	2066	coref	3420
312	самым	2069	coref	3417
313	скромным	2075	None	None
314	подсчетам	2084	None	None
315	,	2093	None	None
316	его	2095	coref	3416
317	личное	2099	None	None
318	состояние	2106	None	None
319	на	2116	None	None
320	сегодняшний	2119	None	None
321	день	2131	None	None
322	составляет	2136	None	None
323	не	2147	None	None
324	менее	2150	None	None
325	200	2156	None	None
326	млн	2160	None	None
327	долларов	2164	None	None
328	.	2172	None	None
