	word	start_char	type	chain_id
0	В	0	None	None
1	России	2	coref	4475
2	1	9	None	None
3	,	10	None	None
4	5	11	None	None
5	млн	13	None	None
6	краденых	17	coref	4476
7	иномарок	26	coref	4476
8	Российские	36	None	None
9	богачи	47	None	None
10	обеспечивают	54	None	None
11	процветание	67	None	None
12	рынка	79	None	None
13	краденых	85	coref	4476
14	автомобилей	94	None	None
15	.	105	None	None
16	В	107	None	None
17	стране	109	coref	4475
18	находится	116	None	None
19	1	126	None	None
20	,	127	None	None
21	5	128	None	None
22	млн	130	None	None
23	.	133	None	None
24	краденых	135	coref	4476
25	иномарок	144	coref	4476
26	.	152	None	None
27	На	154	None	None
28	них	157	coref	4476
29	ездят	161	None	None
30	богатые	167	None	None
31	российские	175	None	None
32	бизнесмены	186	None	None
33	и	197	None	None
34	госчиновники	199	None	None
35	,	211	None	None
36	депутаты	213	None	None
37	Госдумы	222	coref	4477
38	,	229	None	None
39	поп	231	coref	4488
40	-	234	coref	4479
41	звезды	235	coref	4488
42	.	241	None	None
43	Здесь	244	coref	4475
44	перепродажа	250	None	None
45	краденых	262	coref	4476
46	авто	271	None	None
47	-	276	coref	4479
48	хорошо	278	None	None
49	отработанный	285	None	None
50	механизм	298	None	None
51	,	306	None	None
52	поддерживаемый	308	None	None
53	сверху	323	None	None
54	.	329	None	None
55	Западные	331	None	None
56	компании	340	coref	4478
57	предпочитают	349	None	None
58	нести	362	None	None
59	убытки	368	None	None
60	,	374	None	None
61	нежели	376	None	None
62	пытаться	383	None	None
63	вернуть	392	None	None
64	угнанный	400	None	None
65	автомобиль	409	coref	4481
66	.	419	None	None
67	За	421	None	None
68	то	424	None	None
69	,	426	None	None
70	что	428	None	None
71	российские	432	None	None
72	преступники	443	None	None
73	катаются	455	None	None
74	на	464	None	None
75	дорогих	467	None	None
76	машинах	475	None	None
77	,	482	None	None
78	платят	484	None	None
79	и	491	None	None
80	сами	493	None	None
81	европейские	498	None	None
82	автолюбители	510	None	None
83	,	522	None	None
84	пишет	524	None	None
85	сегодня	530	None	None
86	The	538	None	None
87	Observer	542	None	None
88	(	551	None	None
89	перевод	552	None	None
90	на	560	None	None
91	сайте	563	None	None
92	Inopressa	569	None	None
93	.	578	None	None
94	ru	579	None	None
95	)	581	None	None
96	.	582	None	None
97	Сотрудник	585	coref	4478
98	страховой	595	coref	4478
99	компании	605	coref	4478
100	Уолтер	614	coref	4478
101	Шмелценг	621	coref	4478
102	столкнулся	630	None	None
103	с	641	coref	4489
104	проблемой	643	None	None
105	:	652	None	None
106	он	654	coref	4478
107	требует	657	None	None
108	вернуть	665	None	None
109	немецкому	673	coref	4480
110	владельцу	683	coref	4480
111	украденный	693	coref	4481
112	автомобиль	704	coref	4481
113	.	714	None	None
114	Машина	716	coref	4481
115	была	723	None	None
116	угнана	728	None	None
117	в	735	None	None
118	Германии	737	coref	4482
119	и	746	None	None
120	найдена	748	None	None
121	в	756	None	None
122	Москве	758	None	None
123	.	764	None	None
124	Но	767	None	None
125	у	770	None	None
126	Шмелценга	772	coref	4478
127	ничего	782	None	None
128	не	789	None	None
129	получилось	792	None	None
130	,	802	None	None
131	потому	804	None	None
132	что	811	None	None
133	машина	815	coref	4481
134	снова	822	None	None
135	была	828	None	None
136	украдена	833	None	None
137	.	841	None	None
138	На	843	None	None
139	этот	846	coref	4485
140	раз	851	None	None
141	ей	855	coref	4481
142	завладел	858	None	None
143	нечестный	867	None	None
144	россиянин	877	None	None
145	с	887	coref	4489
146	хорошими	889	None	None
147	связями	898	None	None
148	-	906	coref	4479
149	госпрокурор	908	coref	4483
150	.	919	None	None
151	'	922	None	None
152	Я	923	coref	4478
153	не	925	None	None
154	могу	928	None	None
155	вернуть	933	None	None
156	машину	941	coref	4481
157	немецким	948	coref	4480
158	владельцам	957	coref	4480
159	,	967	None	None
160	потому	969	None	None
161	что	976	None	None
162	милиция	980	coref	4484
163	арестует	988	None	None
164	меня	997	coref	4478
165	,	1001	None	None
166	если	1003	None	None
167	я	1008	coref	4478
168	попробую	1010	None	None
169	сесть	1019	None	None
170	за	1025	None	None
171	руль	1028	None	None
172	,	1032	None	None
173	-	1034	coref	4479
174	сказал	1036	None	None
175	Шмелценг	1043	coref	4478
176	.	1051	None	None
177	-	1053	coref	4479
178	Когда	1055	None	None
179	мы	1061	coref	4479
180	забрали	1064	None	None
181	машину	1072	coref	4481
182	,	1078	None	None
183	прокурор	1080	coref	4483
184	дал	1089	None	None
185	интервью	1093	None	None
186	местной	1102	None	None
187	газете	1110	None	None
188	,	1116	None	None
189	а	1118	None	None
190	потом	1120	None	None
191	пошел	1126	None	None
192	в	1132	None	None
193	милицию	1134	coref	4484
194	'	1141	None	None
195	.	1142	None	None
196	По	1145	None	None
197	словам	1148	None	None
198	Шмелценга	1155	coref	4478
199	,	1164	None	None
200	представители	1166	None	None
201	московского	1180	None	None
202	высшего	1192	None	None
203	общества	1200	None	None
204	очень	1209	None	None
205	любят	1215	None	None
206	дорогие	1221	None	None
207	ворованные	1229	None	None
208	автомобили	1240	None	None
209	.	1250	None	None
210	Он	1252	coref	4478
211	обвинил	1255	None	None
212	в	1263	None	None
213	происходящем	1265	None	None
214	коррумпированных	1278	None	None
215	высокопоставленных	1295	None	None
216	чиновников	1314	None	None
217	и	1325	None	None
218	призвал	1327	None	None
219	Кремль	1335	None	None
220	вмешаться	1342	None	None
221	.	1351	None	None
222	По	1354	None	None
223	некоторым	1357	None	None
224	оценкам	1367	None	None
225	,	1374	None	None
226	на	1376	None	None
227	территории	1379	None	None
228	России	1390	coref	4475
229	находятся	1397	None	None
230	1	1407	None	None
231	,	1408	None	None
232	5	1409	None	None
233	млн	1411	None	None
234	краденых	1415	coref	4476
235	автомобилей	1424	None	None
236	.	1435	None	None
237	BMW	1437	None	None
238	,	1440	None	None
239	Mercedes	1442	None	None
240	,	1450	None	None
241	Bentley	1452	None	None
242	,	1459	None	None
243	Cherokee	1461	None	None
244	Jeep	1470	None	None
245	и	1475	None	None
246	Hummer	1477	None	None
247	угоняются	1484	None	None
248	в	1494	None	None
249	западной	1496	None	None
250	Европе	1505	None	None
251	и	1512	None	None
252	США	1514	None	None
253	и	1518	None	None
254	провозятся	1520	None	None
255	через	1531	None	None
256	пористые	1537	None	None
257	восточно	1546	None	None
258	-	1554	coref	4479
259	европейские	1555	None	None
260	границы	1567	None	None
261	.	1574	None	None
262	Таможенники	1577	None	None
263	получают	1589	None	None
264	взятку	1598	None	None
265	,	1604	None	None
266	автомобили	1606	None	None
267	перепродаются	1617	None	None
268	.	1630	None	None
269	Предприимчивые	1632	None	None
270	милиционеры	1647	None	None
271	выдают	1659	None	None
272	новые	1666	None	None
273	документы	1672	None	None
274	.	1681	None	None
275	Машина	1683	coref	4481
276	регистрируется	1690	None	None
277	на	1705	None	None
278	имя	1708	None	None
279	мертвого	1712	None	None
280	человека	1721	None	None
281	или	1730	None	None
282	бездомного	1734	None	None
283	,	1744	None	None
284	сообщает	1746	None	None
285	издание	1755	None	None
286	.	1762	None	None
287	Проблема	1765	None	None
288	коснулась	1774	None	None
289	самых	1784	None	None
290	богатых	1790	None	None
291	российских	1798	coref	4491
292	бизнесменов	1809	None	None
293	.	1820	None	None
294	Вице	1822	None	None
295	-	1826	coref	4479
296	президент	1827	None	None
297	одной	1837	coref	4488
298	из	1843	coref	4487
299	крупнейших	1846	None	None
300	российских	1857	coref	4491
301	энергетических	1868	None	None
302	компаний	1883	None	None
303	владеет	1892	None	None
304	пятисотым	1900	coref	4485
305	«	1910	coref	4485
306	Мерседесом	1911	coref	4485
307	»	1921	coref	4485
308	,	1922	None	None
309	которая	1924	coref	4485
310	была	1932	None	None
311	угнана	1937	None	None
312	.	1943	None	None
313	Шмелценг	1945	coref	4478
314	выиграл	1954	None	None
315	судебный	1962	None	None
316	процесс	1971	None	None
317	.	1978	None	None
318	'	1981	None	None
319	Однако	1982	None	None
320	другой	1989	None	None
321	прокурор	1996	coref	4483
322	в	2005	None	None
323	сотрудничестве	2007	None	None
324	с	2022	coref	4489
325	телохранителями	2024	None	None
326	и	2040	None	None
327	влиятельными	2042	None	None
328	друзьями	2055	None	None
329	,	2063	None	None
330	мешает	2065	None	None
331	нам	2072	coref	4479
332	вывезти	2076	None	None
333	этот	2084	coref	4485
334	автомобиль	2089	coref	4481
335	из	2100	coref	4487
336	России	2103	coref	4475
337	,	2109	None	None
338	-	2111	coref	4479
339	сказал	2113	None	None
340	Шмелценг	2120	coref	4478
341	.	2128	None	None
342	-	2130	coref	4479
343	Милиция	2132	coref	4484
344	утверждает	2140	None	None
345	,	2150	None	None
346	что	2152	None	None
347	ей	2156	coref	4481
348	неизвестно	2159	None	None
349	местонахождение	2170	None	None
350	машины	2186	coref	4485
351	'	2192	None	None
352	.	2193	None	None
353	Шмелценг	2196	coref	4478
354	пытался	2205	None	None
355	отобрать	2213	None	None
356	автомобиль	2222	coref	4481
357	у	2233	None	None
358	одного	2235	coref	4487
359	из	2242	coref	4487
360	депутатов	2245	coref	4487
361	Госдумы	2255	coref	4477
362	,	2262	None	None
363	'	2264	None	None
364	но	2265	None	None
365	он	2268	coref	4478
366	вернул	2271	None	None
367	его	2278	coref	4486
368	себе	2282	None	None
369	на	2287	None	None
370	следующий	2290	None	None
371	день	2300	None	None
372	'	2304	None	None
373	,	2305	None	None
374	и	2307	None	None
375	у	2309	None	None
376	одной	2311	coref	4488
377	поп	2317	coref	4488
378	-	2320	coref	4479
379	звезды	2321	coref	4488
380	,	2327	None	None
381	имя	2329	None	None
382	которой	2333	coref	4488
383	не	2341	None	None
384	раскрывается	2344	None	None
385	в	2357	None	None
386	интересах	2359	None	None
387	следствия	2369	None	None
388	.	2378	None	None
389	Краденые	2381	None	None
390	автомобили	2390	None	None
391	ставят	2401	None	None
392	сотрудников	2408	None	None
393	милиции	2420	coref	4484
394	в	2428	None	None
395	сложное	2430	None	None
396	положение	2438	None	None
397	.	2447	None	None
398	Олег	2449	None	None
399	Мельников	2454	None	None
400	,	2463	None	None
401	сотрудник	2465	None	None
402	управления	2475	coref	4489
403	по	2486	coref	4489
404	борьбе	2489	coref	4489
405	с	2496	coref	4489
406	организованной	2498	coref	4489
407	преступностью	2513	coref	4489
408	министерства	2527	coref	4489
409	внутренних	2540	coref	4489
410	дел	2551	coref	4489
411	,	2554	None	None
412	сказал	2556	None	None
413	:	2562	None	None
414	'	2564	None	None
415	Бывший	2565	coref	4490
416	иностранный	2572	coref	4490
417	владелец	2584	coref	4490
418	уже	2593	None	None
419	получил	2597	None	None
420	страховое	2605	None	None
421	возмещение	2615	None	None
422	и	2626	None	None
423	не	2628	None	None
424	хочет	2631	None	None
425	,	2636	None	None
426	чтобы	2638	None	None
427	ему	2644	coref	4490
428	возвращали	2648	None	None
429	машину	2659	coref	4481
430	.	2665	None	None
431	Мы	2667	coref	4489
432	не	2670	None	None
433	хотим	2673	None	None
434	наказывать	2679	None	None
435	российских	2690	coref	4491
436	покупателей	2701	coref	4491
437	,	2712	None	None
438	потому	2714	None	None
439	что	2721	None	None
440	большинство	2725	None	None
441	из	2737	coref	4487
442	них	2740	coref	4476
443	покупает	2744	None	None
444	машины	2753	coref	4485
445	,	2759	None	None
446	которые	2761	coref	4492
447	официально	2769	None	None
448	зарегистрированы	2780	None	None
449	на	2797	None	None
450	чье	2800	None	None
451	-	2803	coref	4479
452	либо	2804	None	None
453	имя	2809	None	None
454	,	2812	None	None
455	пусть	2814	None	None
456	даже	2820	None	None
457	на	2825	None	None
458	имя	2828	None	None
459	несуществующего	2832	None	None
460	или	2848	None	None
461	бездомного	2852	None	None
462	человека	2863	None	None
463	.	2871	None	None
464	Мы	2873	coref	4489
465	можем	2876	None	None
466	наказывать	2882	None	None
467	сотрудников	2893	None	None
468	ГИБДД	2905	None	None
469	-	2911	coref	4479
470	в	2913	None	None
471	1999	2915	None	None
472	и	2920	None	None
473	2000	2922	None	None
474	гг	2927	None	None
475	.	2929	None	None
476	были	2931	None	None
477	уволены	2936	None	None
478	десятки	2944	None	None
479	человек	2952	None	None
480	-	2960	coref	4479
481	но	2962	None	None
482	в	2965	None	None
483	конце	2967	None	None
484	концов	2973	None	None
485	,	2979	None	None
486	кто	2981	None	None
487	будет	2985	None	None
488	платить	2991	None	None
489	за	2999	None	None
490	доставку	3002	None	None
491	автомобиля	3011	None	None
492	прежнему	3022	None	None
493	владельцу	3031	coref	4480
494	?	3040	None	None
495	'	3041	None	None
496	Немецким	3044	None	None
497	страховым	3053	None	None
498	компаниям	3063	None	None
499	приходится	3073	None	None
500	выплачивать	3084	None	None
501	огромные	3096	None	None
502	возмещения	3105	None	None
503	.	3115	None	None
504	'	3117	None	None
505	Ежегодно	3118	None	None
506	из	3127	coref	4487
507	Германии	3130	coref	4482
508	вывозится	3139	None	None
509	около	3149	None	None
510	30	3155	None	None
511	000	3158	None	None
512	автомобилей	3162	None	None
513	,	3173	None	None
514	-	3175	coref	4479
515	сказал	3177	None	None
516	Шмелценг	3184	coref	4478
517	.	3192	None	None
518	-	3194	coref	4479
519	Средняя	3196	None	None
520	стоимость	3204	None	None
521	машины	3214	coref	4485
522	-	3221	coref	4479
523	15	3223	None	None
524	000	3226	None	None
525	евро	3230	None	None
526	.	3234	None	None
527	Таким	3236	None	None
528	образом	3242	None	None
529	ежегодные	3250	None	None
530	объемы	3260	None	None
531	торговли	3267	None	None
532	-	3276	coref	4479
533	450	3278	None	None
534	млн	3282	None	None
535	евро	3286	None	None
536	.	3290	None	None
537	Расплачиваться	3292	None	None
538	приходится	3307	None	None
539	страховым	3318	None	None
540	компаниям	3328	None	None
541	,	3337	None	None
542	и	3339	None	None
543	,	3340	None	None
544	в	3342	None	None
545	конце	3344	None	None
546	концов	3350	None	None
547	,	3356	None	None
548	расходы	3358	None	None
549	приходится	3366	None	None
550	брать	3377	None	None
551	на	3383	None	None
552	себя	3386	None	None
553	обычным	3391	None	None
554	людям	3399	None	None
555	.	3404	None	None
556	Немецкие	3406	None	None
557	автолюбители	3415	None	None
558	платят	3428	None	None
559	за	3435	None	None
560	то	3438	None	None
561	,	3440	None	None
562	что	3442	None	None
563	российские	3446	None	None
564	преступники	3457	None	None
565	катаются	3469	None	None
566	на	3478	None	None
567	дорогих	3481	None	None
568	машинах	3489	None	None
569	'	3496	None	None
570	.	3497	None	None
571	Компания	3500	coref	4479
572	Шмелценга	3509	coref	4478
573	Via	3519	coref	4479
574	-	3522	coref	4479
575	Avto	3523	coref	4479
576	сотрудничает	3528	None	None
577	со	3541	None	None
578	многими	3544	None	None
579	немецкими	3552	None	None
580	страховыми	3562	None	None
581	компаниями	3573	None	None
582	.	3583	None	None
583	В	3586	None	None
584	1995	3588	None	None
585	г	3593	None	None
586	.	3594	None	None
587	Шмелценг	3596	coref	4478
588	начал	3605	None	None
589	бороться	3611	None	None
590	с	3620	coref	4489
591	автомобильной	3622	None	None
592	преступностью	3636	coref	4489
593	в	3650	None	None
594	Санкт	3652	None	None
595	-	3657	coref	4479
596	Петербурге	3658	None	None
597	.	3668	None	None
598	Владимир	3670	None	None
599	Путин	3679	None	None
600	,	3684	None	None
601	в	3686	None	None
602	то	3688	None	None
603	время	3691	None	None
604	мелкий	3697	None	None
605	чиновник	3704	None	None
606	местной	3713	None	None
607	администрации	3721	None	None
608	,	3734	None	None
609	выдал	3736	None	None
610	компании	3742	coref	4478
611	Шмелценга	3751	coref	4478
612	необходимое	3761	None	None
613	разрешение	3773	None	None
614	.	3783	None	None
615	Компания	3785	coref	4479
616	пыталась	3794	None	None
617	работать	3803	None	None
618	в	3812	None	None
619	Украине	3814	coref	4493
620	,	3821	None	None
621	но	3823	None	None
622	была	3826	None	None
623	вынуждена	3831	None	None
624	прекратить	3841	None	None
625	свою	3852	coref	4479
626	деятельность	3857	None	None
627	в	3870	None	None
628	этой	3872	coref	4493
629	стране	3877	coref	4475
630	после	3884	None	None
631	того	3890	None	None
632	,	3894	None	None
633	как	3896	None	None
634	один	3900	None	None
635	из	3905	coref	4487
636	сотрудников	3908	None	None
637	был	3920	None	None
638	убит	3924	None	None
639	.	3928	None	None
640	Шмелценгу	3930	coref	4478
641	тоже	3940	None	None
642	угрожали	3945	None	None
643	расправой	3954	None	None
644	.	3963	None	None
645	'	3966	None	None
646	Россия	3967	coref	4475
647	должна	3974	None	None
648	активнее	3981	None	None
649	нам	3990	coref	4479
650	помогать	3994	None	None
651	,	4002	None	None
652	-	4004	coref	4479
653	сказал	4006	None	None
654	он	4013	coref	4478
655	,	4015	None	None
656	но	4017	None	None
657	никто	4020	None	None
658	не	4026	None	None
659	хочет	4029	None	None
660	этим	4035	None	None
661	заниматься	4040	None	None
662	,	4050	None	None
663	потому	4052	None	None
664	что	4059	None	None
665	это	4063	None	None
666	очень	4067	None	None
667	опасно	4073	None	None
668	'	4079	None	None
669	.	4080	None	None
