	word	start_char	type	chain_id
0	20	0	coref	3773
1	детей	3	coref	3773
2	отравились	9	None	None
3	завтраками	20	None	None
4	в	31	coref	3774
5	школе	33	coref	3774
6	N	39	coref	3773
7	829	41	coref	3773
8	в	45	coref	3774
9	Москве	47	coref	3774
10	Около	55	coref	3773
11	20	61	coref	3773
12	учащихся	64	coref	3773
13	блока	73	coref	3773
14	начальных	79	coref	3773
15	классов	89	coref	3773
16	школы	97	coref	3773
17	N	103	coref	3773
18	829	105	coref	3773
19	на	109	coref	3773
20	улице	112	coref	3773
21	Виллиса	118	coref	3773
22	Лациса	126	coref	3773
23	(	133	None	None
24	Северо	134	None	None
25	-	140	None	None
26	Западный	141	None	None
27	округ	150	None	None
28	)	155	None	None
29	получили	157	None	None
30	пищевое	166	None	None
31	отравление	174	None	None
32	,	184	None	None
33	передает	186	None	None
34	«	195	coref	3775
35	Интерфакс	196	coref	3775
36	»	205	coref	3775
37	.	206	None	None
38	У	209	None	None
39	детей	211	coref	3773
40	подозревают	217	None	None
41	пищевую	229	None	None
42	токсикоинфекцию	237	None	None
43	.	252	None	None
44	По	254	None	None
45	предварительным	257	None	None
46	данным	273	None	None
47	,	279	None	None
48	все	281	coref	3773
49	школьники	285	coref	3773
50	,	294	None	None
51	которые	296	coref	3773
52	почувствовали	304	None	None
53	недомогание	318	None	None
54	,	329	None	None
55	ели	331	None	None
56	в	335	coref	3774
57	среду	337	None	None
58	на	343	coref	3773
59	завтрак	346	None	None
60	творожные	354	None	None
61	сырки	364	None	None
62	.	369	None	None
63	Состояние	372	None	None
64	детей	382	coref	3773
65	оценивается	388	None	None
66	как	400	None	None
67	удовлетворительное	404	None	None
68	.	422	None	None
69	Вместе	424	None	None
70	с	431	None	None
71	тем	433	None	None
72	он	437	coref	3775
73	не	440	None	None
74	исключил	443	None	None
75	,	451	None	None
76	что	453	None	None
77	часть	457	None	None
78	пострадавших	463	coref	3773
79	придется	476	None	None
80	госпитализировать	485	None	None
81	.	502	None	None
