	word	start_char	type	chain_id
0	По	0	None	None
1	данным	3	None	None
2	МВД	10	coref	3928
3	,	13	None	None
4	в	15	None	None
5	Чечне	17	coref	3929
6	действуют	23	None	None
7	до	33	None	None
8	1700	36	coref	3930
9	боевиков	41	None	None
10	В	51	None	None
11	настоящее	53	None	None
12	время	63	None	None
13	на	69	None	None
14	территории	72	None	None
15	Чечни	83	coref	3929
16	действуют	89	None	None
17	около	99	coref	3930
18	100	105	coref	3930
19	мелких	109	coref	3930
20	и	116	coref	3930
21	средних	118	coref	3930
22	бандгрупп	126	coref	3930
23	общей	136	coref	3930
24	численностью	142	coref	3930
25	1500	155	coref	3930
26	-	159	coref	3930
27	1700	160	coref	3930
28	человек	165	coref	3930
29	.	172	None	None
30	«	175	None	None
31	В	176	None	None
32	их	178	coref	3930
33	составе	181	None	None
34	немало	189	None	None
35	наемников	196	None	None
36	из	206	None	None
37	стран	209	None	None
38	ближнего	215	None	None
39	и	224	coref	3930
40	дальнего	226	None	None
41	зарубежья	235	None	None
42	,	244	None	None
43	а	246	None	None
44	также	248	None	None
45	граждан	254	None	None
46	России	262	coref	3931
47	,	268	None	None
48	прибывших	270	None	None
49	из	280	None	None
50	других	283	None	None
51	регионов	290	None	None
52	страны	299	coref	3931
53	»	305	None	None
54	,	306	None	None
55	-	308	coref	3930
56	сказал	310	None	None
57	первый	317	coref	3932
58	заместитель	324	coref	3932
59	командующего	336	coref	3932
60	ОГВ	349	coref	3932
61	-	353	coref	3930
62	руководитель	355	coref	3932
63	временной	368	coref	3932
64	оперативной	378	coref	3932
65	группировки	390	coref	3932
66	МВД	402	coref	3928
67	РФ	406	coref	3928
68	полковник	409	coref	3932
69	Олег	419	coref	3932
70	Хотин	424	coref	3932
71	в	430	None	None
72	среду	432	None	None
73	на	438	None	None
74	совещании	441	None	None
75	в	451	None	None
76	Ханкале	453	None	None
77	.	460	None	None
78	В	463	None	None
79	числе	465	None	None
80	наиболее	471	None	None
81	сложных	480	None	None
82	в	488	None	None
83	криминогенном	490	None	None
84	отношении	504	None	None
85	он	514	coref	3932
86	назвал	517	None	None
87	Итум	524	None	None
88	-	528	coref	3930
89	Калинский	529	None	None
90	,	538	None	None
91	Шатойский	540	None	None
92	,	549	None	None
93	Веденский	551	None	None
94	и	561	coref	3930
95	Шалинский	563	None	None
96	районы	573	None	None
97	,	579	None	None
98	а	581	None	None
99	также	583	None	None
100	город	589	None	None
101	Грозный	595	None	None
102	,	602	None	None
103	сообщает	604	None	None
104	«	613	None	None
105	Интерфакс	614	None	None
106	»	623	None	None
107	.	624	None	None
108	Хотин	627	coref	3932
109	сообщил	633	None	None
110	,	640	None	None
111	что	642	None	None
112	в	646	None	None
113	течение	648	None	None
114	ноября	656	None	None
115	сотрудники	663	None	None
116	милиции	674	None	None
117	задержали	682	None	None
118	122	692	None	None
119	участника	696	None	None
120	НВФ	706	None	None
121	;	709	None	None
122	более	711	coref	3934
123	20	717	None	None
124	бандитов	720	None	None
125	,	728	None	None
126	оказавших	730	None	None
127	при	740	None	None
128	задержании	744	None	None
129	вооруженное	755	None	None
130	сопротивление	767	None	None
131	,	780	None	None
132	был	782	None	None
133	уничтожены	786	None	None
134	.	796	None	None
135	Арестовано	799	None	None
136	свыше	810	None	None
137	70	816	None	None
138	человек	819	coref	3930
139	,	826	None	None
140	находившихся	828	None	None
141	в	841	None	None
142	федеральном	843	None	None
143	розыске	855	None	None
144	.	862	None	None
145	Изъято	864	None	None
146	273	871	None	None
147	единицы	875	None	None
148	огнестрельного	883	None	None
149	оружия	898	None	None
150	и	905	coref	3930
151	160	907	None	None
152	тысяч	911	None	None
153	боеприпасов	917	None	None
154	.	928	None	None
155	В	931	None	None
156	марте	933	None	None
157	2003	939	None	None
158	года	944	None	None
159	,	948	None	None
160	по	950	None	None
161	данным	953	None	None
162	министерства	960	None	None
163	обороны	973	None	None
164	России	981	coref	3931
165	,	987	None	None
166	федеральным	989	None	None
167	войскам	1001	None	None
168	в	1009	None	None
169	Чечне	1011	coref	3929
170	противостояло	1017	None	None
171	около	1031	coref	3930
172	1000	1037	None	None
173	боевиков	1042	None	None
174	.	1050	None	None
175	«	1052	None	None
176	Реально	1053	None	None
177	можно	1061	None	None
178	говорить	1067	None	None
179	о	1076	None	None
180	том	1078	None	None
181	,	1081	None	None
182	что	1083	None	None
183	настоящих	1087	None	None
184	бандитов	1097	None	None
185	и	1106	coref	3930
186	террористов	1108	None	None
187	(	1120	None	None
188	в	1121	None	None
189	Чечне	1123	coref	3929
190	)	1128	None	None
191	где	1130	None	None
192	-	1133	coref	3930
193	то	1134	None	None
194	около	1137	coref	3930
195	1000	1143	None	None
196	человек	1148	coref	3930
197	»	1155	None	None
198	,	1156	None	None
199	-	1158	coref	3930
200	сказал	1160	None	None
201	в	1167	None	None
202	марте	1169	None	None
203	заместитель	1175	coref	3932
204	министра	1187	None	None
205	обороны	1196	None	None
206	РФ	1204	coref	3928
207	Игорь	1207	None	None
208	Пузанов	1213	None	None
209	.	1220	None	None
210	Затем	1223	None	None
211	к	1229	None	None
212	лету	1231	None	None
213	число	1236	None	None
214	боевиков	1242	None	None
215	в	1251	None	None
216	Чечне	1253	coref	3929
217	вновь	1259	None	None
218	увеличилось	1265	None	None
219	.	1276	None	None
220	В	1278	None	None
221	начале	1280	None	None
222	июля	1287	None	None
223	этого	1292	None	None
224	года	1298	None	None
225	командующий	1303	coref	3933
226	войсками	1315	coref	3933
227	Северо	1324	coref	3933
228	-	1330	coref	3930
229	Кавказского	1331	coref	3933
230	военного	1343	coref	3933
231	округа	1352	coref	3933
232	генерал	1359	coref	3933
233	-	1366	coref	3930
234	полковник	1367	coref	3932
235	Владимир	1377	coref	3933
236	Болдырев	1386	coref	3933
237	заявлял	1395	None	None
238	,	1402	None	None
239	что	1404	None	None
240	на	1408	None	None
241	территории	1411	None	None
242	Чечни	1422	coref	3929
243	действует	1428	None	None
244	более	1438	coref	3934
245	75	1444	coref	3934
246	бандгрупп	1447	coref	3930
247	.	1456	None	None
248	«	1458	None	None
249	В	1459	None	None
250	состав	1461	None	None
251	этих	1468	coref	3934
252	формирований	1473	coref	3934
253	входит	1486	None	None
254	около	1493	coref	3930
255	1200	1499	coref	3935
256	человек	1504	coref	3930
257	,	1511	None	None
258	из	1513	None	None
259	них	1516	coref	3935
260	около	1520	coref	3930
261	300	1526	None	None
262	-	1530	coref	3930
263	иностранные	1532	None	None
264	наемники	1544	None	None
265	»	1552	None	None
266	,	1553	None	None
267	-	1555	coref	3930
268	отметил	1557	None	None
269	командующий	1565	coref	3933
270	.	1576	None	None
