	word	start_char	type	chain_id
0	МИД	0	coref	4070
1	РФ	4	coref	4070
2	просит	7	None	None
3	Кипр	14	coref	4072
4	упростить	19	None	None
5	визовый	29	None	None
6	режим	37	None	None
7	для	43	None	None
8	россиян	47	None	None
9	МИД	56	coref	4070
10	России	60	coref	4070
11	передал	67	None	None
12	на	75	None	None
13	рассмотрение	78	None	None
14	кипрской	91	coref	4072
15	стороны	100	coref	4072
16	проект	108	coref	4073
17	соглашения	115	coref	4073
18	между	126	coref	4073
19	правительством	132	coref	4073
20	РФ	147	coref	4070
21	и	150	coref	4073
22	правительством	152	coref	4073
23	Республики	167	coref	4072
24	Кипр	178	coref	4072
25	об	183	coref	4073
26	условиях	186	coref	4073
27	поездок	195	coref	4073
28	граждан	203	coref	4073
29	России	211	coref	4070
30	и	218	coref	4073
31	Кипра	220	coref	4072
32	.	225	None	None
33	Об	227	None	None
34	этом	230	None	None
35	сообщили	235	None	None
36	«	244	None	None
37	Интерфаксу	245	None	None
38	»	255	None	None
39	в	257	None	None
40	субботу	259	None	None
41	Департамент	267	coref	4074
42	информации	279	coref	4074
43	и	290	coref	4073
44	печати	292	coref	4074
45	МИД	299	coref	4070
46	России	303	coref	4070
47	.	309	None	None
48	В	312	None	None
49	МИДе	314	coref	4070
50	напомнили	319	None	None
51	,	328	None	None
52	что	330	None	None
53	30	334	None	None
54	сентября	337	None	None
55	2003	346	None	None
56	года	351	None	None
57	Кипр	356	coref	4072
58	официально	361	None	None
59	сообщил	372	None	None
60	о	380	None	None
61	своем	382	coref	4072
62	решении	388	None	None
63	прекратить	396	None	None
64	с	407	None	None
65	1	409	None	None
66	января	411	None	None
67	2004	418	None	None
68	года	423	None	None
69	действие	428	None	None
70	соглашения	437	coref	4073
71	с	448	None	None
72	Россией	450	coref	4071
73	о	458	None	None
74	безвизовом	460	None	None
75	режиме	471	None	None
76	въезда	478	None	None
77	-	484	None	None
78	выезда	485	None	None
79	,	491	None	None
80	заключенного	493	None	None
81	в	506	None	None
82	1994	508	None	None
83	году	513	None	None
84	.	517	None	None
85	Таким	520	None	None
86	образом	526	None	None
87	,	533	None	None
88	с	535	None	None
89	1	537	None	None
90	января	539	None	None
91	2004	546	None	None
92	года	551	None	None
93	российские	556	None	None
94	граждане	567	None	None
95	-	576	None	None
96	владельцы	578	None	None
97	общегражданских	588	None	None
98	и	604	coref	4073
99	служебных	606	None	None
100	паспортов	616	None	None
101	могут	626	None	None
102	посещать	632	None	None
103	Республику	641	coref	4072
104	Кипр	652	coref	4072
105	только	657	None	None
106	при	664	None	None
107	наличии	668	None	None
108	кипрской	676	coref	4072
109	визы	685	None	None
110	.	689	None	None
111	В	692	None	None
112	связи	694	None	None
113	с	700	None	None
114	этим	702	None	None
115	,	706	None	None
116	«	708	None	None
117	для	709	None	None
118	минимизации	713	None	None
119	негативных	725	None	None
120	последствий	736	None	None
121	такого	748	None	None
122	шага	755	None	None
123	для	760	None	None
124	российско	764	None	None
125	-	773	None	None
126	кипрских	774	None	None
127	отношений	783	None	None
128	»	792	None	None
129	МИД	794	coref	4070
130	РФ	798	coref	4070
131	разработал	801	None	None
132	и	812	coref	4073
133	передал	814	None	None
134	кипрской	822	coref	4072
135	стороне	831	coref	4072
136	проект	839	coref	4073
137	соглашения	846	coref	4073
138	,	856	None	None
139	в	858	None	None
140	котором	860	coref	4073
141	предусматриваются	868	None	None
142	определенные	886	None	None
143	визовые	899	None	None
144	облегчения	907	None	None
145	для	918	None	None
146	отдельных	922	None	None
147	категорий	932	None	None
148	граждан	942	coref	4073
149	,	949	None	None
150	сообщили	951	None	None
151	в	960	None	None
152	департаменте	962	coref	4074
153	информации	975	coref	4074
154	и	986	coref	4073
155	печати	988	coref	4074
156	.	994	None	None
