	word	start_char	type	chain_id
0	Российские	0	coref	4156
1	футболистки	11	coref	4156
2	готовятся	23	None	None
3	к	33	None	None
4	матчу	35	None	None
5	с	41	None	None
6	немками	43	coref	4157
7	Несмотря	52	None	None
8	на	61	None	None
9	проигрыш	64	None	None
10	с	73	None	None
11	минимальным	75	None	None
12	счетом	87	None	None
13	сборной	94	coref	4156
14	Китая	102	coref	4158
15	,	107	coref	4160
16	наставники	109	coref	4159
17	российской	120	coref	4156
18	сборной	131	coref	4156
19	довольны	139	None	None
20	качеством	148	None	None
21	игры	158	None	None
22	своих	163	coref	4156
23	подопечных	169	coref	4156
24	на	180	None	None
25	чемпионате	183	None	None
26	мира	194	None	None
27	по	199	None	None
28	футболу	202	None	None
29	среди	210	None	None
30	женщин	216	None	None
31	.	222	None	None
32	Это	224	None	None
33	в	228	None	None
34	интервью	230	None	None
35	ИТАР	239	None	None
36	-	243	None	None
37	ТАСС	244	None	None
38	отметил	249	None	None
39	руководитель	257	coref	4160
40	российской	270	coref	4156
41	делегации	281	coref	4156
42	,	290	coref	4160
43	генеральный	292	coref	4160
44	секретарь	304	coref	4160
45	Российского	314	coref	4160
46	футбольного	326	coref	4160
47	союза	338	coref	4160
48	Владимир	344	coref	4160
49	Радионов	353	coref	4160
50	.	361	None	None
51	Подопечным	364	coref	4156
52	Юрия	375	coref	4156
53	Быстрицкого	380	coref	4156
54	достаточно	392	None	None
55	было	403	None	None
56	сыграть	408	None	None
57	с	416	None	None
58	Китаем	418	coref	4158
59	вничью	425	None	None
60	,	431	coref	4160
61	чтобы	433	None	None
62	занять	439	None	None
63	первое	446	None	None
64	место	453	None	None
65	в	459	None	None
66	и	461	None	None
67	избежать	463	None	None
68	встречи	472	None	None
69	со	480	None	None
70	сборной	483	coref	4156
71	Германии	491	coref	4157
72	,	499	coref	4160
73	которая	501	coref	4157
74	уверенно	509	None	None
75	лидирует	518	None	None
76	в	527	None	None
77	своей	529	coref	4157
78	группе	535	None	None
79	.	541	None	None
80	В	543	None	None
81	случае	545	None	None
82	успеха	552	None	None
83	следующим	559	None	None
84	ее	569	coref	4157
85	соперником	572	None	None
86	стала	583	None	None
87	бы	589	None	None
88	команда	592	coref	4158
89	Канады	600	None	None
90	.	606	None	None
91	«	609	None	None
92	Мы	610	coref	4156
93	настраивались	613	None	None
94	на	627	None	None
95	то	630	None	None
96	,	632	coref	4160
97	чтобы	634	None	None
98	занять	640	None	None
99	первое	647	None	None
100	место	654	None	None
101	в	660	None	None
102	группе	662	None	None
103	,	668	coref	4160
104	но	670	None	None
105	китайская	673	coref	4158
106	команда	683	coref	4158
107	оказалась	691	None	None
108	все	701	None	None
109	-	704	None	None
110	таки	705	None	None
111	сильнее	710	None	None
112	.	717	None	None
113	Теперь	719	None	None
114	мы	726	coref	4156
115	готовимся	729	None	None
116	к	739	None	None
117	матчу	741	None	None
118	со	747	None	None
119	сборной	750	coref	4156
120	Германии	758	coref	4157
121	,	766	coref	4160
122	-	768	None	None
123	рассказал	770	None	None
124	Радионов	780	coref	4160
125	.	788	None	None
126	-	790	None	None
127	У	792	None	None
128	нас	794	coref	4156
129	нет	798	None	None
130	иного	802	None	None
131	варианта	808	None	None
132	,	816	coref	4160
133	как	818	None	None
134	только	822	None	None
135	играть	829	None	None
136	до	836	None	None
137	последней	839	None	None
138	секунды	849	None	None
139	и	857	None	None
140	с	859	None	None
141	полной	861	None	None
142	отдачей	868	None	None
143	сил	876	None	None
144	.	879	None	None
145	Немецкая	881	coref	4157
146	сборная	890	coref	4156
147	представляет	898	None	None
148	собой	911	None	None
149	прекрасно	917	coref	4162
150	отлаженную	927	coref	4162
151	,	937	coref	4160
152	мощную	939	coref	4162
153	машину	946	coref	4162
154	,	952	coref	4160
155	сражаться	954	None	None
156	с	964	None	None
157	которой	966	coref	4162
158	будет	974	None	None
159	очень	980	None	None
160	сложно	986	None	None
161	.	992	None	None
162	Мы	994	coref	4156
163	всегда	997	None	None
164	тяжело	1004	None	None
165	играли	1011	None	None
166	с	1018	None	None
167	немками	1020	coref	4157
168	,	1027	coref	4160
169	и	1029	None	None
170	главное	1031	None	None
171	сейчас	1039	None	None
172	настроить	1046	None	None
173	соответствующим	1056	None	None
174	образом	1072	None	None
175	девушек	1080	coref	4156
176	на	1088	None	None
177	матч	1091	None	None
178	»	1095	None	None
179	.	1096	None	None
180	Как	1099	None	None
181	отметил	1103	None	None
182	глава	1111	coref	4160
183	российской	1117	coref	4156
184	делегации	1128	coref	4156
185	,	1137	coref	4160
186	сборная	1139	coref	4156
187	параллельно	1147	None	None
188	решает	1159	None	None
189	и	1166	None	None
190	еще	1168	None	None
191	одну	1172	None	None
192	задачу	1177	None	None
193	-	1184	None	None
194	выход	1186	None	None
195	в	1192	None	None
196	финал	1194	None	None
197	Олимпиады	1200	None	None
198	-	1209	None	None
199	2004	1210	None	None
200	.	1214	None	None
201	От	1216	None	None
202	Европы	1219	None	None
203	на	1226	None	None
204	Игры	1229	None	None
205	попадают	1234	None	None
206	три	1243	None	None
207	команды	1247	None	None
208	,	1254	coref	4160
209	но	1256	None	None
210	одно	1259	None	None
211	место	1264	None	None
212	уже	1270	None	None
213	отдано	1274	None	None
214	сборной	1281	coref	4156
215	Греции	1289	None	None
216	как	1296	None	None
217	хозяйке	1300	None	None
218	Олимпиады	1308	None	None
219	.	1317	None	None
