	word	start_char	type	chain_id
0	Израиль	0	coref	5106
1	нанес	8	None	None
2	ракетный	14	None	None
3	удар	23	None	None
4	по	28	None	None
5	жилому	31	coref	5107
6	кварталу	38	coref	5107
7	в	47	coref	5107
8	Газе	49	coref	5107
9	Этой	55	None	None
10	ночью	60	None	None
11	израильские	66	coref	5106
12	ВВС	78	coref	5106
13	нанесли	82	None	None
14	очередной	90	None	None
15	-	100	coref	5120
16	пятый	102	None	None
17	-	108	coref	5120
18	удар	110	None	None
19	по	115	None	None
20	целям	118	None	None
21	в	124	coref	5107
22	секторе	126	coref	5109
23	Газа	134	coref	5108
24	.	138	None	None
25	Целью	141	None	None
26	предыдущих	147	None	None
27	четырех	158	coref	5115
28	атак	166	None	None
29	,	170	None	None
30	предпринятых	172	None	None
31	в	185	coref	5107
32	течение	187	None	None
33	понедельника	195	None	None
34	,	207	None	None
35	стали	209	None	None
36	автомобили	215	coref	5110
37	и	226	None	None
38	базы	228	coref	5111
39	,	232	None	None
40	в	234	coref	5107
41	которых	236	coref	5112
42	,	243	None	None
43	по	245	None	None
44	данным	248	None	None
45	израильтян	255	None	None
46	,	265	None	None
47	находились	267	None	None
48	террористы	278	None	None
49	.	288	None	None
50	Израильская	290	coref	5106
51	армия	302	coref	5106
52	утверждает	308	None	None
53	,	318	None	None
54	что	320	None	None
55	цель	324	None	None
56	всех	329	None	None
57	операций	334	None	None
58	-	343	coref	5120
59	«	345	coref	5118
60	точечное	346	None	None
61	уничтожение	355	None	None
62	»	366	coref	5118
63	экстремистов	368	None	None
64	.	380	None	None
65	Напомним	383	None	None
66	,	391	None	None
67	что	393	None	None
68	накануне	397	None	None
69	первый	406	None	None
70	удар	413	None	None
71	двух	418	None	None
72	истребителей	423	None	None
73	F	436	None	None
74	-	437	coref	5120
75	16	438	None	None
76	пришелся	441	None	None
77	по	450	None	None
78	оружейной	453	coref	5113
79	фабрике	463	coref	5113
80	в	471	coref	5107
81	Газе	473	coref	5107
82	,	477	None	None
83	получили	479	None	None
84	ранения	488	None	None
85	14	496	coref	5114
86	человек	499	coref	5114
87	,	506	None	None
88	включая	508	None	None
89	четырех	516	coref	5115
90	женщин	524	coref	5115
91	и	531	None	None
92	четырех	533	coref	5115
93	детей	541	coref	5116
94	.	546	None	None
95	Второй	548	None	None
96	удар	555	None	None
97	был	560	None	None
98	нанесен	564	None	None
99	по	572	None	None
100	автомобилю	575	coref	5117
101	Peugeot	586	coref	5117
102	,	593	None	None
103	скрывшемуся	595	None	None
104	с	607	coref	5135
105	фабрики	609	coref	5113
106	:	616	None	None
107	погибли	618	None	None
108	три	626	None	None
109	активиста	630	None	None
110	«	640	coref	5118
111	Хамас	641	coref	5118
112	»	646	coref	5118
113	,	647	None	None
114	еще	649	None	None
115	13	653	None	None
116	человек	656	coref	5114
117	были	664	None	None
118	ранены	669	None	None
119	.	675	None	None
120	Третий	677	None	None
121	удар	684	None	None
122	по	689	None	None
123	одним	692	None	None
124	данным	698	None	None
125	,	704	None	None
126	-	706	coref	5120
127	по	708	None	None
128	складу	711	coref	5119
129	боеприпасов	718	coref	5119
130	,	729	None	None
131	по	731	None	None
132	другим	734	None	None
133	,	740	None	None
134	-	742	coref	5120
135	по	744	None	None
136	автомобилю	747	coref	5117
137	у	758	coref	5120
138	дома	760	coref	5120
139	лидера	765	coref	5120
140	«	772	coref	5118
141	Хамас	773	coref	5118
142	»	778	coref	5118
143	Махмуда	780	coref	5120
144	Аз	788	coref	5120
145	-	790	coref	5120
146	Захара	791	coref	5120
147	.	797	None	None
148	Четвертый	799	None	None
149	удар	809	None	None
150	вертолеты	814	None	None
151	нанесли	824	None	None
152	по	832	None	None
153	автомобилю	835	coref	5117
154	в	846	coref	5107
155	лагере	848	coref	5121
156	палестинских	855	coref	5121
157	беженцев	868	coref	5121
158	Нусейрат	877	coref	5121
159	:	885	None	None
160	7	887	None	None
161	погибших	889	None	None
162	,	897	None	None
163	около	899	None	None
164	70	905	None	None
165	раненых	908	None	None
166	.	915	None	None
167	Пятый	918	None	None
168	за	924	coref	5124
169	последние	927	None	None
170	сутки	937	None	None
171	ракетный	943	None	None
172	удар	952	None	None
173	был	957	None	None
174	нанесен	961	None	None
175	по	969	None	None
176	самому	972	coref	5108
177	городу	979	coref	5108
178	Газа	986	coref	5108
179	.	990	None	None
180	Целью	992	None	None
181	последнего	998	None	None
182	обстрела	1009	None	None
183	вновь	1018	None	None
184	стало	1024	None	None
185	здание	1030	coref	5122
186	,	1036	None	None
187	в	1038	coref	5107
188	котором	1040	coref	5122
189	,	1047	None	None
190	по	1049	None	None
191	утверждению	1052	None	None
192	израильских	1064	coref	5106
193	военных	1076	coref	5106
194	,	1083	None	None
195	находился	1085	None	None
196	оружейный	1095	coref	5123
197	завод	1105	coref	5123
198	палестинских	1111	coref	5121
199	боевиков	1124	coref	5123
200	.	1132	None	None
201	Однако	1134	None	None
202	один	1141	None	None
203	из	1146	None	None
204	снарядов	1149	None	None
205	разорвался	1158	None	None
206	в	1169	coref	5107
207	жилом	1171	coref	5107
208	квартале	1177	coref	5107
209	.	1185	None	None
210	По	1187	None	None
211	данным	1190	None	None
212	палестинских	1197	coref	5121
213	источников	1210	None	None
214	,	1220	None	None
215	имеются	1222	None	None
216	жертвы	1230	None	None
217	.	1236	None	None
218	По	1239	None	None
219	предварительным	1242	None	None
220	данным	1258	None	None
221	,	1264	None	None
222	в	1266	coref	5107
223	результате	1268	None	None
224	пяти	1279	None	None
225	налетов	1284	None	None
226	израильской	1292	coref	5106
227	авиации	1304	coref	5106
228	11	1312	None	None
229	палестинцев	1315	None	None
230	убиты	1327	None	None
231	и	1333	None	None
232	еще	1335	None	None
233	130	1339	None	None
234	ранены	1343	None	None
235	,	1349	None	None
236	сообщает	1351	None	None
237	телекомпания	1360	None	None
238	CNN	1373	None	None
239	.	1376	None	None
240	Обстрелы	1379	None	None
241	стали	1388	None	None
242	ответом	1394	None	None
243	на	1402	coref	5137
244	убийство	1405	None	None
245	в	1414	coref	5107
246	воскресенье	1416	None	None
247	трех	1428	None	None
248	израильских	1433	coref	5106
249	военнослужащих	1445	None	None
250	.	1459	None	None
251	Ответственность	1461	None	None
252	за	1477	coref	5124
253	данный	1480	None	None
254	теракт	1487	None	None
255	взяла	1494	None	None
256	на	1500	coref	5137
257	себя	1503	coref	5118
258	палестинская	1508	coref	5118
259	экстремистская	1521	coref	5118
260	группировка	1536	coref	5118
261	«	1548	coref	5118
262	Хамас	1549	coref	5118
263	»	1554	coref	5118
264	.	1555	None	None
265	Руководство	1558	None	None
266	«	1570	coref	5118
267	Хамас	1571	coref	5118
268	»	1576	coref	5118
269	заявило	1578	None	None
270	вчера	1586	None	None
271	,	1591	None	None
272	что	1593	None	None
273	«	1597	coref	5118
274	акт	1598	coref	5124
275	возмездия	1602	coref	5124
276	за	1612	coref	5124
277	очередное	1615	coref	5124
278	преступление	1625	coref	5124
279	сионистских	1638	coref	5124
280	агрессоров	1650	coref	5124
281	не	1661	None	None
282	заставит	1664	None	None
283	себя	1673	coref	5118
284	долго	1678	None	None
285	ждать	1684	None	None
286	.	1689	None	None
287	Палестинские	1691	coref	5118
288	мстители	1704	coref	5118
289	уже	1713	None	None
290	по	1717	None	None
291	пути	1720	None	None
292	в	1725	coref	5107
293	израильские	1727	coref	5106
294	города	1739	None	None
295	»	1745	coref	5118
296	,	1746	None	None
297	-	1748	coref	5120
298	говорится	1750	None	None
299	в	1760	coref	5107
300	заявлении	1762	None	None
301	«	1772	coref	5118
302	Хамаса	1773	coref	5118
303	»	1779	coref	5118
304	,	1780	None	None
305	распространенном	1782	None	None
306	в	1799	coref	5107
307	Газе	1801	coref	5107
308	.	1805	None	None
309	Госдепартамент	1808	coref	5125
310	США	1823	coref	5125
311	призвал	1827	None	None
312	американцев	1835	None	None
313	не	1847	None	None
314	ездить	1850	None	None
315	в	1857	coref	5107
316	Израиль	1859	coref	5106
317	и	1867	None	None
318	на	1869	coref	5137
319	оккупированные	1872	None	None
320	территории	1887	None	None
321	В	1899	None	None
322	распространенном	1901	None	None
323	в	1918	coref	5107
324	понедельник	1920	None	None
325	вечером	1932	None	None
326	заявлении	1940	None	None
327	американского	1950	coref	5125
328	внешнеполитического	1964	coref	5125
329	ведомства	1984	coref	5125
330	отмечается	1994	None	None
331	,	2004	None	None
332	что	2006	None	None
333	«	2010	coref	5118
334	ситуация	2011	None	None
335	в	2020	coref	5107
336	Израиле	2022	coref	5106
337	,	2029	None	None
338	Иерусалиме	2031	None	None
339	,	2041	None	None
340	на	2043	coref	5137
341	Западном	2046	coref	5127
342	берегу	2055	coref	5127
343	реки	2062	coref	5127
344	Иордан	2067	coref	5127
345	и	2074	None	None
346	в	2076	coref	5107
347	секторе	2078	coref	5109
348	Газа	2086	coref	5108
349	остается	2091	None	None
350	исключительно	2100	None	None
351	нестабильной	2114	None	None
352	»	2126	coref	5118
353	и	2128	None	None
354	что	2130	None	None
355	«	2134	coref	5118
356	вероятность	2135	None	None
357	новых	2147	None	None
358	террористических	2153	None	None
359	атак	2170	None	None
360	крайне	2175	None	None
361	высока	2182	None	None
362	»	2188	coref	5118
363	.	2189	None	None
364	Гражданам	2192	coref	5129
365	США	2202	coref	5125
366	,	2205	None	None
367	которые	2207	coref	5129
368	уже	2215	None	None
369	находятся	2219	None	None
370	в	2229	coref	5107
371	кризисном	2231	coref	5130
372	регионе	2241	coref	5130
373	и	2249	None	None
374	,	2250	None	None
375	несмотря	2252	None	None
376	на	2261	coref	5137
377	нынешнее	2264	None	None
378	предупреждение	2273	None	None
379	,	2287	None	None
380	пожелают	2289	None	None
381	там	2298	coref	5130
382	оставаться	2302	None	None
383	,	2312	None	None
384	рекомендовано	2314	None	None
385	«	2328	coref	5118
386	очень	2329	None	None
387	внимательно	2335	None	None
388	рассмотреть	2347	None	None
389	вопрос	2359	None	None
390	о	2366	None	None
391	личной	2368	None	None
392	безопасности	2375	None	None
393	»	2387	coref	5118
394	.	2388	None	None
395	В	2390	None	None
396	частности	2392	None	None
397	,	2401	None	None
398	им	2403	coref	5129
399	советуют	2406	None	None
400	всеми	2415	None	None
401	силами	2421	None	None
402	избегать	2428	None	None
403	посещения	2437	None	None
404	ресторанов	2447	None	None
405	,	2457	None	None
406	кафе	2459	None	None
407	,	2463	None	None
408	торговых	2465	None	None
409	центров	2474	None	None
410	,	2481	None	None
411	пешеходных	2483	None	None
412	улиц	2494	None	None
413	,	2498	None	None
414	не	2500	None	None
415	пользоваться	2503	None	None
416	общественным	2516	None	None
417	транспортом	2529	None	None
418	и	2541	None	None
419	не	2543	None	None
420	находиться	2546	None	None
421	вблизи	2557	None	None
422	автобусных	2564	None	None
423	остановок	2575	None	None
424	.	2584	None	None
425	Шарон	2587	coref	5131
426	:	2592	None	None
427	Арафат	2594	coref	5132
428	является	2601	None	None
429	«	2610	coref	5118
430	наибольшим	2611	None	None
431	препятствием	2622	None	None
432	на	2635	coref	5137
433	пути	2638	None	None
434	к	2643	None	None
435	миру	2645	None	None
436	»	2649	coref	5118
437	,	2650	None	None
438	поэтому	2652	None	None
439	«	2660	coref	5118
440	Израиль	2661	coref	5106
441	решил	2669	None	None
442	убрать	2675	None	None
443	его	2682	coref	5132
444	с	2686	coref	5135
445	политической	2688	None	None
446	арены	2701	None	None
447	»	2706	coref	5118
448	Единственной	2709	None	None
449	надеждой	2722	None	None
450	на	2731	coref	5137
451	достижение	2734	None	None
452	прочного	2745	None	None
453	мира	2754	None	None
454	на	2759	coref	5137
455	Ближнем	2762	coref	5133
456	Востоке	2770	coref	5133
457	является	2778	None	None
458	выполнение	2787	None	None
459	палестинской	2798	coref	5134
460	стороной	2811	coref	5134
461	положений	2820	None	None
462	мирного	2830	coref	5135
463	плана	2838	coref	5135
464	«	2844	coref	5118
465	Дорожная	2845	coref	5135
466	карта	2854	coref	5135
467	»	2859	coref	5118
468	с	2861	coref	5135
469	14	2863	coref	5114
470	поправками	2866	coref	5135
471	,	2876	None	None
472	предложенными	2878	None	None
473	к	2892	None	None
474	документу	2894	coref	5135
475	Израилем	2904	coref	5106
476	.	2912	None	None
477	С	2914	None	None
478	таким	2916	None	None
479	заявлением	2922	None	None
480	выступил	2933	None	None
481	в	2942	coref	5107
482	понедельник	2944	None	None
483	вечером	2956	None	None
484	премьер	2964	coref	5131
485	-	2971	coref	5120
486	министр	2972	coref	5131
487	Израиля	2980	coref	5106
488	Ариэль	2988	coref	5131
489	Шарон	2995	coref	5131
490	на	3001	coref	5137
491	открытии	3004	None	None
492	зимней	3013	None	None
493	сессии	3020	None	None
494	кнессета	3027	coref	5136
495	(	3036	coref	5136
496	парламента	3037	coref	5136
497	)	3047	coref	5136
498	страны	3049	coref	5106
499	.	3055	None	None
500	«	3058	coref	5118
501	Наш	3059	coref	5106
502	план	3063	coref	5135
503	является	3068	None	None
504	единственной	3077	None	None
505	надеждой	3090	None	None
506	на	3099	coref	5137
507	достижение	3102	None	None
508	реального	3113	None	None
509	прорыва	3123	None	None
510	на	3131	coref	5137
511	пути	3134	None	None
512	к	3139	None	None
513	миру	3141	None	None
514	с	3146	coref	5135
515	палестинцами	3148	coref	5134
516	,	3160	None	None
517	-	3162	coref	5120
518	сказал	3164	None	None
519	глава	3171	coref	5131
520	правительства	3177	coref	5131
521	.	3190	None	None
522	-	3192	coref	5120
523	Лишь	3194	None	None
524	полный	3199	None	None
525	отказ	3206	None	None
526	от	3212	None	None
527	террора	3215	None	None
528	может	3223	None	None
529	положить	3229	None	None
530	начало	3238	None	None
531	новой	3245	None	None
532	эре	3251	None	None
533	мира	3255	None	None
534	в	3260	coref	5107
535	регионе	3262	coref	5130
536	»	3269	coref	5118
537	.	3270	None	None
538	Шарон	3273	coref	5131
539	выступил	3279	None	None
540	с	3288	coref	5135
541	резкой	3290	None	None
542	критикой	3297	None	None
543	разработанных	3306	None	None
544	и	3320	None	None
545	подписанных	3322	None	None
546	израильскими	3334	None	None
547	и	3347	None	None
548	палестинскими	3349	None	None
549	пацифистами	3363	None	None
550	в	3375	coref	5107
551	Иордании	3377	None	None
552	так	3386	coref	5137
553	называемых	3390	None	None
554	Женевских	3401	None	None
555	соглашений	3411	None	None
556	.	3421	None	None
557	Документ	3423	coref	5135
558	фиксирует	3432	None	None
559	договоренности	3442	None	None
560	сторон	3457	None	None
561	о	3464	None	None
562	путях	3466	None	None
563	решения	3472	None	None
564	всех	3480	None	None
565	горячих	3485	None	None
566	проблем	3493	None	None
567	,	3500	None	None
568	включая	3502	None	None
569	судьбу	3510	None	None
570	Иерусалима	3517	None	None
571	,	3527	None	None
572	еврейских	3529	None	None
573	поселений	3539	None	None
574	,	3548	None	None
575	арабских	3550	None	None
576	узников	3559	None	None
577	и	3567	None	None
578	строящейся	3569	coref	5137
579	на	3580	coref	5137
580	Западном	3583	coref	5127
581	берегу	3592	coref	5127
582	реки	3599	coref	5127
583	Иордан	3604	coref	5127
584	разделительной	3611	coref	5137
585	стены	3626	coref	5137
586	.	3631	None	None
587	«	3634	coref	5118
588	Любое	3635	None	None
589	отступление	3641	None	None
590	палестинской	3653	coref	5134
591	стороны	3666	coref	5134
592	от	3674	None	None
593	«	3677	coref	5118
594	Дорожной	3678	coref	5135
595	карты	3687	coref	5135
596	»	3692	coref	5118
597	является	3694	None	None
598	поддержкой	3703	None	None
599	террористических	3714	None	None
600	организаций	3731	None	None
601	»	3742	coref	5118
602	,	3743	None	None
603	-	3745	coref	5120
604	считает	3747	None	None
605	премьер	3755	coref	5131
606	.	3762	None	None
607	Шарон	3765	coref	5131
608	заявил	3771	None	None
609	,	3777	None	None
610	что	3779	None	None
611	лидер	3783	coref	5132
612	Палестинской	3789	coref	5132
613	администрации	3802	coref	5132
614	Ясир	3816	coref	5132
615	Арафат	3821	coref	5132
616	является	3828	None	None
617	«	3837	coref	5118
618	наибольшим	3838	None	None
619	препятствием	3849	None	None
620	на	3862	coref	5137
621	пути	3865	None	None
622	к	3870	None	None
623	миру	3872	None	None
624	»	3876	coref	5118
625	,	3877	None	None
626	а	3879	None	None
627	потому	3881	None	None
628	«	3888	coref	5118
629	Израиль	3889	coref	5106
630	решил	3897	None	None
631	убрать	3903	None	None
632	его	3910	coref	5132
633	с	3914	coref	5135
634	политической	3916	None	None
635	арены	3929	None	None
636	»	3934	coref	5118
637	.	3935	None	None
638	После	3937	None	None
639	этих	3943	None	None
640	высказываний	3948	None	None
641	главы	3961	coref	5131
642	правительства	3967	coref	5131
643	депутаты	3981	None	None
644	кнессета	3990	coref	5136
645	,	3998	None	None
646	представляющие	4000	None	None
647	арабов	4015	None	None
648	-	4021	coref	5120
649	граждан	4022	None	None
650	Израиля	4030	coref	5106
651	,	4037	None	None
652	покинули	4039	None	None
653	зал	4048	None	None
654	заседания	4052	None	None
655	.	4061	None	None
656	Кроме	4064	None	None
657	того	4070	None	None
658	,	4074	None	None
659	Шарон	4076	coref	5131
660	указал	4082	None	None
661	,	4088	None	None
662	что	4090	None	None
663	Израиль	4094	coref	5106
664	ускорит	4102	None	None
665	процесс	4110	None	None
666	строительства	4118	None	None
667	так	4132	coref	5137
668	называемой	4136	coref	5137
669	разделительной	4147	coref	5137
670	стены	4162	coref	5137
671	на	4168	coref	5137
672	Западном	4171	coref	5127
673	берегу	4180	coref	5127
674	Иордана	4187	coref	5127
675	.	4194	None	None
