	word	start_char	type	chain_id
0	Вячеслав	0	coref	4137
1	Колосков	9	coref	4137
2	:	17	None	None
3	будущее	19	None	None
4	российского	27	None	None
5	футбола	39	None	None
6	-	47	None	None
7	за	49	None	None
8	искусственными	52	None	None
9	полями	67	None	None
10	Президент	75	coref	4137
11	Российского	85	coref	4137
12	футбольного	97	coref	4137
13	союза	109	coref	4137
14	Вячеслав	115	coref	4137
15	Колосков	124	coref	4137
16	считает	133	None	None
17	,	140	None	None
18	что	142	None	None
19	будущее	146	None	None
20	российского	154	None	None
21	футбола	166	None	None
22	за	174	None	None
23	искусственными	177	None	None
24	полями	192	None	None
25	.	198	None	None
26	Об	200	None	None
27	этом	203	None	None
28	он	208	coref	4137
29	заявил	211	None	None
30	на	218	None	None
31	пресс	221	None	None
32	-	226	None	None
33	конференции	227	None	None
34	в	239	None	None
35	РИА	241	None	None
36	«	245	coref	4140
37	Новости	246	None	None
38	»	253	coref	4140
39	,	254	None	None
40	посвященной	256	None	None
41	5	268	None	None
42	-	269	None	None
43	й	270	None	None
44	Международной	272	None	None
45	выставке	286	None	None
46	футбольной	295	None	None
47	индустрии	306	None	None
48	«	316	coref	4140
49	Футбол	317	None	None
50	Маркет	324	None	None
51	»	330	coref	4140
52	и	332	None	None
53	второй	334	None	None
54	специализированной	341	None	None
55	выставке	360	None	None
56	«	369	coref	4140
57	Стадионное	370	None	None
58	оборудование	381	None	None
59	и	394	None	None
60	современные	396	None	None
61	покрытия	408	None	None
62	на	417	None	None
63	спортивных	420	None	None
64	сооружениях	431	None	None
65	»	442	coref	4140
66	.	443	None	None
67	По	446	None	None
68	словам	449	None	None
69	Колоскова	456	coref	4137
70	,	465	None	None
71	с	467	None	None
72	учетом	469	None	None
73	климата	476	None	None
74	в	484	None	None
75	России	486	coref	4139
76	просто	493	None	None
77	необходимо	500	None	None
78	строить	511	None	None
79	поля	519	coref	4143
80	с	524	None	None
81	искусственным	526	None	None
82	газоном	540	None	None
83	,	547	None	None
84	и	549	None	None
85	только	551	None	None
86	тогда	558	None	None
87	можно	564	None	None
88	будет	570	None	None
89	добиться	576	None	None
90	прогресса	585	None	None
91	в	595	None	None
92	развитии	597	None	None
93	национального	606	None	None
94	футбола	620	None	None
95	и	628	None	None
96	,	629	None	None
97	в	631	None	None
98	частности	633	None	None
99	,	642	None	None
100	появлении	644	None	None
101	новых	654	None	None
102	футбольных	660	None	None
103	дарований	671	None	None
104	.	680	None	None
105	В	683	None	None
106	связи	685	None	None
107	с	691	None	None
108	этим	693	None	None
109	президент	698	coref	4137
110	РФС	708	coref	4137
111	отметил	712	None	None
112	эксперимент	720	None	None
113	генерального	732	coref	4140
114	директора	745	coref	4140
115	ОАО	755	coref	4140
116	«	759	coref	4140
117	Лужники	760	coref	4140
118	»	767	coref	4140
119	,	768	None	None
120	который	770	coref	4140
121	уложил	778	None	None
122	на	785	None	None
123	главной	788	coref	4141
124	арене	796	coref	4141
125	страны	802	coref	4139
126	искусственный	809	None	None
127	газон	823	None	None
128	.	828	None	None
129	«	830	coref	4140
130	Алешин	831	coref	4140
131	-	838	None	None
132	член	840	None	None
133	комитета	845	None	None
134	по	854	None	None
135	стадионам	857	None	None
136	УЕФА	867	None	None
137	,	871	None	None
138	и	873	None	None
139	он	875	coref	4137
140	согласился	878	None	None
141	пойти	889	None	None
142	на	895	None	None
143	эксперимент	898	None	None
144	по	910	None	None
145	внедрению	913	None	None
146	полей	923	None	None
147	с	929	None	None
148	искусственным	931	None	None
149	покрытием	945	None	None
150	на	955	None	None
151	главных	958	None	None
152	аренах	966	None	None
153	мира	973	None	None
154	,	977	None	None
155	-	979	None	None
156	сказал	981	None	None
157	Колосков	988	coref	4137
158	.	996	None	None
159	-	998	None	None
160	Таким	1000	None	None
161	образом	1006	None	None
162	,	1013	None	None
163	он	1015	coref	4137
164	стал	1018	None	None
165	участником	1023	None	None
166	эксперимента	1034	coref	4142
167	,	1046	None	None
168	который	1048	coref	4140
169	закончится	1056	None	None
170	в	1067	None	None
171	2005	1069	None	None
172	году	1074	None	None
173	,	1078	None	None
174	и	1080	None	None
175	,	1081	None	None
176	по	1083	None	None
177	моему	1086	coref	4137
178	мнению	1092	None	None
179	,	1098	None	None
180	завершится	1100	None	None
181	удачно	1111	None	None
182	»	1117	coref	4140
183	.	1118	None	None
184	Глава	1121	coref	4137
185	РФС	1127	coref	4137
186	отметил	1131	None	None
187	,	1138	None	None
188	что	1140	None	None
189	лишь	1144	None	None
190	в	1149	None	None
191	некоторых	1151	None	None
192	уголках	1161	None	None
193	мира	1169	None	None
194	нет	1174	None	None
195	необходимости	1178	None	None
196	укладывать	1192	None	None
197	синтетические	1203	coref	4143
198	поля	1217	coref	4143
199	,	1221	None	None
200	в	1223	None	None
201	других	1225	None	None
202	же	1232	None	None
203	странах	1235	None	None
204	,	1242	None	None
205	особенно	1244	None	None
206	северных	1253	None	None
207	,	1261	None	None
208	без	1263	None	None
209	них	1267	coref	4143
210	обойтись	1271	None	None
211	нельзя	1280	None	None
212	.	1286	None	None
213	«	1289	coref	4140
214	Конечно	1290	None	None
215	,	1297	None	None
216	искусственное	1299	None	None
217	поле	1313	None	None
218	никогда	1318	None	None
219	не	1326	None	None
220	заменит	1329	None	None
221	настоящее	1337	None	None
222	,	1346	None	None
223	но	1348	None	None
224	с	1351	None	None
225	каждым	1353	None	None
226	годом	1360	None	None
227	разница	1366	None	None
228	все	1374	None	None
229	меньше	1378	None	None
230	,	1384	None	None
231	-	1386	None	None
232	подчеркнул	1388	None	None
233	он	1399	coref	4137
234	.	1401	None	None
235	-	1403	None	None
236	Например	1405	None	None
237	,	1413	None	None
238	недавно	1415	None	None
239	в	1423	None	None
240	Финляндии	1425	None	None
241	на	1435	None	None
242	синтетическом	1438	None	None
243	покрытии	1452	None	None
244	прошел	1461	None	None
245	юношеский	1468	None	None
246	чемпионат	1478	None	None
247	мира	1488	None	None
248	,	1492	None	None
249	и	1494	None	None
250	отзывы	1496	None	None
251	были	1503	None	None
252	самые	1508	None	None
253	положительные	1514	None	None
254	»	1527	coref	4140
255	.	1528	None	None
