	word	start_char	type	chain_id
0	Здание	0	coref	5084
1	ООН	7	coref	5084
2	в	11	coref	5084
3	Багдаде	13	coref	5084
4	могли	21	None	None
5	взорвать	27	None	None
6	охранявшие	36	None	None
7	его	47	coref	5084
8	бывшие	51	coref	5087
9	агенты	58	coref	5087
10	иракских	65	coref	5087
11	спецслужб	74	coref	5087
12	,	83	None	None
13	считает	85	None	None
14	ФБР	93	coref	5089
15	Сотрудники	98	None	None
16	ФБР	109	coref	5089
17	США	113	coref	5089
18	,	116	None	None
19	ведущие	118	None	None
20	расследование	126	None	None
21	теракта	140	coref	5090
22	у	148	coref	5090
23	представительства	150	coref	5084
24	ООН	168	coref	5084
25	в	172	coref	5084
26	Багдаде	174	coref	5084
27	,	181	None	None
28	рассматривают	183	None	None
29	версию	197	None	None
30	о	204	None	None
31	том	206	None	None
32	,	209	None	None
33	что	211	None	None
34	к	215	None	None
35	нему	217	coref	5090
36	могут	222	None	None
37	быть	228	None	None
38	причастны	233	None	None
39	иракские	243	coref	5087
40	сотрудники	252	coref	5087
41	охраны	263	coref	5087
42	здания	270	coref	5084
43	.	276	None	None
44	Как	279	None	None
45	сообщает	283	None	None
46	газета	292	coref	5091
47	New	299	coref	5091
48	York	303	coref	5091
49	Times	308	coref	5091
50	,	313	None	None
51	до	315	None	None
52	начала	318	None	None
53	американо	325	None	None
54	-	334	None	None
55	британской	335	None	None
56	военной	346	None	None
57	акции	354	None	None
58	все	360	None	None
59	охранники	364	None	None
60	были	374	None	None
61	сотрудниками	379	None	None
62	или	392	None	None
63	осведомителями	396	None	None
64	иракских	411	coref	5087
65	спецслужб	420	coref	5087
66	и	430	None	None
67	информировали	432	None	None
68	их	446	coref	5088
69	о	449	None	None
70	деятельности	451	None	None
71	ООН	464	coref	5084
72	в	468	coref	5084
73	стране	470	coref	5092
74	.	476	None	None
75	Неназванный	479	None	None
76	сотрудник	491	None	None
77	ФБР	501	coref	5089
78	,	504	None	None
79	участвующий	506	None	None
80	в	518	coref	5084
81	расследовании	520	None	None
82	,	533	None	None
83	сообщил	535	None	None
84	газете	543	coref	5091
85	,	549	None	None
86	что	551	None	None
87	после	555	None	None
88	окончания	561	None	None
89	боевых	571	None	None
90	действий	578	None	None
91	и	587	None	None
92	возобновления	589	None	None
93	работы	603	None	None
94	миссии	610	coref	5093
95	ООН	617	coref	5084
96	для	621	None	None
97	ее	625	coref	5093
98	охраны	628	coref	5087
99	были	635	None	None
100	набраны	640	None	None
101	те	648	None	None
102	же	651	None	None
103	люди	654	None	None
104	.	658	None	None
105	В	661	None	None
106	настоящее	663	None	None
107	время	673	None	None
108	идут	679	None	None
109	допросы	684	None	None
110	охранников	692	coref	5087
111	.	702	None	None
112	Газета	704	coref	5091
113	пишет	711	None	None
114	,	716	None	None
115	что	718	None	None
116	особые	722	None	None
117	подозрения	729	None	None
118	вызывает	740	None	None
119	точность	749	None	None
120	«	758	None	None
121	наведения	759	None	None
122	»	768	None	None
123	взорвавшейся	770	None	None
124	машины	783	None	None
125	.	789	None	None
126	Эпицентр	791	None	None
127	находился	800	None	None
128	как	810	None	None
129	раз	814	None	None
130	под	818	None	None
131	кабинетом	822	None	None
132	координатора	832	coref	5094
133	ООН	845	coref	5084
134	в	849	coref	5084
135	Ираке	851	coref	5092
136	Сержиу	857	coref	5094
137	де	864	coref	5094
138	Меллу	867	coref	5094
139	,	872	None	None
140	а	874	None	None
141	взрыв	876	None	None
142	прогремел	882	None	None
143	в	892	coref	5084
144	тот	894	None	None
145	момент	898	None	None
146	,	904	None	None
147	когда	906	None	None
148	он	912	coref	5094
149	встречался	915	None	None
150	с	926	None	None
151	влиятельным	928	coref	5095
152	американским	940	coref	5095
153	адвокатом	953	coref	5095
154	Артуром	963	coref	5095
155	Хелтоном	971	coref	5095
156	.	979	None	None
157	Оба	981	coref	5096
158	в	985	coref	5084
159	результате	987	None	None
160	теракта	998	coref	5090
161	погибли	1006	None	None
162	.	1013	None	None
