	word	start_char	type	chain_id
0	Сильное	0	None	None
1	землетрясение	8	None	None
2	произошло	22	None	None
3	в	32	None	None
4	Иране	34	coref	4934
5	,	39	None	None
6	есть	41	None	None
7	разрушения	46	None	None
8	На	58	None	None
9	юго	61	None	None
10	-	64	coref	4936
11	западе	65	None	None
12	Ирана	72	coref	4934
13	произошло	78	None	None
14	сильное	88	None	None
15	землетрясение	96	None	None
16	,	109	None	None
17	есть	111	None	None
18	разрушения	116	None	None
19	,	126	None	None
20	данных	128	None	None
21	о	135	None	None
22	жертвах	137	None	None
23	пока	145	None	None
24	не	150	None	None
25	поступало	153	None	None
26	.	162	None	None
27	Как	165	None	None
28	сообщил	169	None	None
29	в	177	None	None
30	пятницу	179	None	None
31	геофизический	187	None	None
32	центр	201	None	None
33	Тегеранского	207	None	None
34	университета	220	None	None
35	,	232	None	None
36	мощность	234	None	None
37	подземных	243	None	None
38	толчков	253	None	None
39	,	260	None	None
40	зафиксированных	262	None	None
41	в	278	None	None
42	пяти	280	None	None
43	километрах	285	None	None
44	от	296	None	None
45	города	299	coref	4935
46	Масджед	306	coref	4935
47	Солейман	314	coref	4935
48	(	323	None	None
49	провинция	324	None	None
50	Хузестан	334	None	None
51	)	342	None	None
52	в	344	None	None
53	четверг	346	None	None
54	вечером	354	None	None
55	,	361	None	None
56	составила	363	None	None
57	4	373	None	None
58	,	374	None	None
59	9	375	None	None
60	балла	377	None	None
61	по	383	None	None
62	шкале	386	None	None
63	Рихтера	392	None	None
64	.	399	None	None
65	Эпицентр	402	None	None
66	землетрясения	411	None	None
67	пришелся	425	None	None
68	на	434	None	None
69	другой	437	coref	4936
70	населенный	444	coref	4936
71	пункт	455	coref	4936
72	-	461	coref	4936
73	Заман	463	coref	4936
74	Абад	469	coref	4936
75	,	473	None	None
76	в	475	None	None
77	котором	477	coref	4936
78	разрушены	485	None	None
79	некоторые	495	None	None
80	из	505	None	None
81	жилых	508	None	None
82	домов	514	None	None
83	,	519	None	None
84	сообщает	521	None	None
85	РИА	530	None	None
86	«	534	None	None
87	Новости	535	None	None
88	»	542	None	None
89	.	543	None	None
90	До	546	None	None
91	настоящего	549	None	None
92	момента	560	None	None
93	сообщений	568	None	None
94	о	578	None	None
95	жертвах	580	None	None
96	не	588	None	None
97	поступало	591	None	None
98	,	600	None	None
99	однако	602	None	None
100	спасательные	609	None	None
101	службы	622	None	None
102	и	629	None	None
103	больницы	631	None	None
104	Масджед	640	coref	4935
105	Солеймана	648	coref	4935
106	приведены	658	None	None
107	в	668	None	None
108	полную	670	None	None
109	готовность	677	None	None
110	.	687	None	None
