	word	start_char	type	chain_id
0	Михаэль	0	coref	4182
1	Шумахер	8	coref	4182
2	продлил	16	None	None
3	контракт	24	coref	4183
4	с	33	coref	4183
5	Ferrari	35	coref	4183
6	Чемпион	44	coref	4182
7	мира	52	coref	4182
8	по	57	coref	4182
9	автогонкам	60	coref	4182
10	в	71	coref	4182
11	классе	73	coref	4182
12	'	80	coref	4182
13	Формула	81	coref	4182
14	-	88	coref	4182
15	1	89	coref	4182
16	'	90	coref	4182
17	Михаэль	92	coref	4182
18	Шумахер	100	coref	4182
19	продолжит	108	None	None
20	сотрудничество	118	None	None
21	со	133	coref	4185
22	своей	136	coref	4182
23	командой	142	coref	4184
24	до	151	coref	4185
25	конца	154	None	None
26	2006	160	None	None
27	года	165	coref	4185
28	.	169	None	None
29	Действующий	171	coref	4183
30	контракт	183	coref	4183
31	Михаэля	192	coref	4182
32	с	200	coref	4183
33	Ferrari	202	coref	4183
34	истекал	210	None	None
35	в	218	coref	4182
36	2004	220	coref	4185
37	году	225	None	None
38	,	229	None	None
39	и	231	None	None
40	сегодня	233	None	None
41	боссы	241	None	None
42	итальянской	247	coref	4184
43	конюшни	259	coref	4184
44	продлили	267	None	None
45	соглашение	276	coref	4183
46	с	287	coref	4183
47	чемпионом	289	coref	4182
48	еще	299	None	None
49	на	303	None	None
50	два	306	None	None
51	года	310	coref	4185
52	.	314	None	None
53	Помимо	316	None	None
54	Шумахера	323	coref	4182
55	,	331	None	None
56	на	333	None	None
57	такой	336	None	None
58	же	342	None	None
59	срок	345	None	None
60	продлил	350	None	None
61	контракт	358	coref	4183
62	с	367	coref	4183
63	Ferrari	369	coref	4183
64	спортивный	377	None	None
65	директор	388	None	None
66	Жан	397	None	None
67	Тодт	401	None	None
68	.	405	None	None
69	Финансовую	407	None	None
70	сторону	418	None	None
71	сделки	426	None	None
72	представители	433	None	None
73	итальянской	447	coref	4184
74	конюшни	459	coref	4184
75	пока	467	None	None
76	не	472	None	None
77	огласили	475	None	None
78	,	483	None	None
79	сообщает	485	None	None
80	Reuters	494	None	None
81	.	501	None	None
82	Партнер	504	None	None
83	Шумахера	512	coref	4182
84	бразилец	521	None	None
85	Рубенс	530	None	None
86	Барикелло	537	None	None
87	также	547	None	None
88	имеет	553	None	None
89	контракт	559	coref	4183
90	со	568	coref	4185
91	'	571	coref	4182
92	Скудерией	572	coref	4184
93	'	581	coref	4182
94	до	583	coref	4185
95	2004	586	coref	4185
96	года	591	coref	4185
97	,	595	None	None
98	о	597	None	None
99	продлении	599	None	None
100	которого	609	coref	4182
101	информации	618	None	None
102	пока	629	None	None
103	не	634	None	None
104	поступало	637	None	None
105	.	646	None	None
106	Михаэль	649	coref	4182
107	Шумахер	657	coref	4182
108	,	664	None	None
109	выигравший	666	None	None
110	три	677	None	None
111	из	681	None	None
112	пяти	684	None	None
113	своих	689	coref	4182
114	чемпионских	695	None	None
115	титулов	707	None	None
116	с	715	coref	4183
117	командой	717	coref	4184
118	'	726	coref	4182
119	Бенеттон	727	None	None
120	'	735	coref	4182
121	,	736	None	None
122	лучший	738	None	None
123	пилот	745	None	None
124	в	751	coref	4182
125	истории	753	None	None
126	легендарной	761	coref	4184
127	конюшни	773	coref	4184
128	Ferrari	781	coref	4183
129	.	788	None	None
130	В	790	None	None
131	его	792	coref	4182
132	активе	796	None	None
133	67	803	None	None
134	побед	806	None	None
135	на	812	None	None
136	этапах	815	None	None
137	чемпионата	822	None	None
138	мира	833	coref	4182
139	,	837	None	None
140	а	839	None	None
141	свой	841	coref	4182
142	пятый	846	None	None
143	чемпионский	852	None	None
144	титул	864	None	None
145	он	870	coref	4182
146	завоевал	873	None	None
147	в	882	coref	4182
148	прошлом	884	None	None
149	году	892	None	None
150	за	897	None	None
151	шесть	900	None	None
152	гонок	906	None	None
153	до	912	coref	4185
154	финиша	915	None	None
155	.	921	None	None
156	В	923	None	None
157	нынешнем	925	None	None
158	сезоне	934	None	None
159	преимущество	941	None	None
160	Михаэля	954	coref	4182
161	не	962	None	None
162	так	965	None	None
163	очевидно	969	None	None
164	.	977	None	None
165	На	979	None	None
166	сегодняшний	982	None	None
167	день	994	None	None
168	он	999	coref	4182
169	с	1002	coref	4183
170	тремя	1004	None	None
171	победами	1010	None	None
172	на	1019	None	None
173	четыре	1022	None	None
174	очка	1029	None	None
175	отстает	1034	None	None
176	от	1042	None	None
177	лидирующего	1045	None	None
178	Кими	1057	None	None
179	Райкконена	1062	None	None
180	из	1073	None	None
181	McLaren	1076	None	None
182	,	1083	None	None
183	но	1085	None	None
184	может	1088	None	None
185	возглавить	1094	None	None
186	таблицу	1105	None	None
187	уже	1113	None	None
188	в	1117	coref	4182
189	эти	1119	None	None
190	выходные	1123	None	None
191	на	1132	None	None
192	гран	1135	None	None
193	-	1139	coref	4182
194	при	1140	None	None
195	Канады	1144	None	None
196	.	1150	None	None
197	34	1153	coref	4182
198	-	1155	coref	4182
199	летний	1156	coref	4182
200	гонщик	1163	coref	4182
201	,	1169	None	None
202	у	1171	None	None
203	которого	1173	coref	4182
204	два	1182	None	None
205	маленьких	1186	None	None
206	ребенка	1196	None	None
207	,	1203	None	None
208	заявил	1205	None	None
209	о	1212	None	None
210	своем	1214	coref	4182
211	желании	1220	None	None
212	завершить	1228	None	None
213	свою	1238	coref	4182
214	карьеру	1243	None	None
215	в	1251	coref	4182
216	Ferrari	1253	coref	4183
217	.	1260	None	None
218	'	1262	coref	4182
219	Я	1263	coref	4182
220	останусь	1265	None	None
221	в	1274	coref	4182
222	этой	1276	coref	4184
223	команде	1281	coref	4184
224	пока	1289	None	None
225	не	1294	None	None
226	перестану	1297	None	None
227	побеждать	1307	None	None
228	'	1316	coref	4182
229	,	1317	None	None
230	-	1319	coref	4182
231	заявил	1321	None	None
232	Михаэль	1328	coref	4182
233	.	1335	None	None
