	word	start_char	type	chain_id
0	Возобновление	0	None	None
1	мирного	14	coref	5023
2	процесса	22	coref	5031
3	проходит	31	None	None
4	испытание	40	None	None
5	Газой	50	coref	5016
6	Мирный	57	None	None
7	процесс	64	None	None
8	,	71	coref	5035
9	реанимированный	73	None	None
10	США	89	coref	5017
11	,	92	coref	5035
12	Россией	94	coref	5018
13	,	101	coref	5035
14	ЕС	103	coref	5019
15	и	106	None	None
16	ООН	108	coref	5020
17	,	111	coref	5035
18	наталкивается	113	None	None
19	на	127	coref	5036
20	эскалацию	130	None	None
21	конфликта	140	None	None
22	,	149	coref	5035
23	в	151	coref	5030
24	частности	153	None	None
25	,	162	coref	5035
26	в	164	coref	5030
27	секторе	166	coref	5016
28	Газа	174	coref	5016
29	,	178	coref	5035
30	пишет	180	None	None
31	сегодня	186	None	None
32	Le	194	coref	5021
33	Monde	197	coref	5021
34	(	203	coref	5026
35	перевод	204	None	None
36	на	212	coref	5036
37	сайте	215	None	None
38	Inopressa	221	None	None
39	.	230	None	None
40	ru	231	None	None
41	)	233	coref	5026
42	.	234	None	None
43	Французское	237	coref	5021
44	издание	249	coref	5021
45	отмечает	257	None	None
46	:	265	None	None
47	в	267	coref	5030
48	понедельник	269	None	None
49	5	281	None	None
50	мая	283	None	None
51	помощник	287	None	None
52	госсекретаря	296	coref	5024
53	США	309	coref	5017
54	по	313	None	None
55	Ближнему	316	None	None
56	Востоку	325	None	None
57	Уильям	333	None	None
58	Бернс	340	None	None
59	встретился	346	None	None
60	с	357	coref	5036
61	новым	359	coref	5022
62	палестинским	365	coref	5022
63	премьер	378	coref	5022
64	-	385	coref	5022
65	министром	386	coref	5022
66	Абу	396	coref	5022
67	Мазеном	400	coref	5022
68	и	408	None	None
69	подтвердил	410	None	None
70	намерение	421	None	None
71	президента	431	None	None
72	Буша	442	None	None
73	осуществить	447	None	None
74	мирный	459	coref	5023
75	план	466	coref	5023
76	,	470	coref	5035
77	обнародованный	472	None	None
78	30	487	None	None
79	апреля	490	None	None
80	как	497	None	None
81	«	501	coref	5023
82	Дорожная	502	None	None
83	карта	511	None	None
84	»	516	coref	5023
85	.	517	None	None
86	В	519	None	None
87	пятницу	521	None	None
88	глава	529	coref	5024
89	американской	535	coref	5024
90	дипломатии	548	coref	5024
91	Колин	559	coref	5024
92	Пауэлл	565	coref	5024
93	должен	572	None	None
94	начать	579	None	None
95	очередное	586	None	None
96	турне	596	None	None
97	по	602	None	None
98	региону	605	coref	5016
99	.	612	None	None
100	Между	614	None	None
101	тем	620	None	None
102	мирный	624	coref	5023
103	процесс	631	None	None
104	,	638	coref	5035
105	реанимированный	640	None	None
106	«	656	coref	5023
107	квартетом	657	coref	5025
108	»	666	coref	5023
109	(	668	coref	5026
110	США	669	coref	5017
111	,	672	coref	5035
112	Россия	674	None	None
113	,	680	coref	5035
114	ЕС	682	coref	5019
115	и	685	None	None
116	ООН	687	coref	5020
117	)	690	coref	5026
118	наталкивается	692	None	None
119	на	706	coref	5036
120	эскалацию	709	None	None
121	конфликта	719	None	None
122	,	728	coref	5035
123	в	730	coref	5030
124	частности	732	None	None
125	,	741	coref	5035
126	в	743	coref	5030
127	секторе	745	coref	5016
128	Газа	753	coref	5016
129	.	757	None	None
130	Духовный	760	coref	5026
131	лидер	769	coref	5026
132	Движения	775	coref	5026
133	исламского	784	coref	5026
134	сопротивления	795	coref	5026
135	(	809	coref	5026
136	«	810	coref	5023
137	Хамас	811	coref	5026
138	»	816	coref	5023
139	)	817	coref	5026
140	шейх	819	coref	5026
141	Ясин	824	coref	5026
142	не	829	None	None
143	признает	832	None	None
144	реформированной	841	None	None
145	Палестинской	857	None	None
146	администрации	870	coref	5028
147	и	884	None	None
148	пророчит	886	None	None
149	провал	895	None	None
150	мирного	902	coref	5023
151	плана	910	coref	5023
152	,	915	coref	5035
153	в	917	coref	5030
154	котором	919	coref	5023
155	,	926	coref	5035
156	по	928	None	None
157	его	931	coref	5023
158	словам	935	None	None
159	,	941	coref	5035
160	«	943	coref	5023
161	говорится	944	None	None
162	только	954	None	None
163	о	961	None	None
164	безопасности	963	coref	5034
165	Израиля	976	coref	5028
166	»	983	coref	5023
167	.	984	None	None
168	Как	987	None	None
169	пишет	991	None	None
170	Le	997	coref	5021
171	Monde	1000	coref	5021
172	,	1005	coref	5035
173	прошло	1007	None	None
174	меньше	1014	None	None
175	недели	1021	None	None
176	со	1028	None	None
177	дня	1031	None	None
178	публикации	1035	None	None
179	«	1046	coref	5023
180	Дорожной	1047	coref	5023
181	карты	1056	coref	5023
182	»	1061	coref	5023
183	-	1063	coref	5022
184	нового	1065	None	None
185	мирного	1072	coref	5023
186	плана	1080	coref	5023
187	,	1085	coref	5035
188	ставящего	1087	None	None
189	своей	1097	coref	5023
190	целью	1103	None	None
191	вновь	1109	None	None
192	усадить	1115	None	None
193	израильтян	1123	coref	5028
194	и	1134	None	None
195	палестинцев	1136	coref	5029
196	за	1148	None	None
197	стол	1151	None	None
198	переговоров	1156	None	None
199	.	1167	None	None
200	Подготовка	1169	None	None
201	к	1180	None	None
202	его	1182	coref	5023
203	реализации	1186	None	None
204	уже	1197	None	None
205	ведется	1201	None	None
206	.	1208	None	None
207	Началом	1211	None	None
208	станет	1219	None	None
209	объявленный	1226	None	None
210	визит	1238	coref	5030
211	в	1244	coref	5030
212	регион	1246	coref	5016
213	госсекретаря	1253	coref	5024
214	США	1266	coref	5017
215	Колина	1270	coref	5024
216	Пауэлла	1277	coref	5024
217	,	1284	coref	5035
218	за	1286	None	None
219	которым	1289	coref	5030
220	последует	1297	None	None
221	визит	1307	coref	5030
222	высокопоставленного	1313	None	None
223	европейского	1333	None	None
224	представителя	1346	None	None
225	-	1360	coref	5022
226	Хавьера	1362	None	None
227	Соланы	1370	None	None
228	.	1376	None	None
229	Многие	1378	None	None
230	детали	1385	None	None
231	еще	1392	None	None
232	предстоит	1396	None	None
233	урегулировать	1406	None	None
234	,	1419	coref	5035
235	в	1421	coref	5030
236	частности	1423	None	None
237	роль	1433	None	None
238	двух	1438	coref	5031
239	главных	1443	coref	5031
240	спонсоров	1451	coref	5031
241	мирного	1461	coref	5023
242	процесса	1469	coref	5031
243	-	1478	coref	5022
244	США	1480	coref	5017
245	и	1484	None	None
246	Европейского	1486	None	None
247	союза	1499	None	None
248	.	1504	None	None
249	Однако	1506	None	None
250	всеобщее	1513	None	None
251	внимание	1522	None	None
252	уже	1531	None	None
253	приковано	1535	None	None
254	к	1545	None	None
255	сектору	1547	coref	5016
256	Газа	1555	coref	5016
257	,	1559	coref	5035
258	одной	1561	None	None
259	из	1567	None	None
260	редких	1570	None	None
261	территорий	1577	None	None
262	,	1587	coref	5035
263	где	1589	coref	5016
264	еще	1593	None	None
265	можно	1597	None	None
266	встретить	1603	None	None
267	палестинцев	1613	coref	5029
268	в	1625	coref	5030
269	военной	1627	None	None
270	униформе	1635	None	None
271	и	1644	None	None
272	с	1646	coref	5036
273	оружием	1648	None	None
274	в	1656	coref	5030
275	руках	1658	None	None
276	-	1664	coref	5022
277	этими	1666	None	None
278	атрибутами	1672	None	None
279	автономии	1683	None	None
280	,	1692	coref	5035
281	унаследованной	1694	None	None
282	от	1709	None	None
283	подписанных	1712	None	None
284	в	1724	coref	5030
285	Осло	1726	None	None
286	соглашений	1731	None	None
287	.	1741	None	None
288	В	1743	None	None
289	августе	1745	None	None
290	2002	1753	None	None
291	года	1758	None	None
292	израильтяне	1763	coref	5028
293	и	1775	None	None
294	палестинцы	1777	coref	5029
295	уже	1788	None	None
296	пытались	1792	None	None
297	найти	1801	None	None
298	«	1807	coref	5023
299	модус	1808	None	None
300	вивенди	1814	None	None
301	»	1821	coref	5023
302	на	1823	coref	5036
303	этой	1826	coref	5016
304	узкой	1831	coref	5016
305	полоске	1837	coref	5016
306	земли	1845	coref	5016
307	,	1850	coref	5035
308	но	1852	None	None
309	безуспешно	1855	None	None
310	.	1865	None	None
311	«	1868	coref	5023
312	В	1869	None	None
313	Газе	1871	coref	5016
314	есть	1876	None	None
315	еще	1881	None	None
316	люди	1885	None	None
317	,	1889	coref	5035
318	способные	1891	None	None
319	устраивать	1901	None	None
320	облавы	1912	None	None
321	,	1918	coref	5035
322	и	1920	None	None
323	есть	1922	None	None
324	тюрьмы	1927	None	None
325	для	1934	None	None
326	активистов	1938	None	None
327	«	1949	coref	5023
328	Хамас	1950	coref	5026
329	»	1955	coref	5023
330	,	1956	coref	5035
331	-	1958	coref	5022
332	с	1960	coref	5036
333	иронией	1962	None	None
334	говорит	1970	None	None
335	один	1978	None	None
336	из	1983	None	None
337	местных	1986	None	None
338	наблюдателей	1994	None	None
339	.	2006	None	None
340	Ибо	2008	None	None
341	для	2012	None	None
342	палестинцев	2016	coref	5029
343	первый	2028	None	None
344	этап	2035	None	None
345	«	2040	coref	5023
346	Дорожной	2041	coref	5023
347	карты	2050	coref	5023
348	»	2055	coref	5023
349	означает	2057	None	None
350	,	2065	coref	5035
351	прежде	2067	None	None
352	всего	2074	None	None
353	,	2079	coref	5035
354	ликвидацию	2081	None	None
355	вооруженных	2092	coref	5032
356	группировок	2104	coref	5032
357	.	2115	None	None
358	В	2117	None	None
359	Газе	2119	coref	5016
360	они	2124	coref	5028
361	нападают	2128	None	None
362	на	2137	coref	5036
363	израильскую	2140	None	None
364	армию	2152	None	None
365	и	2158	None	None
366	поселенцев	2160	None	None
367	,	2170	coref	5035
368	а	2172	None	None
369	также	2174	None	None
370	запускают	2180	None	None
371	примитивные	2190	None	None
372	ракеты	2202	None	None
373	в	2209	coref	5030
374	сторону	2211	None	None
375	Израиля	2219	coref	5028
376	.	2226	None	None
377	Сектор	2228	coref	5016
378	Газа	2235	coref	5016
379	,	2239	coref	5035
380	полностью	2241	None	None
381	окруженный	2251	None	None
382	линией	2262	None	None
383	заграждений	2269	None	None
384	,	2280	coref	5035
385	регулярно	2282	None	None
386	становится	2292	None	None
387	объектом	2303	None	None
388	вторжений	2312	None	None
389	израильских	2322	None	None
390	войск	2334	None	None
391	.	2339	None	None
392	Кровавый	2342	None	None
393	рейд	2351	None	None
394	Молодой	2357	coref	5033
395	полковник	2365	coref	5033
396	Мухаммед	2375	coref	5033
397	Дахлан	2384	coref	5033
398	,	2390	coref	5035
399	возглавивший	2392	None	None
400	министерство	2405	None	None
401	безопасности	2418	coref	5034
402	по	2431	None	None
403	указу	2434	None	None
404	Абу	2440	coref	5022
405	Мазена	2444	coref	5022
406	(	2451	coref	5026
407	Махмуда	2452	None	None
408	Аббаса	2460	None	None
409	)	2466	coref	5026
410	,	2467	coref	5035
411	наизусть	2469	None	None
412	знает	2478	None	None
413	этот	2484	coref	5016
414	район	2489	coref	5016
415	,	2494	coref	5035
416	который	2496	coref	5016
417	он	2504	coref	5033
418	долго	2507	None	None
419	держал	2513	None	None
420	в	2520	coref	5030
421	кулаке	2522	None	None
422	.	2528	None	None
423	Возглавляя	2530	None	None
424	службу	2541	coref	5034
425	превентивной	2548	coref	5034
426	безопасности	2561	coref	5034
427	,	2573	coref	5035
428	он	2575	coref	5033
429	жестко	2578	None	None
430	подавлял	2585	None	None
431	исламистов	2594	None	None
432	,	2604	coref	5035
433	враждебных	2606	None	None
434	мирным	2617	None	None
435	соглашениям	2624	None	None
436	-	2636	coref	5022
437	в	2638	coref	5030
438	частности	2640	None	None
439	,	2649	coref	5035
440	в	2651	coref	5030
441	1996	2653	None	None
442	году	2658	None	None
443	,	2662	coref	5035
444	после	2664	None	None
445	волны	2670	None	None
446	терактов	2676	None	None
447	,	2684	coref	5035
448	последовавших	2686	None	None
449	за	2700	None	None
450	убийством	2703	None	None
451	военного	2713	None	None
452	лидера	2722	coref	5026
453	«	2729	coref	5023
454	Хамас	2730	coref	5026
455	»	2735	coref	5023
456	Яхьи	2737	None	None
457	Айяша	2742	None	None
458	.	2747	None	None
459	«	2750	coref	5023
460	Сейчас	2751	None	None
461	не	2758	None	None
462	1996	2761	None	None
463	год	2766	None	None
464	,	2769	coref	5035
465	и	2771	None	None
466	Дахлан	2773	coref	5033
467	это	2780	None	None
468	знает	2784	None	None
469	.	2789	None	None
470	Все	2791	None	None
471	палестинские	2795	None	None
472	группировки	2808	None	None
473	сегодня	2820	None	None
474	объединились	2828	None	None
475	для	2841	None	None
476	борьбы	2845	None	None
477	против	2852	None	None
478	израильтян	2859	coref	5028
479	»	2869	coref	5023
480	,	2870	coref	5035
481	-	2872	coref	5022
482	предупреждает	2874	None	None
483	Абдель	2888	coref	5035
484	Хаким	2895	coref	5035
485	Вахид	2901	coref	5035
486	,	2906	coref	5035
487	руководитель	2908	coref	5035
488	молодежной	2921	coref	5035
489	организации	2932	coref	5035
490	«	2944	coref	5023
491	Фатх	2945	coref	5035
492	»	2949	coref	5023
493	(	2951	coref	5026
494	партии	2952	None	None
495	Ясира	2959	None	None
496	Арафата	2965	None	None
497	)	2972	coref	5026
498	,	2973	coref	5035
499	созданной	2975	None	None
500	в	2985	coref	5030
501	Газе	2987	coref	5016
502	Дахланом	2992	coref	5033
503	в	3001	coref	5030
504	начале	3003	None	None
505	80	3010	None	None
506	-	3012	coref	5022
507	х	3013	None	None
508	годов	3015	None	None
509	.	3020	None	None
510	«	3022	coref	5023
511	Он	3023	coref	5033
512	не	3026	None	None
513	сможет	3029	None	None
514	действовать	3036	None	None
515	,	3047	coref	5035
516	если	3049	None	None
517	израильтяне	3054	coref	5028
518	не	3066	None	None
519	сменят	3069	None	None
520	политику	3076	None	None
521	.	3084	None	None
522	Выбор	3086	None	None
523	за	3092	None	None
524	ними	3095	coref	5028
525	:	3099	None	None
526	они	3101	coref	5028
527	не	3105	None	None
528	могут	3108	None	None
529	одновременно	3114	None	None
530	требовать	3127	None	None
531	от	3137	None	None
532	палестинцев	3140	coref	5029
533	проявлять	3152	None	None
534	спокойствие	3162	None	None
535	и	3174	None	None
536	продолжать	3176	None	None
537	свои	3187	coref	5028
538	операции	3192	None	None
539	как	3201	None	None
540	ни	3205	None	None
541	в	3208	coref	5030
542	чем	3210	None	None
543	не	3214	None	None
544	бывало	3217	None	None
545	»	3223	coref	5023
546	,	3224	coref	5035
547	-	3226	coref	5022
548	добавляет	3228	None	None
549	он	3238	coref	5033
550	.	3240	None	None
551	Если	3242	None	None
552	израильтяне	3247	coref	5028
553	были	3259	None	None
554	встревожены	3264	None	None
555	последним	3276	None	None
556	терактом	3286	None	None
557	(	3295	coref	5026
558	30	3296	None	None
559	апреля	3299	None	None
560	)	3305	coref	5026
561	,	3306	coref	5035
562	палестинцы	3308	coref	5029
563	по	3319	None	None
564	-	3321	coref	5022
565	прежнему	3322	None	None
566	находятся	3331	None	None
567	в	3341	coref	5030
568	шоке	3343	None	None
569	от	3348	None	None
570	«	3351	coref	5023
571	израильского	3352	None	None
572	подарка	3365	None	None
573	к	3373	None	None
574	«	3375	coref	5023
575	Дорожной	3376	coref	5023
576	карте	3385	coref	5023
577	»	3390	coref	5023
578	-	3392	coref	5022
579	так	3394	None	None
580	Абдель	3398	coref	5035
581	Хаким	3405	coref	5035
582	Вахид	3411	coref	5035
583	называет	3417	None	None
584	кровавый	3426	None	None
585	рейд	3435	None	None
586	,	3439	coref	5035
587	совершенный	3441	None	None
588	армией	3453	coref	5028
589	уже	3460	None	None
590	после	3464	None	None
591	публикации	3470	None	None
592	документа	3481	coref	5023
593	в	3491	coref	5030
594	квартале	3493	None	None
595	Шуджайя	3502	None	None
596	на	3510	coref	5036
597	окраине	3513	None	None
598	Газы	3521	coref	5016
599	с	3526	coref	5036
600	целью	3528	None	None
601	ликвидации	3534	None	None
602	активистов	3545	None	None
603	«	3556	coref	5023
604	Хамас	3557	coref	5026
605	»	3562	coref	5023
606	.	3563	None	None
607	Контакты	3566	None	None
608	Продолжение	3576	None	None
609	подобных	3588	None	None
610	рейдов	3597	None	None
611	свяжет	3604	None	None
612	руки	3611	None	None
613	службе	3616	coref	5034
614	превентивной	3623	coref	5034
615	безопасности	3636	coref	5034
616	,	3648	coref	5035
617	контроль	3650	None	None
618	над	3659	None	None
619	которой	3663	coref	5034
620	сохранил	3671	None	None
621	Мухаммед	3680	coref	5033
622	Дахлан	3689	coref	5033
623	.	3695	None	None
624	В	3697	None	None
625	прошлом	3699	None	None
626	отношения	3707	None	None
627	между	3717	None	None
628	администрацией	3723	coref	5028
629	и	3738	None	None
630	«	3740	coref	5023
631	Хамас	3741	coref	5026
632	»	3746	coref	5023
633	часто	3748	None	None
634	превращались	3754	None	None
635	в	3767	coref	5030
636	настоящую	3769	None	None
637	войну	3779	None	None
638	.	3784	None	None
639	Сегодня	3786	None	None
640	у	3794	None	None
641	дома	3796	None	None
642	духовного	3801	coref	5026
643	лидера	3811	coref	5026
644	«	3818	coref	5023
645	Хамас	3819	coref	5026
646	»	3824	coref	5023
647	шейха	3826	coref	5026
648	Ахмеда	3832	coref	5026
649	Ясина	3839	coref	5026
650	царит	3845	None	None
651	мирная	3851	None	None
652	обстановка	3858	None	None
653	.	3868	None	None
654	Горстка	3870	None	None
655	его	3878	coref	5023
656	верных	3882	None	None
657	последователей	3889	None	None
658	явно	3904	None	None
659	не	3909	None	None
660	боится	3912	None	None
661	возможных	3919	None	None
662	арестов	3929	None	None
663	.	3936	None	None
664	Таксист	3939	None	None
665	Рахид	3947	None	None
666	пытается	3953	None	None
667	выразить	3962	None	None
668	общее	3971	None	None
669	настроение	3977	None	None
670	:	3987	None	None
671	«	3989	coref	5023
672	Если	3990	None	None
673	Абу	3995	coref	5022
674	добьется	3999	None	None
675	чего	4008	None	None
676	-	4012	coref	5022
677	нибудь	4013	None	None
678	от	4020	None	None
679	израильтян	4023	coref	5028
680	,	4033	coref	5035
681	«	4035	coref	5023
682	Хамас	4036	coref	5026
683	»	4041	coref	5023
684	едва	4043	None	None
685	ли	4048	None	None
686	откажется	4051	None	None
687	от	4061	None	None
688	того	4064	None	None
689	,	4068	coref	5035
690	чтобы	4070	None	None
691	договориться	4076	None	None
692	с	4089	coref	5036
693	администрацией	4091	coref	5028
694	.	4105	None	None
695	В	4107	None	None
696	противном	4109	None	None
697	случае	4119	None	None
698	правы	4126	None	None
699	окажутся	4132	None	None
700	исламисты	4141	None	None
701	»	4150	coref	5023
702	.	4151	None	None
703	Скорее	4153	None	None
704	всего	4160	None	None
705	,	4165	coref	5035
706	контакты	4167	None	None
707	с	4176	coref	5036
708	целью	4178	None	None
709	найти	4184	None	None
710	почву	4190	None	None
711	для	4196	None	None
712	соглашения	4200	None	None
713	уже	4211	None	None
714	установлены	4215	None	None
715	,	4226	coref	5035
716	но	4228	None	None
717	руководители	4231	None	None
718	«	4244	coref	5023
719	Хамас	4245	coref	5026
720	»	4250	coref	5023
721	это	4252	None	None
722	отрицают	4256	None	None
723	.	4264	None	None
724	«	4266	coref	5023
725	Дахлан	4267	coref	5033
726	знает	4274	None	None
727	,	4279	coref	5035
728	что	4281	None	None
729	он	4285	coref	5033
730	может	4288	None	None
731	добиться	4294	None	None
732	своих	4303	coref	5033
733	целей	4309	None	None
734	только	4315	None	None
735	с	4322	coref	5036
736	помощью	4324	None	None
737	диалога	4332	None	None
738	»	4339	coref	5023
739	,	4340	coref	5035
740	-	4342	coref	5022
741	говорит	4344	None	None
742	Абдель	4352	coref	5035
743	Хаким	4359	coref	5035
744	Вахид	4365	coref	5035
745	.	4370	None	None
746	После	4373	None	None
747	двух	4379	coref	5031
748	с	4384	coref	5036
749	половиной	4386	None	None
750	лет	4396	None	None
751	эскалации	4400	None	None
752	конфликта	4410	None	None
753	целый	4420	None	None
754	ряд	4426	None	None
755	зон	4430	None	None
756	находятся	4434	None	None
757	полностью	4444	None	None
758	вне	4454	None	None
759	контроля	4458	None	None
760	администрации	4467	coref	5028
761	:	4480	None	None
762	это	4482	None	None
763	перенаселенные	4486	None	None
764	лагеря	4501	None	None
765	беженцев	4508	None	None
766	и	4517	None	None
767	контролируемый	4519	None	None
768	израильтянами	4534	coref	5028
769	город	4548	None	None
770	Рафах	4554	None	None
771	на	4560	coref	5036
772	границе	4563	coref	5036
773	с	4571	coref	5036
774	Египтом	4573	coref	5036
775	,	4580	coref	5035
776	где	4582	coref	5016
777	столкновения	4586	None	None
778	происходят	4599	None	None
779	почти	4610	None	None
780	ежедневно	4616	None	None
781	.	4625	None	None
782	Диалог	4627	None	None
783	и	4634	None	None
784	возможное	4636	None	None
785	перемирие	4646	None	None
786	заведомо	4656	None	None
787	отвергаются	4665	None	None
788	израильтянами	4677	coref	5028
789	:	4690	None	None
790	они	4692	coref	5028
791	требуют	4696	None	None
792	быстрого	4704	None	None
793	и	4713	None	None
794	жесткого	4715	None	None
795	подавления	4724	None	None
796	вооруженных	4735	coref	5032
797	группировок	4747	coref	5032
798	,	4758	coref	5035
799	чтобы	4760	None	None
800	не	4766	None	None
801	дать	4769	None	None
802	им	4774	coref	5032
803	реорганизоваться	4777	None	None
804	.	4793	None	None
805	Это	4795	None	None
806	означает	4799	None	None
807	,	4807	coref	5035
808	что	4809	None	None
809	Дахлану	4813	coref	5033
810	,	4820	coref	5035
811	а	4822	None	None
812	заодно	4824	None	None
813	и	4831	None	None
814	всей	4833	None	None
815	команде	4838	coref	5037
816	Абу	4846	coref	5022
817	Мазена	4850	coref	5022
818	,	4856	coref	5035
819	которую	4858	coref	5037
820	палестинская	4866	None	None
821	улица	4879	None	None
822	уже	4885	None	None
823	сейчас	4889	None	None
824	считает	4896	None	None
825	«	4904	coref	5023
826	обанкротившейся	4905	None	None
827	»	4920	coref	5023
828	,	4921	coref	5035
829	скоро	4923	None	None
830	придется	4929	None	None
831	платить	4938	None	None
832	по	4946	None	None
833	счетам	4949	None	None
834	.	4955	None	None
