	word	start_char	type	chain_id
0	ЦРУ	0	coref	4736
1	ведет	4	None	None
2	допросы	10	None	None
3	Шейха	18	coref	4737
4	Мохаммеда	24	coref	4737
5	в	34	coref	4737
6	камере	36	coref	4738
7	«	43	coref	4737
8	Отель	44	coref	4738
9	«	50	coref	4737
10	Калифорния	51	coref	4738
11	»	61	coref	4737
12	без	63	None	None
13	еды	67	None	None
14	и	71	coref	4738
15	одежды	73	None	None
16	Арестованный	81	coref	4737
17	Шейх	94	coref	4737
18	Мохаммед	99	coref	4737
19	подвергался	108	None	None
20	специальной	120	None	None
21	обработке	132	None	None
22	в	142	coref	4737
23	течение	144	None	None
24	трех	152	None	None
25	дней	157	None	None
26	.	161	None	None
27	Опасаясь	163	None	None
28	за	172	None	None
29	судьбу	175	None	None
30	своих	182	coref	4737
31	детей	188	None	None
32	и	194	coref	4738
33	того	196	None	None
34	,	200	coref	4737
35	что	202	None	None
36	его	206	coref	4737
37	могут	210	None	None
38	отравить	216	None	None
39	,	224	coref	4737
40	самый	226	coref	4737
41	преданный	232	coref	4737
42	соратник	242	coref	4737
43	бен	251	coref	4737
44	Ладена	255	coref	4737
45	согласился	262	None	None
46	сотрудничать	273	None	None
47	.	285	None	None
48	Пакистанские	287	coref	4740
49	военные	300	coref	4740
50	заявили	308	None	None
51	сразу	316	None	None
52	же	322	None	None
53	после	325	None	None
54	его	331	coref	4737
55	захвата	335	None	None
56	:	342	None	None
57	«	344	coref	4737
58	Нам	345	coref	4740
59	нужно	349	None	None
60	несколько	355	None	None
61	часов	365	None	None
62	,	370	coref	4737
63	чтобы	372	None	None
64	захватить	378	None	None
65	Усаму	388	coref	4739
66	.	393	None	None
67	Мы	395	coref	4736
68	ничего	398	None	None
69	не	405	None	None
70	сделаем	408	None	None
71	твоим	416	coref	4737
72	детям	422	None	None
73	»	427	coref	4737
74	,	428	coref	4737
75	-	430	coref	4737
76	пишет	432	None	None
77	сегодня	438	None	None
78	Corriere	446	coref	4741
79	Della	455	coref	4741
80	Sera	461	coref	4741
81	(	465	None	None
82	перевод	466	None	None
83	на	474	None	None
84	сайте	477	None	None
85	Inopressa	483	None	None
86	.	492	None	None
87	ru	493	None	None
88	)	495	None	None
89	.	496	None	None
90	«	499	coref	4737
91	Мы	500	coref	4736
92	напали	503	None	None
93	на	510	None	None
94	его	513	coref	4737
95	след	517	None	None
96	,	521	coref	4737
97	от	523	None	None
98	Усамы	526	coref	4739
99	нас	532	coref	4740
100	отделяют	536	None	None
101	несколько	545	None	None
102	часов	555	None	None
103	»	560	coref	4737
104	,	561	coref	4737
105	-	563	coref	4737
106	сотрудник	565	None	None
107	пакистанской	575	coref	4740
108	разведки	588	coref	4740
109	не	597	None	None
110	мог	600	None	None
111	выразиться	604	None	None
112	точнее	615	None	None
113	.	621	None	None
114	В	623	None	None
115	ходе	625	None	None
116	незапланированной	630	None	None
117	пресс	648	None	None
118	-	653	coref	4737
119	конференции	654	None	None
120	представители	666	None	None
121	пакистанских	680	coref	4740
122	спецслужб	693	coref	4736
123	продемонстрировали	703	None	None
124	видеозапись	722	None	None
125	захвата	734	None	None
126	Халеда	742	coref	4737
127	Шейха	749	coref	4737
128	Мохаммеда	755	coref	4737
129	,	764	coref	4737
130	«	766	coref	4737
131	мозга	767	coref	4737
132	»	772	coref	4737
133	«	774	coref	4737
134	Аль	775	coref	4737
135	-	778	coref	4737
136	Каиды	779	coref	4737
137	»	784	coref	4737
138	.	785	None	None
139	В	788	None	None
140	течение	790	None	None
141	двух	798	None	None
142	дней	803	None	None
143	арестованный	808	coref	4737
144	отказывался	821	None	None
145	отвечать	833	None	None
146	на	842	None	None
147	вопросы	845	None	None
148	,	852	coref	4737
149	но	854	None	None
150	на	857	None	None
151	третий	860	None	None
152	день	867	None	None
153	он	872	coref	4737
154	признался	875	None	None
155	,	884	coref	4737
156	что	886	None	None
157	в	890	coref	4737
158	декабре	892	None	None
159	встречался	900	None	None
160	с	911	None	None
161	бен	913	coref	4737
162	Ладеном	917	coref	4739
163	.	924	None	None
164	Где	926	None	None
165	?	929	None	None
166	Шейх	931	coref	4737
167	Мохаммед	936	coref	4737
168	не	945	None	None
169	ответил	948	None	None
170	на	956	None	None
171	этот	959	None	None
172	вопрос	964	None	None
173	.	970	None	None
174	Поэтому	972	None	None
175	полицейские	980	None	None
176	не	992	None	None
177	уверены	995	None	None
178	,	1002	coref	4737
179	что	1004	None	None
180	арестованный	1008	coref	4737
181	говорит	1021	None	None
182	правду	1029	None	None
183	.	1035	None	None
184	Вполне	1037	None	None
185	вероятно	1044	None	None
186	,	1052	coref	4737
187	что	1054	None	None
188	пакистанцы	1058	coref	4740
189	(	1069	None	None
190	и	1070	coref	4738
191	американцы	1072	coref	4736
192	)	1082	None	None
193	попытаются	1084	None	None
194	выяснить	1095	None	None
195	правду	1104	None	None
196	любой	1111	None	None
197	ценой	1117	None	None
198	.	1122	None	None
199	Это	1124	None	None
200	понимает	1128	None	None
201	и	1137	coref	4738
202	Мохаммед	1139	coref	4737
203	.	1147	None	None
204	Он	1149	coref	4737
205	это	1152	None	None
206	осознал	1156	None	None
207	в	1164	coref	4737
208	момент	1166	None	None
209	захвата	1173	None	None
210	.	1180	None	None
211	Первое	1183	coref	4743
212	фото	1190	coref	4743
213	,	1194	coref	4737
214	сделанное	1196	None	None
215	после	1206	None	None
216	ареста	1212	None	None
217	и	1219	coref	4738
218	распространенное	1221	None	None
219	в	1238	coref	4737
220	СМИ	1240	None	None
221	,	1243	coref	4737
222	красноречивее	1245	None	None
223	слов	1259	None	None
224	.	1263	None	None
225	На	1265	None	None
226	фотографии	1268	coref	4743
227	экстремист	1279	coref	4737
228	изображен	1290	None	None
229	со	1300	coref	4738
230	спутанными	1303	None	None
231	волосами	1314	None	None
232	,	1322	coref	4737
233	в	1324	coref	4737
234	майке	1326	None	None
235	,	1331	coref	4737
236	со	1333	coref	4738
237	связанными	1336	None	None
238	за	1347	None	None
239	спиной	1350	None	None
240	руками	1357	None	None
241	,	1363	coref	4737
242	взгляд	1365	None	None
243	устремлен	1372	None	None
244	вниз	1382	None	None
245	.	1386	None	None
246	Номер	1388	coref	4737
247	три	1394	coref	4737
248	в	1398	coref	4737
249	«	1400	coref	4737
250	Аль	1401	coref	4737
251	-	1404	coref	4737
252	Каиде	1405	coref	4737
253	»	1410	coref	4737
254	испуган	1412	None	None
255	.	1419	None	None
256	А	1421	None	None
257	как	1423	None	None
258	может	1427	None	None
259	быть	1433	None	None
260	иначе	1438	None	None
261	?	1443	None	None
262	Мохаммед	1445	coref	4737
263	-	1454	coref	4737
264	террорист	1456	None	None
265	,	1465	coref	4737
266	он	1467	coref	4737
267	знает	1470	None	None
268	,	1475	coref	4737
269	что	1477	None	None
270	его	1481	coref	4737
271	ждет	1485	None	None
272	на	1490	None	None
273	допросах	1493	None	None
274	.	1501	None	None
275	«	1504	coref	4737
276	Мы	1505	coref	4736
277	перевели	1508	None	None
278	его	1517	coref	4737
279	в	1521	coref	4737
280	«	1523	coref	4737
281	Отель	1524	coref	4738
282	«	1530	coref	4737
283	Калифорния	1531	coref	4738
284	»	1541	coref	4737
285	,	1542	coref	4737
286	-	1544	coref	4737
287	сообщил	1546	None	None
288	американский	1554	None	None
289	чиновник	1567	None	None
290	,	1575	coref	4737
291	намекая	1577	None	None
292	на	1585	None	None
293	известную	1588	coref	4744
294	песню	1598	coref	4744
295	Eagles	1604	coref	4744
296	,	1610	coref	4737
297	в	1612	coref	4737
298	которой	1614	coref	4744
299	говорится	1622	None	None
300	,	1631	coref	4737
301	что	1633	None	None
302	в	1637	coref	4737
303	этот	1639	None	None
304	отель	1644	None	None
305	«	1650	coref	4737
306	ты	1651	coref	4737
307	можешь	1654	None	None
308	попасть	1661	None	None
309	когда	1669	None	None
310	угодно	1675	None	None
311	,	1681	coref	4737
312	но	1683	None	None
313	тебе	1686	None	None
314	оттуда	1691	None	None
315	уже	1698	None	None
316	никогда	1702	None	None
317	не	1710	None	None
318	выбраться	1713	None	None
319	»	1722	coref	4737
320	.	1723	None	None
321	Пакистанцы	1726	coref	4740
322	заявляют	1737	None	None
323	,	1745	coref	4737
324	что	1747	None	None
325	Мохаммед	1751	coref	4737
326	держался	1760	None	None
327	в	1769	coref	4737
328	течение	1771	None	None
329	двух	1779	None	None
330	дней	1784	None	None
331	,	1788	coref	4737
332	возможно	1790	None	None
333	,	1798	coref	4737
334	чтобы	1800	None	None
335	дать	1806	None	None
336	время	1811	None	None
337	сообщникам	1817	None	None
338	перебраться	1828	None	None
339	в	1840	coref	4737
340	надежное	1842	None	None
341	место	1851	None	None
342	.	1856	None	None
343	«	1858	coref	4737
344	Он	1859	coref	4737
345	произносил	1862	None	None
346	суры	1873	None	None
347	из	1878	None	None
348	Корана	1881	None	None
349	,	1887	coref	4737
350	казалось	1889	None	None
351	,	1897	coref	4737
352	пребывал	1899	None	None
353	в	1908	coref	4737
354	трансе	1910	None	None
355	»	1916	coref	4737
356	.	1917	None	None
357	Но	1919	None	None
358	американцы	1922	coref	4736
359	,	1932	coref	4737
360	присутствовавшие	1934	None	None
361	на	1951	None	None
362	допросах	1954	None	None
363	,	1962	coref	4737
364	использовали	1964	None	None
365	систему	1977	None	None
366	,	1984	coref	4737
367	безотказно	1986	None	None
368	воздействующую	1997	None	None
369	на	2012	None	None
370	отца	2015	coref	4737
371	.	2019	None	None
372	Они	2021	coref	4745
373	пообещали	2025	None	None
374	,	2034	coref	4737
375	что	2036	None	None
376	будут	2040	None	None
377	«	2046	coref	4737
378	бережно	2047	None	None
379	»	2054	coref	4737
380	обращаться	2056	None	None
381	с	2067	None	None
382	двумя	2069	None	None
383	его	2075	coref	4737
384	сыновьями	2079	None	None
385	,	2088	coref	4737
386	9	2090	coref	4746
387	-	2091	coref	4737
388	летним	2092	coref	4746
389	Юсефом	2099	coref	4746
390	и	2106	coref	4738
391	7	2108	coref	4747
392	-	2109	coref	4737
393	летним	2110	coref	4746
394	Абедом	2117	coref	4747
395	,	2123	coref	4737
396	которых	2125	coref	4748
397	нашли	2133	None	None
398	на	2139	None	None
399	одной	2142	None	None
400	из	2148	None	None
401	квартир	2151	None	None
402	в	2159	coref	4737
403	Карачи	2161	None	None
404	и	2168	coref	4738
405	переправили	2170	None	None
406	в	2182	coref	4737
407	Соединенные	2184	None	None
408	Штаты	2196	None	None
409	.	2201	None	None
410	«	2203	coref	4737
411	Мы	2204	coref	4736
412	пообещали	2207	None	None
413	ему	2217	coref	4737
414	возвратить	2221	None	None
415	их	2232	coref	4748
416	в	2235	coref	4737
417	Пакистан	2237	None	None
418	целыми	2246	None	None
419	и	2253	coref	4738
420	невредимыми	2255	None	None
421	,	2266	coref	4737
422	-	2268	coref	4737
423	сообщил	2270	None	None
424	источник	2278	None	None
425	.	2286	None	None
426	-	2288	coref	4737
427	Это	2290	None	None
428	лишь	2294	None	None
429	дети	2299	None	None
430	,	2303	coref	4737
431	но	2305	None	None
432	мы	2308	coref	4736
433	попытались	2311	None	None
434	получить	2322	None	None
435	от	2331	None	None
436	них	2334	coref	4748
437	любую	2338	None	None
438	возможную	2344	None	None
439	информацию	2354	None	None
440	»	2364	coref	4737
441	.	2365	None	None
442	Использование	2368	None	None
443	Юсефа	2382	coref	4746
444	и	2388	coref	4738
445	Абеда	2390	coref	4747
446	в	2396	coref	4737
447	качестве	2398	None	None
448	инструмента	2407	None	None
449	давления	2419	None	None
450	,	2427	coref	4737
451	если	2429	None	None
452	это	2434	None	None
453	действительно	2438	None	None
454	так	2452	None	None
455	,	2455	coref	4737
456	вызывает	2457	None	None
457	смятение	2466	None	None
458	,	2474	coref	4737
459	даже	2476	None	None
460	если	2481	None	None
461	речь	2486	None	None
462	идет	2491	None	None
463	о	2496	None	None
464	преступнике	2498	coref	4737
465	,	2509	coref	4737
466	несущем	2511	None	None
467	ответственность	2519	None	None
468	за	2535	None	None
469	гибель	2538	None	None
470	тысяч	2545	None	None
471	невинных	2551	None	None
472	людей	2560	None	None
473	,	2565	coref	4737
474	пишет	2567	None	None
475	издание	2573	coref	4741
476	.	2580	None	None
477	Показ	2583	None	None
478	Халиду	2589	coref	4737
479	видеозаписи	2596	None	None
480	с	2608	None	None
481	детьми	2610	coref	4748
482	привел	2617	None	None
483	к	2624	None	None
484	тому	2626	None	None
485	,	2630	coref	4737
486	что	2632	None	None
487	экстремист	2636	coref	4737
488	потерял	2647	None	None
489	веру	2655	None	None
490	в	2660	coref	4737
491	самого	2662	coref	4737
492	себя	2669	coref	4737
493	.	2673	None	None
494	Жестокое	2675	None	None
495	обращение	2684	None	None
496	.	2693	None	None
497	Более	2695	None	None
498	того	2701	None	None
499	,	2705	coref	4737
500	агенты	2707	coref	4745
501	заставили	2714	None	None
502	его	2724	coref	4737
503	поверить	2728	None	None
504	в	2737	coref	4737
505	то	2739	None	None
506	,	2741	coref	4737
507	что	2743	None	None
508	он	2747	coref	4737
509	оказался	2750	None	None
510	в	2759	coref	4737
511	руках	2761	None	None
512	ближневосточной	2767	None	None
513	секретной	2783	None	None
514	службы	2793	None	None
515	,	2799	coref	4737
516	не	2801	None	None
517	соблюдающей	2804	None	None
518	никаких	2816	None	None
519	прав	2824	None	None
520	заключенных	2829	None	None
521	.	2840	None	None
522	Прекрасный	2843	None	None
523	инструмент	2854	None	None
524	для	2865	None	None
525	того	2869	None	None
526	,	2873	coref	4737
527	чтобы	2875	None	None
528	сломить	2881	None	None
529	сопротивление	2889	None	None
530	.	2902	None	None
531	Как	2904	None	None
532	полевые	2908	coref	4749
533	командиры	2916	coref	4749
534	,	2925	coref	4737
535	так	2927	None	None
536	и	2931	coref	4738
537	простые	2933	coref	4750
538	боевики	2941	coref	4750
539	«	2949	coref	4737
540	Аль	2950	coref	4737
541	-	2953	coref	4737
542	Каиды	2954	coref	4737
543	»	2959	coref	4737
544	боятся	2961	None	None
545	оказаться	2968	None	None
546	в	2978	coref	4737
547	руках	2980	None	None
548	своих	2986	coref	4737
549	«	2992	coref	4737
550	арабских	2993	None	None
551	братьев	3002	None	None
552	»	3009	coref	4737
553	.	3010	None	None
554	На	3012	None	None
555	втором	3015	None	None
556	этапе	3022	None	None
557	сотрудники	3028	coref	4745
558	спецслужб	3039	coref	4736
559	пригрозили	3049	None	None
560	отправить	3060	None	None
561	его	3070	coref	4737
562	в	3074	coref	4737
563	какую	3076	coref	4752
564	-	3081	coref	4737
565	нибудь	3082	coref	4752
566	страну	3089	coref	4752
567	,	3095	coref	4737
568	где	3097	coref	4752
569	физические	3101	None	None
570	пытки	3112	None	None
571	являются	3118	None	None
572	нормой	3127	None	None
573	:	3133	None	None
574	«	3135	coref	4737
575	Там	3136	coref	4752
576	ты	3140	coref	4737
577	быстро	3143	None	None
578	заговоришь	3150	None	None
579	»	3160	coref	4737
580	.	3161	None	None
581	Эта	3163	None	None
582	система	3167	None	None
583	применялась	3175	None	None
584	десятки	3187	None	None
585	раз	3195	None	None
586	после	3199	None	None
587	11	3205	None	None
588	сентября	3208	None	None
589	.	3216	None	None
590	Сирия	3218	None	None
591	,	3223	coref	4737
592	Марокко	3225	None	None
593	,	3232	coref	4737
594	Египет	3234	None	None
595	,	3240	coref	4737
596	Иордания	3242	None	None
597	-	3251	coref	4737
598	«	3253	coref	4737
599	райские	3254	None	None
600	уголки	3262	None	None
601	»	3268	coref	4737
602	,	3269	coref	4737
603	избранные	3271	None	None
604	американцами	3281	coref	4736
605	.	3293	None	None
606	В	3296	None	None
607	перерывах	3298	None	None
608	между	3308	None	None
609	допросами	3314	None	None
610	Мохаммеда	3324	coref	4737
611	раздевали	3334	None	None
612	и	3344	coref	4738
613	помещали	3346	None	None
614	в	3355	coref	4737
615	камеру	3357	coref	4738
616	со	3364	coref	4738
617	звукоизоляцией	3367	coref	4738
618	и	3382	coref	4738
619	ослепляющими	3384	coref	4738
620	лампами	3397	coref	4738
621	.	3404	None	None
622	На	3406	None	None
623	полу	3409	None	None
624	не	3414	None	None
625	было	3417	None	None
626	ничего	3422	None	None
627	.	3428	None	None
628	Даже	3430	None	None
629	матраса	3435	None	None
630	.	3442	None	None
631	Иногда	3444	None	None
632	полнейшая	3451	None	None
633	тишина	3461	None	None
634	нарушалась	3468	None	None
635	оглушительной	3479	None	None
636	музыкой	3493	None	None
637	.	3500	None	None
638	Арестованный	3502	coref	4737
639	просил	3515	None	None
640	прекратить	3522	None	None
641	эту	3533	None	None
642	пытку	3537	None	None
643	,	3542	coref	4737
644	но	3544	None	None
645	никто	3547	None	None
646	не	3553	None	None
647	мог	3556	None	None
648	его	3560	coref	4737
649	услышать	3564	None	None
650	.	3572	None	None
651	В	3574	None	None
652	течение	3576	None	None
653	двух	3584	None	None
654	дней	3589	None	None
655	ему	3594	coref	4737
656	не	3598	None	None
657	давали	3601	None	None
658	есть	3608	None	None
659	и	3613	coref	4738
660	пить	3615	None	None
661	.	3619	None	None
662	Потом	3621	None	None
663	его	3627	coref	4737
664	стали	3631	None	None
665	кормить	3637	None	None
666	,	3644	coref	4737
667	но	3646	None	None
668	в	3649	coref	4737
669	неурочное	3651	None	None
670	время	3661	None	None
671	,	3666	coref	4737
672	чтобы	3668	None	None
673	сбить	3674	None	None
674	его	3680	coref	4737
675	биологический	3684	None	None
676	ритм	3698	None	None
677	.	3702	None	None
678	Он	3704	coref	4737
679	заглядывал	3707	None	None
680	в	3718	coref	4737
681	котелок	3720	None	None
682	и	3728	coref	4738
683	спрашивал	3730	None	None
684	себя	3740	coref	4737
685	,	3744	coref	4737
686	что	3746	None	None
687	в	3750	coref	4737
688	его	3752	coref	4737
689	похлебке	3756	None	None
690	.	3764	None	None
691	Яд	3766	None	None
692	?	3768	None	None
693	Сыворотка	3770	None	None
694	,	3779	coref	4737
695	чтобы	3781	None	None
696	развязать	3787	None	None
697	ему	3797	coref	4737
698	язык	3801	None	None
699	?	3805	None	None
700	Однажды	3807	None	None
701	,	3814	coref	4737
702	вернувшись	3816	None	None
703	в	3827	coref	4737
704	камеру	3829	coref	4738
705	,	3835	coref	4737
706	он	3837	coref	4737
707	увидел	3840	None	None
708	,	3846	coref	4737
709	что	3848	None	None
710	она	3852	coref	4738
711	наполовину	3856	None	None
712	заполнена	3867	None	None
713	водой	3877	None	None
714	.	3882	None	None
715	После	3885	None	None
716	завершения	3891	None	None
717	,	3901	coref	4737
718	как	3903	None	None
719	говорят	3907	None	None
720	специалисты	3915	None	None
721	,	3926	coref	4737
722	«	3928	coref	4737
723	массажа	3929	None	None
724	»	3936	coref	4737
725	Мохаммеда	3938	coref	4737
726	вновь	3948	None	None
727	повели	3954	None	None
728	на	3961	None	None
729	допрос	3964	None	None
730	.	3970	None	None
731	Если	3972	None	None
732	он	3977	coref	4737
733	шел	3980	None	None
734	на	3984	None	None
735	сотрудничество	3987	None	None
736	,	4001	coref	4737
737	ему	4003	coref	4737
738	давали	4007	None	None
739	какую	4014	coref	4752
740	-	4019	coref	4737
741	нибудь	4020	coref	4752
742	одежду	4027	None	None
743	,	4033	coref	4737
744	если	4035	None	None
745	отказывался	4040	None	None
746	,	4051	coref	4737
747	то	4053	None	None
748	он	4056	coref	4737
749	оставался	4059	None	None
750	голым	4069	None	None
751	,	4074	coref	4737
752	с	4076	None	None
753	привязанными	4078	None	None
754	к	4091	None	None
755	стулу	4093	None	None
756	руками	4099	None	None
757	и	4106	coref	4738
758	ногами	4108	None	None
759	.	4114	None	None
760	Перед	4116	None	None
761	ним	4122	coref	4737
762	всегда	4126	None	None
763	находились	4133	None	None
764	два	4144	coref	4753
765	следователя	4148	coref	4753
766	:	4159	None	None
767	добрый	4161	None	None
768	и	4168	coref	4738
769	злой	4170	None	None
770	.	4174	None	None
771	Они	4176	coref	4745
772	прочли	4180	None	None
773	все	4187	None	None
774	,	4190	coref	4737
775	что	4192	None	None
776	имелось	4196	None	None
777	в	4204	coref	4737
778	архивах	4206	None	None
779	,	4213	coref	4737
780	они	4215	coref	4745
781	рассказывали	4219	None	None
782	подробности	4232	None	None
783	о	4244	None	None
784	его	4246	coref	4737
785	детях	4250	coref	4748
786	.	4255	None	None
787	Они	4257	coref	4745
788	вошли	4261	None	None
789	в	4267	coref	4737
790	его	4269	coref	4737
791	жизнь	4273	None	None
792	и	4279	coref	4738
793	в	4281	coref	4737
794	его	4283	coref	4737
795	мозг	4287	None	None
796	.	4291	None	None
797	«	4293	coref	4737
798	Добрый	4294	None	None
799	»	4300	coref	4737
800	задавал	4302	None	None
801	вопросы	4310	None	None
802	о	4318	None	None
803	семье	4320	None	None
804	,	4325	coref	4737
805	злой	4327	None	None
806	мучил	4332	None	None
807	его	4338	coref	4737
808	вопросами	4342	None	None
809	о	4352	None	None
810	сообщниках	4354	None	None
811	.	4364	None	None
812	Мохаммед	4367	coref	4737
813	оказался	4376	None	None
814	твердым	4385	None	None
815	орешком	4393	None	None
816	.	4400	None	None
817	Он	4402	coref	4737
818	вел	4405	None	None
819	разгульную	4409	None	None
820	жизнь	4420	None	None
821	,	4425	coref	4737
822	но	4427	None	None
823	не	4430	None	None
824	забывал	4433	None	None
825	о	4441	None	None
826	религии	4443	coref	4754
827	,	4450	coref	4737
828	которая	4452	coref	4754
829	обеспечивала	4460	None	None
830	ему	4473	coref	4737
831	психологическую	4477	None	None
832	защиту	4493	None	None
833	.	4499	None	None
834	Агенты	4501	coref	4745
835	испытывали	4508	None	None
836	его	4519	coref	4737
837	:	4522	None	None
838	они	4524	coref	4745
839	ставили	4528	None	None
840	перед	4536	None	None
841	ним	4542	coref	4737
842	на	4546	None	None
843	столик	4549	None	None
844	стакан	4556	None	None
845	с	4563	None	None
846	водой	4565	None	None
847	и	4571	coref	4738
848	чашку	4573	None	None
849	с	4579	None	None
850	кофе	4581	None	None
851	.	4585	None	None
852	Обычно	4587	None	None
853	в	4594	coref	4737
854	тюрьме	4596	None	None
855	араб	4603	coref	4755
856	соглашается	4608	None	None
857	на	4620	None	None
858	стакан	4623	None	None
859	воды	4630	None	None
860	,	4634	coref	4737
861	потому	4636	None	None
862	что	4643	None	None
863	кофе	4647	None	None
864	он	4652	coref	4737
865	пьет	4655	None	None
866	с	4660	None	None
867	друзьями	4662	None	None
868	.	4670	None	None
869	Если	4672	None	None
870	он	4677	coref	4737
871	поступает	4680	None	None
872	иначе	4690	None	None
873	,	4695	coref	4737
874	значит	4697	None	None
875	из	4704	None	None
876	его	4707	coref	4737
877	внутренней	4711	None	None
878	стены	4722	None	None
879	вывалился	4728	None	None
880	еще	4738	None	None
881	один	4742	None	None
882	кирпич	4747	None	None
883	.	4753	None	None
884	Потом	4755	None	None
885	он	4761	coref	4737
886	заговорит	4764	None	None
887	,	4773	coref	4737
888	без	4775	None	None
889	умолку	4779	None	None
890	.	4785	None	None
