	word	start_char	type	chain_id
0	В	0	None	None
1	Юрмале	2	coref	3408
2	на	9	None	None
3	конкурсе	12	None	None
4	молодых	21	None	None
5	исполнителей	29	None	None
6	приняты	42	None	None
7	повышенные	50	None	None
8	меры	61	None	None
9	безопасности	66	None	None
10	Чтобы	80	None	None
11	попасть	86	None	None
12	в	94	coref	3413
13	открытый	96	coref	3409
14	концертный	105	coref	3409
15	зал	116	coref	3409
16	«	120	coref	3409
17	Дзинтари	121	coref	3409
18	»	129	coref	3409
19	,	130	coref	3413
20	зрителям	132	None	None
21	придется	141	None	None
22	пройти	150	None	None
23	через	157	None	None
24	двойное	163	coref	3410
25	ограждение	171	coref	3410
26	и	182	coref	3413
27	металлодетектор	184	coref	3411
28	,	199	coref	3413
29	потом	201	None	None
30	последует	207	None	None
31	тщательный	217	coref	3412
32	досмотр	228	coref	3412
33	На	237	None	None
34	открывающемся	240	None	None
35	сегодня	254	coref	3413
36	в	262	coref	3413
37	латвийском	264	coref	3408
38	курортном	275	coref	3408
39	городе	285	coref	3408
40	Юрмала	292	coref	3408
41	втором	299	None	None
42	международном	306	None	None
43	конкурсе	320	None	None
44	молодых	329	None	None
45	исполнителей	337	None	None
46	«	350	coref	3409
47	Новая	351	None	None
48	волна	357	None	None
49	»	362	coref	3409
50	приняты	364	None	None
51	повышенные	372	None	None
52	меры	383	None	None
53	безопасности	388	None	None
54	,	400	coref	3413
55	сообщает	402	None	None
56	ИТАР	411	None	None
57	-	415	None	None
58	ТАСС	416	None	None
59	.	420	None	None
60	Как	423	None	None
61	заявил	427	None	None
62	генеральный	434	None	None
63	директор	446	None	None
64	конкурса	455	coref	3413
65	Александр	464	None	None
66	Румянцев	474	None	None
67	,	482	coref	3413
68	при	484	None	None
69	составлении	488	None	None
70	плана	500	None	None
71	мер	506	None	None
72	безопасности	510	None	None
73	полицейские	523	None	None
74	учитывали	535	None	None
75	недавний	545	None	None
76	теракт	554	None	None
77	в	561	coref	3413
78	Москве	563	None	None
79	во	570	None	None
80	время	573	None	None
81	рок	579	None	None
82	-	582	None	None
83	концерта	583	None	None
84	в	592	coref	3413
85	Тушине	594	None	None
86	.	600	None	None
87	Чтобы	603	None	None
88	попасть	609	None	None
89	в	617	coref	3413
90	открытый	619	coref	3409
91	концертный	628	coref	3409
92	зал	639	coref	3409
93	«	643	coref	3409
94	Дзинтари	644	coref	3409
95	»	652	coref	3409
96	,	653	coref	3413
97	зрителям	655	None	None
98	придется	664	None	None
99	пройти	673	None	None
100	через	680	None	None
101	двойное	686	coref	3410
102	ограждение	694	coref	3410
103	и	705	coref	3413
104	металлодетектор	707	coref	3411
105	,	722	coref	3413
106	потом	724	None	None
107	последует	730	None	None
108	тщательный	740	coref	3412
109	досмотр	751	coref	3412
110	,	758	coref	3413
111	в	760	coref	3413
112	котором	762	coref	3412
113	будут	770	None	None
114	участвовать	776	None	None
115	также	788	None	None
116	и	794	coref	3413
117	специально	796	None	None
118	тренированные	807	None	None
119	собаки	821	None	None
120	.	827	None	None
121	В	829	None	None
122	зал	831	coref	3409
123	нельзя	835	None	None
124	проносить	842	None	None
125	зонтики	852	None	None
126	,	859	coref	3413
127	и	861	coref	3413
128	даже	863	None	None
129	воздушные	868	None	None
130	шарики	878	None	None
131	и	885	coref	3413
132	корзины	887	None	None
133	с	895	None	None
134	цветами	897	None	None
135	.	904	None	None
136	Как	906	None	None
137	говорят	910	None	None
138	представители	918	None	None
139	службы	932	None	None
140	безопасности	939	None	None
141	,	951	coref	3413
142	в	953	coref	3413
143	шариках	955	None	None
144	может	963	None	None
145	быть	969	None	None
146	ядовитый	974	None	None
147	газ	983	None	None
148	,	986	coref	3413
149	а	988	None	None
150	в	990	coref	3413
151	цветах	992	None	None
152	-	999	None	None
153	взрывчатка	1001	None	None
154	.	1011	None	None
155	Организаторы	1014	None	None
156	рассчитывают	1027	None	None
157	,	1039	coref	3413
158	что	1041	None	None
159	каждый	1045	None	None
160	концерт	1052	None	None
161	посетит	1060	None	None
162	до	1068	None	None
163	5	1071	None	None
164	тыс	1073	None	None
165	.	1076	None	None
166	человек	1078	None	None
167	,	1085	coref	3413
168	а	1087	None	None
169	ночные	1089	None	None
170	дискотеки	1096	None	None
171	на	1106	None	None
172	пляже	1109	None	None
173	-	1115	None	None
174	до	1117	None	None
175	20	1120	None	None
176	тыс	1123	None	None
177	.	1126	None	None
178	Конкурс	1128	None	None
179	«	1136	coref	3409
180	Новая	1137	None	None
181	волна	1143	None	None
182	»	1148	coref	3409
183	пройдет	1150	None	None
184	в	1158	coref	3413
185	Юрмале	1160	coref	3408
186	с	1167	None	None
187	30	1169	None	None
188	июля	1172	None	None
189	по	1177	None	None
190	3	1180	None	None
191	августа	1182	None	None
192	.	1189	None	None
193	Как	1192	None	None
194	заявил	1196	None	None
195	Игорь	1203	coref	3413
196	Крутой	1209	coref	3413
197	,	1215	coref	3413
198	главный	1217	coref	3413
199	организатор	1225	coref	3413
200	и	1237	coref	3413
201	сопредседатель	1239	coref	3413
202	жюри	1254	coref	3413
203	открывающегося	1259	coref	3413
204	сегодня	1274	coref	3413
205	в	1282	coref	3413
206	Юрмале	1284	coref	3408
207	конкурса	1291	coref	3413
208	,	1299	coref	3413
209	«	1301	coref	3409
210	Новая	1302	None	None
211	волна	1308	None	None
212	»	1313	coref	3409
213	в	1315	coref	3413
214	будущем	1317	None	None
215	«	1325	coref	3409
216	должен	1326	None	None
217	стать	1333	None	None
218	качественным	1339	None	None
219	музыкальным	1352	None	None
220	праздником	1364	None	None
221	,	1374	coref	3413
222	рождающим	1376	None	None
223	новые	1386	None	None
224	звезды	1392	None	None
225	»	1398	coref	3409
226	.	1399	None	None
227	Игорь	1402	coref	3413
228	Крутой	1408	coref	3413
229	убежден	1415	None	None
230	,	1422	coref	3413
231	что	1424	None	None
232	для	1428	None	None
233	участников	1432	coref	3414
234	конкурса	1443	coref	3413
235	из	1452	coref	3414
236	стран	1455	coref	3414
237	СНГ	1461	coref	3414
238	и	1465	coref	3413
239	Балтии	1467	coref	3414
240	российский	1474	None	None
241	рынок	1485	None	None
242	является	1491	None	None
243	очень	1500	None	None
244	перспективным	1506	None	None
245	.	1519	None	None
246	«	1521	coref	3409
247	В	1522	None	None
248	огромной	1524	None	None
249	России	1533	None	None
250	есть	1540	None	None
251	возможность	1545	None	None
252	выступать	1557	None	None
253	с	1567	None	None
254	концертами	1569	None	None
255	,	1579	coref	3413
256	продавать	1581	None	None
257	свои	1591	coref	3414
258	диски	1596	None	None
259	»	1601	coref	3409
260	,	1602	coref	3413
261	-	1604	None	None
262	считает	1606	None	None
263	сопредседатель	1614	coref	3413
264	жюри	1629	coref	3413
265	.	1633	None	None
266	16	1636	None	None
267	участников	1639	coref	3414
268	конкурса	1650	coref	3413
269	из	1659	coref	3414
270	13	1662	None	None
271	стран	1665	coref	3414
272	мира	1671	None	None
273	будут	1676	None	None
274	бороться	1682	None	None
275	за	1691	None	None
276	главный	1694	coref	3413
277	приз	1702	None	None
278	-	1707	None	None
279	«	1709	coref	3409
280	Хрустальную	1710	None	None
281	волну	1722	None	None
282	»	1727	coref	3409
283	и	1729	coref	3413
284	25	1731	None	None
285	тыс	1734	None	None
286	.	1737	None	None
287	долларов	1739	None	None
288	.	1747	None	None
