	word	start_char	type	chain_id
0	К	0	None	None
1	средиземноморским	2	coref	4910
2	курортам	20	coref	4910
3	приближается	29	None	None
4	нефтяное	42	coref	4911
5	пятно	51	coref	4911
6	К	58	None	None
7	побережью	60	coref	4912
8	Франции	70	coref	4912
9	и	78	coref	4912
10	Италии	80	coref	4912
11	приближается	87	None	None
12	огромное	100	coref	4911
13	нефтяное	109	coref	4911
14	пятно	118	coref	4911
15	.	123	None	None
16	Его	125	coref	4911
17	длина	129	None	None
18	достигает	135	None	None
19	нескольких	145	None	None
20	километров	156	None	None
21	.	166	None	None
22	По	168	None	None
23	прогнозам	171	None	None
24	экологов	181	None	None
25	,	189	None	None
26	в	191	None	None
27	зоне	193	None	None
28	бедствия	198	None	None
29	может	207	None	None
30	оказаться	213	None	None
31	Ницца	223	coref	4915
32	и	229	coref	4912
33	другие	231	None	None
34	средиземноморские	238	None	None
35	курорты	256	None	None
36	,	263	None	None
37	сообщает	265	None	None
38	сообщает	274	None	None
39	РИА	283	None	None
40	«	287	coref	4918
41	Новости	288	None	None
42	»	295	coref	4918
43	.	296	None	None
44	Власти	299	None	None
45	двух	306	coref	4916
46	стран	311	coref	4916
47	принимают	317	None	None
48	экстренные	327	None	None
49	меры	338	None	None
50	-	343	coref	4932
51	на	345	None	None
52	побережье	348	coref	4912
53	круглые	358	None	None
54	сутки	366	None	None
55	работают	372	None	None
56	специалисты	381	coref	4917
57	.	392	None	None
58	Они	394	coref	4917
59	собирают	398	None	None
60	нефть	407	coref	4911
61	при	413	None	None
62	помощи	417	None	None
63	специальных	424	None	None
64	танкеров	436	coref	4929
65	и	445	coref	4912
66	пытаются	447	None	None
67	оградить	456	None	None
68	берег	465	None	None
69	при	471	None	None
70	помощи	475	None	None
71	мобильных	482	None	None
72	дамб	492	None	None
73	.	496	None	None
74	Скорее	499	None	None
75	всего	506	None	None
76	,	511	None	None
77	нефть	513	coref	4911
78	появилась	519	None	None
79	с	529	None	None
80	затонувшего	531	None	None
81	в	543	None	None
82	октябре	545	None	None
83	прошлого	553	None	None
84	года	562	None	None
85	танкера	567	coref	4918
86	«	575	coref	4918
87	Престиж	576	coref	4918
88	»	583	coref	4918
89	.	584	None	None
90	В	586	None	None
91	результате	588	None	None
92	катастрофы	599	coref	4919
93	танкера	610	coref	4918
94	«	618	coref	4918
95	Престиж	619	coref	4918
96	»	626	coref	4918
97	у	628	coref	4919
98	берегов	630	coref	4919
99	Испании	638	coref	4919
100	,	645	None	None
101	которую	647	coref	4919
102	экологические	655	None	None
103	организации	669	None	None
104	назвали	681	None	None
105	крупнейшей	689	None	None
106	в	700	None	None
107	истории	702	None	None
108	человечества	710	None	None
109	,	722	None	None
110	в	724	None	None
111	море	726	None	None
112	вылилось	731	None	None
113	более	740	None	None
114	25	746	None	None
115	тыс	749	None	None
116	.	752	None	None
117	тонн	754	coref	4930
118	нефтепродуктов	759	None	None
119	,	773	None	None
120	всего	775	None	None
121	же	781	None	None
122	на	784	None	None
123	его	787	coref	4918
124	борту	791	None	None
125	находилось	797	None	None
126	77	808	None	None
127	тыс	811	None	None
128	.	814	None	None
129	тонн	816	coref	4930
130	топлива	821	None	None
131	.	828	None	None
132	Как	831	None	None
133	ранее	835	None	None
134	предупреждали	841	None	None
135	испанские	855	None	None
136	ученые	865	None	None
137	,	871	None	None
138	со	873	None	None
139	временем	876	None	None
140	морская	885	None	None
141	вода	893	None	None
142	разъест	898	None	None
143	корпус	906	coref	4924
144	и	913	coref	4912
145	стенки	915	None	None
146	резервуаров	922	None	None
147	«	934	coref	4918
148	Престижа	935	coref	4918
149	»	943	coref	4918
150	и	945	coref	4912
151	нефть	947	coref	4911
152	вытечет	953	None	None
153	,	960	None	None
154	вызвав	962	None	None
155	новую	969	None	None
156	экологическую	975	None	None
157	катастрофу	989	None	None
158	у	1000	coref	4919
159	берегов	1002	coref	4919
160	Испании	1010	coref	4919
161	и	1018	coref	4912
162	Франции	1020	coref	4912
163	.	1027	None	None
164	Авария	1030	None	None
165	индонезийского	1037	coref	4921
166	танкера	1052	coref	4918
167	у	1060	coref	4919
168	берегов	1062	coref	4919
169	Индии	1070	coref	4922
170	может	1076	None	None
171	вызвать	1082	None	None
172	экологическую	1090	None	None
173	катастрофу	1104	None	None
174	В	1116	None	None
175	130	1118	None	None
176	км	1122	None	None
177	от	1125	None	None
178	побережья	1128	None	None
179	Западной	1138	coref	4923
180	Бенгалии	1147	coref	4923
181	в	1156	None	None
182	корпусе	1158	coref	4924
183	танкера	1166	coref	4918
184	«	1174	coref	4918
185	Сигити	1175	coref	4921
186	Биру	1182	coref	4921
187	»	1186	coref	4918
188	возникла	1188	None	None
189	трещина	1197	None	None
190	,	1204	None	None
191	и	1206	coref	4912
192	он	1208	coref	4921
193	пошел	1211	None	None
194	ко	1217	None	None
195	дну	1220	None	None
196	.	1223	None	None
197	На	1225	None	None
198	его	1228	coref	4918
199	борту	1232	None	None
200	находится	1238	None	None
201	150	1248	None	None
202	тонн	1252	coref	4930
203	дизельного	1257	None	None
204	топлива	1268	None	None
205	.	1275	None	None
206	Экипаж	1277	coref	4925
207	спасен	1284	None	None
208	.	1290	None	None
209	Авария	1293	None	None
210	индонезийского	1300	coref	4921
211	танкера	1315	coref	4918
212	«	1323	coref	4918
213	Сигити	1324	coref	4921
214	Биру	1331	coref	4921
215	»	1335	coref	4918
216	у	1337	coref	4919
217	берегов	1339	coref	4919
218	Индии	1347	coref	4922
219	может	1353	None	None
220	вызвать	1359	None	None
221	экологическую	1367	None	None
222	катастрофу	1381	None	None
223	.	1391	None	None
224	Как	1393	None	None
225	заявил	1397	None	None
226	представитель	1404	None	None
227	береговой	1418	None	None
228	охраны	1428	None	None
229	штата	1435	coref	4923
230	Западная	1441	coref	4923
231	Бенгалия	1450	coref	4923
232	,	1458	None	None
233	на	1460	None	None
234	борту	1463	None	None
235	танкера	1469	coref	4918
236	находится	1477	None	None
237	150	1487	None	None
238	тонн	1491	coref	4930
239	дизельного	1496	None	None
240	топлива	1507	None	None
241	.	1514	None	None
242	«	1517	coref	4918
243	Сигити	1518	coref	4921
244	Биру	1525	coref	4921
245	»	1529	coref	4918
246	перевозил	1531	None	None
247	из	1541	None	None
248	штата	1544	coref	4923
249	Гуджарат	1550	None	None
250	в	1559	None	None
251	Бангладеш	1561	None	None
252	техническую	1571	None	None
253	соду	1583	None	None
254	и	1588	coref	4912
255	дизельное	1590	None	None
256	топливо	1600	coref	4930
257	.	1607	None	None
258	В	1609	None	None
259	130	1611	None	None
260	км	1615	None	None
261	от	1618	None	None
262	побережья	1621	None	None
263	Западной	1631	coref	4923
264	Бенгалии	1640	coref	4923
265	в	1649	None	None
266	корпусе	1651	coref	4924
267	танкера	1659	coref	4918
268	возникла	1667	None	None
269	трещина	1676	None	None
270	,	1683	None	None
271	и	1685	coref	4912
272	он	1687	coref	4921
273	пошел	1690	None	None
274	ко	1696	None	None
275	дну	1699	None	None
276	.	1702	None	None
277	К	1704	None	None
278	утру	1706	None	None
279	пятницы	1711	None	None
280	все	1719	coref	4925
281	22	1723	coref	4925
282	члена	1726	coref	4925
283	экипажа	1732	coref	4925
284	были	1740	None	None
285	спасены	1745	None	None
286	индийской	1753	None	None
287	береговой	1763	None	None
288	охраной	1773	None	None
289	.	1780	None	None
290	Как	1783	None	None
291	установило	1787	None	None
292	предварительное	1798	None	None
293	следствие	1814	None	None
294	,	1823	None	None
295	ранее	1825	None	None
296	капитан	1831	coref	4926
297	Тегу	1839	coref	4926
298	Лиман	1844	coref	4926
299	Суприянто	1850	coref	4926
300	сообщил	1860	None	None
301	в	1868	None	None
302	управление	1870	coref	4927
303	порта	1881	coref	4927
304	Калькутты	1887	coref	4927
305	о	1897	None	None
306	возникших	1899	None	None
307	проблемах	1909	None	None
308	с	1919	None	None
309	обшивкой	1921	None	None
310	корпуса	1930	coref	4924
311	,	1937	None	None
312	однако	1939	None	None
313	там	1946	coref	4927
314	не	1950	None	None
315	оказалось	1953	None	None
316	необходимого	1963	None	None
317	для	1976	None	None
318	ремонта	1980	None	None
319	оборудования	1988	None	None
320	.	2000	None	None
321	Экипаж	2003	coref	4925
322	судна	2010	coref	4921
323	пытался	2016	None	None
324	справиться	2024	None	None
325	с	2035	None	None
326	аварией	2037	None	None
327	собственными	2045	None	None
328	силами	2058	None	None
329	,	2064	None	None
330	однако	2066	None	None
331	попавшая	2073	None	None
332	в	2082	None	None
333	корпус	2084	coref	4924
334	танкера	2091	coref	4918
335	вода	2099	None	None
336	растворила	2104	None	None
337	соду	2115	None	None
338	и	2120	coref	4912
339	вывела	2122	None	None
340	из	2129	None	None
341	строя	2132	None	None
342	помповые	2138	None	None
343	насосы	2147	None	None
344	.	2153	None	None
345	В	2156	None	None
346	настоящее	2158	None	None
347	время	2168	None	None
348	власти	2174	None	None
349	Западной	2181	coref	4923
350	Бенгалии	2190	coref	4923
351	ведут	2199	None	None
352	переговоры	2205	None	None
353	с	2216	None	None
354	частными	2218	None	None
355	компаниями	2227	None	None
356	о	2238	None	None
357	проведении	2240	None	None
358	срочных	2251	None	None
359	работ	2259	None	None
360	по	2265	None	None
361	откачке	2268	None	None
362	топлива	2276	None	None
363	из	2284	None	None
364	резервуаров	2287	None	None
365	танкера	2299	coref	4918
366	,	2306	None	None
367	чтобы	2308	None	None
368	предотвратить	2314	None	None
369	экологическую	2328	None	None
370	катастрофу	2342	None	None
371	.	2352	None	None
372	За	2354	None	None
373	ситуацией	2357	None	None
374	на	2367	None	None
375	месте	2370	None	None
376	аварии	2376	None	None
377	танкера	2383	coref	4918
378	наблюдают	2391	None	None
379	с	2401	None	None
380	воздуха	2403	None	None
381	пилоты	2411	None	None
382	береговой	2418	None	None
383	охраны	2428	None	None
384	штата	2435	coref	4923
385	.	2440	None	None
386	В	2443	None	None
387	Южной	2445	coref	4928
388	Корее	2451	coref	4928
389	в	2457	None	None
390	результате	2459	None	None
391	столкновения	2470	None	None
392	2	2483	coref	4929
393	танкеров	2485	coref	4929
394	в	2494	None	None
395	море	2496	None	None
396	вылилось	2501	None	None
397	20	2510	coref	4930
398	тонн	2513	coref	4930
399	нефти	2518	coref	4930
400	Всего	2525	None	None
401	несколько	2531	None	None
402	дней	2541	None	None
403	назад	2546	None	None
404	два	2552	coref	4929
405	южнокорейских	2556	coref	4929
406	танкера	2570	coref	4918
407	столкнулись	2578	None	None
408	к	2590	None	None
409	юго	2592	None	None
410	-	2595	coref	4932
411	востоку	2596	None	None
412	от	2604	None	None
413	главного	2607	coref	4931
414	порта	2616	coref	4927
415	страны	2622	coref	4928
416	Пусана	2629	coref	4931
417	,	2635	None	None
418	который	2637	coref	4931
419	находится	2645	None	None
420	в	2655	None	None
421	Корейском	2657	None	None
422	проливе	2667	None	None
423	.	2674	None	None
424	В	2676	None	None
425	результате	2678	None	None
426	аварии	2689	None	None
427	в	2696	None	None
428	море	2698	None	None
429	вылилось	2703	None	None
430	около	2712	None	None
431	20	2718	coref	4930
432	тонн	2721	coref	4930
433	нефти	2726	coref	4930
434	.	2731	None	None
435	699	2734	coref	4932
436	-	2737	coref	4932
437	тонный	2738	coref	4932
438	танкер	2745	coref	4932
439	Haedong	2752	coref	4932
440	столкнулся	2760	None	None
441	с	2771	None	None
442	196	2773	coref	4933
443	-	2776	coref	4932
444	тонным	2777	coref	4933
445	танкером	2784	coref	4933
446	Hana	2793	coref	4933
447	примерно	2798	None	None
448	в	2807	None	None
449	9	2809	None	None
450	:	2810	None	None
451	30	2811	None	None
452	по	2814	None	None
453	местному	2817	None	None
454	времени	2826	None	None
455	.	2833	None	None
456	Площадь	2835	None	None
457	нефтяного	2843	coref	4930
458	пятна	2853	coref	4930
459	составила	2859	None	None
460	примерно	2869	None	None
461	2	2878	coref	4929
462	кв	2880	None	None
463	.	2882	None	None
464	километра	2884	None	None
465	.	2893	None	None
466	По	2896	None	None
467	словам	2899	None	None
468	представителя	2906	None	None
469	полиции	2920	None	None
470	,	2927	None	None
471	ускорению	2929	None	None
472	распространения	2939	None	None
473	нефтяного	2955	coref	4930
474	пятна	2965	coref	4930
475	способствуют	2971	None	None
476	сильные	2984	None	None
477	течения	2992	None	None
478	.	2999	None	None
479	Несмотря	3002	None	None
480	на	3011	None	None
481	усилия	3014	None	None
482	морской	3021	None	None
483	полиции	3029	None	None
484	,	3036	None	None
485	разлившееся	3038	coref	4930
486	топливо	3050	coref	4930
487	уже	3058	None	None
488	достигло	3062	None	None
489	близлежащих	3071	None	None
490	пляжей	3083	None	None
491	и	3090	coref	4912
492	пирсов	3092	None	None
493	.	3098	None	None
494	Сообщения	3100	None	None
495	о	3110	None	None
496	пострадавших	3112	None	None
497	пока	3125	None	None
498	не	3130	None	None
499	поступали	3133	None	None
500	.	3142	None	None
