	word	start_char	type	chain_id
0	Экологи	0	coref	3625
1	приступили	8	None	None
2	к	19	None	None
3	оценке	21	None	None
4	ущерба	28	None	None
5	от	35	None	None
6	выброса	38	None	None
7	химикатов	46	coref	3626
8	на	56	None	None
9	острове	59	coref	3627
10	Беринга	67	coref	3627
11	Специалисты	76	coref	3625
12	Минприроды	88	coref	3625
13	РФ	99	coref	3625
14	по	102	coref	3625
15	Камчатской	105	coref	3625
16	области	116	coref	3625
17	приступили	124	None	None
18	к	135	None	None
19	оценке	137	None	None
20	ущерба	144	None	None
21	,	150	None	None
22	нанесенного	152	None	None
23	разливом	164	None	None
24	химикатов	173	coref	3626
25	на	183	None	None
26	берегу	186	None	None
27	острова	193	coref	3627
28	Беринга	201	coref	3627
29	в	209	None	None
30	акватории	211	None	None
31	Командорских	221	None	None
32	островов	234	None	None
33	.	242	None	None
34	Окончательные	244	None	None
35	выводы	258	None	None
36	будут	265	None	None
37	сделаны	271	None	None
38	на	279	None	None
39	основании	282	None	None
40	исследований	292	None	None
41	экспертов	305	coref	3625
42	,	314	None	None
43	которые	316	coref	3625
44	работали	324	None	None
45	в	333	None	None
46	зоне	335	None	None
47	чрезвычайного	340	None	None
48	происшествия	354	None	None
49	16	367	None	None
50	-	369	coref	3629
51	17	370	None	None
52	августа	373	None	None
53	,	380	None	None
54	передает	382	None	None
55	ИТАР	391	None	None
56	-	395	coref	3629
57	ТАСС	396	None	None
58	.	400	None	None
59	На	403	None	None
60	остров	406	coref	3627
61	Беринга	413	coref	3627
62	29	421	None	None
63	июля	424	None	None
64	был	429	None	None
65	выброшен	433	None	None
66	20	442	coref	3629
67	-	444	coref	3629
68	тонный	445	coref	3629
69	контейнер	452	coref	3629
70	французской	462	coref	3629
71	компании	474	coref	3629
72	DuPont	483	coref	3629
73	,	489	None	None
74	содержавший	491	None	None
75	химикаты	503	coref	3626
76	,	511	None	None
77	используемые	513	None	None
78	при	526	None	None
79	производстве	530	None	None
80	полимеров	543	None	None
81	.	552	None	None
82	Контейнер	554	coref	3629
83	был	564	None	None
84	утерян	568	None	None
85	при	575	None	None
86	транспортировке	579	None	None
87	еще	595	None	None
88	в	599	None	None
89	марте	601	None	None
90	.	606	None	None
91	8	609	None	None
92	-	610	coref	3629
93	9	611	None	None
94	августа	613	None	None
95	на	621	None	None
96	прибрежную	624	None	None
97	полосу	635	None	None
98	острова	642	coref	3627
99	вылилось	650	None	None
100	около	659	None	None
101	16	665	None	None
102	тонн	668	None	None
103	опасного	673	coref	3626
104	вещества	682	coref	3626
105	.	690	None	None
106	В	692	None	None
107	результате	694	None	None
108	погибли	705	None	None
109	около	713	None	None
110	50	719	None	None
111	птиц	722	None	None
112	и	727	None	None
113	морской	729	None	None
114	котик	737	None	None
115	.	742	None	None
116	Контейнер	744	coref	3629
117	удалось	754	None	None
118	перевернуть	762	None	None
119	поврежденной	774	None	None
120	частью	787	None	None
121	вверх	794	None	None
122	,	799	None	None
123	и	801	None	None
124	угрозы	803	None	None
125	утечки	810	None	None
126	из	817	None	None
127	него	820	coref	3629
128	оставшихся	825	None	None
129	четырех	836	None	None
130	тонн	844	None	None
131	химикатов	849	coref	3626
132	сейчас	859	None	None
133	нет	866	None	None
134	.	869	None	None
135	Представитель	872	coref	3631
136	компании	886	coref	3629
137	DuPont	895	coref	3629
138	,	901	None	None
139	прибывший	903	None	None
140	на	913	None	None
141	Камчатку	916	coref	3628
142	,	924	None	None
143	заявил	926	None	None
144	,	932	None	None
145	что	934	None	None
146	эта	938	coref	3630
147	фирма	942	coref	3630
148	готова	948	None	None
149	рассмотреть	955	None	None
150	документы	967	None	None
151	по	977	coref	3625
152	возмещению	980	None	None
153	ущерба	991	None	None
154	.	997	None	None
155	Однако	999	None	None
156	он	1006	coref	3631
157	отметил	1009	None	None
158	,	1016	None	None
159	что	1018	None	None
160	вся	1022	None	None
161	ответственность	1026	None	None
162	за	1042	None	None
163	случившееся	1045	None	None
164	лежит	1057	None	None
165	на	1063	None	None
166	владельце	1066	coref	3632
167	французского	1076	coref	3632
168	судна	1089	coref	3632
169	«	1095	coref	3632
170	Вилла	1096	coref	3632
171	Датанья	1102	coref	3632
172	»	1109	coref	3632
173	,	1110	None	None
174	который	1112	coref	3632
175	потерял	1120	None	None
176	опасный	1128	coref	3629
177	груз	1136	coref	3629
178	во	1141	None	None
179	время	1144	None	None
180	шторма	1150	None	None
181	в	1157	None	None
182	районе	1159	None	None
183	Алеутских	1166	None	None
184	островов	1176	None	None
185	31	1185	None	None
186	марта	1188	None	None
187	.	1193	None	None
