	word	start_char	type	chain_id
0	МИД	0	coref	3871
1	России	4	coref	3871
2	рекомендует	11	None	None
3	гражданам	23	coref	3873
4	России	33	coref	3871
5	отказаться	40	None	None
6	от	51	None	None
7	поездок	54	None	None
8	в	62	None	None
9	Непал	64	coref	3874
10	МИД	71	coref	3871
11	России	75	coref	3871
12	рекомендует	82	None	None
13	российским	94	coref	3873
14	гражданам	105	coref	3873
15	отказаться	115	None	None
16	от	126	None	None
17	поездок	129	None	None
18	в	137	None	None
19	Непал	139	coref	3874
20	,	144	None	None
21	сообщает	146	None	None
22	РИА	155	None	None
23	«	159	None	None
24	Новости	160	None	None
25	»	167	None	None
26	.	168	None	None
27	«	171	None	None
28	МИД	172	coref	3871
29	России	176	coref	3871
30	рекомендует	183	None	None
31	российским	195	coref	3873
32	гражданам	206	coref	3873
33	,	215	None	None
34	посещающим	217	None	None
35	Непал	228	coref	3874
36	с	234	None	None
37	личными	236	None	None
38	целями	244	None	None
39	,	250	None	None
40	проявлять	252	None	None
41	повышенную	262	None	None
42	осмотрительность	273	None	None
43	и	290	None	None
44	осторожность	292	None	None
45	и	305	None	None
46	,	306	None	None
47	по	308	None	None
48	возможности	311	None	None
49	,	322	None	None
50	воздерживаться	324	None	None
51	от	339	None	None
52	поездок	342	None	None
53	в	350	None	None
54	эту	352	coref	3874
55	страну	356	coref	3874
56	,	362	None	None
57	в	364	None	None
58	случае	366	None	None
59	появления	373	None	None
60	информации	383	None	None
61	о	394	None	None
62	резком	396	None	None
63	обострении	403	None	None
64	там	414	coref	3874
65	обстановки	418	None	None
66	»	428	None	None
67	,	429	None	None
68	-	431	None	None
69	заявили	433	None	None
70	во	441	None	None
71	вторник	444	None	None
72	в	452	None	None
73	российском	454	coref	3871
74	внешнеполитическом	465	coref	3871
75	ведомстве	484	coref	3871
76	.	493	None	None
77	В	496	None	None
78	МИД	498	coref	3871
79	России	502	coref	3871
80	пояснили	509	None	None
81	,	517	None	None
82	что	519	None	None
83	такая	523	None	None
84	рекомендация	529	None	None
85	основана	542	None	None
86	на	551	None	None
87	информации	554	None	None
88	,	564	None	None
89	поступающей	566	None	None
90	из	578	None	None
91	столицы	581	None	None
92	страны	589	coref	3874
93	Катманду	596	None	None
94	.	604	None	None
95	Руководство	606	None	None
96	Коммунистической	618	None	None
97	партии	635	None	None
98	Непала	642	coref	3874
99	(	649	None	None
100	маоистской	650	None	None
101	)	660	None	None
102	объявило	662	None	None
103	об	671	None	None
104	одностороннем	674	None	None
105	прекращении	688	None	None
106	переговоров	700	None	None
107	с	712	None	None
108	правительством	714	None	None
109	по	729	None	None
110	урегулированию	732	None	None
111	внутреннего	747	None	None
112	конфликта	759	None	None
113	и	769	None	None
114	отказе	771	None	None
115	от	778	None	None
116	достигнутого	781	None	None
117	семь	794	None	None
118	месяцев	799	None	None
119	назад	807	None	None
120	перемирия	813	None	None
121	.	822	None	None
122	Имеют	824	None	None
123	место	830	None	None
124	вооруженные	836	None	None
125	столкновения	848	None	None
126	между	861	None	None
127	повстанцами	867	None	None
128	и	879	None	None
129	правительственными	881	None	None
130	силами	900	None	None
131	,	906	None	None
132	указали	908	None	None
133	в	916	None	None
134	МИД	918	coref	3871
135	РФ	922	coref	3871
136	.	924	None	None
137	В	927	None	None
138	связи	929	None	None
139	с	935	None	None
140	этим	937	None	None
141	российский	942	coref	3871
142	МИД	953	coref	3871
143	выражает	957	None	None
144	обеспокоенность	966	None	None
145	срывом	982	None	None
146	мирного	989	None	None
147	политического	997	None	None
148	процесса	1011	None	None
149	.	1019	None	None
150	В	1021	None	None
151	Москве	1023	coref	3872
152	надеются	1030	None	None
153	,	1038	None	None
154	что	1040	None	None
155	«	1044	None	None
156	в	1045	None	None
157	Непале	1047	coref	3874
158	не	1054	None	None
159	исчерпаны	1057	None	None
160	возможности	1067	None	None
161	диалога	1079	None	None
162	в	1087	None	None
163	интересах	1089	None	None
164	создания	1099	None	None
165	в	1108	None	None
166	королевстве	1110	coref	3874
167	мирной	1122	None	None
168	обстановки	1129	None	None
169	,	1139	None	None
170	обеспечения	1141	None	None
171	политического	1153	None	None
172	и	1167	None	None
173	социально	1169	None	None
174	-	1178	None	None
175	экономического	1179	None	None
176	прогресса	1194	None	None
177	страны	1204	coref	3874
178	на	1211	None	None
179	основе	1214	None	None
180	норм	1221	None	None
181	демократической	1226	None	None
182	конституционности	1242	None	None
183	и	1260	None	None
184	правопорядка	1262	None	None
185	»	1274	None	None
186	,	1275	None	None
187	-	1277	None	None
188	заявили	1279	None	None
189	в	1287	None	None
190	МИД	1289	coref	3871
191	РФ	1293	coref	3871
192	.	1295	None	None
