	word	start_char	type	chain_id
0	В	0	None	None
1	Конгрессе	2	coref	4979
2	США	12	coref	4979
3	начинаются	16	None	None
4	слушания	27	None	None
5	о	36	None	None
6	трагедии	38	None	None
7	шаттла	47	coref	4981
8	Columbia	54	coref	4981
9	В	64	None	None
10	Конгрессе	66	coref	4979
11	США	76	coref	4979
12	сегодня	80	None	None
13	начинаются	88	None	None
14	слушания	99	None	None
15	о	108	None	None
16	трагедии	110	None	None
17	космического	119	coref	4981
18	корабля	132	coref	4981
19	Columbia	140	coref	4981
20	.	148	None	None
21	Никто	150	None	None
22	не	156	None	None
23	рассчитывает	159	None	None
24	на	172	coref	4981
25	то	175	None	None
26	,	177	None	None
27	что	179	None	None
28	американские	183	coref	4979
29	законодатели	196	coref	4979
30	установят	209	None	None
31	точные	219	None	None
32	причины	226	None	None
33	гибели	234	None	None
34	шаттла	241	coref	4981
35	с	248	coref	4981
36	семью	250	coref	4981
37	астронавтами	256	coref	4981
38	на	269	coref	4981
39	борту	272	coref	4981
40	.	277	None	None
41	Однако	280	None	None
42	члены	287	coref	4979
43	комитетов	293	coref	4979
44	по	303	coref	4979
45	науке	306	coref	4979
46	сената	312	coref	4979
47	и	319	coref	4979
48	палаты	321	coref	4979
49	представителей	328	coref	4979
50	собираются	343	None	None
51	подробно	354	None	None
52	разобраться	363	None	None
53	с	375	coref	4981
54	обстоятельствами	377	None	None
55	катастрофы	394	coref	4983
56	и	405	coref	4979
57	проанализировать	407	None	None
58	в	424	coref	4983
59	целом	426	None	None
60	программу	432	None	None
61	NASA	442	coref	4982
62	«	447	None	None
63	Space	448	None	None
64	shuttle	454	None	None
65	»	461	None	None
66	.	462	None	None
67	Более	464	None	None
68	того	470	None	None
69	,	474	None	None
70	они	476	coref	4979
71	намереваются	480	None	None
72	заглянуть	493	None	None
73	гораздо	503	None	None
74	глубже	511	None	None
75	в	518	coref	4983
76	планы	520	None	None
77	NASA	526	coref	4982
78	по	531	coref	4979
79	изучению	534	None	None
80	космического	543	coref	4981
81	пространства	556	None	None
82	на	569	coref	4981
83	перспективу	572	None	None
84	.	583	None	None
85	В	586	None	None
86	ближайшее	588	None	None
87	время	598	None	None
88	полномасштабный	604	None	None
89	анализ	620	None	None
90	политики	627	None	None
91	США	636	coref	4979
92	в	640	coref	4983
93	области	642	None	None
94	освоения	650	None	None
95	космоса	659	None	None
96	собирается	667	None	None
97	провести	678	None	None
98	также	687	None	None
99	Совет	693	None	None
100	национальной	699	None	None
101	безопасности	712	None	None
102	при	725	None	None
103	Белом	729	None	None
104	доме	735	None	None
105	.	739	None	None
106	Цель	741	None	None
107	законодателей	746	None	None
108	и	760	coref	4979
109	администрации	762	None	None
110	-	776	coref	4986
111	ответить	778	None	None
112	на	787	coref	4981
113	поставленный	790	None	None
114	уже	803	None	None
115	многие	807	None	None
116	годы	814	None	None
117	назад	819	None	None
118	вопрос	825	None	None
119	:	831	None	None
120	по	833	coref	4979
121	какому	836	None	None
122	пути	843	None	None
123	должна	848	None	None
124	развиваться	855	None	None
125	программа	867	None	None
126	пилотируемых	877	None	None
127	полетов	890	None	None
128	в	898	coref	4983
129	эпоху	900	None	None
130	после	906	None	None
131	шаттлов	912	None	None
132	,	919	None	None
133	передает	921	None	None
134	РИА	930	None	None
135	«	934	None	None
136	Новости	935	None	None
137	»	942	None	None
138	.	943	None	None
139	Иными	946	None	None
140	словами	952	None	None
141	,	959	None	None
142	следует	961	None	None
143	ли	969	None	None
144	ставить	972	None	None
145	более	980	coref	4987
146	смелые	986	None	None
147	задачи	993	None	None
148	освоения	1000	None	None
149	дальнего	1009	None	None
150	космоса	1018	None	None
151	или	1026	None	None
152	же	1030	None	None
153	резко	1033	None	None
154	сократить	1039	None	None
155	роль	1049	None	None
156	астронавтов	1054	None	None
157	в	1066	coref	4983
158	космических	1068	None	None
159	исследованиях	1080	None	None
160	.	1093	None	None
161	От	1095	None	None
162	ответа	1098	None	None
163	на	1105	coref	4981
164	этот	1108	None	None
165	вопрос	1113	None	None
166	во	1120	None	None
167	многом	1123	None	None
168	зависит	1130	None	None
169	будущее	1138	None	None
170	Международной	1146	None	None
171	космической	1160	None	None
172	станции	1172	None	None
173	и	1180	coref	4979
174	перспективы	1182	None	None
175	полет	1194	None	None
176	человека	1200	None	None
177	к	1209	None	None
178	другим	1211	None	None
179	планетам	1218	None	None
180	и	1227	coref	4979
181	,	1228	None	None
182	в	1230	coref	4983
183	первую	1232	None	None
184	очередь	1239	None	None
185	,	1246	None	None
186	к	1248	None	None
187	Марсу	1250	None	None
188	.	1255	None	None
189	Глава	1258	coref	4983
190	комиссии	1264	coref	4983
191	по	1273	coref	4979
192	расследованию	1276	coref	4983
193	катастрофы	1290	coref	4983
194	шаттла	1301	coref	4981
195	в	1308	coref	4983
196	США	1310	coref	4979
197	уверен	1314	None	None
198	,	1320	None	None
199	что	1322	None	None
200	причину	1326	None	None
201	трагедии	1334	None	None
202	удастся	1343	None	None
203	установить	1351	None	None
204	Руководитель	1363	coref	4983
205	американской	1376	coref	4983
206	правительственной	1389	coref	4983
207	комиссии	1407	coref	4983
208	по	1416	coref	4979
209	расследованию	1419	coref	4983
210	обстоятельств	1433	coref	4983
211	катастрофы	1447	coref	4983
212	шаттла	1458	coref	4981
213	Columbia	1465	coref	4981
214	Гарольд	1474	coref	4983
215	Геман	1482	coref	4983
216	уверен	1488	None	None
217	в	1495	coref	4983
218	том	1497	None	None
219	,	1500	None	None
220	что	1502	None	None
221	причины	1506	None	None
222	трагедии	1514	None	None
223	удастся	1523	None	None
224	установить	1531	None	None
225	.	1541	None	None
226	Об	1543	None	None
227	этом	1546	coref	4986
228	он	1551	coref	4983
229	заявил	1554	None	None
230	во	1561	None	None
231	вторник	1564	None	None
232	на	1572	coref	4981
233	пресс	1575	None	None
234	-	1580	coref	4986
235	конференции	1581	None	None
236	на	1593	coref	4981
237	мысе	1596	coref	4985
238	Канаверал	1601	coref	4985
239	,	1610	None	None
240	где	1612	coref	4985
241	расположены	1616	None	None
242	космодром	1628	None	None
243	и	1638	coref	4979
244	Космический	1640	None	None
245	центр	1652	None	None
246	имени	1658	None	None
247	Кеннеди	1664	None	None
248	,	1671	None	None
249	сообщает	1673	None	None
250	ИТАР	1682	None	None
251	-	1686	coref	4986
252	ТАСС	1687	None	None
253	.	1691	None	None
254	По	1694	None	None
255	словам	1697	None	None
256	Гемана	1704	coref	4983
257	,	1710	None	None
258	следователям	1712	None	None
259	предстоит	1725	None	None
260	создать	1735	None	None
261	«	1743	None	None
262	стереоскопическую	1744	None	None
263	мозаику	1762	None	None
264	»	1769	None	None
265	последних	1771	None	None
266	минут	1781	None	None
267	полета	1787	None	None
268	шаттла	1794	coref	4981
269	из	1801	None	None
270	полученных	1804	None	None
271	фотографий	1815	None	None
272	,	1825	None	None
273	видеозаписей	1827	None	None
274	,	1839	None	None
275	показателей	1841	None	None
276	радаров	1853	None	None
277	и	1861	coref	4979
278	других	1863	None	None
279	данных	1870	None	None
280	,	1876	None	None
281	связанных	1878	None	None
282	с	1888	coref	4981
283	катастрофой	1890	None	None
284	космического	1902	coref	4981
285	челнока	1915	coref	4981
286	,	1922	None	None
287	произошедшей	1924	None	None
288	1	1937	None	None
289	февраля	1939	None	None
290	.	1946	None	None
291	По	1949	None	None
292	имеющейся	1952	None	None
293	у	1962	None	None
294	Комиссии	1964	coref	4984
295	информации	1973	None	None
296	,	1983	None	None
297	шаттл	1985	coref	4981
298	начал	1991	None	None
299	разрушаться	1997	None	None
300	над	2009	None	None
301	западом	2013	coref	4986
302	США	2021	coref	4979
303	западнее	2025	coref	4986
304	города	2034	coref	4986
305	Форт	2041	coref	4986
306	-	2045	coref	4986
307	уорт	2046	coref	4986
308	(	2051	None	None
309	штат	2052	None	None
310	Техас	2057	None	None
311	)	2062	None	None
312	,	2063	None	None
313	и	2065	coref	4979
314	обнаруженные	2067	None	None
315	в	2080	coref	4983
316	этом	2082	coref	4986
317	районе	2087	coref	4986
318	обломки	2094	coref	4987
319	Columbia	2102	coref	4981
320	могут	2111	None	None
321	навести	2117	None	None
322	экспертов	2125	coref	4984
323	на	2135	coref	4981
324	версии	2138	None	None
325	о	2145	None	None
326	причинах	2147	None	None
327	трагедии	2156	None	None
328	.	2164	None	None
329	Всего	2167	None	None
330	на	2173	coref	4981
331	данный	2176	None	None
332	момент	2183	None	None
333	собрано	2190	None	None
334	более	2198	coref	4987
335	12	2204	coref	4987
336	тысяч	2207	coref	4987
337	фрагментов	2213	coref	4987
338	космического	2224	coref	4981
339	корабля	2237	coref	4981
340	.	2244	None	None
