	word	start_char	type	chain_id
0	В	0	None	None
1	Перу	2	coref	4494
2	пассажирский	7	coref	4495
3	автобус	20	coref	4495
4	упал	28	None	None
5	в	33	None	None
6	пропасть	35	None	None
7	По	45	None	None
8	меньшей	48	None	None
9	мере	56	None	None
10	30	61	None	None
11	человек	64	None	None
12	погибли	72	None	None
13	и	80	None	None
14	около	82	None	None
15	20	88	None	None
16	получили	91	None	None
17	ранения	100	None	None
18	в	108	None	None
19	результате	110	None	None
20	крупной	121	None	None
21	автокатастрофы	129	None	None
22	на	144	None	None
23	горной	147	None	None
24	дороге	154	None	None
25	в	161	None	None
26	Перу	163	coref	4494
27	.	167	None	None
28	Как	169	None	None
29	сообщила	173	None	None
30	в	182	None	None
31	субботу	184	None	None
32	перуанская	192	coref	4496
33	полиция	203	coref	4496
34	,	210	None	None
35	автобус	212	coref	4495
36	с	220	coref	4495
37	пассажирами	222	coref	4495
38	упал	234	None	None
39	в	239	None	None
40	пропасть	241	None	None
41	глубиной	250	None	None
42	около	259	None	None
43	30	265	None	None
44	метров	268	None	None
45	,	274	None	None
46	сообщает	276	None	None
47	ИТАР	285	None	None
48	-	289	None	None
49	ТАСС	290	None	None
50	.	294	None	None
51	Автокатастрофа	297	None	None
52	произошла	312	None	None
53	в	322	None	None
54	департаменте	324	coref	4497
55	Уануко	337	coref	4497
56	,	343	None	None
57	примерно	345	None	None
58	в	354	None	None
59	450	356	None	None
60	км	360	None	None
61	к	363	None	None
62	северо	365	None	None
63	-	371	None	None
64	востоку	372	None	None
65	от	380	None	None
66	перуанской	383	None	None
67	столицы	394	None	None
68	Лимы	402	None	None
69	.	406	None	None
70	Отсутствие	409	None	None
71	дорог	420	None	None
72	и	426	None	None
73	развитой	428	None	None
74	инфраструктуры	437	None	None
75	в	452	None	None
76	этом	454	coref	4497
77	малонаселенном	459	coref	4497
78	горном	474	coref	4497
79	районе	481	coref	4497
80	затрудняет	488	None	None
81	проведение	499	None	None
82	спасательных	510	None	None
83	работ	523	None	None
84	.	528	None	None
85	Полиция	530	coref	4496
86	начала	538	None	None
87	расследование	545	None	None
88	причин	559	None	None
89	аварии	566	None	None
90	.	572	None	None
