	word	start_char	type	chain_id
0	Лидер	0	coref	3789
1	КПРФ	6	coref	3789
2	видит	11	None	None
3	кандидатом	17	None	None
4	в	28	None	None
5	президенты	30	None	None
6	антисемита	41	None	None
7	,	51	None	None
8	а	53	None	None
9	не	55	None	None
10	буржуя	58	None	None
11	Лидер	66	coref	3789
12	КПРФ	72	coref	3789
13	Геннадий	77	coref	3789
14	Зюганов	86	coref	3789
15	хотел	94	None	None
16	бы	100	None	None
17	,	102	None	None
18	чтобы	104	None	None
19	кандидатом	110	None	None
20	от	121	None	None
21	партии	124	coref	3789
22	на	131	None	None
23	президентских	134	None	None
24	выборах	148	None	None
25	стал	156	None	None
26	бывший	161	coref	3791
27	губернатор	168	coref	3791
28	Краснодарского	179	coref	3791
29	края	194	coref	3791
30	Николай	199	coref	3791
31	Кондратенко	207	coref	3791
32	,	218	None	None
33	сообщает	220	None	None
34	«	229	None	None
35	Интерфакс	230	None	None
36	»	239	None	None
37	.	240	None	None
38	«	243	None	None
39	Я	244	coref	3789
40	бы	246	None	None
41	обратился	249	None	None
42	к	259	None	None
43	Кондратенко	261	coref	3791
44	,	272	None	None
45	чтоб	274	None	None
46	он	279	coref	3789
47	принял	282	None	None
48	предложение	289	None	None
49	.	300	None	None
50	У	302	None	None
51	него	304	coref	3791
52	хорошие	309	None	None
53	шансы	317	None	None
54	»	322	None	None
55	,	323	None	None
56	-	325	None	None
57	сказал	327	None	None
58	Зюганов	334	coref	3789
59	журналистам	342	None	None
60	по	354	None	None
61	итогам	357	None	None
62	пленума	364	coref	3792
63	ЦК	372	coref	3792
64	КПРФ	375	coref	3789
65	,	379	None	None
66	который	381	coref	3791
67	завершился	389	None	None
68	в	400	None	None
69	субботу	402	None	None
70	ночью	410	None	None
71	.	415	None	None
72	При	418	None	None
73	этом	422	None	None
74	он	427	coref	3789
75	отметил	430	None	None
76	,	437	None	None
77	что	439	None	None
78	пленум	443	None	None
79	ему	450	coref	3789
80	поручил	454	None	None
81	провести	462	None	None
82	ночью	471	None	None
83	консультации	477	None	None
84	с	490	None	None
85	Кондратенко	492	coref	3791
86	,	503	None	None
87	который	505	coref	3791
88	не	513	None	None
89	присутствовал	516	None	None
90	на	530	None	None
91	заседании	533	None	None
92	.	542	None	None
93	Кроме	544	None	None
94	того	550	None	None
95	,	554	None	None
96	Зюганов	556	coref	3789
97	считает	564	None	None
98	,	571	None	None
99	что	573	None	None
100	достойными	577	None	None
101	кандидатами	588	None	None
102	в	600	None	None
103	президенты	602	None	None
104	от	613	None	None
105	партии	616	coref	3789
106	могут	623	None	None
107	быть	629	None	None
108	Виктор	634	coref	3794
109	Илюхин	641	coref	3794
110	,	647	None	None
111	Светлана	649	coref	3795
112	Савицкая	658	coref	3795
113	и	667	None	None
114	Николай	669	coref	3791
115	Харитонов	677	coref	3796
116	.	686	None	None
117	По	689	None	None
118	его	692	coref	3789
119	словам	696	None	None
120	,	702	None	None
121	все	704	coref	3797
122	они	708	coref	3797
123	,	711	None	None
124	а	713	None	None
125	также	715	None	None
126	бизнесмен	721	coref	3798
127	Геннадий	731	coref	3789
128	Семигин	740	coref	3798
129	,	747	None	None
130	обсуждались	749	None	None
131	в	761	None	None
132	качестве	763	None	None
133	возможных	772	None	None
134	кандидатов	782	None	None
135	на	793	None	None
136	пленуме	796	None	None
137	.	803	None	None
138	Отвечая	806	None	None
139	на	814	None	None
140	вопрос	817	None	None
141	,	823	None	None
142	насколько	825	None	None
143	реально	835	None	None
144	стать	843	None	None
145	кандидатом	849	None	None
146	Семигину	860	coref	3798
147	,	868	None	None
148	лидер	870	coref	3789
149	коммунистов	876	coref	3789
150	сказал	888	None	None
151	:	894	None	None
152	«	896	None	None
153	Партия	897	coref	3790
154	,	903	None	None
155	которая	905	coref	3790
156	имеет	913	None	None
157	идеологию	919	None	None
158	социальной	929	None	None
159	направленности	940	None	None
160	,	954	None	None
161	не	956	None	None
162	может	959	None	None
163	голосовать	965	None	None
164	за	976	None	None
165	буржуя	979	None	None
166	»	985	None	None
167	.	986	None	None
168	Пока	989	None	None
169	пленум	994	None	None
170	не	1001	None	None
171	принял	1004	None	None
172	никакого	1011	None	None
173	конкретного	1020	None	None
174	решения	1032	None	None
175	по	1040	None	None
176	тому	1043	None	None
177	или	1048	None	None
178	иному	1052	None	None
179	потенциальному	1058	None	None
180	кандидату	1073	None	None
181	и	1083	None	None
182	завтра	1085	None	None
183	,	1091	None	None
184	в	1093	None	None
185	воскресенье	1095	None	None
186	утром	1107	None	None
187	,	1112	None	None
188	перед	1114	None	None
189	работой	1120	None	None
190	съезда	1128	coref	3793
191	соберется	1135	None	None
192	еще	1145	None	None
193	раз	1149	None	None
194	,	1152	None	None
195	чтобы	1154	None	None
196	выработать	1160	None	None
197	конкретные	1171	None	None
198	рекомендации	1182	None	None
199	.	1194	None	None
200	Окончательное	1197	None	None
201	решение	1211	None	None
202	по	1219	None	None
203	кандидату	1222	None	None
204	съезд	1232	coref	3793
205	примет	1238	None	None
206	тайным	1245	None	None
207	голосованием	1252	None	None
208	.	1264	None	None
209	«	1267	None	None
210	Что	1268	None	None
211	касается	1272	None	None
212	меня	1281	coref	3789
213	,	1285	None	None
214	я	1287	coref	3789
215	считаю	1289	None	None
216	,	1295	None	None
217	что	1297	None	None
218	в	1301	None	None
219	нынешних	1303	None	None
220	условиях	1312	None	None
221	председателю	1321	coref	3789
222	партии	1334	coref	3789
223	надо	1341	None	None
224	концентрировать	1346	None	None
225	главное	1362	None	None
226	внимание	1370	None	None
227	на	1379	None	None
228	работе	1382	None	None
229	в	1389	None	None
230	массах	1391	None	None
231	,	1397	None	None
232	со	1399	None	None
233	своими	1402	coref	3789
234	«	1409	None	None
235	первичками	1410	None	None
236	»	1420	None	None
237	,	1421	None	None
238	на	1423	None	None
239	том	1426	None	None
240	,	1429	None	None
241	чтобы	1431	None	None
242	партию	1437	coref	3790
243	подвести	1444	None	None
244	к	1453	None	None
245	очерeдному	1455	None	None
246	съезду	1466	None	None
247	»	1472	None	None
248	,	1473	None	None
249	-	1475	None	None
250	сказал	1477	None	None
251	Зюганов	1484	coref	3789
252	,	1491	None	None
253	поясняя	1493	None	None
254	причины	1501	None	None
255	,	1508	None	None
256	почему	1510	None	None
257	он	1517	coref	3789
258	сам	1520	coref	3789
259	не	1524	None	None
260	стал	1527	None	None
261	выдвигаться	1532	None	None
262	кандидатом	1544	None	None
263	.	1554	None	None
264	При	1556	None	None
265	этом	1560	None	None
266	он	1565	coref	3789
267	отметил	1568	None	None
268	,	1575	None	None
269	что	1577	None	None
270	очередной	1581	None	None
271	съезд	1591	coref	3793
272	,	1596	None	None
273	вероятнее	1598	None	None
274	всего	1608	None	None
275	,	1613	None	None
276	состоится	1615	None	None
277	в	1625	None	None
278	первой	1627	None	None
279	половине	1634	None	None
280	следующeго	1643	None	None
281	года	1654	None	None
282	.	1658	None	None
283	Комментируя	1661	None	None
284	голосование	1673	None	None
285	по	1685	None	None
286	роспуску	1688	None	None
287	президиума	1697	coref	3799
288	ЦК	1708	coref	3792
289	КПРФ	1711	coref	3789
290	,	1715	None	None
291	Зюганов	1717	coref	3789
292	сказал	1725	None	None
293	,	1731	None	None
294	что	1733	None	None
295	«	1737	None	None
296	это	1738	None	None
297	нормальное	1742	None	None
298	явление	1753	None	None
299	,	1760	None	None
300	когда	1762	None	None
301	высказывается	1768	None	None
302	мнение	1782	coref	3800
303	,	1788	None	None
304	и	1790	None	None
305	по	1792	None	None
306	нему	1795	coref	3800
307	проводится	1800	None	None
308	голосование	1811	None	None
309	»	1822	None	None
310	.	1823	None	None
311	Он	1826	coref	3789
312	обратил	1829	None	None
313	внимание	1837	None	None
314	на	1846	None	None
315	то	1849	None	None
316	,	1851	None	None
317	что	1853	None	None
318	ни	1857	None	None
319	в	1860	None	None
320	одном	1862	None	None
321	письме	1868	None	None
322	,	1874	None	None
323	полученном	1876	None	None
324	от	1887	None	None
325	региональных	1890	None	None
326	отделений	1903	None	None
327	,	1912	None	None
328	за	1914	None	None
329	исключением	1917	None	None
330	Северной	1929	None	None
331	Осетии	1938	None	None
332	,	1944	None	None
333	не	1946	None	None
334	было	1949	None	None
335	предложений	1954	None	None
336	распустить	1966	None	None
337	президиум	1977	coref	3799
338	.	1986	None	None
339	Вопрос	1988	None	None
340	о	1995	None	None
341	разделении	1997	None	None
342	постов	2008	None	None
343	лидера	2015	None	None
344	КПРФ	2022	coref	3789
345	и	2027	None	None
346	руководителя	2029	None	None
347	фракции	2042	None	None
348	партии	2050	coref	3789
349	в	2057	None	None
350	Госдуме	2059	None	None
351	пленум	2067	None	None
352	решил	2074	None	None
353	не	2080	None	None
354	рассматривать	2083	None	None
355	.	2096	None	None
