	word	start_char	type	chain_id
0	Монголом	0	None	None
1	может	9	None	None
2	стать	15	None	None
3	любой	21	None	None
4	-	27	coref	3443
5	за	29	None	None
6	2	32	None	None
7	млн	34	None	None
8	долларов	38	None	None
9	Правительство	48	None	None
10	Монголии	62	coref	3440
11	утвердило	71	None	None
12	положении	81	coref	3441
13	о	91	coref	3441
14	предоставлении	93	coref	3441
15	гражданства	108	coref	3441
16	страны	120	coref	3440
17	иностранцам	127	coref	3441
18	.	138	None	None
19	Теперь	140	None	None
20	любой	147	None	None
21	иностранец	153	None	None
22	может	164	None	None
23	стать	170	None	None
24	монголом	176	None	None
25	,	184	None	None
26	сделав	186	None	None
27	капиталовложения	193	None	None
28	в	210	None	None
29	экономику	212	None	None
30	страны	222	coref	3440
31	в	229	None	None
32	размере	231	None	None
33	не	239	None	None
34	менее	242	None	None
35	2	248	None	None
36	млн	250	None	None
37	долл	254	None	None
38	.	258	None	None
39	США	260	coref	3442
40	.	263	None	None
41	По	266	None	None
42	сообщению	269	None	None
43	пресс	279	coref	3443
44	-	284	coref	3443
45	службы	285	coref	3443
46	кабинета	292	coref	3443
47	министров	301	coref	3443
48	Монголии	311	coref	3440
49	,	319	None	None
50	в	321	None	None
51	документе	323	coref	3441
52	определены	333	None	None
53	условия	344	None	None
54	предоставления	352	None	None
55	гражданства	367	coref	3441
56	страны	379	coref	3440
57	иностранцам	386	coref	3441
58	.	397	None	None
59	Помимо	399	None	None
60	толстосумов	406	None	None
61	,	417	None	None
62	поделившихся	419	None	None
63	с	432	None	None
64	экономикой	434	None	None
65	Монголии	445	coref	3440
66	,	453	None	None
67	гражданином	455	None	None
68	страны	467	coref	3440
69	может	474	None	None
70	стать	480	None	None
71	иностранец	486	None	None
72	,	496	None	None
73	имеющий	498	None	None
74	редкую	506	None	None
75	профессию	513	None	None
76	или	523	None	None
77	получивший	527	None	None
78	мировое	538	None	None
79	признание	546	None	None
80	в	556	None	None
81	любой	558	None	None
82	сфере	564	None	None
83	науки	570	None	None
84	или	576	None	None
85	культуры	580	None	None
86	.	588	None	None
87	Что	591	None	None
88	же	595	None	None
89	касается	598	None	None
90	остальных	607	coref	3444
91	иностранцев	617	coref	3444
92	,	628	None	None
93	то	630	None	None
94	для	633	None	None
95	получения	637	None	None
96	монгольского	647	None	None
97	гражданства	660	coref	3441
98	им	672	coref	3444
99	необходимо	675	None	None
100	прожить	686	None	None
101	в	694	None	None
102	стране	696	coref	3440
103	не	703	None	None
104	менее	706	None	None
105	5	712	None	None
106	лет	714	None	None
107	,	717	None	None
108	имея	719	None	None
109	при	724	None	None
110	этом	728	None	None
111	доход	733	None	None
112	в	739	None	None
113	10	741	None	None
114	раз	744	None	None
115	превышающий	748	None	None
116	минимальную	760	coref	3445
117	зарплату	772	coref	3445
118	.	780	None	None
119	Она	782	coref	3445
120	составляет	786	None	None
121	сейчас	797	None	None
122	в	804	None	None
123	Монголии	806	coref	3440
124	32	815	None	None
125	,	817	None	None
126	4	818	None	None
127	тыс	820	None	None
128	.	823	None	None
129	тугриков	825	None	None
130	(	834	None	None
131	чуть	835	None	None
132	больше	840	None	None
133	31	847	None	None
134	долл	850	None	None
135	.	854	None	None
136	)	855	None	None
137	,	856	None	None
138	отмечает	858	None	None
139	РИА	867	None	None
140	«	871	None	None
141	Новости	872	None	None
142	»	879	None	None
143	.	880	None	None
144	Несколько	883	None	None
145	граждан	893	None	None
146	Китая	901	None	None
147	уже	907	None	None
148	изъявили	911	None	None
149	желание	920	None	None
150	получить	928	None	None
151	монгольское	937	coref	3446
152	гражданство	949	coref	3446
153	,	960	None	None
154	которое	962	coref	3446
155	предоставляет	970	None	None
156	много	984	None	None
157	льгот	990	None	None
158	для	996	None	None
159	желающих	1000	None	None
160	работать	1009	None	None
161	в	1018	None	None
162	Монголии	1020	coref	3440
163	,	1028	None	None
164	в	1030	None	None
165	частности	1032	None	None
166	право	1042	None	None
167	на	1048	None	None
168	приобретение	1051	None	None
169	земли	1064	None	None
170	и	1070	None	None
171	недвижимого	1072	None	None
172	имущества	1084	None	None
173	.	1093	None	None
174	Отметим	1096	None	None
175	,	1103	None	None
176	что	1105	None	None
177	Монголия	1109	coref	3440
178	продает	1118	None	None
179	своей	1126	coref	3440
180	гражданство	1132	coref	3446
181	по	1144	None	None
182	европейским	1147	None	None
183	ценам	1159	None	None
184	.	1164	None	None
185	Например	1166	None	None
186	,	1174	None	None
187	в	1176	None	None
188	Европе	1178	coref	3447
189	ускоренную	1185	None	None
190	процедуру	1196	None	None
191	получения	1206	None	None
192	гражданства	1216	coref	3441
193	предлагают	1228	None	None
194	Австрия	1239	None	None
195	и	1247	None	None
196	Ирландия	1249	None	None
197	-	1258	coref	3443
198	для	1260	None	None
199	его	1264	coref	3448
200	получения	1268	None	None
201	надо	1278	None	None
202	инвестировать	1283	None	None
203	1	1297	None	None
204	,	1298	None	None
205	5	1299	None	None
206	-	1300	coref	3443
207	2	1301	None	None
208	млн	1303	None	None
209	долларов	1307	None	None
210	.	1315	None	None
211	Гораздо	1318	None	None
212	дешевле	1326	None	None
213	получить	1334	None	None
214	гражданство	1343	coref	3446
215	Доминики	1355	coref	3449
216	:	1363	None	None
217	иностранец	1365	None	None
218	может	1376	None	None
219	либо	1382	None	None
220	купить	1387	None	None
221	гособлигаций	1394	None	None
222	на	1407	None	None
223	75	1410	None	None
224	тыс	1413	None	None
225	.	1416	None	None
226	долл	1418	None	None
227	.	1422	None	None
228	,	1423	None	None
229	либо	1425	None	None
230	инвестировать	1430	None	None
231	в	1444	None	None
232	экономику	1446	None	None
233	острова	1456	None	None
234	50	1464	None	None
235	тыс	1467	None	None
236	.	1470	None	None
237	Выгоды	1472	None	None
238	обладателей	1479	coref	3450
239	доминикского	1491	coref	3450
240	паспорта	1504	coref	3450
241	очевидны	1513	None	None
242	.	1521	None	None
243	Они	1523	coref	3450
244	имеют	1527	None	None
245	право	1533	None	None
246	на	1539	None	None
247	безвизовый	1542	None	None
248	въезд	1553	None	None
249	во	1559	None	None
250	многие	1562	None	None
251	страны	1569	coref	3440
252	мира	1576	None	None
253	,	1580	None	None
254	в	1582	None	None
255	том	1584	None	None
256	числе	1588	None	None
257	-	1594	coref	3443
258	в	1596	None	None
259	Великобританию	1598	None	None
260	,	1612	None	None
261	Канаду	1614	None	None
262	,	1620	None	None
263	Данию	1622	None	None
264	,	1627	None	None
265	Швецию	1629	None	None
266	,	1635	None	None
267	Норвегию	1637	None	None
268	,	1645	None	None
269	Исландию	1647	None	None
270	,	1655	None	None
271	Швейцарию	1657	None	None
272	,	1666	None	None
273	Лихтенштейн	1668	None	None
274	.	1679	None	None
275	Для	1681	None	None
276	въезда	1685	None	None
277	в	1692	None	None
278	США	1694	coref	3442
279	необходима	1698	None	None
280	виза	1709	coref	3451
281	,	1713	None	None
282	но	1715	None	None
283	получить	1718	None	None
284	ее	1727	coref	3451
285	доминиканцам	1730	None	None
286	значительно	1743	None	None
287	легче	1755	None	None
288	,	1760	None	None
289	чем	1762	None	None
290	жителям	1766	None	None
291	Европы	1774	coref	3447
292	.	1780	None	None
293	Плюс	1782	None	None
294	к	1787	None	None
295	этому	1789	None	None
296	,	1794	None	None
297	в	1796	None	None
298	Доминике	1798	coref	3449
299	мягкая	1807	None	None
300	система	1814	None	None
301	налогообложения	1822	None	None
302	:	1837	None	None
303	налоги	1839	None	None
304	платятся	1846	None	None
305	только	1855	None	None
306	с	1862	None	None
307	доходов	1864	None	None
308	,	1871	None	None
309	полученных	1873	None	None
310	на	1884	None	None
311	территории	1887	None	None
312	страны	1898	coref	3440
313	.	1904	None	None
314	Преимущества	1906	None	None
315	монгольского	1919	None	None
316	гражданства	1932	coref	3441
317	пресс	1944	coref	3443
318	-	1949	coref	3443
319	служба	1950	coref	3443
320	не	1957	None	None
321	разъясняет	1960	None	None
322	.	1970	None	None
