	word	start_char	type	chain_id
0	Пропавших	0	None	None
1	в	10	None	None
2	Сахаре	12	coref	5038
3	29	19	coref	5039
4	туристов	22	coref	5039
5	ищут	31	None	None
6	авиация	36	None	None
7	,	43	None	None
8	армия	45	None	None
9	и	51	None	None
10	полиция	53	None	None
11	Около	62	None	None
12	1200	68	None	None
13	военнослужащих	73	None	None
14	и	88	None	None
15	полицейских	90	None	None
16	ищут	102	None	None
17	в	107	None	None
18	четверг	109	None	None
19	в	117	None	None
20	Алжире	119	coref	5040
21	29	126	coref	5039
22	туристов	129	coref	5039
23	,	137	None	None
24	пропавших	139	None	None
25	в	149	None	None
26	малонаселенных	151	None	None
27	районах	166	None	None
28	Сахары	174	coref	5038
29	.	180	None	None
30	В	182	None	None
31	спасательной	184	None	None
32	операции	197	None	None
33	задействованы	206	None	None
34	вертолеты	220	None	None
35	и	230	None	None
36	самолеты	232	None	None
37	.	240	None	None
38	В	243	None	None
39	конце	245	None	None
40	февраля	251	None	None
41	и	259	None	None
42	в	261	None	None
43	течение	263	None	None
44	марта	271	None	None
45	шесть	277	coref	5039
46	туристических	283	coref	5039
47	групп	297	coref	5039
48	бесследно	303	None	None
49	исчезли	313	None	None
50	в	321	None	None
51	треугольнике	323	None	None
52	между	336	None	None
53	городами	342	None	None
54	Таманрассет	351	coref	5041
55	,	362	None	None
56	Уаргла	364	None	None
57	и	371	None	None
58	Джанет	373	None	None
59	.	379	None	None
60	Пропавшими	381	None	None
61	числятся	392	None	None
62	15	401	coref	5042
63	немцев	404	coref	5042
64	,	410	None	None
65	8	412	coref	5043
66	австрийцев	414	coref	5043
67	,	424	None	None
68	4	426	coref	5044
69	швейцарца	428	coref	5044
70	,	437	None	None
71	один	439	coref	5045
72	голландец	444	coref	5045
73	и	454	None	None
74	один	456	coref	5045
75	швед	461	coref	5046
76	,	465	None	None
77	сообщает	467	None	None
78	ИТАР	476	None	None
79	-	480	None	None
80	ТАСС	481	None	None
81	.	485	None	None
82	До	488	None	None
83	сих	491	None	None
84	пор	495	None	None
85	не	499	None	None
86	удалось	502	None	None
87	обнаружить	510	None	None
88	не	521	None	None
89	только	524	None	None
90	туристов	531	coref	5039
91	,	539	None	None
92	но	541	None	None
93	и	544	None	None
94	транспортные	546	coref	5047
95	средства	559	coref	5047
96	-	568	None	None
97	внедорожники	570	coref	5048
98	и	583	None	None
99	мотоциклы	585	coref	5049
100	,	594	None	None
101	на	596	None	None
102	которых	599	coref	5047
103	они	607	coref	5039
104	путешествовали	611	None	None
105	по	626	None	None
106	Сахаре	629	coref	5038
107	.	635	None	None
108	Одной	637	None	None
109	из	643	None	None
110	основных	646	None	None
111	версий	655	None	None
112	произошедшего	662	None	None
113	считается	676	None	None
114	похищение	686	None	None
115	с	696	None	None
116	целью	698	None	None
117	получения	704	None	None
118	выкупа	714	None	None
119	.	720	None	None
120	Между	723	None	None
121	тем	729	None	None
122	из	733	None	None
123	отдаленных	736	None	None
124	районов	747	None	None
125	Алжира	755	coref	5040
126	началась	762	None	None
127	эвакуация	771	None	None
128	иностранцев	781	None	None
129	.	792	None	None
130	Сегодня	794	None	None
131	37	802	None	None
132	граждан	805	None	None
133	Австрии	813	None	None
134	,	820	None	None
135	Германии	822	None	None
136	и	831	None	None
137	Италии	833	None	None
138	должны	840	None	None
139	покинуть	847	None	None
140	город	856	coref	5041
141	Таманрассет	862	coref	5041
142	в	874	None	None
143	сопровождении	876	None	None
144	алжирских	890	None	None
145	военнослужащих	900	None	None
146	и	915	None	None
147	вернуться	917	None	None
148	в	927	None	None
149	Европу	929	None	None
150	транзитом	936	None	None
151	через	946	None	None
152	Тунис	952	None	None
153	.	957	None	None
