	word	start_char	type	chain_id
0	По	0	None	None
1	количеству	3	None	None
2	подделок	14	None	None
3	Россию	23	coref	3467
4	опережает	30	None	None
5	лишь	40	None	None
6	Китай	45	coref	3468
7	По	52	None	None
8	распространению	55	None	None
9	контрафактной	71	None	None
10	продукции	85	None	None
11	Россия	95	coref	3467
12	находится	102	None	None
13	на	112	None	None
14	втором	115	None	None
15	месте	122	None	None
16	в	128	None	None
17	мире	130	None	None
18	после	135	None	None
19	Китая	141	coref	3468
20	,	146	None	None
21	сообщил	148	None	None
22	заместитель	156	coref	3469
23	генерального	168	coref	3469
24	директора	181	coref	3469
25	«	191	coref	3469
26	Роспатента	192	coref	3469
27	»	202	coref	3469
28	Иван	204	coref	3469
29	Близнец	209	coref	3469
30	во	217	None	None
31	вторник	220	None	None
32	на	228	None	None
33	пресс	231	None	None
34	-	236	None	None
35	конференции	237	None	None
36	.	248	None	None
37	«	251	coref	3469
38	Мы	252	coref	3467
39	занимаем	255	None	None
40	«	264	coref	3469
41	почетное	265	None	None
42	»	273	coref	3469
43	второе	275	None	None
44	место	282	None	None
45	после	288	None	None
46	Китая	294	coref	3468
47	,	299	None	None
48	где	301	coref	3468
49	уровень	305	None	None
50	контрафактной	313	None	None
51	продукции	327	None	None
52	во	337	None	None
53	всех	340	None	None
54	сферах	345	None	None
55	приближается	352	None	None
56	к	365	None	None
57	100	367	None	None
58	%	370	None	None
59	'	-1	None	None
60	'	-1	None	None
61	,	146	None	None
62	-	236	None	None
63	цитирует	376	None	None
64	чиновника	385	coref	3469
65	«	395	coref	3469
66	Интерфакс	396	None	None
67	»	405	coref	3469
68	.	406	None	None
69	Он	409	coref	3469
70	привел	412	None	None
71	данные	419	coref	3470
72	,	425	None	None
73	по	427	None	None
74	которым	430	coref	3470
75	свыше	438	None	None
76	90	444	None	None
77	%	446	None	None
78	продаваемого	448	None	None
79	в	461	None	None
80	России	463	coref	3467
81	программного	470	None	None
82	обеспечения	483	None	None
83	реализуют	495	None	None
84	«	505	coref	3469
85	пираты	506	None	None
86	»	512	coref	3469
87	.	513	None	None
88	Количество	515	None	None
89	пиратской	526	None	None
90	книжной	536	None	None
91	и	544	None	None
92	аудио	546	None	None
93	-	551	None	None
94	видеопродукции	553	None	None
95	составляет	568	None	None
96	соответственно	579	None	None
97	40	594	None	None
98	-	596	None	None
99	50	597	None	None
100	%	599	None	None
101	и	601	None	None
102	80	603	None	None
103	-	605	None	None
104	90	606	None	None
105	%	608	None	None
106	.	609	None	None
107	Близнец	612	coref	3469
108	говорит	620	None	None
109	,	627	None	None
110	что	629	None	None
111	средний	633	None	None
112	доход	641	None	None
113	пиратов	647	None	None
114	,	654	None	None
115	занимающихся	656	None	None
116	распространением	669	None	None
117	,	685	None	None
118	например	687	None	None
119	,	695	None	None
120	порнографической	697	None	None
121	продукции	714	None	None
122	на	724	None	None
123	дисках	727	None	None
124	,	733	None	None
125	может	735	None	None
126	составлять	741	None	None
127	до	752	None	None
128	10	755	None	None
129	тыс	758	None	None
130	долл	762	None	None
131	.	766	None	None
132	в	768	None	None
133	день	770	None	None
134	.	774	None	None
