	word	start_char	type	chain_id
0	Легендарный	0	coref	4581
1	меч	12	coref	4581
2	Короля	16	coref	4581
3	Артура	23	coref	4581
4	Эскалибур	30	coref	4581
5	нашли	40	None	None
6	в	46	coref	4585
7	Италии	48	coref	4583
8	Итальянский	56	coref	4584
9	исследователь	68	coref	4584
10	Марио	82	coref	4584
11	Моираги	88	coref	4584
12	утверждает	96	None	None
13	,	106	None	None
14	что	108	None	None
15	легендарный	112	coref	4581
16	меч	124	coref	4581
17	Короля	128	coref	4581
18	Артура	135	coref	4581
19	действительно	142	None	None
20	существует	156	None	None
21	и	167	None	None
22	находится	169	None	None
23	в	179	coref	4585
24	скале	181	coref	4585
25	в	187	coref	4585
26	аббатстве	189	coref	4585
27	Сан	199	coref	4585
28	Гальгано	203	coref	4585
29	в	212	coref	4585
30	Италии	214	coref	4583
31	.	220	None	None
32	В	222	None	None
33	книге	224	coref	4587
34	«	230	coref	4587
35	Тайна	231	coref	4587
36	Сан	237	coref	4585
37	Гальгано	241	coref	4585
38	»	249	coref	4587
39	он	251	coref	4584
40	приводит	254	None	None
41	данные	263	None	None
42	анализа	270	coref	4588
43	,	277	None	None
44	который	279	coref	4588
45	показывает	287	None	None
46	,	297	None	None
47	что	299	None	None
48	легендарный	303	coref	4581
49	меч	315	coref	4581
50	датируется	319	None	None
51	1180	330	None	None
52	годом	335	None	None
53	.	340	None	None
54	А	342	None	None
55	первые	344	None	None
56	упоминания	351	None	None
57	об	362	coref	4589
58	Эскалибуре	365	coref	4581
59	датируются	376	None	None
60	несколькими	387	None	None
61	десятками	399	None	None
62	лет	409	None	None
63	спустя	413	None	None
64	.	419	None	None
65	Моираги	422	coref	4584
66	в	430	coref	4585
67	своей	432	coref	4584
68	книге	438	coref	4587
69	заявляет	444	None	None
70	,	452	None	None
71	что	454	None	None
72	легенда	458	coref	4589
73	о	466	coref	4589
74	Короле	468	coref	4582
75	Артуре	475	coref	4582
76	-	482	None	None
77	итальянская	484	None	None
78	,	495	None	None
79	хотя	497	None	None
80	традиционно	502	None	None
81	предполагалось	514	None	None
82	,	528	None	None
83	что	530	None	None
84	Короля	534	coref	4581
85	Артура	541	coref	4581
86	и	548	None	None
87	Святой	550	coref	4590
88	Грааль	557	coref	4590
89	придумали	564	None	None
90	на	574	None	None
91	севере	577	None	None
92	Европы	584	None	None
93	или	591	None	None
94	во	595	None	None
95	Франции	598	None	None
96	.	605	None	None
97	Легенда	608	coref	4591
98	аббатства	616	coref	4586
99	Сан	626	coref	4585
100	Гальгано	630	coref	4585
101	,	638	None	None
102	которое	640	coref	4586
103	находится	648	None	None
104	недалеко	658	None	None
105	от	667	None	None
106	города	670	None	None
107	Сиена	677	None	None
108	,	682	None	None
109	гласит	684	None	None
110	,	690	None	None
111	что	692	None	None
112	меч	696	coref	4581
113	воткнул	700	None	None
114	в	708	coref	4585
115	скалу	710	coref	4585
116	святой	716	coref	4592
117	Гальгано	723	coref	4585
118	в	732	coref	4585
119	знак	734	None	None
120	отказа	739	None	None
121	от	746	None	None
122	насилия	749	None	None
123	.	756	None	None
124	Марио	758	coref	4584
125	Моираги	764	coref	4584
126	отмечает	772	None	None
127	,	780	None	None
128	что	782	None	None
129	в	786	coref	4585
130	легендах	788	None	None
131	о	797	coref	4589
132	святом	799	coref	4592
133	Гальгано	806	coref	4585
134	есть	815	None	None
135	ряд	820	None	None
136	примечательных	824	None	None
137	совпадений	839	None	None
138	с	850	None	None
139	преданиями	852	None	None
140	о	863	coref	4589
141	Сэре	865	coref	4593
142	Персевале	870	coref	4593
143	,	879	None	None
144	который	881	coref	4588
145	нашел	889	None	None
146	Святой	895	coref	4590
147	Грааль	902	coref	4590
148	.	908	None	None
149	Как	911	None	None
150	сообщает	915	None	None
151	BBC	924	None	None
152	,	927	None	None
153	это	929	None	None
154	уже	933	None	None
155	не	937	None	None
156	первая	940	None	None
157	книга	947	None	None
158	Моираги	953	coref	4584
159	по	961	None	None
160	данной	964	None	None
161	тематике	971	None	None
162	.	979	None	None
163	В	981	None	None
164	своей	983	coref	4584
165	прежней	989	None	None
166	работе	997	None	None
167	он	1004	coref	4584
168	предположил	1007	None	None
169	,	1018	None	None
170	что	1020	None	None
171	легенда	1024	coref	4589
172	об	1032	coref	4589
173	Артуре	1035	coref	4582
174	берет	1042	None	None
175	свое	1048	coref	4589
176	начало	1053	None	None
177	в	1060	coref	4585
178	Персии	1062	None	None
179	.	1068	None	None
180	По	1071	None	None
181	преданию	1074	coref	4591
182	,	1082	None	None
183	святой	1084	coref	4592
184	Гальгано	1091	coref	4585
185	был	1100	None	None
186	жестоким	1104	None	None
187	и	1113	None	None
188	кровожадным	1115	None	None
189	рыцарем	1127	None	None
190	,	1134	None	None
191	который	1136	coref	4588
192	стал	1144	None	None
193	отшельником	1149	None	None
194	после	1161	None	None
195	того	1167	None	None
196	,	1171	None	None
197	как	1173	None	None
198	ему	1177	coref	4592
199	явилось	1181	None	None
200	видение	1189	None	None
201	Иисуса	1197	None	None
202	и	1204	None	None
203	апостолов	1206	None	None
204	.	1215	None	None
205	В	1217	None	None
206	знак	1219	None	None
207	отказа	1224	None	None
208	от	1231	None	None
209	насилия	1234	None	None
210	и	1242	None	None
211	всего	1244	None	None
212	мирского	1250	None	None
213	он	1259	coref	4584
214	воткнул	1262	None	None
215	меч	1270	coref	4581
216	в	1274	coref	4585
217	скалу	1276	coref	4585
218	-	1282	None	None
219	оттуда	1284	None	None
220	виднеется	1291	None	None
221	лишь	1301	None	None
222	рукоятка	1306	None	None
223	и	1315	None	None
224	небольшая	1317	None	None
225	часть	1327	None	None
226	лезвия	1333	None	None
227	.	1339	None	None
228	Долгое	1342	None	None
229	время	1349	None	None
230	полагали	1355	None	None
231	,	1363	None	None
232	что	1365	None	None
233	меч	1369	coref	4581
234	-	1373	None	None
235	лишь	1375	None	None
236	фальшивка	1380	None	None
237	,	1389	None	None
238	предназначенная	1391	None	None
239	для	1407	None	None
240	привлечения	1411	None	None
241	туристов	1423	None	None
242	,	1431	None	None
243	однако	1433	None	None
244	датировка	1440	None	None
245	металла	1450	None	None
246	,	1457	None	None
247	проведенная	1459	None	None
248	учеными	1471	None	None
249	в	1479	coref	4585
250	университете	1481	None	None
251	города	1494	None	None
252	Павиа	1501	None	None
253	,	1506	None	None
254	показала	1508	None	None
255	,	1516	None	None
256	что	1518	None	None
257	это	1522	None	None
258	не	1526	None	None
259	так	1529	None	None
260	.	1532	None	None
261	По	1535	None	None
262	мнению	1538	None	None
263	Моираги	1545	coref	4584
264	,	1552	None	None
265	это	1554	None	None
266	дает	1558	None	None
267	основания	1563	None	None
268	полагать	1573	None	None
269	,	1581	None	None
270	что	1583	None	None
271	именно	1587	None	None
272	жизнь	1594	None	None
273	Гальгано	1600	coref	4585
274	навеяла	1609	None	None
275	легенды	1617	coref	4589
276	о	1625	coref	4589
277	Короле	1627	coref	4582
278	Артуре	1634	coref	4582
279	,	1640	None	None
280	а	1642	None	None
281	сам	1644	coref	4592
282	Гальгано	1648	coref	4585
283	был	1657	None	None
284	прообразом	1661	None	None
285	Сэра	1672	coref	4593
286	Персеваля	1677	coref	4593
287	.	1686	None	None
288	Первое	1689	None	None
289	упоминание	1696	None	None
290	об	1707	coref	4589
291	Эскалибуре	1710	coref	4581
292	найдено	1721	None	None
293	в	1729	coref	4585
294	поэме	1731	None	None
295	«	1737	coref	4587
296	Персеваль	1738	None	None
297	»	1747	coref	4587
298	французского	1749	coref	4594
299	поэта	1762	coref	4594
300	Роберта	1768	coref	4594
301	де	1776	coref	4594
302	Борона	1779	coref	4594
303	.	1785	None	None
304	По	1787	None	None
305	его	1790	coref	4594
306	версии	1794	None	None
307	,	1800	None	None
308	меч	1802	coref	4581
309	был	1806	None	None
310	воткнут	1810	None	None
311	в	1818	coref	4585
312	наковальню	1820	None	None
313	,	1830	None	None
314	стоявшую	1832	None	None
315	на	1841	None	None
316	вершине	1844	None	None
317	камня	1852	None	None
318	.	1857	None	None
