	word	start_char	type	chain_id
0	Мандат	0	coref	4842
1	миссии	7	coref	4842
2	наблюдателей	14	coref	4842
3	ООН	27	coref	4842
4	в	31	coref	4842
5	Грузии	33	coref	4842
6	продлен	40	None	None
7	еще	48	None	None
8	на	52	None	None
9	полгода	55	None	None
10	Совет	64	coref	4845
11	Безопасности	70	coref	4845
12	ООН	83	coref	4842
13	продлил	87	None	None
14	в	95	coref	4842
15	среду	97	None	None
16	еще	103	None	None
17	на	107	None	None
18	шесть	110	None	None
19	месяцев	116	None	None
20	-	124	coref	4864
21	до	126	None	None
22	31	129	None	None
23	января	132	None	None
24	2004	139	None	None
25	года	144	coref	4842
26	-	149	coref	4864
27	мандат	151	coref	4842
28	миссии	158	coref	4842
29	своих	165	coref	4842
30	наблюдателей	171	coref	4842
31	в	184	coref	4842
32	Грузии	186	coref	4842
33	,	192	None	None
34	а	194	None	None
35	также	196	None	None
36	добавил	202	None	None
37	в	210	coref	4842
38	ее	212	coref	4846
39	штат	215	None	None
40	компонент	220	None	None
41	гражданской	230	coref	4847
42	полиции	242	coref	4847
43	в	250	coref	4842
44	составе	252	None	None
45	20	260	coref	4847
46	сотрудников	263	coref	4847
47	.	274	None	None
48	В	277	None	None
49	единогласно	279	None	None
50	принятой	291	None	None
51	всеми	300	None	None
52	15	306	None	None
53	членами	309	None	None
54	СБ	317	coref	4845
55	резолюции	320	coref	4848
56	1494	330	coref	4848
57	отсутствие	335	None	None
58	прогресса	346	None	None
59	в	356	coref	4842
60	урегулировании	358	None	None
61	грузинско	373	None	None
62	-	382	coref	4864
63	абхазского	383	coref	4864
64	конфликта	394	coref	4865
65	названо	404	None	None
66	«	412	coref	4851
67	неприемлемым	413	None	None
68	»	425	coref	4851
69	.	426	None	None
70	В	428	None	None
71	документе	430	coref	4848
72	содержится	440	None	None
73	призыв	451	None	None
74	к	458	None	None
75	обеим	460	coref	4849
76	сторонам	466	coref	4849
77	начать	475	None	None
78	переговоры	482	None	None
79	и	493	coref	4853
80	определить	495	None	None
81	статус	506	None	None
82	Абхазии	513	coref	4850
83	в	521	coref	4842
84	рамках	523	None	None
85	грузинского	530	coref	4844
86	государства	542	coref	4844
87	.	553	None	None
88	Совет	555	coref	4845
89	Безопасности	561	coref	4845
90	подчеркнул	574	None	None
91	,	584	None	None
92	что	586	None	None
93	процесс	590	None	None
94	переговоров	598	None	None
95	,	609	None	None
96	ведущих	611	None	None
97	к	619	None	None
98	прочному	621	None	None
99	политическому	630	None	None
100	урегулированию	644	None	None
101	,	658	None	None
102	потребует	660	None	None
103	от	670	None	None
104	обеих	673	coref	4849
105	сторон	679	coref	4849
106	определенных	686	None	None
107	уступок	699	None	None
108	.	706	None	None
109	СБ	709	coref	4845
110	приветствовал	712	None	None
111	результаты	726	None	None
112	работы	737	None	None
113	двух	744	None	None
114	совещаний	749	None	None
115	«	759	coref	4851
116	Группы	760	coref	4851
117	друзей	767	coref	4851
118	генерального	774	coref	4851
119	секретаря	787	coref	4851
120	ООН	797	coref	4842
121	»	800	coref	4851
122	в	802	coref	4842
123	Женеве	804	None	None
124	и	811	coref	4853
125	отметил	813	None	None
126	важность	821	None	None
127	состоявшейся	830	None	None
128	в	843	coref	4842
129	марте	845	None	None
130	2003	851	None	None
131	года	856	coref	4842
132	встречи	861	None	None
133	президентов	869	coref	4853
134	России	881	coref	4853
135	и	888	coref	4853
136	Грузии	890	coref	4842
137	в	897	coref	4842
138	Сочи	899	coref	4855
139	.	903	None	None
140	Члены	906	None	None
141	СБ	912	coref	4845
142	призвали	915	None	None
143	абхазскую	924	coref	4850
144	сторону	934	coref	4850
145	дать	942	None	None
146	согласие	947	None	None
147	на	956	None	None
148	обсуждение	959	None	None
149	документа	970	coref	4856
150	«	980	coref	4851
151	Основные	981	coref	4856
152	принципы	990	coref	4856
153	разграничения	999	coref	4856
154	полномочий	1013	coref	4856
155	между	1024	coref	4856
156	Тбилиси	1030	coref	4844
157	и	1038	coref	4853
158	Сухуми	1040	coref	4850
159	»	1046	coref	4851
160	,	1047	None	None
161	согласованного	1049	None	None
162	членами	1064	None	None
163	«	1072	coref	4851
164	Группы	1073	coref	4851
165	друзей	1080	coref	4851
166	Генерального	1087	coref	4851
167	секретаря	1100	coref	4851
168	ООН	1110	coref	4842
169	»	1113	coref	4851
170	.	1114	None	None
171	В	1117	None	None
172	резолюции	1119	coref	4848
173	содержится	1129	None	None
174	призыв	1140	None	None
175	к	1147	None	None
176	обеим	1149	coref	4849
177	сторонам	1155	coref	4849
178	открыто	1164	None	None
179	заявить	1172	None	None
180	о	1180	None	None
181	своем	1182	coref	4849
182	отказе	1188	None	None
183	от	1195	None	None
184	«	1198	coref	4851
185	воинственной	1199	None	None
186	риторики	1212	None	None
187	»	1220	coref	4851
188	и	1222	coref	4853
189	выступлений	1224	None	None
190	в	1236	coref	4842
191	поддержку	1238	None	None
192	военных	1248	None	None
193	вариантов	1256	None	None
194	урегулирования	1266	coref	4864
195	и	1281	coref	4853
196	деятельности	1283	None	None
197	незаконных	1296	None	None
198	вооруженных	1307	None	None
199	групп	1319	None	None
200	,	1324	None	None
201	сообщает	1326	None	None
202	РИА	1335	coref	4857
203	«	1339	coref	4851
204	Новости	1340	coref	4857
205	»	1347	coref	4851
206	.	1348	None	None
207	Как	1351	None	None
208	заявила	1355	None	None
209	на	1363	None	None
210	заседании	1366	None	None
211	спецпредставитель	1376	coref	4858
212	генерального	1394	coref	4851
213	секретаря	1407	coref	4851
214	ООН	1417	coref	4842
215	по	1421	coref	4858
216	Грузии	1424	coref	4842
217	Хайди	1431	coref	4858
218	Тальявини	1437	coref	4858
219	,	1446	None	None
220	включенные	1448	None	None
221	в	1459	coref	4842
222	состав	1461	None	None
223	международной	1468	None	None
224	миссии	1482	coref	4842
225	сотрудники	1489	coref	4847
226	гражданской	1500	coref	4847
227	полиции	1512	coref	4847
228	смогут	1520	None	None
229	приступить	1527	None	None
230	к	1538	None	None
231	работе	1540	None	None
232	уже	1547	None	None
233	в	1551	coref	4842
234	начале	1553	None	None
235	сентября	1560	None	None
236	.	1568	None	None
237	По	1570	None	None
238	ее	1573	coref	4846
239	словам	1576	None	None
240	,	1582	None	None
241	эти	1584	coref	4847
242	специалисты	1588	coref	4847
243	«	1600	coref	4851
244	не	1601	None	None
245	будут	1604	None	None
246	сами	1610	None	None
247	выполнять	1615	None	None
248	полицейские	1625	None	None
249	функции	1637	None	None
250	,	1644	None	None
251	а	1646	None	None
252	станут	1648	None	None
253	консультировать	1655	None	None
254	местные	1671	None	None
255	правоохранительные	1679	None	None
256	органы	1698	None	None
257	,	1704	None	None
258	давать	1706	None	None
259	оценки	1713	None	None
260	,	1719	None	None
261	расследовать	1721	None	None
262	конкретные	1734	None	None
263	случаи	1745	None	None
264	,	1751	None	None
265	вести	1753	None	None
266	набор	1759	None	None
267	и	1765	coref	4853
268	обучение	1767	None	None
269	персонала	1776	None	None
270	»	1785	coref	4851
271	.	1786	None	None
272	Мандат	1789	coref	4842
273	действующей	1796	coref	4842
274	с	1808	coref	4842
275	1993	1810	coref	4842
276	года	1815	coref	4842
277	миссии	1820	coref	4842
278	ООН	1827	coref	4842
279	в	1831	coref	4842
280	Грузии	1833	coref	4842
281	истекал	1840	None	None
282	31	1848	None	None
283	июля	1851	None	None
284	.	1855	None	None
285	В	1857	None	None
286	ее	1859	coref	4846
287	составе	1862	None	None
288	несут	1870	None	None
289	службу	1876	None	None
290	117	1883	None	None
291	военных	1887	None	None
292	наблюдателей	1895	coref	4842
293	из	1908	None	None
294	23	1911	coref	4860
295	стран	1914	coref	4860
296	мира	1920	coref	4860
297	,	1924	None	None
298	включая	1926	None	None
299	Россию	1934	coref	4854
300	и	1941	coref	4853
301	Украину	1943	coref	4861
302	.	1950	None	None
303	В	1953	None	None
304	Москве	1955	coref	4854
305	озабочены	1962	None	None
306	ужесточением	1972	None	None
307	подходов	1985	None	None
308	Грузии	1994	coref	4842
309	на	2001	None	None
310	переговорах	2004	None	None
311	по	2016	coref	4858
312	абхазской	2019	None	None
313	проблеме	2029	None	None
314	В	2039	None	None
315	Москве	2041	coref	4854
316	озабочены	2048	None	None
317	ужесточением	2058	None	None
318	подходов	2071	None	None
319	грузинской	2080	coref	4844
320	стороны	2091	coref	4844
321	на	2099	None	None
322	переговорах	2102	None	None
323	по	2114	coref	4858
324	абхазской	2117	None	None
325	проблеме	2127	None	None
326	.	2135	None	None
327	Как	2137	None	None
328	сообщили	2141	None	None
329	в	2150	coref	4842
330	среду	2152	None	None
331	в	2158	coref	4842
332	Департаменте	2160	coref	4862
333	информации	2173	coref	4862
334	и	2184	coref	4853
335	печати	2186	coref	4862
336	МИД	2193	coref	4862
337	России	2197	coref	4853
338	,	2203	None	None
339	об	2205	None	None
340	этом	2208	None	None
341	заявил	2213	None	None
342	накануне	2220	None	None
343	в	2229	coref	4842
344	Москве	2231	coref	4854
345	спецпредставитель	2238	coref	4858
346	президента	2256	coref	4864
347	России	2267	coref	4853
348	по	2274	coref	4858
349	вопросам	2277	coref	4864
350	грузино	2286	coref	4864
351	-	2293	coref	4864
352	абхазского	2294	coref	4864
353	урегулирования	2305	coref	4864
354	Валерий	2320	coref	4864
355	Лощинин	2328	coref	4864
356	на	2336	None	None
357	встрече	2339	None	None
358	с	2347	coref	4842
359	секретарем	2349	None	None
360	Совета	2360	None	None
361	национальной	2367	None	None
362	безопасности	2380	None	None
363	Грузии	2393	coref	4842
364	Тедо	2400	None	None
365	Джапаридзе	2405	None	None
366	.	2415	None	None
367	«	2418	coref	4851
368	С	2419	None	None
369	российской	2421	coref	4854
370	стороны	2432	coref	4844
371	была	2440	None	None
372	высказана	2445	None	None
373	озабоченность	2455	None	None
374	пробуксовкой	2469	None	None
375	процесса	2482	None	None
376	урегулирования	2491	coref	4864
377	абхазской	2506	None	None
378	проблемы	2516	None	None
379	»	2524	coref	4851
380	,	2525	None	None
381	-	2527	coref	4864
382	отметили	2529	None	None
383	в	2538	coref	4842
384	департаменте	2540	coref	4862
385	.	2552	None	None
386	В	2554	None	None
387	Москве	2556	coref	4854
388	считают	2563	None	None
389	,	2570	None	None
390	что	2572	None	None
391	это	2576	None	None
392	обстоятельство	2580	None	None
393	вызвано	2595	None	None
394	ужесточением	2603	None	None
395	подходов	2616	None	None
396	грузинской	2625	coref	4844
397	стороны	2636	coref	4844
398	на	2644	None	None
399	переговорах	2647	None	None
400	,	2658	None	None
401	а	2660	None	None
402	также	2662	None	None
403	развернутой	2668	None	None
404	Тбилиси	2680	coref	4844
405	кампанией	2688	None	None
406	в	2698	coref	4842
407	поддержку	2700	None	None
408	«	2710	coref	4851
409	принуждения	2711	None	None
410	абхазов	2723	None	None
411	к	2731	None	None
412	миру	2733	None	None
413	»	2737	coref	4851
414	и	2739	coref	4853
415	изменений	2741	None	None
416	в	2751	coref	4842
417	характере	2753	None	None
418	миротворческой	2763	None	None
419	операции	2778	None	None
420	в	2787	coref	4842
421	зоне	2789	coref	4865
422	грузино	2794	coref	4864
423	-	2801	coref	4864
424	абхазского	2802	coref	4864
425	конфликта	2813	coref	4865
426	.	2822	None	None
427	Лощинин	2825	coref	4864
428	также	2833	None	None
429	заявил	2839	None	None
430	о	2846	None	None
431	необходимости	2848	None	None
432	укрепления	2862	None	None
433	доверия	2873	None	None
434	между	2881	coref	4856
435	сторонами	2887	coref	4849
436	в	2897	coref	4842
437	конфликте	2899	coref	4849
438	.	2908	None	None
439	По	2910	None	None
440	его	2913	coref	4864
441	словам	2917	None	None
442	,	2923	None	None
443	этому	2925	None	None
444	должна	2931	None	None
445	служить	2938	None	None
446	последовательная	2946	None	None
447	реализация	2963	None	None
448	Сочинских	2974	None	None
449	договоренностей	2984	None	None
450	президентов	3000	coref	4853
451	России	3012	coref	4853
452	и	3019	coref	4853
453	Грузии	3021	coref	4842
454	Владимира	3028	coref	4866
455	Путина	3038	coref	4866
456	и	3045	coref	4853
457	Эдуарда	3047	coref	4867
458	Шеварднадзе	3055	coref	4867
459	относительно	3067	None	None
460	возобновления	3080	None	None
461	сквозного	3094	None	None
462	железнодорожного	3104	None	None
463	движения	3121	None	None
464	Сочи	3130	coref	4855
465	-	3135	coref	4864
466	Сухуми	3137	coref	4850
467	-	3144	coref	4864
468	Тбилиси	3146	coref	4844
469	-	3154	coref	4864
470	Ереван	3156	None	None
471	,	3162	None	None
472	модернизации	3164	None	None
473	каскада	3177	None	None
474	«	3185	coref	4851
475	Ингури	3186	None	None
476	-	3192	coref	4864
477	ГЭС	3193	None	None
478	»	3196	coref	4851
479	и	3198	coref	4853
480	безопасного	3200	None	None
481	возвращения	3212	None	None
482	беженцев	3224	None	None
483	в	3233	coref	4842
484	Гальский	3235	None	None
485	район	3244	None	None
486	.	3249	None	None
487	Российский	3252	coref	4864
488	представитель	3263	coref	4864
489	особо	3277	None	None
490	подчеркнул	3283	None	None
491	,	3293	None	None
492	что	3295	None	None
493	в	3299	coref	4842
494	Москве	3301	coref	4854
495	придают	3308	None	None
496	принципиальное	3316	None	None
497	значение	3331	None	None
498	скорейшему	3340	None	None
499	оформлению	3351	None	None
500	договоренности	3362	None	None
501	президентов	3377	coref	4853
502	о	3389	None	None
503	продлении	3391	None	None
504	мандата	3401	None	None
505	Коллективных	3409	None	None
506	миротворческих	3422	None	None
507	сил	3437	None	None
508	СНГ	3441	None	None
509	в	3445	coref	4842
510	зоне	3447	coref	4865
511	грузино	3452	coref	4864
512	-	3459	coref	4864
513	абхазского	3460	coref	4864
514	конфликта	3471	coref	4865
515	,	3480	None	None
516	сообщает	3482	None	None
517	РИА	3491	coref	4857
518	«	3495	coref	4851
519	Новости	3496	coref	4857
520	»	3503	coref	4851
521	.	3504	None	None
522	Также	3507	None	None
523	была	3513	None	None
524	высказана	3518	None	None
525	озабоченность	3528	None	None
526	российской	3542	coref	4854
527	стороны	3553	coref	4844
528	состоявшимся	3561	None	None
529	в	3574	coref	4842
530	воздушном	3576	None	None
531	пространстве	3586	None	None
532	Грузии	3599	coref	4842
533	демонстрационным	3606	None	None
534	полетом	3623	None	None
535	самолета	3631	None	None
536	-	3639	coref	4864
537	разведчика	3640	None	None
538	НАТО	3651	None	None
539	,	3655	None	None
540	оснащенного	3657	None	None
541	системой	3669	None	None
542	AWAKS	3678	None	None
543	,	3683	None	None
544	добавили	3685	None	None
545	в	3694	coref	4842
546	российском	3696	coref	4863
547	внешнеполитическом	3707	coref	4863
548	ведомстве	3726	coref	4863
549	.	3735	None	None
