	word	start_char	type	chain_id
0	У	0	None	None
1	жителей	2	coref	4897
2	Лондона	10	coref	4897
3	появилось	18	None	None
4	новое	28	None	None
5	увлечение	34	None	None
6	-	44	None	None
7	они	46	coref	4897
8	мучают	50	None	None
9	иллюзиониста	57	coref	4899
10	,	69	None	None
11	9	71	None	None
12	дней	73	None	None
13	висящего	78	None	None
14	над	87	None	None
15	Темзой	91	coref	4900
16	Среди	99	None	None
17	жителей	105	coref	4897
18	Лондона	113	coref	4897
19	набирает	121	None	None
20	популярность	130	None	None
21	новый	143	None	None
22	вид	149	None	None
23	спорта	153	None	None
24	-	160	None	None
25	издевательства	162	None	None
26	над	177	None	None
27	Дэвидом	181	coref	4899
28	Блэйном	189	coref	4899
29	,	196	None	None
30	передает	198	None	None
31	AP	207	None	None
32	.	209	None	None
33	Американский	212	coref	4899
34	иллюзионист	225	coref	4899
35	Дэвид	237	coref	4899
36	Блэйн	243	coref	4899
37	находится	249	None	None
38	в	259	None	None
39	плексигласовой	261	coref	4901
40	капсуле	276	coref	4901
41	,	283	None	None
42	подвешенной	285	None	None
43	над	297	None	None
44	Темзой	301	coref	4900
45	.	307	None	None
46	Он	309	coref	4899
47	пообещал	312	None	None
48	,	320	None	None
49	что	322	None	None
50	сможет	326	None	None
51	провести	333	None	None
52	там	342	coref	4901
53	44	346	None	None
54	дня	349	None	None
55	без	353	None	None
56	еды	357	None	None
57	.	360	None	None
58	В	362	None	None
59	камеру	364	coref	4901
60	ему	371	coref	4899
61	будет	375	None	None
62	подаваться	381	None	None
63	только	392	None	None
64	вода	399	None	None
65	,	403	None	None
66	а	405	None	None
67	по	407	None	None
68	другой	410	None	None
69	трубочке	417	None	None
70	будут	426	None	None
71	отводиться	432	None	None
72	продукты	443	coref	4902
73	жизнедеятельности	452	coref	4902
74	.	469	None	None
75	Доктора	471	None	None
76	будут	479	None	None
77	исследовать	485	None	None
78	их	497	coref	4902
79	на	500	coref	4905
80	предмет	503	None	None
81	состояния	511	None	None
82	здоровья	521	None	None
83	иллюзиониста	530	coref	4899
84	.	542	None	None
85	С	544	None	None
86	собой	546	coref	4899
87	в	552	None	None
88	капсулу	554	coref	4901
89	Дэвид	562	coref	4899
90	Блэйн	568	coref	4899
91	взял	574	None	None
92	подушку	579	None	None
93	,	586	None	None
94	матрас	588	None	None
95	,	594	None	None
96	запас	596	None	None
97	носовых	602	None	None
98	платков	610	None	None
99	,	617	None	None
100	тетрадку	619	None	None
101	,	627	None	None
102	ручку	629	None	None
103	и	635	coref	4906
104	портрет	637	coref	4903
105	покойной	645	coref	4903
106	матери	654	coref	4903
107	,	660	None	None
108	который	662	coref	4903
109	,	669	None	None
110	по	671	None	None
111	его	674	coref	4899
112	словам	678	None	None
113	,	684	None	None
114	будет	686	None	None
115	придавать	692	None	None
116	ему	702	coref	4899
117	силы	706	None	None
118	.	710	None	None
119	С	712	None	None
120	самого	714	None	None
121	начала	721	None	None
122	акции	728	None	None
123	,	733	None	None
124	Блэйн	735	coref	4899
125	подвергался	741	None	None
126	жестоким	753	None	None
127	и	762	coref	4906
128	злым	764	None	None
129	шуткам	769	None	None
130	со	776	None	None
131	стороны	779	None	None
132	лондонцев	787	None	None
133	.	796	None	None
134	Весь	798	None	None
135	понедельник	803	None	None
136	Блэйн	815	coref	4899
137	был	821	None	None
138	вынужден	825	None	None
139	наблюдать	834	None	None
140	за	844	None	None
141	чизбургером	847	coref	4904
142	,	858	None	None
143	который	860	coref	4903
144	летал	868	None	None
145	перед	874	None	None
146	его	880	coref	4899
147	капсулой	884	coref	4901
148	.	892	None	None
149	Шутники	894	None	None
150	прицепили	902	None	None
151	его	912	coref	4899
152	к	916	None	None
153	игрушечному	918	coref	4905
154	вертолету	930	coref	4905
155	на	940	coref	4905
156	дистанционном	943	coref	4905
157	управлении	957	coref	4905
158	.	967	None	None
159	После	970	None	None
160	того	976	None	None
161	,	980	None	None
162	как	982	None	None
163	вертолет	986	coref	4905
164	сделал	995	None	None
165	несколько	1002	None	None
166	«	1012	None	None
167	кругов	1013	None	None
168	почета	1020	None	None
169	»	1026	None	None
170	,	1027	None	None
171	он	1029	coref	4905
172	потерял	1032	None	None
173	управление	1040	None	None
174	и	1051	coref	4906
175	разбился	1053	None	None
176	на	1062	coref	4905
177	близлежащей	1065	None	None
178	автостоянке	1077	None	None
179	.	1088	None	None
180	Толпы	1091	None	None
181	зевак	1097	None	None
182	с	1103	coref	4906
183	камерами	1105	None	None
184	и	1114	coref	4906
185	биноклями	1116	None	None
186	часами	1126	None	None
187	наблюдают	1133	None	None
188	за	1143	None	None
189	фокусником	1146	coref	4899
190	.	1156	None	None
191	Иногда	1158	None	None
192	толпа	1165	None	None
193	начинает	1171	None	None
194	скандировать	1180	None	None
195	«	1193	None	None
196	Дэвид	1194	coref	4899
197	,	1199	None	None
198	сделай	1201	None	None
199	что	1208	None	None
200	-	1211	None	None
201	нибудь	1212	None	None
202	!	1218	None	None
203	'	-1	None	None
204	'	-1	None	None
205	.	209	None	None
206	Несколько	1223	None	None
207	дней	1233	None	None
208	подряд	1238	None	None
209	зеваки	1245	None	None
210	забрасывали	1252	None	None
211	капсулу	1264	coref	4901
212	Блэйна	1272	coref	4899
213	яйцами	1279	None	None
214	и	1286	coref	4906
215	жареной	1288	None	None
216	картошкой	1296	None	None
217	.	1305	None	None
218	Один	1307	None	None
219	из	1312	None	None
220	хулиганов	1315	None	None
221	забрасывал	1325	None	None
222	капсулу	1336	coref	4901
223	мячиками	1344	None	None
224	для	1353	None	None
225	гольфа	1357	None	None
226	,	1363	None	None
227	а	1365	None	None
228	спать	1367	None	None
229	фокуснику	1373	coref	4899
230	приходится	1383	None	None
231	под	1394	None	None
232	звуки	1398	None	None
233	индийского	1404	None	None
234	барабана	1415	None	None
235	.	1423	None	None
236	Проплывающие	1426	None	None
237	по	1439	None	None
238	Темзе	1442	coref	4900
239	катера	1448	coref	4906
240	и	1455	coref	4906
241	лодки	1457	coref	4906
242	с	1463	coref	4906
243	туристами	1465	coref	4906
244	сигналят	1475	None	None
245	,	1483	None	None
246	выражая	1485	None	None
247	свою	1493	coref	4906
248	поддержку	1498	None	None
249	и	1508	coref	4906
250	восхищение	1510	None	None
251	,	1520	None	None
252	а	1522	None	None
253	одна	1524	coref	4907
254	девушка	1529	coref	4907
255	сняла	1537	None	None
256	перед	1543	None	None
257	стеклянной	1549	coref	4901
258	капсулой	1560	coref	4901
259	свой	1569	coref	4907
260	лифчик	1574	None	None
261	.	1580	None	None
262	Во	1583	None	None
263	избежание	1586	None	None
264	инцидентов	1596	None	None
265	,	1606	None	None
266	власти	1608	None	None
267	усилили	1615	None	None
268	охрану	1623	None	None
269	вокруг	1630	None	None
270	места	1637	None	None
271	проведения	1643	None	None
272	акции	1654	None	None
273	.	1659	None	None
274	Теперь	1662	None	None
275	от	1669	None	None
276	зевак	1672	None	None
277	Дэвида	1678	coref	4899
278	Блэйна	1685	coref	4899
279	защищает	1692	None	None
280	проволочный	1701	coref	4908
281	забор	1713	coref	4908
282	,	1718	None	None
283	а	1720	None	None
284	за	1722	None	None
285	толпой	1725	None	None
286	наблюдает	1732	None	None
287	конный	1742	None	None
288	полицейский	1749	None	None
289	.	1760	None	None
290	Теперь	1763	None	None
291	поклонники	1770	None	None
292	прикрепляют	1781	None	None
293	к	1793	None	None
294	забору	1795	coref	4908
295	таблички	1802	None	None
296	«	1811	None	None
297	не	1812	None	None
298	беспокоить	1815	None	None
299	»	1825	None	None
300	,	1826	None	None
301	букеты	1828	None	None
302	цветов	1835	None	None
303	и	1842	coref	4906
304	плюшевых	1844	None	None
305	мишек	1853	None	None
306	.	1858	None	None
307	Врачи	1861	None	None
308	говорят	1867	None	None
309	,	1874	None	None
310	что	1876	None	None
311	«	1880	None	None
312	самое	1881	None	None
313	интересное	1887	None	None
314	у	1898	None	None
315	Блэйна	1900	coref	4899
316	впереди	1907	None	None
317	»	1914	None	None
318	.	1915	None	None
319	«	1917	None	None
320	Самая	1918	None	None
321	интересная	1924	None	None
322	стадия	1935	None	None
323	начнется	1942	None	None
324	через	1951	None	None
325	12	1957	None	None
326	-	1959	None	None
327	14	1960	None	None
328	дней	1963	None	None
329	,	1967	None	None
330	когда	1969	None	None
331	Дэвида	1975	coref	4899
332	начнут	1982	None	None
333	мучить	1989	None	None
334	голодные	1996	None	None
335	галлюцинации	2005	None	None
336	»	2017	None	None
337	,	2018	None	None
338	-	2020	None	None
339	заявил	2022	None	None
340	доктор	2029	None	None
341	Джон	2036	None	None
342	Поттер	2041	None	None
343	-	2048	None	None
344	психиатр	2050	coref	4909
345	,	2058	None	None
346	который	2060	coref	4903
347	наблюдает	2068	None	None
348	за	2078	None	None
349	состоянием	2081	None	None
350	Блэйна	2092	coref	4899
351	.	2098	None	None
