	word	start_char	type	chain_id
0	Отметивший	0	None	None
1	60	11	None	None
2	-	13	None	None
3	летие	14	None	None
4	испанский	20	coref	3383
5	певец	30	coref	3383
6	Рафаэль	36	coref	3383
7	хочет	44	None	None
8	приехать	50	None	None
9	в	59	None	None
10	Россию	61	coref	3384
11	Известный	69	coref	3383
12	испанский	79	coref	3383
13	певец	89	coref	3383
14	Рафаэль	95	coref	3383
15	в	103	None	None
16	понедельник	105	None	None
17	в	117	None	None
18	тесном	119	None	None
19	кругу	126	None	None
20	родных	132	None	None
21	и	139	None	None
22	близких	141	None	None
23	отметил	149	None	None
24	свой	157	coref	3383
25	60	162	None	None
26	-	164	None	None
27	ый	165	None	None
28	день	168	None	None
29	рождения	173	None	None
30	.	181	None	None
31	На	183	None	None
32	пресс	186	None	None
33	-	191	None	None
34	конференции	192	None	None
35	он	204	coref	3383
36	,	206	None	None
37	в	208	None	None
38	частности	210	None	None
39	,	219	None	None
40	заявил	221	None	None
41	журналистам	228	None	None
42	о	240	None	None
43	намерении	242	None	None
44	приехать	252	None	None
45	на	261	None	None
46	гастроли	264	None	None
47	в	273	None	None
48	Россию	275	coref	3384
49	,	281	None	None
50	где	283	coref	3384
51	«	287	None	None
52	всегда	288	None	None
53	с	295	None	None
54	огромным	297	None	None
55	удовольствием	306	None	None
56	выступает	320	None	None
57	»	329	None	None
58	.	330	None	None
59	На	333	None	None
60	свой	336	coref	3383
61	юбилей	341	None	None
62	певец	348	coref	3383
63	не	354	None	None
64	стал	357	None	None
65	устраивать	362	None	None
66	грандиозного	373	None	None
67	торжества	386	None	None
68	,	395	None	None
69	так	397	None	None
70	как	401	None	None
71	около	405	None	None
72	месяца	411	None	None
73	назад	418	None	None
74	перенес	424	None	None
75	сложную	432	None	None
76	операцию	440	None	None
77	по	449	None	None
78	пересадке	452	None	None
79	печени	462	None	None
80	.	468	None	None
81	Рафаэлю	470	coref	3383
82	долго	478	None	None
83	пришлось	484	None	None
84	дожидаться	493	None	None
85	операции	504	None	None
86	,	512	None	None
87	с	514	None	None
88	каждым	516	None	None
89	днем	523	None	None
90	он	528	coref	3383
91	чувствовал	531	None	None
92	себя	542	coref	3383
93	все	547	None	None
94	хуже	551	None	None
95	.	555	None	None
96	1	557	None	None
97	апреля	559	None	None
98	,	565	None	None
99	когда	567	None	None
100	артист	573	coref	3383
101	,	579	None	None
102	по	581	None	None
103	его	584	coref	3383
104	словам	588	None	None
105	,	594	None	None
106	уже	596	None	None
107	потерял	600	None	None
108	надежду	608	None	None
109	,	615	None	None
110	ему	617	coref	3383
111	все	621	None	None
112	-	624	None	None
113	таки	625	None	None
114	сделали	630	None	None
115	операцию	638	None	None
116	.	646	None	None
117	«	649	None	None
118	Господь	650	coref	3385
119	дал	658	None	None
120	мне	662	coref	3383
121	добавочное	666	None	None
122	время	677	None	None
123	и	683	None	None
124	я	685	coref	3383
125	собираюсь	687	None	None
126	за	697	None	None
127	это	700	None	None
128	время	704	None	None
129	забить	710	None	None
130	много	717	None	None
131	голов	723	None	None
132	,	728	None	None
133	а	730	None	None
134	если	732	None	None
135	говорить	737	None	None
136	всерьез	746	None	None
137	,	753	None	None
138	я	755	coref	3383
139	сделаю	757	None	None
140	все	764	None	None
141	,	767	None	None
142	чтобы	769	None	None
143	достойно	775	None	None
144	возблагодарить	784	None	None
145	Всевышнего	799	coref	3385
146	за	810	None	None
147	эту	813	None	None
148	отсрочку	817	None	None
149	,	825	None	None
150	'	1158	None	None
151	'	1166	None	None
152	-	1498	None	None
153	заявил	-1	None	None
154	певец	30	coref	3383
155	.	181	None	None
156	Сейчас	845	None	None
157	,	851	None	None
158	по	853	None	None
159	словам	856	None	None
160	Рафаэля	863	coref	3383
161	,	870	None	None
162	он	872	coref	3383
163	чувствует	875	None	None
164	себя	885	coref	3383
165	почти	890	None	None
166	выздоровевшим	896	None	None
167	.	909	None	None
168	Готовясь	911	None	None
169	к	920	None	None
170	гастрольным	922	None	None
171	поездкам	934	None	None
172	на	943	None	None
173	родине	946	coref	3387
174	и	953	None	None
175	за	955	None	None
176	границей	958	None	None
177	,	966	None	None
178	певец	968	coref	3383
179	уже	974	None	None
180	начал	978	None	None
181	репетиции	984	None	None
182	.	993	None	None
183	Артист	996	coref	3383
184	заявил	1003	None	None
185	,	1009	None	None
186	что	1011	None	None
187	часть	1015	None	None
188	своих	1021	coref	3383
189	гонораров	1027	None	None
190	он	1037	coref	3383
191	будет	1040	None	None
192	направлять	1046	None	None
193	в	1057	None	None
194	гуманитарные	1059	None	None
195	организации	1072	None	None
196	,	1083	None	None
197	занимающиеся	1085	None	None
198	донорством	1098	None	None
199	человеческих	1109	None	None
200	органов	1122	None	None
201	для	1130	None	None
202	пересадки	1134	None	None
203	,	1143	None	None
204	передает	1145	None	None
205	РИА	1154	None	None
206	'	1158	None	None
207	Новости	1159	None	None
208	'	1166	None	None
209	.	1167	None	None
210	На	1170	None	None
211	счету	1173	None	None
212	Рафаэля	1179	coref	3383
213	325	1187	None	None
214	золотых	1191	None	None
215	дисков	1199	None	None
216	и	1206	None	None
217	50	1208	None	None
218	платиновых	1211	None	None
219	,	1221	None	None
220	он	1223	coref	3383
221	является	1226	None	None
222	единственным	1235	coref	3386
223	испанским	1248	coref	3386
224	артистом	1258	coref	3386
225	,	1266	None	None
226	у	1268	None	None
227	которого	1270	coref	3386
228	есть	1279	None	None
229	урановый	1284	None	None
230	диск	1293	None	None
231	.	1297	None	None
232	Несмотря	1299	None	None
233	на	1308	None	None
234	возраст	1311	None	None
235	и	1319	None	None
236	перенесенную	1321	None	None
237	операцию	1334	None	None
238	,	1342	None	None
239	он	1344	coref	3383
240	выглядит	1347	None	None
241	бодрым	1356	None	None
242	,	1362	None	None
243	энергичным	1364	None	None
244	и	1375	None	None
245	пользуется	1377	None	None
246	огромным	1388	None	None
247	успехом	1397	None	None
248	на	1405	None	None
249	родине	1408	coref	3387
250	и	1415	None	None
251	за	1417	None	None
252	ее	1420	coref	3387
253	пределами	1423	None	None
254	.	1432	None	None
255	Рафаэль	1435	coref	3383
256	был	1443	None	None
257	первым	1447	coref	3388
258	крупным	1454	coref	3388
259	испанским	1462	coref	3386
260	артистом	1472	coref	3386
261	,	1480	None	None
262	который	1482	coref	3388
263	еще	1490	None	None
264	в	1494	None	None
265	60	1496	None	None
266	-	1498	None	None
267	е	1499	None	None
268	годы	1501	None	None
269	приехал	1506	None	None
270	на	1514	None	None
271	гастроли	1517	None	None
272	в	1526	None	None
273	СССР	1528	coref	3389
274	и	1533	None	None
275	завоевал	1535	None	None
276	успех	1544	None	None
277	у	1550	None	None
278	миллионов	1552	None	None
279	жителей	1562	None	None
280	страны	1570	coref	3389
281	.	1576	None	None
282	С	1578	None	None
283	тех	1580	None	None
284	пор	1584	None	None
285	он	1588	coref	3383
286	многократно	1591	None	None
287	встречался	1603	None	None
288	с	1614	None	None
289	российскими	1616	coref	3390
290	любителями	1628	coref	3390
291	музыки	1639	coref	3390
292	и	1646	None	None
293	до	1648	None	None
294	сих	1651	None	None
295	пор	1655	None	None
296	«	1659	None	None
297	не	1660	None	None
298	скрывает	1663	None	None
299	своей	1672	coref	3383
300	глубокой	1678	None	None
301	симпатии	1687	None	None
302	к	1696	None	None
303	ним	1698	coref	3390
304	»	1701	None	None
305	.	1702	None	None
