	word	start_char	type	chain_id
0	Газзаев	0	coref	4326
1	определил	8	None	None
2	стартовый	18	coref	4327
3	состав	28	coref	4327
4	на	35	coref	4327
5	матч	38	coref	4327
6	с	43	coref	4327
7	Албанией	45	coref	4327
8	Стартовый	55	coref	4327
9	состав	65	coref	4327
10	российской	72	coref	4327
11	футбольной	83	coref	4327
12	сборной	94	coref	4327
13	на	102	coref	4327
14	матч	105	coref	4327
15	с	110	coref	4327
16	Албанией	112	coref	4327
17	уже	121	None	None
18	фактически	125	None	None
19	определен	136	None	None
20	.	145	None	None
21	Об	147	None	None
22	этом	150	None	None
23	тренер	155	coref	4326
24	команды	162	coref	4326
25	Валерий	170	coref	4326
26	Газзаев	178	coref	4326
27	заявил	186	None	None
28	на	193	coref	4327
29	предматчевой	196	None	None
30	пресс	209	None	None
31	-	214	None	None
32	конференции	215	None	None
33	.	226	None	None
34	Матч	229	None	None
35	в	234	None	None
36	Шкодере	236	coref	4330
37	станет	244	None	None
38	третьей	251	None	None
39	игрой	259	None	None
40	сборной	265	coref	4327
41	России	273	coref	4329
42	в	280	None	None
43	отборочном	282	None	None
44	цикле	293	None	None
45	чемпионата	299	None	None
46	Европы	310	None	None
47	-	316	None	None
48	2004	317	None	None
49	.	321	None	None
50	Россияне	323	coref	4329
51	этой	332	coref	4328
52	встречей	337	None	None
53	прощаются	346	None	None
54	с	356	coref	4327
55	aлбанцами	358	coref	4328
56	,	367	None	None
57	так	369	None	None
58	как	373	None	None
59	больше	377	None	None
60	с	384	coref	4327
61	этой	386	coref	4328
62	командой	391	coref	4328
63	подопечные	400	coref	4329
64	Валерия	411	coref	4326
65	Газзаева	419	coref	4326
66	уже	428	None	None
67	не	432	None	None
68	встретятся	435	None	None
69	.	445	None	None
70	В	447	None	None
71	связи	449	None	None
72	с	455	coref	4327
73	этим	457	None	None
74	газзаевским	462	coref	4329
75	футболистам	474	coref	4329
76	нужно	486	None	None
77	брать	492	None	None
78	от	498	None	None
79	соперников	501	coref	4328
80	шесть	512	None	None
81	очков	518	None	None
82	.	523	None	None
83	Три	525	None	None
84	первых	529	None	None
85	были	536	None	None
86	взяты	541	None	None
87	в	547	None	None
88	Волгограде	549	None	None
89	,	559	None	None
90	когда	561	None	None
91	команда	567	coref	4329
92	победила	575	None	None
93	соперника	584	coref	4328
94	без	594	None	None
95	видимых	598	None	None
96	усилий	606	None	None
97	.	612	None	None
98	Албанцы	615	coref	4328
99	,	622	None	None
100	несмотря	624	None	None
101	на	633	coref	4327
102	то	636	None	None
103	,	638	None	None
104	что	640	None	None
105	являются	644	None	None
106	,	652	None	None
107	так	654	None	None
108	называемыми	658	None	None
109	,	669	None	None
110	поставщиками	671	None	None
111	очков	684	None	None
112	,	689	None	None
113	постараются	691	None	None
114	подпортить	703	None	None
115	настроение	714	None	None
116	нашей	725	coref	4329
117	команде	731	coref	4329
118	,	738	None	None
119	которая	740	coref	4329
120	,	747	None	None
121	конечно	749	None	None
122	же	757	None	None
123	,	759	None	None
124	будет	761	None	None
125	играть	767	None	None
126	только	774	None	None
127	на	781	coref	4327
128	победу	784	None	None
129	.	790	None	None
130	Первую	792	None	None
131	сенсацию	799	None	None
132	Албания	808	coref	4328
133	уже	816	None	None
134	сотворила	820	None	None
135	,	829	None	None
136	сыграв	831	None	None
137	вничью	838	None	None
138	с	845	coref	4327
139	одним	847	None	None
140	из	853	None	None
141	фаворитов	856	None	None
142	группы	866	None	None
143	-	873	None	None
144	Швейцарией	875	None	None
145	.	885	None	None
146	Сейчас	887	None	None
147	сборную	894	coref	4328
148	Албании	902	coref	4328
149	возглавляет	910	None	None
150	немецкий	922	coref	4332
151	специалист	931	coref	4332
152	Ханс	942	coref	4332
153	Петер	947	coref	4332
154	Бригель	953	coref	4332
155	,	960	None	None
156	более	962	None	None
157	известный	968	None	None
158	в	978	None	None
159	Германии	980	None	None
160	как	989	None	None
161	игрок	993	None	None
162	.	998	None	None
163	Он	1000	coref	4332
164	был	1003	None	None
165	обладателем	1007	None	None
166	золота	1019	None	None
167	чемпионата	1026	None	None
168	Европы	1037	None	None
169	1980	1044	None	None
170	,	1048	None	None
171	двух	1050	None	None
172	серебряных	1055	None	None
173	наград	1066	None	None
174	мировых	1073	None	None
175	первенствах	1081	None	None
176	,	1092	None	None
177	а	1094	None	None
178	также	1096	None	None
179	Бригль	1102	coref	4332
180	выигрывал	1109	None	None
181	скудетто	1119	None	None
182	в	1128	None	None
183	Италии	1130	None	None
184	,	1136	None	None
185	выступая	1138	None	None
186	за	1147	None	None
187	«	1150	None	None
188	Верону	1151	None	None
189	»	1157	None	None
190	.	1158	None	None
191	Наставник	1160	coref	4326
192	пришел	1170	None	None
193	в	1177	None	None
194	команду	1179	coref	4328
195	после	1187	None	None
196	поражения	1193	None	None
197	от	1203	None	None
198	россиян	1206	coref	4326
199	,	1213	None	None
200	но	1215	None	None
201	за	1218	None	None
202	все	1221	None	None
203	время	1225	None	None
204	Албания	1231	coref	4328
205	смогла	1239	None	None
206	провести	1246	None	None
207	лишь	1255	None	None
208	один	1260	None	None
209	товарищеский	1265	None	None
210	матч	1278	coref	4327
211	,	1282	None	None
212	выиграв	1284	None	None
213	у	1292	None	None
214	Вьетнама	1294	None	None
215	-	1303	None	None
216	4	1305	None	None
217	:	1306	None	None
218	1	1307	None	None
219	.	1308	None	None
220	Вот	1311	None	None
221	с	1315	coref	4327
222	этой	1317	coref	4328
223	команды	1322	coref	4326
224	россиянам	1330	coref	4329
225	предстоит	1340	None	None
226	начинать	1350	None	None
227	четырехматчевое	1359	None	None
228	выездное	1375	None	None
229	турне	1384	None	None
230	в	1390	None	None
231	отборочном	1392	None	None
232	цикле	1403	None	None
233	.	1408	None	None
234	Напомним	1410	None	None
235	,	1418	None	None
236	что	1420	None	None
237	следующую	1424	None	None
238	встречу	1434	None	None
239	сборная	1442	coref	4329
240	Газзаева	1450	coref	4326
241	играет	1459	None	None
242	30	1466	None	None
243	-	1468	None	None
244	го	1469	None	None
245	апреля	1472	None	None
246	с	1479	coref	4327
247	Грузией	1481	None	None
248	.	1488	None	None
249	Теперь	1490	None	None
250	вернемся	1497	None	None
251	к	1506	None	None
252	заявлению	1508	None	None
253	Газзаева	1518	coref	4326
254	о	1527	None	None
255	стартовом	1529	coref	4327
256	составе	1539	coref	4327
257	.	1546	None	None
258	Травма	1548	None	None
259	Руслана	1555	coref	4333
260	Пименова	1563	coref	4333
261	не	1572	None	None
262	должна	1575	None	None
263	вывести	1582	None	None
264	из	1590	None	None
265	строя	1593	None	None
266	тактические	1599	None	None
267	схемы	1611	None	None
268	Газзаева	1617	coref	4326
269	.	1625	None	None
270	Вместо	1627	None	None
271	него	1634	coref	4333
272	на	1639	coref	4327
273	поле	1642	None	None
274	должен	1647	None	None
275	появиться	1654	None	None
276	кто	1664	None	None
277	-	1667	None	None
278	либо	1668	None	None
279	из	1673	None	None
280	созвездия	1676	None	None
281	приглашенных	1686	None	None
282	игроков	1699	None	None
283	.	1706	None	None
284	Наставник	1708	coref	4326
285	вызвал	1718	None	None
286	в	1725	None	None
287	команду	1727	coref	4328
288	трех	1735	coref	4334
289	новичков	1740	coref	4334
290	,	1748	None	None
291	таким	1750	None	None
292	образом	1756	None	None
293	,	1763	None	None
294	кто	1765	None	None
295	-	1768	None	None
296	то	1769	None	None
297	из	1772	None	None
298	них	1775	coref	4334
299	может	1779	None	None
300	дебютировать	1785	None	None
301	в	1798	None	None
302	команде	1800	coref	4329
303	уже	1808	None	None
304	в	1812	None	None
305	матче	1814	None	None
306	с	1820	coref	4327
307	Албанией	1822	coref	4327
308	.	1830	None	None
309	На	1832	None	None
310	месте	1835	None	None
311	опорного	1841	None	None
312	полузащитника	1850	None	None
313	у	1864	None	None
314	россиян	1866	coref	4326
315	могут	1874	None	None
316	сыграть	1880	None	None
317	Смертин	1888	coref	4335
318	,	1895	None	None
319	Алдонин	1897	coref	4336
320	и	1905	None	None
321	Яновский	1907	coref	4337
322	,	1915	None	None
323	уже	1917	None	None
324	зарекомендовавшие	1921	None	None
325	себя	1939	None	None
326	в	1944	None	None
327	сборной	1946	coref	4327
328	.	1953	None	None
329	Место	1955	None	None
330	либеро	1961	None	None
331	,	1967	None	None
332	скорее	1969	None	None
333	всего	1976	None	None
334	,	1981	None	None
335	будет	1983	None	None
336	доверено	1989	None	None
337	Онопко	1998	None	None
338	,	2004	None	None
339	а	2006	None	None
340	на	2008	coref	4327
341	позиции	2011	None	None
342	крайних	2019	None	None
343	защитников	2027	None	None
344	претендуют	2038	None	None
345	братья	2049	None	None
346	Березуцкие	2056	None	None
347	,	2066	None	None
348	а	2068	None	None
349	также	2070	None	None
350	дуэт	2076	None	None
351	из	2081	None	None
352	«	2084	None	None
353	Локомотива	2085	None	None
354	»	2095	None	None
355	Нижегородов	2097	None	None
356	-	2109	None	None
357	Игнашевич	2111	None	None
358	.	2120	None	None
359	Смертина	2123	coref	4335
360	и	2132	None	None
361	Алдонина	2134	coref	4336
362	наставник	2143	coref	4326
363	россиян	2153	coref	4326
364	,	2160	None	None
365	скорее	2162	None	None
366	всего	2169	None	None
367	,	2174	None	None
368	с	2176	coref	4327
369	первых	2178	None	None
370	же	2185	None	None
371	минут	2188	None	None
372	использует	2194	None	None
373	в	2205	None	None
374	центре	2207	None	None
375	поля	2214	None	None
376	.	2218	None	None
377	Дмитрий	2220	coref	4338
378	Лоськов	2228	coref	4338
379	должен	2236	None	None
380	начать	2243	None	None
381	игру	2250	None	None
382	на	2255	coref	4327
383	позиции	2258	None	None
384	диспетчера	2266	None	None
385	,	2276	None	None
386	так	2278	None	None
387	как	2282	None	None
388	в	2286	None	None
389	команде	2288	coref	4329
390	Газзаева	2296	coref	4326
391	равноценной	2305	None	None
392	замены	2317	None	None
393	ему	2324	coref	4338
394	пока	2328	None	None
395	нет	2333	None	None
396	.	2336	None	None
397	На	2338	None	None
398	правом	2341	None	None
399	фланге	2348	None	None
400	полузащиты	2355	None	None
401	сыграет	2366	None	None
402	Ролан	2374	coref	4339
403	Гусев	2380	coref	4339
404	,	2385	None	None
405	который	2387	coref	4339
406	после	2395	None	None
407	ухода	2401	None	None
408	из	2407	None	None
409	сборной	2410	coref	4327
410	Валерия	2418	coref	4326
411	Карпина	2426	None	None
412	стал	2434	None	None
413	единственным	2439	None	None
414	достойным	2452	None	None
415	кандидатом	2462	None	None
416	на	2473	coref	4327
417	этой	2476	coref	4328
418	позиции	2481	None	None
419	.	2488	None	None
420	На	2490	None	None
421	левом	2493	None	None
422	фланге	2499	None	None
423	у	2506	None	None
424	Газзаева	2508	coref	4326
425	есть	2517	None	None
426	Каряка	2522	coref	4340
427	,	2528	None	None
428	и	2530	None	None
429	Соломатин	2532	coref	4341
430	,	2541	None	None
431	которые	2543	coref	4342
432	достойны	2551	None	None
433	участия	2560	None	None
434	в	2568	None	None
435	матче	2570	None	None
436	в	2576	None	None
437	равной	2578	None	None
438	степени	2585	None	None
439	.	2592	None	None
440	Из	2594	None	None
441	трех	2597	coref	4334
442	отличных	2602	None	None
443	нападающих	2611	None	None
444	:	2621	None	None
445	Семака	2623	None	None
446	и	2630	None	None
447	Бесчастных	2632	None	None
448	и	2643	None	None
449	Кержакова	2645	None	None
450	,	2654	None	None
451	Газзаеву	2656	coref	4326
452	нужно	2665	None	None
453	будет	2671	None	None
454	выбрать	2677	None	None
455	двоих	2685	None	None
456	.	2690	None	None
457	Между	2692	None	None
458	тем	2698	None	None
459	,	2701	None	None
460	все	2703	None	None
461	билеты	2707	None	None
462	на	2714	coref	4327
463	этот	2717	None	None
464	матч	2722	coref	4327
465	уже	2727	None	None
466	проданы	2731	None	None
467	.	2738	None	None
468	Стадион	2740	None	None
469	в	2748	None	None
470	Шкодере	2750	coref	4330
471	вмещает	2758	None	None
472	всего	2766	None	None
473	около	2772	None	None
474	16	2778	None	None
475	тысяч	2781	None	None
476	зрителей	2787	None	None
477	и	2796	None	None
478	обладает	2798	None	None
479	лучшим	2807	None	None
480	в	2814	None	None
481	Албании	2816	coref	4328
482	травяным	2824	None	None
483	газоном	2833	None	None
484	.	2840	None	None
