	word	start_char	type	chain_id
0	В	0	None	None
1	Москве	2	coref	3859
2	отключены	9	None	None
3	телефонные	19	coref	3860
4	номера	30	coref	3860
5	,	36	None	None
6	начинающиеся	38	None	None
7	на	51	None	None
8	212	54	None	None
9	Из	59	None	None
10	-	61	None	None
11	за	62	None	None
12	повреждения	65	None	None
13	кабеля	77	coref	3861
14	в	84	None	None
15	Москве	86	coref	3859
16	в	93	None	None
17	среду	95	None	None
18	отключены	101	None	None
19	телефонные	111	coref	3860
20	номера	122	coref	3860
21	,	128	None	None
22	начинающиеся	130	None	None
23	на	143	None	None
24	212	146	None	None
25	.	149	None	None
26	Об	151	None	None
27	этом	154	None	None
28	сообщили	159	None	None
29	ИТАР	168	None	None
30	-	172	None	None
31	ТАСС	173	None	None
32	в	178	None	None
33	пресс	180	None	None
34	-	185	None	None
35	центре	186	None	None
36	ОАО	193	coref	3862
37	«	197	coref	3862
38	Московская	198	coref	3862
39	городская	209	coref	3862
40	телефонная	219	coref	3862
41	сеть	230	coref	3862
42	»	234	coref	3862
43	(	236	None	None
44	МГТС	237	coref	3862
45	)	241	None	None
46	.	242	None	None
47	Кабель	245	coref	3861
48	был	252	None	None
49	поврежден	256	None	None
50	около	266	None	None
51	полудня	272	None	None
52	строителями	280	None	None
53	при	292	None	None
54	проведении	296	None	None
55	земляных	307	None	None
56	работ	316	None	None
57	в	322	None	None
58	ходе	324	None	None
59	реконструкции	329	None	None
60	дворца	343	None	None
61	культуры	350	None	None
62	им	359	None	None
63	.	361	None	None
64	Жуковского	363	None	None
65	,	373	None	None
66	находящегося	375	None	None
67	неподалеку	388	None	None
68	от	399	None	None
69	станции	402	None	None
70	метро	410	None	None
71	«	416	coref	3862
72	Новослободская	417	None	None
73	»	431	coref	3862
74	.	432	None	None
75	Сейчас	435	None	None
76	на	442	None	None
77	месте	445	None	None
78	аварии	451	None	None
79	работают	458	None	None
80	специалисты	467	None	None
81	МГТС	479	coref	3862
82	.	483	None	None
83	В	485	None	None
84	компании	487	coref	3862
85	заверили	496	None	None
86	,	504	None	None
87	что	506	None	None
88	к	510	None	None
89	вечеру	512	None	None
90	связь	519	None	None
91	будет	525	None	None
92	восстановлена	531	None	None
93	.	544	None	None
