	word	start_char	type	chain_id
0	Кадыров	0	coref	3725
1	подтвердил	8	None	None
2	намерение	19	None	None
3	баллотироваться	29	None	None
4	в	45	None	None
5	президенты	47	coref	3734
6	Чечни	58	coref	3725
7	Руководитель	65	coref	3725
8	Чечни	78	coref	3725
9	Ахмад	84	coref	3725
10	Кадыров	90	coref	3725
11	выразил	98	None	None
12	уверенность	106	None	None
13	,	117	None	None
14	что	119	None	None
15	предстоящие	123	None	None
16	выборы	135	None	None
17	президента	142	None	None
18	республики	153	coref	3725
19	будут	164	None	None
20	проведены	170	None	None
21	в	180	None	None
22	строгом	182	None	None
23	соответствии	190	None	None
24	с	203	None	None
25	конституцией	205	coref	3727
26	,	217	None	None
27	и	219	None	None
28	подтвердил	221	None	None
29	намерение	232	None	None
30	выставить	242	None	None
31	на	252	None	None
32	этих	255	None	None
33	выборах	260	None	None
34	свою	268	coref	3725
35	кандидатуру	273	None	None
36	.	284	None	None
37	«	287	None	None
38	Я	288	coref	3725
39	убежден	290	None	None
40	в	298	None	None
41	том	300	None	None
42	,	303	None	None
43	что	305	None	None
44	каждый	309	coref	3728
45	избиратель	316	coref	3728
46	сможет	327	None	None
47	свободно	334	None	None
48	изъявить	343	None	None
49	свою	352	coref	3725
50	волю	357	None	None
51	,	361	None	None
52	подать	363	None	None
53	голос	370	None	None
54	за	376	None	None
55	того	379	coref	3729
56	кандидата	384	coref	3729
57	,	393	None	None
58	которого	395	coref	3729
59	считает	404	None	None
60	достойным	412	None	None
61	возглавить	422	None	None
62	Чечню	433	coref	3726
63	»	438	None	None
64	,	439	None	None
65	-	441	None	None
66	сказал	443	None	None
67	Кадыров	450	coref	3725
68	в	458	None	None
69	интервью	460	None	None
70	«	469	None	None
71	Интерфаксу	470	None	None
72	»	480	None	None
73	.	481	None	None
74	Кадыров	484	coref	3725
75	заявил	492	None	None
76	,	498	None	None
77	что	500	None	None
78	он	504	coref	3725
79	твердо	507	None	None
80	решил	514	None	None
81	выставить	520	None	None
82	свою	530	coref	3725
83	кандидатуру	535	None	None
84	на	547	None	None
85	пост	550	None	None
86	президента	555	None	None
87	Чечни	566	coref	3725
88	.	571	None	None
89	«	573	None	None
90	Я	574	coref	3725
91	сделаю	576	None	None
92	это	583	None	None
93	не	587	None	None
94	для	590	None	None
95	того	594	coref	3729
96	,	598	None	None
97	чтобы	600	None	None
98	получить	606	None	None
99	власть	615	coref	3730
100	ради	622	None	None
101	власти	627	None	None
102	,	633	None	None
103	я	635	coref	3725
104	ею	637	coref	3730
105	сыт	640	None	None
106	по	644	None	None
107	горло	647	None	None
108	,	652	None	None
109	я	654	coref	3725
110	узнал	656	None	None
111	ее	662	coref	3730
112	горький	665	None	None
113	вкус	673	None	None
114	,	677	None	None
115	потерял	679	None	None
116	десятки	687	None	None
117	самых	695	None	None
118	близких	701	None	None
119	мне	709	coref	3725
120	людей	713	None	None
121	.	718	None	None
122	Я	720	coref	3725
123	хочу	722	None	None
124	быть	727	None	None
125	президентом	732	None	None
126	для	744	None	None
127	того	748	coref	3729
128	,	752	None	None
129	чтобы	754	None	None
130	завершить	760	None	None
131	начатое	770	None	None
132	дело	778	None	None
133	,	782	None	None
134	вывести	784	None	None
135	свой	792	coref	3725
136	народ	797	coref	3728
137	из	803	None	None
138	полосы	806	None	None
139	войн	813	None	None
140	,	817	None	None
141	разрух	819	None	None
142	и	826	None	None
143	трагедий	828	None	None
144	,	836	None	None
145	навсегда	838	None	None
146	искоренить	847	None	None
147	причины	858	None	None
148	,	865	None	None
149	порождающие	867	None	None
150	войны	879	None	None
151	на	885	None	None
152	территории	888	None	None
153	Чечни	899	coref	3725
154	»	904	None	None
155	,	905	None	None
156	-	907	None	None
157	заявил	909	None	None
158	Кадыров	916	coref	3725
159	.	923	None	None
160	Он	926	coref	3725
161	выразил	929	None	None
162	убеждение	937	None	None
163	,	946	None	None
164	что	948	None	None
165	с	952	None	None
166	помощью	954	None	None
167	единомышленников	962	coref	3731
168	сумеет	979	None	None
169	вывести	986	None	None
170	Чечню	994	coref	3726
171	из	1000	None	None
172	кризиса	1003	None	None
173	.	1010	None	None
174	«	1012	None	None
175	Я	1013	coref	3725
176	убежден	1015	None	None
177	,	1022	None	None
178	что	1024	None	None
179	мне	1028	coref	3725
180	и	1032	None	None
181	команде	1034	coref	3731
182	моих	1042	coref	3725
183	единомышленников	1047	coref	3731
184	это	1064	None	None
185	удастся	1068	None	None
186	»	1075	None	None
187	,	1076	None	None
188	-	1078	None	None
189	сказал	1080	None	None
190	Кадыров	1087	coref	3725
191	.	1094	None	None
192	При	1097	None	None
193	этом	1101	None	None
194	он	1106	coref	3725
195	подчеркнул	1109	None	None
196	,	1119	None	None
197	что	1121	None	None
198	не	1125	None	None
199	имеет	1128	None	None
200	ничего	1134	None	None
201	против	1141	None	None
202	здоровой	1148	None	None
203	конкуренции	1157	None	None
204	,	1168	None	None
205	«	1170	None	None
206	если	1171	None	None
207	кандидатуры	1176	None	None
208	выставят	1188	None	None
209	трезвые	1197	None	None
210	,	1204	None	None
211	опытные	1206	None	None
212	политики	1214	None	None
213	,	1222	None	None
214	стремящиеся	1224	None	None
215	не	1236	None	None
216	нефть	1239	None	None
217	качать	1245	None	None
218	из	1252	None	None
219	Чечни	1255	coref	3725
220	,	1260	None	None
221	а	1262	None	None
222	установить	1264	None	None
223	здесь	1275	coref	3726
224	мир	1281	None	None
225	,	1284	None	None
226	порядок	1286	None	None
227	и	1294	None	None
228	создать	1296	None	None
229	условия	1304	None	None
230	для	1312	None	None
231	человеческой	1316	None	None
232	жизни	1329	None	None
233	населению	1335	coref	3728
234	республики	1345	coref	3725
235	»	1355	None	None
236	.	1356	None	None
237	Глава	1359	coref	3725
238	Чечни	1365	coref	3725
239	отметил	1371	None	None
240	,	1378	None	None
241	что	1380	None	None
242	обращение	1384	None	None
243	Госсовета	1394	coref	3732
244	республики	1404	coref	3725
245	к	1415	None	None
246	президенту	1417	None	None
247	страны	1428	coref	3733
248	Владимиру	1435	None	None
249	Путину	1445	None	None
250	с	1452	None	None
251	просьбой	1454	None	None
252	назначить	1463	None	None
253	выборы	1473	None	None
254	на	1480	None	None
255	5	1483	None	None
256	октября	1485	None	None
257	,	1492	None	None
258	не	1494	None	None
259	явилось	1497	None	None
260	для	1505	None	None
261	него	1509	coref	3725
262	неожиданностью	1514	None	None
263	.	1528	None	None
264	«	1531	None	None
265	Я	1532	coref	3725
266	ранее	1534	None	None
267	неоднократно	1540	None	None
268	публично	1553	None	None
269	говорил	1562	None	None
270	,	1569	None	None
271	что	1571	None	None
272	нецелесообразно	1575	None	None
273	совмещать	1591	None	None
274	выборы	1601	None	None
275	в	1608	None	None
276	Госдуму	1610	None	None
277	и	1618	None	None
278	президента	1620	None	None
279	Чечни	1631	coref	3725
280	,	1636	None	None
281	этого	1638	None	None
282	же	1644	None	None
283	мнения	1647	None	None
284	придерживается	1654	None	None
285	и	1669	None	None
286	председатель	1671	None	None
287	правительства	1684	None	None
288	Анатолий	1698	None	None
289	Попов	1707	None	None
290	»	1712	None	None
291	,	1713	None	None
292	-	1715	None	None
293	напомнил	1717	None	None
294	Кадыров	1726	coref	3725
295	.	1733	None	None
296	Он	1736	coref	3725
297	пояснил	1739	None	None
298	,	1746	None	None
299	что	1748	None	None
300	совмещение	1752	None	None
301	выборов	1763	None	None
302	«	1771	None	None
303	могло	1772	None	None
304	наложить	1778	None	None
305	отрицательный	1787	None	None
306	отпечаток	1801	None	None
307	на	1811	None	None
308	ход	1814	None	None
309	подготовки	1818	None	None
310	к	1829	None	None
311	избранию	1831	None	None
312	главы	1840	None	None
313	Чечни	1846	coref	3725
314	»	1851	None	None
315	.	1852	None	None
316	«	1854	None	None
317	Я	1855	coref	3725
318	не	1857	None	None
319	навязывал	1860	None	None
320	свою	1870	coref	3725
321	волю	1875	None	None
322	Госсовету	1880	coref	3732
323	,	1889	None	None
324	но	1891	None	None
325	с	1894	None	None
326	удовлетворением	1896	None	None
327	воспринял	1912	None	None
328	их	1922	coref	3732
329	шаг	1925	None	None
330	»	1928	None	None
331	,	1929	None	None
332	-	1931	None	None
333	сказал	1933	None	None
334	Кадыров	1940	coref	3725
335	.	1947	None	None
336	Он	1950	coref	3725
337	не	1953	None	None
338	согласен	1956	None	None
339	с	1965	None	None
340	теми	1967	None	None
341	,	1971	None	None
342	кто	1973	None	None
343	считает	1977	None	None
344	невозможным	1985	None	None
345	организовать	1997	None	None
346	свободные	2010	None	None
347	выборы	2020	None	None
348	в	2027	None	None
349	условиях	2029	None	None
350	проведения	2038	None	None
351	контртеррористической	2049	None	None
352	операции	2071	None	None
353	.	2079	None	None
354	«	2081	None	None
355	Основные	2082	None	None
356	силы	2091	None	None
357	незаконных	2096	None	None
358	вооруженных	2107	None	None
359	формирований	2119	None	None
360	уничтожены	2132	None	None
361	,	2142	None	None
362	антитеррористическая	2144	None	None
363	операция	2165	None	None
364	перешла	2174	None	None
365	в	2182	None	None
366	фазу	2184	None	None
367	операции	2189	None	None
368	по	2198	None	None
369	поддержанию	2201	None	None
370	правопорядка	2213	None	None
371	в	2226	None	None
372	республике	2228	coref	3726
373	»	2238	None	None
374	,	2239	None	None
375	-	2241	None	None
376	напомнил	2243	None	None
377	Кадыров	2252	coref	3725
378	.	2259	None	None
379	Он	2262	coref	3725
380	отметил	2265	None	None
381	,	2272	None	None
382	что	2274	None	None
383	разговоры	2278	None	None
384	о	2288	None	None
385	«	2290	None	None
386	голосовании	2291	None	None
387	под	2303	None	None
388	дулами	2307	None	None
389	автоматов	2314	None	None
390	»	2323	None	None
391	вели	2325	None	None
392	«	2330	None	None
393	знатоки	2331	None	None
394	Чечни	2339	coref	3725
395	»	2344	None	None
396	и	2346	None	None
397	накануне	2348	None	None
398	референдума	2357	None	None
399	,	2368	None	None
400	«	2370	None	None
401	но	2371	None	None
402	народ	2374	coref	3728
403	проголосовал	2380	None	None
404	за	2393	None	None
405	конституцию	2396	coref	3727
406	,	2407	None	None
407	и	2409	None	None
408	никто	2411	None	None
409	его	2417	coref	3728
410	не	2421	None	None
411	загонял	2424	None	None
412	на	2432	None	None
413	избирательные	2435	None	None
414	участки	2449	None	None
415	и	2457	None	None
416	не	2459	None	None
417	смог	2462	None	None
418	бы	2467	None	None
419	это	2470	None	None
420	сделать	2474	None	None
421	»	2481	None	None
422	.	2482	None	None
423	«	2485	None	None
424	А	2486	None	None
425	с	2488	None	None
426	результатами	2490	None	None
427	выборов	2503	None	None
428	президента	2511	None	None
429	чеченский	2522	coref	3728
430	народ	2532	coref	3728
431	связывает	2538	None	None
432	большие	2548	None	None
433	надежды	2556	None	None
434	на	2564	None	None
435	будущее	2567	None	None
436	,	2574	None	None
437	поэтому	2576	None	None
438	я	2584	coref	3725
439	верю	2586	None	None
440	в	2591	None	None
441	то	2593	None	None
442	,	2595	None	None
443	что	2597	None	None
444	решение	2601	None	None
445	населения	2609	coref	3728
446	будет	2619	None	None
447	мудрым	2625	None	None
448	и	2632	None	None
449	взвешенным	2634	None	None
450	,	2644	None	None
451	ибо	2646	None	None
452	народ	2650	coref	3728
453	устал	2656	None	None
454	от	2662	None	None
455	войн	2665	None	None
456	,	2669	None	None
457	разрух	2671	None	None
458	и	2678	None	None
459	политических	2680	None	None
460	и	2693	None	None
461	авантюристских	2695	None	None
462	интриг	2710	None	None
463	,	2716	None	None
464	ему	2718	coref	3728
465	хочется	2722	None	None
466	строить	2730	None	None
467	жилье	2738	None	None
468	,	2743	None	None
469	растить	2745	None	None
470	детей	2753	None	None
471	,	2758	None	None
472	жить	2760	None	None
473	в	2765	None	None
474	свободном	2767	None	None
475	обществе	2777	None	None
476	наравне	2786	None	None
477	со	2794	None	None
478	всеми	2797	None	None
479	народами	2803	None	None
480	России	2812	coref	3733
481	»	2818	None	None
482	,	2819	None	None
483	-	2821	None	None
484	сказал	2823	None	None
485	Кадыров	2830	coref	3725
486	.	2837	None	None
487	Он	2840	coref	3725
488	выразил	2843	None	None
489	уверенность	2851	None	None
490	,	2862	None	None
491	что	2864	None	None
492	«	2868	None	None
493	народ	2869	coref	3728
494	проголосует	2875	None	None
495	за	2887	None	None
496	того	2890	coref	3729
497	,	2894	None	None
498	кто	2896	None	None
499	делил	2900	None	None
500	с	2906	None	None
501	ним	2908	coref	3728
502	все	2912	None	None
503	тяготы	2916	None	None
504	и	2923	None	None
505	лишения	2925	None	None
506	,	2932	None	None
507	и	2934	None	None
508	не	2936	None	None
509	даст	2939	None	None
510	себя	2944	coref	3728
511	обмануть	2949	None	None
512	тем	2958	None	None
513	,	2961	None	None
514	кто	2963	None	None
515	все	2967	None	None
516	это	2971	None	None
517	время	2975	None	None
518	давал	2981	None	None
519	пустые	2987	None	None
520	советы	2994	None	None
521	,	3000	None	None
522	находясь	3002	None	None
523	вдали	3011	None	None
524	от	3017	None	None
525	Чечни	3020	coref	3725
526	»	3025	None	None
527	.	3026	None	None
528	«	3029	None	None
529	В	3030	None	None
530	Чечне	3032	coref	3726
531	уже	3038	None	None
532	дважды	3042	None	None
533	были	3049	None	None
534	так	3054	coref	3734
535	называемые	3058	coref	3734
536	президенты	3069	coref	3734
537	,	3079	None	None
538	которые	3081	coref	3734
539	понятия	3089	None	None
540	не	3097	None	None
541	имели	3100	None	None
542	,	3105	None	None
543	что	3107	None	None
544	из	3111	None	None
545	себя	3114	coref	3728
546	представляет	3119	None	None
547	народ	3132	coref	3728
548	,	3137	None	None
549	были	3139	None	None
550	безучастны	3144	None	None
551	к	3155	None	None
552	нему	3157	coref	3728
553	и	3162	None	None
554	в	3164	None	None
555	конечном	3166	None	None
556	счете	3175	None	None
557	каждый	3181	coref	3728
558	из	3188	None	None
559	них	3191	coref	3734
560	бросил	3195	None	None
561	его	3202	coref	3728
562	в	3206	None	None
563	пучину	3208	None	None
564	войн	3215	None	None
565	,	3219	None	None
566	приведших	3221	None	None
567	к	3231	None	None
568	смерти	3233	None	None
569	десятков	3240	None	None
570	тысяч	3249	None	None
571	людей	3255	None	None
572	»	3260	None	None
573	,	3261	None	None
574	-	3263	None	None
575	заявил	3265	None	None
576	Кадыров	3272	coref	3725
577	.	3279	None	None
578	Он	3282	coref	3725
579	пояснил	3285	None	None
580	,	3292	None	None
581	что	3294	None	None
582	имеет	3298	None	None
583	в	3304	None	None
584	виду	3306	None	None
585	Джохара	3311	None	None
586	Дудаева	3319	None	None
587	и	3327	None	None
588	Аслана	3329	None	None
589	Масхадова	3336	None	None
590	.	3345	None	None
591	«	3347	None	None
592	Третий	3348	None	None
593	раз	3355	None	None
594	на	3359	None	None
595	те	3362	None	None
596	же	3365	None	None
597	грабли	3368	None	None
598	нация	3375	coref	3728
599	не	3381	None	None
600	наступит	3384	None	None
601	»	3392	None	None
602	,	3393	None	None
603	-	3395	None	None
604	заявил	3397	None	None
605	глава	3404	coref	3725
606	республики	3410	coref	3725
607	.	3420	None	None
