	word	start_char	type	chain_id
0	В	0	None	None
1	Риме	2	coref	4888
2	обрушился	7	None	None
3	потолок	17	coref	4889
4	в	25	None	None
5	зрительном	27	coref	4890
6	зале	38	coref	4890
7	кинотеатра	43	coref	4890
8	:	53	None	None
9	16	55	coref	4892
10	человек	58	coref	4892
11	ранены	66	None	None
12	В	74	None	None
13	Риме	76	coref	4888
14	16	81	coref	4892
15	человек	84	coref	4892
16	получили	92	None	None
17	ранения	101	None	None
18	в	109	None	None
19	результате	111	None	None
20	обрушения	122	None	None
21	потолка	132	coref	4889
22	в	140	None	None
23	одном	142	coref	4890
24	из	148	coref	4890
25	зрительных	151	coref	4890
26	залов	162	coref	4890
27	трехзального	168	coref	4890
28	столичного	181	coref	4890
29	кинотеатра	192	coref	4890
30	«	203	coref	4890
31	Тристар	204	coref	4890
32	»	211	coref	4890
33	.	212	None	None
34	Инцидент	215	None	None
35	произошел	224	None	None
36	в	234	None	None
37	четверг	236	None	None
38	во	244	None	None
39	время	247	None	None
40	вечернего	253	None	None
41	сеанса	263	None	None
42	в	270	None	None
43	«	272	coref	4890
44	голубом	273	coref	4890
45	»	280	coref	4890
46	кинозале	282	coref	4890
47	.	290	None	None
48	Всего	292	None	None
49	в	298	None	None
50	рассчитанном	300	None	None
51	на	313	None	None
52	170	316	None	None
53	зрителей	320	coref	4892
54	помещении	329	coref	4890
55	находились	339	None	None
56	58	350	coref	4893
57	человек	353	coref	4892
58	,	360	None	None
59	42	362	coref	4894
60	из	365	coref	4890
61	них	368	coref	4893
62	не	372	None	None
63	пострадали	375	None	None
64	.	385	None	None
65	Большинству	387	coref	4895
66	удалось	399	None	None
67	спрятаться	407	None	None
68	под	418	None	None
69	креслами	422	None	None
70	.	430	None	None
71	Во	433	None	None
72	время	436	None	None
73	инцидента	442	None	None
74	погас	452	None	None
75	аварийный	458	None	None
76	свет	468	None	None
77	и	473	None	None
78	служащие	475	None	None
79	кинотеатра	484	coref	4890
80	с	495	None	None
81	фонариками	497	None	None
82	провели	508	None	None
83	эвакуацию	516	None	None
84	людей	526	coref	4893
85	через	532	None	None
86	несколько	538	None	None
87	распахнутых	548	None	None
88	дверей	560	None	None
89	.	566	None	None
90	Через	569	None	None
91	несколько	575	None	None
92	минут	585	None	None
93	после	591	None	None
94	сигнала	597	None	None
95	тревоги	605	None	None
96	к	613	None	None
97	зданию	615	coref	4891
98	кинотеатра	622	coref	4890
99	прибыли	633	None	None
100	карабинеры	641	None	None
101	,	651	None	None
102	пожарные	653	None	None
103	и	662	None	None
104	«	664	coref	4890
105	машины	665	None	None
106	скорой	672	None	None
107	»	678	coref	4890
108	.	679	None	None
109	На	681	None	None
110	место	684	coref	4891
111	происшествия	690	coref	4891
112	также	703	None	None
113	приехал	709	None	None
114	мэр	717	coref	4896
115	Рима	721	coref	4888
116	Вальтер	726	coref	4896
117	Вельтрони	734	coref	4896
118	.	743	None	None
119	Затем	745	None	None
120	он	751	coref	4896
121	посетил	754	None	None
122	в	762	None	None
123	госпитале	764	None	None
124	раненых	774	coref	4892
125	зрителей	782	coref	4892
126	.	790	None	None
127	Римская	792	None	None
128	прокуратура	800	None	None
129	начала	812	None	None
130	следствие	819	None	None
131	.	828	None	None
