	word	start_char	type	chain_id
0	Касьянов	0	coref	4048
1	предложил	9	None	None
2	властям	19	coref	4049
3	Краснодарского	27	coref	4049
4	края	42	coref	4049
5	остановить	47	None	None
6	строительство	58	None	None
7	дамбы	72	coref	4051
8	Премьер	79	coref	4048
9	-	86	coref	4048
10	министр	87	coref	4048
11	РФ	95	coref	4048
12	Михаил	98	coref	4048
13	Касьянов	105	coref	4048
14	предложил	114	None	None
15	руководству	124	coref	4049
16	Краснодарского	136	coref	4049
17	края	151	coref	4049
18	приостановить	156	None	None
19	на	170	None	None
20	несколько	173	None	None
21	дней	183	None	None
22	завершение	188	None	None
23	работ	199	None	None
24	по	205	None	None
25	восстановлению	208	None	None
26	коренной	223	coref	4053
27	части	232	coref	4053
28	Тузлинской	238	coref	4053
29	косы	249	coref	4053
30	.	253	None	None
31	Об	255	None	None
32	этом	258	None	None
33	РИА	263	None	None
34	'	267	None	None
35	Новости	268	None	None
36	'	275	None	None
37	сообщили	277	None	None
38	в	286	None	None
39	департаменте	288	coref	4055
40	правительственной	301	coref	4055
41	информации	319	coref	4055
42	.	329	None	None
43	«	332	None	None
44	Михаил	333	coref	4048
45	Касьянов	340	coref	4048
46	в	349	None	None
47	связи	351	None	None
48	с	357	None	None
49	готовностью	359	None	None
50	украинской	371	coref	4056
51	стороны	382	coref	4056
52	незамедлительно	390	None	None
53	начать	406	None	None
54	полномасштабные	413	None	None
55	переговоры	429	None	None
56	по	440	None	None
57	проблеме	443	None	None
58	Азово	452	None	None
59	-	457	coref	4048
60	Керченской	458	None	None
61	акватории	469	None	None
62	предложил	479	None	None
63	руководству	489	coref	4049
64	Краснодарского	501	coref	4049
65	края	516	coref	4049
66	и	521	coref	4049
67	Темрюкского	523	coref	4049
68	района	535	coref	4049
69	приостановить	542	None	None
70	на	556	None	None
71	несколько	559	None	None
72	дней	569	None	None
73	завершение	574	None	None
74	работ	585	None	None
75	по	591	None	None
76	восстановлению	594	None	None
77	коренной	609	coref	4053
78	части	618	coref	4053
79	Тузлинской	624	coref	4053
80	косы	635	coref	4053
81	,	639	None	None
82	проводимых	641	None	None
83	хозяйственными	652	None	None
84	организациями	667	None	None
85	края	681	coref	4049
86	в	686	None	None
87	рамках	688	None	None
88	комплекса	695	None	None
89	природоохранных	705	None	None
90	мероприятий	721	None	None
91	»	732	None	None
92	,	733	None	None
93	-	735	coref	4048
94	сказали	737	None	None
95	в	745	None	None
96	ДПИ	747	coref	4055
97	.	750	None	None
98	Тем	753	None	None
99	временем	757	None	None
100	,	765	None	None
101	министерство	767	coref	4057
102	иностранных	780	coref	4057
103	дел	792	coref	4057
104	ознакомило	796	None	None
105	представителей	807	coref	4058
106	иностранных	822	coref	4057
107	посольств	834	coref	4058
108	,	843	None	None
109	аккредитованных	845	None	None
110	в	861	None	None
111	Украине	863	coref	4056
112	,	870	None	None
113	с	872	None	None
114	конфликтом	874	None	None
115	вокруг	885	None	None
116	строительства	892	None	None
117	Россией	906	coref	4052
118	дамбы	914	coref	4051
119	в	920	None	None
120	Керченском	922	None	None
121	проливе	933	None	None
122	.	940	None	None
123	Об	942	None	None
124	этом	945	None	None
125	сообщил	950	None	None
126	глава	958	coref	4059
127	пресс	964	coref	4059
128	-	969	coref	4048
129	службы	970	coref	4059
130	МИДа	977	coref	4057
131	Маркиян	982	coref	4059
132	Лубкивский	990	coref	4059
133	.	1000	None	None
134	По	1002	None	None
135	его	1005	coref	4059
136	информации	1009	coref	4055
137	,	1019	None	None
138	заместитель	1021	coref	4060
139	министра	1033	coref	4060
140	иностранных	1042	coref	4057
141	дел	1054	coref	4057
142	Александр	1058	coref	4060
143	Моцик	1068	coref	4060
144	детально	1074	None	None
145	проинформировал	1083	None	None
146	дипломатов	1099	coref	4058
147	о	1110	None	None
148	ситуации	1112	None	None
149	.	1120	None	None
150	Моцик	1122	coref	4060
151	также	1128	None	None
152	ответил	1134	None	None
153	на	1142	None	None
154	вопросы	1145	None	None
155	присутствующих	1153	coref	4058
156	.	1167	None	None
