	word	start_char	type	chain_id
0	Из	0	None	None
1	всех	3	coref	4756
2	европейцев	8	coref	4756
3	самые	19	None	None
4	ленивые	25	None	None
5	-	33	None	None
6	португальцы	35	coref	4757
7	Жители	48	coref	4756
8	Европейского	55	coref	4756
9	союза	68	coref	4756
10	чрезвычайно	74	None	None
11	ленивы	86	None	None
12	:	92	None	None
13	вместо	94	None	None
14	активного	101	None	None
15	отдыха	111	None	None
16	выбирают	118	None	None
17	комфортный	127	None	None
18	«	138	None	None
19	спорт	139	None	None
20	»	144	None	None
21	с	146	None	None
22	пультом	148	None	None
23	дистанционного	156	None	None
24	управления	171	None	None
25	перед	182	None	None
26	телевизором	188	None	None
27	.	199	None	None
28	Больше	201	None	None
29	всех	208	coref	4756
30	ненавидят	213	None	None
31	двигаться	223	None	None
32	португальцы	233	coref	4757
33	,	244	coref	4761
34	свыше	246	None	None
35	88	252	None	None
36	%	254	None	None
37	из	256	None	None
38	них	259	coref	4757
39	не	263	None	None
40	занимаются	266	None	None
41	спортом	277	None	None
42	.	284	None	None
43	На	286	None	None
44	втором	289	None	None
45	месте	296	None	None
46	бельгийцы	302	coref	4759
47	,	311	coref	4761
48	за	313	None	None
49	ними	316	coref	4759
50	следуют	321	None	None
51	испанцы	329	None	None
52	,	336	coref	4761
53	немцы	338	None	None
54	и	344	None	None
55	греки	346	None	None
56	.	351	None	None
57	Итальянцы	354	None	None
58	оказались	364	None	None
59	на	374	None	None
60	шестом	377	None	None
61	месте	384	None	None
62	с	390	None	None
63	69	392	None	None
64	%	394	None	None
65	ленивцев	396	None	None
66	,	404	coref	4761
67	опередив	406	None	None
68	Францию	415	None	None
69	,	422	coref	4761
70	Нидерланды	424	None	None
71	,	434	coref	4761
72	Данию	436	None	None
73	и	442	None	None
74	Великобританию	444	None	None
75	.	458	None	None
76	Шведы	461	None	None
77	расположились	467	None	None
78	на	481	None	None
79	завидном	484	None	None
80	последнем	493	None	None
81	месте	503	None	None
82	:	508	None	None
83	почти	510	None	None
84	шесть	516	None	None
85	из	522	None	None
86	10	525	None	None
87	регулярно	528	None	None
88	занимаются	538	None	None
89	спортом	549	None	None
90	.	556	None	None
91	Данные	558	None	None
92	этого	565	None	None
93	исследования	571	None	None
94	,	583	coref	4761
95	проведенного	585	None	None
96	университетом	598	None	None
97	Наварры	612	None	None
98	,	619	coref	4761
99	были	621	None	None
100	опубликованы	626	None	None
101	в	639	None	None
102	последнем	641	None	None
103	номере	651	None	None
104	International	658	None	None
105	Journal	672	None	None
106	of	680	None	None
107	Epidemiology	683	None	None
108	.	695	None	None
109	Испанские	698	None	None
110	эксперты	708	None	None
111	опросили	717	None	None
112	тысячу	726	None	None
113	человек	733	None	None
114	в	741	None	None
115	каждой	743	None	None
116	из	750	None	None
117	стран	753	None	None
118	Европейского	759	coref	4756
119	союза	772	coref	4756
120	.	777	None	None
121	В	779	None	None
122	анкету	781	None	None
123	вошли	788	None	None
124	вопросы	794	None	None
125	о	802	None	None
126	занятиях	804	None	None
127	спортом	813	None	None
128	,	820	coref	4761
129	весе	822	None	None
130	и	827	None	None
131	состоянии	829	None	None
132	здоровья	839	None	None
133	.	847	None	None
134	К	849	None	None
135	представителям	851	None	None
136	сидячего	866	None	None
137	образа	875	None	None
138	жизни	882	None	None
139	были	888	None	None
140	отнесены	893	None	None
141	люди	902	coref	4760
142	,	906	coref	4761
143	сообщавшие	908	None	None
144	о	919	None	None
145	том	921	None	None
146	,	924	coref	4761
147	что	926	None	None
148	занятиям	930	None	None
149	спортом	939	None	None
150	они	947	coref	4760
151	уделяют	951	None	None
152	меньше	959	None	None
153	10	966	None	None
154	%	968	None	None
155	свободного	970	None	None
156	времени	981	None	None
157	,	988	coref	4761
158	что	990	None	None
159	пагубно	994	None	None
160	влияет	1002	None	None
161	на	1009	None	None
162	здоровье	1012	None	None
163	.	1020	None	None
164	Таких	1022	None	None
165	людей	1028	None	None
166	больше	1034	None	None
167	в	1041	None	None
168	странах	1043	None	None
169	Средиземноморья	1051	None	None
170	,	1066	coref	4761
171	в	1068	None	None
172	то	1070	None	None
173	время	1073	None	None
174	как	1079	None	None
175	на	1083	None	None
176	севере	1086	None	None
177	Европы	1093	coref	4758
178	дела	1100	None	None
179	обстоят	1105	None	None
180	значительно	1113	None	None
181	лучше	1125	None	None
182	,	1130	coref	4761
183	сообщает	1132	None	None
184	Corriere	1141	None	None
185	della	1150	None	None
186	Sera	1156	None	None
187	(	1161	None	None
188	перевод	1162	None	None
189	на	1170	None	None
190	сайте	1173	None	None
191	Inopressa	1179	None	None
192	.	1188	None	None
193	ru	1189	None	None
194	)	1191	None	None
195	.	1192	None	None
196	«	1195	None	None
197	Европе	1196	coref	4758
198	предстоит	1203	None	None
199	решить	1213	None	None
200	сложную	1220	None	None
201	задачу	1228	None	None
202	,	1234	coref	4761
203	-	1236	None	None
204	заявил	1238	None	None
205	представитель	1245	None	None
206	департамента	1259	None	None
207	эпидемиологии	1272	None	None
208	и	1286	None	None
209	здравоохранения	1288	None	None
210	Мигель	1304	None	None
211	Мартинес	1311	None	None
212	Гонсалес	1320	None	None
213	.	1328	None	None
214	-	1330	None	None
215	Необходимо	1332	None	None
216	срочно	1343	None	None
217	разрабатывать	1350	None	None
218	новые	1364	None	None
219	программы	1370	None	None
220	»	1379	None	None
221	,	1380	coref	4761
222	исходя	1382	None	None
223	из	1389	None	None
224	того	1392	None	None
225	,	1396	coref	4761
226	что	1398	None	None
227	большинство	1402	None	None
228	европейцев	1414	coref	4756
229	предпочитают	1425	None	None
230	сидячий	1438	None	None
231	образ	1446	None	None
232	жизни	1452	None	None
233	,	1457	coref	4761
234	а	1459	None	None
235	это	1461	None	None
236	,	1464	coref	4761
237	прежде	1466	None	None
238	всего	1473	None	None
239	,	1478	coref	4761
240	«	1480	None	None
241	люди	1481	coref	4760
242	с	1486	None	None
243	избыточным	1488	None	None
244	весом	1499	None	None
245	,	1504	coref	4761
246	курильщики	1506	None	None
247	,	1516	coref	4761
248	люди	1518	coref	4760
249	со	1523	None	None
250	средними	1526	None	None
251	и	1535	None	None
252	низкими	1537	None	None
253	доходами	1545	None	None
254	»	1553	None	None
255	.	1554	None	None
256	Спорт	1557	None	None
257	благотворно	1563	None	None
258	влияет	1575	None	None
259	на	1582	None	None
260	здоровье	1585	None	None
261	и	1594	None	None
262	эмоциональное	1596	None	None
263	состояние	1610	None	None
264	человека	1620	None	None
265	.	1628	None	None
266	«	1630	None	None
267	Я	1631	coref	4761
268	сожалею	1633	None	None
269	о	1641	None	None
270	том	1643	None	None
271	,	1646	coref	4761
272	что	1648	None	None
273	у	1652	None	None
274	меня	1654	coref	4761
275	уже	1659	None	None
276	не	1663	None	None
277	так	1666	None	None
278	много	1670	None	None
279	времени	1676	None	None
280	для	1684	None	None
281	занятий	1688	None	None
282	спортом	1696	None	None
283	,	1703	coref	4761
284	-	1705	None	None
285	говорит	1707	None	None
286	депутат	1715	coref	4761
287	итальянского	1723	coref	4761
288	парламента	1736	coref	4761
289	,	1746	coref	4761
290	бывшая	1748	coref	4761
291	чемпионка	1755	coref	4761
292	по	1765	coref	4761
293	фигурному	1768	coref	4761
294	катанию	1778	coref	4761
295	Габриэла	1786	coref	4761
296	Карлуччи	1795	coref	4761
297	.	1803	None	None
298	-	1805	None	None
299	Я	1807	coref	4761
300	стараюсь	1809	None	None
301	не	1818	None	None
302	пользоваться	1821	None	None
303	лифтом	1834	None	None
304	,	1840	coref	4761
305	больше	1842	None	None
306	гулять	1849	None	None
307	,	1855	coref	4761
308	в	1857	None	None
309	выходные	1859	None	None
310	или	1868	None	None
311	на	1872	None	None
312	каникулах	1875	None	None
313	я	1885	coref	4761
314	занимаюсь	1887	None	None
315	своими	1897	coref	4761
316	любимыми	1904	None	None
317	видами	1913	None	None
318	спорта	1920	None	None
319	,	1926	coref	4761
320	например	1928	None	None
321	водными	1937	None	None
322	лыжами	1945	None	None
323	.	1951	None	None
324	Я	1953	coref	4761
325	учу	1955	None	None
326	своего	1959	coref	4761
327	сына	1966	None	None
328	тому	1971	None	None
329	,	1975	coref	4761
330	что	1977	None	None
331	спорт	1981	None	None
332	помогает	1987	None	None
333	в	1996	None	None
334	жизни	1998	None	None
335	,	2003	coref	4761
336	потому	2005	None	None
337	что	2012	None	None
338	заставляет	2016	None	None
339	ставить	2027	None	None
340	перед	2035	None	None
341	собой	2041	None	None
342	цели	2047	coref	4762
343	и	2052	None	None
344	достигать	2054	None	None
345	их	2064	coref	4762
346	.	2066	None	None
347	Но	2068	None	None
348	спортивные	2071	None	None
349	занятия	2082	None	None
350	должны	2090	None	None
351	быть	2097	None	None
352	увлекательными	2102	None	None
353	»	2116	None	None
354	.	2117	None	None
355	На	2120	None	None
356	другой	2123	None	None
357	стороне	2130	None	None
358	баррикад	2138	None	None
359	-	2147	None	None
360	телеведущая	2149	coref	4763
361	Антонелла	2161	coref	4763
362	Клеричи	2171	coref	4763
363	.	2178	None	None
364	Она	2180	coref	4763
365	называет	2184	None	None
366	себя	2193	coref	4763
367	сознательной	2198	None	None
368	лентяйкой	2211	None	None
369	.	2220	None	None
370	«	2222	None	None
371	Я	2223	coref	4761
372	постоянно	2225	None	None
373	работаю	2235	None	None
374	,	2242	coref	4761
375	а	2244	None	None
376	когда	2246	None	None
377	у	2252	None	None
378	меня	2254	coref	4761
379	появляется	2259	None	None
380	свободное	2270	None	None
381	время	2280	None	None
382	,	2285	coref	4761
383	я	2287	coref	4761
384	пытаюсь	2289	None	None
385	отдохнуть	2297	None	None
386	-	2307	None	None
387	с	2309	None	None
388	приятной	2311	None	None
389	музыкой	2320	None	None
390	и	2328	None	None
391	хорошей	2330	None	None
392	книгой	2338	None	None
393	.	2344	None	None
394	Те	2346	None	None
395	,	2348	coref	4761
396	кто	2350	None	None
397	идет	2354	None	None
398	попотеть	2359	None	None
399	в	2368	None	None
400	свободное	2370	None	None
401	время	2380	None	None
402	в	2386	None	None
403	спортивный	2388	None	None
404	зал	2399	None	None
405	,	2402	coref	4761
406	по	2404	coref	4761
407	моему	2407	coref	4763
408	мнению	2413	None	None
409	,	2419	coref	4761
410	сумасшедшие	2421	None	None
411	.	2432	None	None
412	Лень	2434	coref	4764
413	-	2439	None	None
414	это	2441	None	None
415	настоящая	2445	None	None
416	привилегия	2455	None	None
417	,	2465	coref	4761
418	и	2467	None	None
419	к	2469	None	None
420	ней	2471	coref	4764
421	необходимо	2475	None	None
422	изменить	2486	None	None
423	отношение	2495	None	None
424	.	2504	None	None
425	Праздность	2506	None	None
426	не	2517	None	None
427	порок	2520	None	None
428	,	2525	coref	4761
429	а	2527	None	None
430	достоинство	2529	None	None
431	тех	2541	None	None
432	,	2544	coref	4761
433	кто	2546	None	None
434	умеет	2550	None	None
435	жить	2556	None	None
436	»	2560	None	None
437	.	2561	None	None
438	В	2564	None	None
439	действительности	2566	None	None
440	же	2583	None	None
441	Клеричи	2586	coref	4763
442	,	2593	coref	4761
443	которая	2595	coref	4763
444	ненавидит	2603	None	None
445	потеть	2613	None	None
446	на	2620	None	None
447	велотренажере	2623	None	None
448	,	2636	coref	4761
449	любит	2638	None	None
450	гулять	2644	None	None
451	со	2651	None	None
452	своей	2654	coref	4763
453	собакой	2660	None	None
454	на	2668	None	None
455	вилле	2671	None	None
456	Боргезе	2677	None	None
457	.	2684	None	None
458	А	2686	None	None
459	прогулки	2688	None	None
460	,	2696	coref	4761
461	по	2698	coref	4761
462	словам	2701	None	None
463	врачей	2708	None	None
464	,	2714	coref	4761
465	уже	2716	None	None
466	можно	2720	None	None
467	считать	2726	None	None
468	хорошим	2734	None	None
469	началом	2742	None	None
470	.	2749	None	None
