	word	start_char	type	chain_id
0	Группа	0	coref	4015
1	израильских	7	coref	4015
2	туристов	19	coref	4015
3	пропала	28	None	None
4	при	36	None	None
5	восхождении	40	None	None
6	на	52	coref	4018
7	вулканы	55	coref	4016
8	Камчатки	63	coref	4016
9	Группа	73	coref	4015
10	израильских	80	coref	4015
11	туристов	92	coref	4015
12	пропала	101	None	None
13	в	109	None	None
14	районе	111	None	None
15	вулкана	118	coref	4018
16	Толбачик	126	coref	4018
17	на	135	coref	4018
18	Камчатке	138	coref	4017
19	,	146	None	None
20	сообщает	148	None	None
21	РИА	157	None	None
22	«	161	coref	4019
23	Новости	162	None	None
24	»	169	coref	4019
25	.	170	None	None
26	Как	173	None	None
27	сообщил	177	None	None
28	представитель	185	coref	4019
29	туристической	199	coref	4019
30	компании	213	coref	4019
31	«	222	coref	4019
32	Или	223	coref	4019
33	-	226	coref	4019
34	Трэвол	227	coref	4019
35	»	233	coref	4019
36	,	234	None	None
37	организовывавшей	236	None	None
38	тур	253	None	None
39	на	257	coref	4018
40	Камчатке	260	coref	4017
41	,	268	None	None
42	15	270	coref	4015
43	туристов	273	coref	4015
44	из	282	coref	4015
45	Израиля	285	coref	4015
46	,	292	None	None
47	совершавших	294	None	None
48	восхождение	306	None	None
49	на	318	coref	4018
50	вулканы	321	coref	4016
51	Толбачик	329	coref	4018
52	и	338	coref	4023
53	Безымянный	340	coref	4022
54	,	350	None	None
55	в	352	None	None
56	полдень	354	None	None
57	в	362	None	None
58	воскресенье	364	None	None
59	в	376	None	None
60	назначенное	378	None	None
61	для	390	None	None
62	встречи	394	None	None
63	место	402	None	None
64	не	408	None	None
65	явились	411	None	None
66	.	418	None	None
67	Контрольное	420	None	None
68	время	432	None	None
69	ожидания	438	None	None
70	истекло	447	None	None
71	в	455	None	None
72	понедельник	457	None	None
73	.	468	None	None
74	В	470	None	None
75	районе	472	None	None
76	вулканов	479	coref	4016
77	в	488	None	None
78	настоящее	490	None	None
79	время	500	None	None
80	идет	506	None	None
81	сильный	511	None	None
82	снег	519	None	None
83	.	523	None	None
84	Туристов	526	coref	4015
85	сопровождают	535	None	None
86	шесть	548	None	None
87	россиян	554	None	None
88	.	561	None	None
89	Рацией	563	None	None
90	и	570	coref	4023
91	спутниковым	572	None	None
92	телефоном	584	None	None
93	группа	594	coref	4015
94	не	601	None	None
95	оснащена	604	None	None
96	.	612	None	None
97	По	615	None	None
98	словам	618	None	None
99	представителя	625	coref	4019
100	турфирмы	639	coref	4019
101	,	647	None	None
102	маршрут	649	None	None
103	в	657	None	None
104	главном	659	coref	4023
105	управлении	667	coref	4023
106	по	678	coref	4023
107	делам	681	coref	4023
108	ГО	687	coref	4023
109	и	690	coref	4023
110	ЧС	692	coref	4023
111	Камчатской	695	coref	4017
112	области	706	coref	4017
113	не	714	None	None
114	зарегистрирован	717	None	None
115	.	732	None	None
116	Турфирма	734	coref	4020
117	пока	743	None	None
118	не	748	None	None
119	обращалась	751	None	None
120	в	762	None	None
121	областное	764	coref	4023
122	ГО	774	coref	4023
123	и	777	coref	4023
124	ЧС	779	coref	4023
125	за	782	None	None
126	помощью	785	None	None
127	,	792	None	None
128	сказала	794	None	None
129	представитель	802	coref	4019
130	туристической	816	coref	4019
131	компании	830	coref	4019
132	.	838	None	None
133	С	841	None	None
134	израильской	843	coref	4021
135	стороны	855	coref	4021
136	туристическую	863	None	None
137	поездку	877	None	None
138	обеспечивала	885	None	None
139	компания	898	None	None
140	«	907	coref	4019
141	Аялла	908	None	None
142	-	913	coref	4019
143	групп	914	None	None
144	»	919	coref	4019
145	.	920	None	None
146	Руководство	922	None	None
147	компании	934	coref	4019
148	«	943	coref	4019
149	Или	944	coref	4019
150	-	947	coref	4019
151	Трэвол	948	coref	4019
152	»	954	coref	4019
153	планирует	956	None	None
154	во	966	None	None
155	вторник	969	None	None
156	обратиться	977	None	None
157	к	988	None	None
158	одной	990	None	None
159	из	996	coref	4015
160	камчатских	999	None	None
161	авиакомпаний	1010	None	None
162	с	1023	None	None
163	просьбой	1025	None	None
164	предоставить	1034	None	None
165	для	1047	None	None
166	поисков	1051	None	None
167	вертолет	1059	None	None
168	.	1067	None	None
