	word	start_char	type	chain_id
0	Милошевич	0	coref	4810
1	потребовал	10	None	None
2	условного	21	None	None
3	освобождения	31	None	None
4	Экс	45	coref	4810
5	-	48	coref	4810
6	президент	49	coref	4810
7	Югославии	59	coref	4810
8	Слободан	69	coref	4810
9	Милошевич	78	coref	4810
10	,	87	None	None
11	ранее	89	None	None
12	отказавшийся	95	None	None
13	от	108	None	None
14	услуг	111	None	None
15	адвокатов	117	None	None
16	,	126	None	None
17	обратился	128	None	None
18	в	138	None	None
19	среду	140	None	None
20	к	146	None	None
21	Гаагскому	148	coref	4812
22	трибуналу	158	coref	4812
23	с	168	None	None
24	запросом	170	None	None
25	предоставить	179	None	None
26	ему	192	coref	4810
27	минимум	196	None	None
28	два	204	None	None
29	года	208	None	None
30	на	213	None	None
31	подготовку	216	None	None
32	к	227	None	None
33	своей	229	coref	4810
34	защите	235	None	None
35	в	242	None	None
36	суде	244	None	None
37	.	248	None	None
38	Кроме	251	None	None
39	того	257	None	None
40	,	261	None	None
41	Милошевич	263	coref	4810
42	потребовал	273	None	None
43	условного	284	None	None
44	освобождения	294	None	None
45	,	306	None	None
46	а	308	None	None
47	также	310	None	None
48	«	316	None	None
49	непосредственного	317	None	None
50	и	335	None	None
51	бесконтрольного	337	None	None
52	контакта	353	None	None
53	со	362	None	None
54	своими	365	coref	4810
55	свидетелями	372	None	None
56	и	384	None	None
57	прямого	386	None	None
58	доступа	394	None	None
59	к	402	None	None
60	необходимым	404	None	None
61	ему	416	coref	4810
62	документам	420	None	None
63	и	431	None	None
64	источникам	433	None	None
65	информации	444	None	None
66	»	454	None	None
67	в	456	None	None
68	рамках	458	None	None
69	этой	465	None	None
70	подготовки	470	None	None
71	.	480	None	None
72	В	483	None	None
73	ответ	485	None	None
74	на	491	None	None
75	его	494	coref	4810
76	требования	498	None	None
77	председательствующий	509	None	None
78	на	530	None	None
79	слушаниях	533	None	None
80	Международного	543	coref	4813
81	уголовного	558	coref	4813
82	трибунала	569	coref	4812
83	для	579	coref	4813
84	бывшей	583	coref	4813
85	Югославии	590	coref	4810
86	(	600	coref	4814
87	МТБЮ	601	coref	4813
88	)	605	coref	4814
89	судья	607	coref	4814
90	Ричард	613	coref	4814
91	Мэй	620	coref	4814
92	заявил	624	None	None
93	,	630	None	None
94	что	632	None	None
95	«	636	None	None
96	не	637	None	None
97	может	640	None	None
98	быть	646	None	None
99	и	651	None	None
100	речи	653	None	None
101	»	657	None	None
102	о	659	None	None
103	таком	661	None	None
104	длительном	667	None	None
105	перерыве	678	None	None
106	в	687	None	None
107	процедуре	689	None	None
108	.	698	None	None
109	Однако	700	None	None
110	заместитель	707	None	None
111	прокурора	719	None	None
112	Джеффри	729	None	None
113	Найс	737	None	None
114	рекомендовал	742	None	None
115	МТБЮ	755	coref	4813
116	предоставить	760	None	None
117	Милошевичу	773	coref	4810
118	для	784	coref	4813
119	этого	788	None	None
120	«	794	None	None
121	несколько	795	None	None
122	месяцев	805	None	None
123	»	812	None	None
124	.	813	None	None
125	Суд	816	coref	4813
126	заявил	820	None	None
127	,	826	None	None
128	что	828	None	None
129	он	832	coref	4813
130	объявит	835	None	None
131	о	843	None	None
132	своем	845	coref	4813
133	окончательном	851	None	None
134	решении	865	None	None
135	,	872	None	None
136	по	874	None	None
137	данному	877	None	None
138	вопросу	885	None	None
139	,	892	None	None
140	в	894	None	None
141	ближайшее	896	None	None
142	время	906	None	None
143	.	911	None	None
144	По	914	None	None
145	словам	917	None	None
146	Ричарда	924	coref	4814
147	Мэя	932	coref	4814
148	,	935	None	None
149	совет	937	None	None
150	из	943	None	None
151	трех	946	None	None
152	судей	951	None	None
153	будет	957	None	None
154	«	963	None	None
155	должным	964	None	None
156	образом	972	None	None
157	»	979	None	None
158	решать	981	None	None
159	,	987	None	None
160	как	989	None	None
161	долго	993	None	None
162	сможет	999	None	None
163	готовиться	1006	None	None
164	к	1017	None	None
165	своей	1019	coref	4810
166	защите	1025	None	None
167	бывший	1032	coref	4810
168	президент	1039	coref	4810
169	Югославии	1049	coref	4810
170	,	1058	None	None
171	хотя	1060	None	None
172	уже	1065	None	None
173	ясно	1069	None	None
174	,	1073	None	None
175	что	1075	None	None
176	ему	1079	coref	4810
177	будет	1083	None	None
178	дано	1089	None	None
179	не	1094	None	None
180	меньше	1097	None	None
181	времени	1104	None	None
182	,	1111	None	None
183	чем	1113	None	None
184	стороне	1117	coref	4815
185	обвинения	1125	coref	4815
186	.	1134	None	None
187	Процесс	1137	coref	4816
188	начался	1145	None	None
189	в	1153	None	None
190	феврале	1155	None	None
191	2002	1163	None	None
192	года	1168	None	None
193	;	1172	None	None
194	на	1174	None	None
195	нем	1177	coref	4816
196	заслушано	1181	None	None
197	230	1191	None	None
198	свидетелей	1195	None	None
199	обвинения	1206	coref	4815
200	,	1215	None	None
201	и	1217	None	None
202	прокуроры	1219	coref	4815
203	настаивают	1229	None	None
204	на	1240	None	None
205	том	1243	None	None
206	,	1246	None	None
207	что	1248	None	None
208	завершить	1252	None	None
209	дело	1262	None	None
210	нужно	1267	None	None
211	к	1273	None	None
212	концу	1275	None	None
213	этого	1281	None	None
214	года	1287	None	None
215	.	1291	None	None
216	Как	1294	None	None
217	известно	1298	None	None
218	,	1306	None	None
219	с	1308	None	None
220	самого	1310	None	None
221	начала	1317	None	None
222	процесса	1324	None	None
223	бывший	1333	coref	4810
224	югославский	1340	coref	4810
225	лидер	1352	coref	4810
226	заявил	1358	None	None
227	,	1364	None	None
228	что	1366	None	None
229	будет	1370	None	None
230	защищать	1376	None	None
231	себя	1385	coref	4810
232	самостоятельно	1390	None	None
233	,	1404	None	None
234	поскольку	1406	None	None
235	не	1416	None	None
236	признает	1419	None	None
237	законности	1428	None	None
238	МТБЮ	1439	coref	4813
239	.	1443	None	None
240	Этот	1445	coref	4817
241	процесс	1450	coref	4817
242	,	1457	None	None
243	который	1459	coref	4817
244	,	1466	None	None
245	по	1468	None	None
246	мнению	1471	None	None
247	экспертов	1478	None	None
248	,	1487	None	None
249	может	1489	None	None
250	затянуться	1495	None	None
251	до	1506	None	None
252	2005	1509	None	None
253	года	1514	None	None
254	,	1518	None	None
255	уже	1520	None	None
256	называют	1524	None	None
257	самым	1533	None	None
258	длительным	1539	None	None
259	в	1550	None	None
260	истории	1552	None	None
261	Гаагского	1560	coref	4812
262	трибунала	1570	coref	4812
263	.	1579	None	None
264	В	1582	None	None
265	общей	1584	None	None
266	сложности	1590	None	None
267	62	1600	coref	4810
268	-	1602	coref	4810
269	летнему	1603	coref	4810
270	Слободан	1611	coref	4810
271	Милошевичу	1620	coref	4810
272	инкриминируют	1631	None	None
273	более	1645	None	None
274	60	1651	None	None
275	преступлений	1654	None	None
276	,	1666	None	None
277	в	1668	None	None
278	том	1670	None	None
279	числе	1674	None	None
280	,	1679	None	None
281	геноцид	1681	None	None
282	,	1688	None	None
283	преступления	1690	None	None
284	против	1703	None	None
285	человечности	1710	None	None
286	и	1723	None	None
287	военные	1725	None	None
288	преступления	1733	None	None
289	в	1746	None	None
290	Хорватии	1748	None	None
291	,	1756	None	None
292	Боснии	1758	None	None
293	и	1765	None	None
294	Косове	1767	None	None
295	в	1774	None	None
296	1990	1776	None	None
297	-	1780	coref	4810
298	е	1781	None	None
299	годы	1783	None	None
300	.	1787	None	None
301	Он	1790	coref	4810
302	уже	1793	None	None
303	говорил	1797	None	None
304	,	1804	None	None
305	что	1806	None	None
306	в	1810	None	None
307	ходе	1812	None	None
308	своей	1817	coref	4810
309	защиты	1823	None	None
310	намерен	1830	None	None
311	вызвать	1838	None	None
312	в	1846	None	None
313	Гаагу	1848	None	None
314	в	1854	None	None
315	качестве	1856	None	None
316	свидетелей	1865	None	None
317	таких	1876	None	None
318	видных	1882	None	None
319	политических	1889	None	None
320	деятелей	1902	None	None
321	,	1910	None	None
322	как	1912	None	None
323	президент	1916	coref	4810
324	Франции	1926	None	None
325	Жак	1934	None	None
326	Ширак	1938	None	None
327	и	1944	None	None
328	бывший	1946	coref	4810
329	президент	1953	coref	4810
330	США	1963	None	None
331	Билл	1967	None	None
332	Клинтон	1972	None	None
333	.	1979	None	None
