	word	start_char	type	chain_id
0	Самый	0	coref	4151
1	непробиваемый	6	coref	4151
2	голкипер	20	coref	4151
3	премьер	29	coref	4151
4	-	36	coref	4151
5	лиги	37	coref	4151
6	попал	42	None	None
7	в	48	None	None
8	автомобильную	50	None	None
9	аварию	64	None	None
10	Сергей	72	coref	4151
11	Козко	79	coref	4151
12	,	84	coref	4151
13	основной	86	coref	4151
14	голкипер	95	coref	4151
15	казанского	104	coref	4151
16	«	115	coref	4151
17	Рубина	116	coref	4151
18	»	122	coref	4151
19	,	123	coref	4151
20	в	125	None	None
21	воскресенье	127	None	None
22	попал	139	None	None
23	в	145	None	None
24	автомобильную	147	None	None
25	аварию	161	None	None
26	и	168	None	None
27	госпитализирован	170	None	None
28	в	187	None	None
29	15	189	None	None
30	-	191	coref	4151
31	ю	192	None	None
32	городскую	194	None	None
33	больницу	204	None	None
34	.	212	None	None
35	Об	214	None	None
36	этом	217	None	None
37	сообщает	222	None	None
38	ИТАР	231	None	None
39	-	235	coref	4151
40	ТАСС	236	None	None
41	со	241	None	None
42	ссылкой	244	None	None
43	на	252	None	None
44	пресс	255	None	None
45	-	260	coref	4151
46	службу	261	None	None
47	клуба	268	coref	4153
48	.	273	None	None
49	Авария	275	None	None
50	произошла	282	None	None
51	рано	292	None	None
52	утром	297	None	None
53	на	303	None	None
54	следующий	306	None	None
55	день	316	None	None
56	после	321	None	None
57	победного	327	coref	4154
58	для	337	coref	4154
59	«	341	coref	4151
60	Рубина	342	coref	4151
61	»	348	coref	4151
62	матча	350	coref	4154
63	с	356	coref	4154
64	ярославским	358	coref	4154
65	«	370	coref	4151
66	Шинником	371	coref	4154
67	»	379	coref	4151
68	,	380	coref	4151
69	в	382	None	None
70	котором	384	coref	4154
71	Козко	392	coref	4151
72	сохранил	398	None	None
73	свои	407	coref	4151
74	ворота	412	None	None
75	в	419	None	None
76	неприкосновенности	421	None	None
77	.	439	None	None
78	Обстоятельства	441	None	None
79	этого	456	None	None
80	дорожного	462	None	None
81	происшествия	472	None	None
82	пока	485	None	None
83	не	490	None	None
84	известны	493	None	None
85	.	501	None	None
86	По	504	None	None
87	предварительным	507	None	None
88	данным	523	None	None
89	,	529	coref	4151
90	полученные	531	None	None
91	травмы	542	None	None
92	не	549	None	None
93	представляют	552	None	None
94	угрозы	565	None	None
95	для	572	coref	4154
96	жизни	576	None	None
97	спортсмена	582	coref	4151
98	,	592	coref	4151
99	но	594	None	None
100	у	597	None	None
101	него	599	coref	4151
102	поврежден	604	None	None
103	позвоночник	614	None	None
104	.	625	None	None
105	Врачи	627	None	None
106	в	633	None	None
107	настоящий	635	None	None
108	момент	645	None	None
109	оценивают	652	None	None
110	состояние	662	None	None
111	здоровья	672	None	None
112	голкипера	681	coref	4151
113	как	691	None	None
114	удовлетворительное	695	None	None
115	,	713	coref	4151
116	однако	715	None	None
117	вряд	722	None	None
118	ли	727	None	None
119	стоит	730	None	None
120	рассчитывать	736	None	None
121	на	749	None	None
122	быстрое	752	None	None
123	возвращение	760	None	None
124	Сергея	772	coref	4151
125	в	779	None	None
126	строй	781	None	None
127	.	786	None	None
128	В	789	None	None
129	дебютном	791	None	None
130	для	800	coref	4154
131	казанского	804	coref	4151
132	клуба	815	coref	4153
133	чемпионате	821	None	None
134	российской	832	coref	4152
135	футбольной	843	coref	4152
136	премьер	854	coref	4151
137	-	861	coref	4151
138	лиги	862	coref	4151
139	Козко	867	coref	4151
140	защищал	873	None	None
141	ворота	881	None	None
142	«	888	coref	4151
143	Рубина	889	coref	4151
144	»	895	coref	4151
145	во	897	None	None
146	всех	900	None	None
147	сыгранных	905	None	None
148	матчах	915	None	None
149	.	921	None	None
150	Он	923	coref	4151
151	показал	926	None	None
152	стабильное	934	None	None
153	мастерство	945	None	None
154	,	955	coref	4151
155	в	957	None	None
156	24	959	None	None
157	играх	962	None	None
158	пропустил	968	None	None
159	21	978	None	None
160	мяч	981	None	None
161	и	985	None	None
162	на	987	None	None
163	данный	990	None	None
164	момент	997	None	None
165	является	1004	None	None
166	самым	1013	None	None
167	непробиваемым	1019	None	None
168	голкипером	1033	None	None
169	в	1044	None	None
170	премьер	1046	coref	4151
171	-	1053	coref	4151
172	лиге	1054	coref	4152
173	.	1058	None	None
174	Сейчас	1061	None	None
175	«	1068	coref	4151
176	Рубин	1069	coref	4153
177	»	1074	coref	4151
178	делит	1076	None	None
179	в	1082	None	None
180	турнирной	1084	None	None
181	таблице	1094	None	None
182	российского	1102	None	None
183	футбольного	1114	None	None
184	первенства	1126	None	None
185	второе	1137	None	None
186	-	1143	coref	4151
187	третье	1144	None	None
188	места	1151	None	None
189	с	1157	coref	4154
190	московским	1159	None	None
191	«	1170	coref	4151
192	Динамо	1171	None	None
193	»	1177	coref	4151
194	,	1178	coref	4151
195	отставая	1180	None	None
196	от	1189	None	None
197	лидирующего	1192	None	None
198	ЦСКА	1204	None	None
199	всего	1209	None	None
200	на	1215	None	None
201	пять	1218	None	None
202	очков	1223	None	None
203	.	1228	None	None
204	До	1230	None	None
205	окончания	1233	None	None
206	чемпионата	1243	None	None
207	казанцам	1254	coref	4153
208	осталось	1263	None	None
209	провести	1272	None	None
210	шесть	1281	coref	4155
211	матчей	1287	coref	4155
212	,	1293	coref	4151
213	подопечные	1295	coref	4153
214	Курбана	1306	coref	4153
215	Бердыева	1314	coref	4153
216	вполне	1323	None	None
217	бы	1330	None	None
218	могли	1333	None	None
219	набрать	1339	None	None
220	в	1347	None	None
221	них	1349	coref	4155
222	необходимое	1353	None	None
223	количество	1365	None	None
224	очков	1376	None	None
225	для	1382	coref	4154
226	попадания	1386	None	None
227	в	1396	None	None
228	тройку	1398	None	None
229	призеров	1405	None	None
230	.	1413	None	None
