	word	start_char	type	chain_id
0	На	0	None	None
1	борту	3	None	None
2	авианосца	9	coref	4780
3	Abraham	19	coref	4780
4	Lincoln	27	coref	4780
5	делают	35	None	None
6	бомбы	42	coref	4790
7	для	48	None	None
8	удара	52	None	None
9	по	58	None	None
10	Ираку	61	coref	4781
11	Где	68	None	None
12	-	71	coref	4780
13	то	72	None	None
14	в	75	coref	4780
15	глубине	77	None	None
16	18	85	coref	4780
17	-	87	coref	4780
18	уровневого	88	coref	4780
19	авианосца	99	coref	4780
20	Lincoln	109	coref	4780
21	,	116	None	None
22	в	118	coref	4780
23	цехе	120	coref	4782
24	,	124	None	None
25	куда	126	coref	4782
26	имеют	131	None	None
27	доступ	137	None	None
28	всего	144	None	None
29	несколько	150	None	None
30	членов	160	None	None
31	экипажа	167	None	None
32	,	174	None	None
33	100	176	coref	4783
34	инженеров	180	coref	4783
35	изготавливают	190	None	None
36	бомбы	204	coref	4790
37	,	209	None	None
38	пишет	211	None	None
39	сегодня	217	None	None
40	The	225	None	None
41	Washington	229	None	None
42	Post	240	None	None
43	(	245	None	None
44	перевод	246	None	None
45	на	254	None	None
46	сайте	257	None	None
47	Inopressa	263	None	None
48	.	272	None	None
49	ru	273	None	None
50	)	275	None	None
51	.	276	None	None
52	18	279	coref	4780
53	-	281	coref	4780
54	летняя	282	coref	4784
55	авиаинженер	289	coref	4784
56	Брэнди	301	coref	4784
57	Пауэлл	308	coref	4784
58	работает	315	None	None
59	в	324	coref	4780
60	одном	326	coref	4785
61	из	332	coref	4785
62	40	335	coref	4785
63	сборочных	338	coref	4785
64	цехов	348	coref	4785
65	авианосца	354	coref	4780
66	Lincoln	364	coref	4780
67	,	371	None	None
68	которые	373	coref	4786
69	разбросаны	381	None	None
70	по	392	None	None
71	всему	395	coref	4780
72	кораблю	401	coref	4780
73	.	408	None	None
74	Вокруг	410	None	None
75	нее	417	coref	4784
76	,	420	None	None
77	от	422	None	None
78	пола	425	None	None
79	до	430	None	None
80	потолка	433	None	None
81	,	440	None	None
82	ряды	442	None	None
83	оливково	447	None	None
84	-	455	coref	4780
85	зеленых	456	None	None
86	стальных	464	None	None
87	труб	473	None	None
88	,	477	None	None
89	наполненных	479	None	None
90	взрывчатыми	491	None	None
91	веществами	503	None	None
92	.	513	None	None
93	Пауэлл	516	coref	4784
94	поступила	523	None	None
95	на	533	None	None
96	службу	536	None	None
97	в	543	coref	4780
98	ВМС	545	None	None
99	США	549	coref	4787
100	всего	553	None	None
101	восемь	559	None	None
102	месяцев	566	None	None
103	назад	574	None	None
104	,	579	None	None
105	и	581	coref	4790
106	это	583	None	None
107	ее	587	coref	4784
108	первый	590	None	None
109	рейс	597	None	None
110	на	602	None	None
111	борту	605	None	None
112	главного	611	coref	4780
113	американского	620	coref	4780
114	авианосца	634	coref	4780
115	в	644	coref	4780
116	Персидском	646	coref	4780
117	заливе	657	coref	4780
118	.	663	None	None
119	Девушка	665	coref	4784
120	больше	673	None	None
121	похожа	680	None	None
122	на	687	None	None
123	школьницу	690	None	None
124	,	699	None	None
125	ее	701	coref	4784
126	скорее	704	None	None
127	можно	711	None	None
128	представить	717	None	None
129	себе	729	None	None
130	в	734	coref	4780
131	McDonald	736	None	None
132	`	744	None	None
133	s	745	None	None
134	,	746	None	None
135	чем	748	None	None
136	в	752	coref	4780
137	окружении	754	None	None
138	«	764	None	None
139	оружия	765	None	None
140	для	772	None	None
141	прямой	776	None	None
142	атаки	783	None	None
143	целей	789	None	None
144	»	794	None	None
145	-	796	coref	4780
146	Joint	798	None	None
147	Direct	804	None	None
148	Attack	811	None	None
149	Munitions	818	None	None
150	(	828	None	None
151	JDAMs	829	None	None
152	)	834	None	None
153	,	835	None	None
154	«	837	None	None
155	умных	838	None	None
156	бомб	844	None	None
157	»	848	None	None
158	,	849	None	None
159	оснащенных	851	None	None
160	блоками	862	None	None
161	наведения	870	None	None
162	и	880	coref	4790
163	приемниками	882	None	None
164	глобальной	894	None	None
165	спутниковой	905	None	None
166	навигационной	917	None	None
167	системы	931	None	None
168	.	938	None	None
169	«	941	None	None
170	Мне	942	coref	4784
171	нравится	946	None	None
172	сооружать	955	None	None
173	бомбы	965	coref	4790
174	»	970	None	None
175	,	971	None	None
176	-	973	coref	4780
177	подчеркивает	975	None	None
178	Пауэлл	988	coref	4784
179	.	994	None	None
180	100	997	coref	4783
181	сотрудников	1001	coref	4783
182	авианосца	1013	coref	4780
183	Lincoln	1023	coref	4780
184	,	1030	None	None
185	занимающихся	1032	None	None
186	производством	1045	None	None
187	бомб	1059	None	None
188	,	1063	None	None
189	готовясь	1065	None	None
190	к	1074	None	None
191	авиаударам	1076	None	None
192	по	1087	None	None
193	Ираку	1090	coref	4781
194	,	1095	None	None
195	работают	1097	None	None
196	,	1105	None	None
197	как	1107	None	None
198	повара	1111	None	None
199	,	1117	None	None
200	обслуживающие	1119	None	None
201	срочные	1133	None	None
202	заказы	1141	None	None
203	:	1147	None	None
204	собирают	1149	None	None
205	бомбы	1158	coref	4790
206	разных	1164	None	None
207	типов	1171	None	None
208	для	1177	None	None
209	разных	1181	None	None
210	заданий	1188	None	None
211	и	1196	coref	4790
212	тестируют	1198	None	None
213	резервные	1208	coref	4789
214	изделия	1218	coref	4789
215	,	1225	None	None
216	некоторые	1227	None	None
217	из	1237	coref	4785
218	которых	1240	coref	4789
219	остались	1248	None	None
220	со	1257	None	None
221	времен	1260	None	None
222	войны	1267	None	None
223	во	1273	None	None
224	Вьетнаме	1276	None	None
225	.	1284	None	None
226	В	1287	None	None
227	цехе	1289	coref	4782
228	,	1293	None	None
229	где	1295	coref	4785
230	работает	1299	None	None
231	Пауэлл	1308	coref	4784
232	,	1314	None	None
233	складированы	1316	None	None
234	в	1329	coref	4780
235	основном	1331	None	None
236	бомбы	1340	coref	4790
237	GBU	1346	coref	4790
238	-	1349	coref	4780
239	16	1350	coref	4790
240	и	1353	coref	4790
241	GBU	1355	coref	4790
242	-	1358	coref	4780
243	12	1359	coref	4790
244	.	1361	None	None
245	Чтобы	1363	None	None
246	предотвратить	1369	None	None
247	их	1383	coref	4790
248	перемещение	1386	None	None
249	во	1398	None	None
250	время	1401	None	None
251	движения	1407	None	None
252	корабля	1416	coref	4780
253	,	1423	None	None
254	их	1425	coref	4790
255	прикрепляют	1428	None	None
256	к	1440	None	None
257	полу	1442	None	None
258	цепями	1447	None	None
259	.	1453	None	None
260	Кроме	1455	None	None
261	того	1461	None	None
262	,	1465	None	None
263	здесь	1467	coref	4785
264	находятся	1473	None	None
265	ракеты	1483	None	None
266	,	1489	None	None
267	упакованные	1491	None	None
268	в	1503	coref	4780
269	особые	1505	None	None
270	зеленые	1512	None	None
271	футляры	1520	None	None
272	.	1527	None	None
273	Всего	1529	None	None
274	в	1535	coref	4780
275	помещении	1537	None	None
276	около	1547	None	None
277	300	1553	None	None
278	тонн	1557	None	None
279	взрывоопасного	1562	None	None
280	груза	1577	None	None
281	.	1582	None	None
282	По	1585	None	None
283	подсчетам	1588	None	None
284	военных	1598	None	None
285	экспертов	1606	None	None
286	,	1615	None	None
287	в	1617	coref	4780
288	приближающейся	1619	None	None
289	войне	1634	None	None
290	с	1640	None	None
291	Ираком	1642	coref	4781
292	не	1649	None	None
293	менее	1652	None	None
294	80	1658	None	None
295	%	1660	None	None
296	бомб	1662	None	None
297	будут	1667	None	None
298	«	1673	None	None
299	умными	1674	None	None
300	»	1680	None	None
301	.	1681	None	None
302	Это	1683	None	None
303	конвенциональные	1687	None	None
304	бомбы	1704	coref	4790
305	свободного	1710	None	None
306	падения	1721	None	None
307	,	1728	None	None
308	оснащенные	1730	None	None
309	электронной	1741	None	None
310	системой	1753	coref	4792
311	наведения	1762	None	None
312	.	1771	None	None
313	Во	1773	None	None
314	время	1776	None	None
315	войны	1782	None	None
316	в	1788	coref	4780
317	Персидском	1790	coref	4780
318	заливе	1801	coref	4780
319	1991	1808	None	None
320	года	1813	None	None
321	только	1818	None	None
322	10	1825	coref	4794
323	%	1827	None	None
324	бомб	1829	None	None
325	были	1834	None	None
326	управляемыми	1839	None	None
327	.	1851	None	None
328	Некоторые	1854	None	None
329	бомбы	1864	coref	4790
330	оснащены	1870	None	None
331	системой	1879	coref	4792
332	лазерного	1888	None	None
333	наведения	1898	None	None
334	,	1907	None	None
335	т	1909	None	None
336	.	1910	None	None
337	е	1912	None	None
338	.	1913	None	None
339	наводятся	1915	None	None
340	по	1925	None	None
341	отражению	1928	None	None
342	лазерного	1938	None	None
343	луча	1948	None	None
344	,	1952	None	None
345	нацеленного	1954	None	None
346	на	1966	None	None
347	объект	1969	None	None
348	поражения	1976	None	None
349	.	1985	None	None
350	В	1987	None	None
351	других	1989	None	None
352	используются	1996	None	None
353	сигналы	2009	None	None
354	спутников	2017	None	None
355	глобальной	2027	None	None
356	навигационной	2038	None	None
357	системы	2052	None	None
358	(	2060	None	None
359	Global	2061	None	None
360	Positioning	2068	None	None
361	System	2080	None	None
362	)	2086	None	None
363	.	2087	None	None
364	Эти	2089	None	None
365	современные	2093	None	None
366	системы	2105	None	None
367	наведения	2113	None	None
368	значительно	2123	None	None
369	увеличивают	2135	None	None
370	количество	2147	None	None
371	точных	2158	None	None
372	попаданий	2165	None	None
373	и	2175	coref	4790
374	сокращают	2177	None	None
375	жертвы	2187	None	None
376	среди	2194	None	None
377	мирного	2200	None	None
378	населения	2208	None	None
379	во	2218	None	None
380	время	2221	None	None
381	ракетных	2227	None	None
382	ударов	2236	None	None
383	.	2242	None	None
384	Как	2244	None	None
385	говорят	2248	None	None
386	военные	2256	None	None
387	стратеги	2264	None	None
388	,	2272	None	None
389	это	2274	None	None
390	оружие	2278	None	None
391	можно	2285	None	None
392	назвать	2291	None	None
393	революционной	2299	None	None
394	новинкой	2313	None	None
395	военно	2322	None	None
396	-	2328	coref	4780
397	воздушной	2329	None	None
398	мощи	2339	None	None
399	США	2344	coref	4787
400	.	2347	None	None
401	Если	2350	None	None
402	Турция	2355	coref	4791
403	все	2362	None	None
404	-	2365	coref	4780
405	таки	2366	None	None
406	запретит	2371	None	None
407	ВВС	2380	None	None
408	США	2384	coref	4787
409	использовать	2388	None	None
410	свои	2401	coref	4791
411	базы	2406	None	None
412	на	2411	None	None
413	востоке	2414	None	None
414	страны	2422	coref	4791
415	для	2429	None	None
416	выполнения	2433	None	None
417	боевых	2444	None	None
418	задач	2451	None	None
419	,	2456	None	None
420	авиаудары	2458	None	None
421	по	2468	None	None
422	Ираку	2471	coref	4781
423	,	2476	None	None
424	скорее	2478	None	None
425	всего	2485	None	None
426	,	2490	None	None
427	будут	2492	None	None
428	проводиться	2498	None	None
429	с	2510	None	None
430	таких	2512	None	None
431	авианосцев	2518	None	None
432	,	2528	None	None
433	как	2530	None	None
434	Lincoln	2534	coref	4780
435	.	2541	None	None
436	Несмотря	2544	None	None
437	на	2553	None	None
438	то	2556	None	None
439	что	2559	None	None
440	корабль	2563	coref	4780
441	оснащен	2571	None	None
442	мощной	2579	coref	4792
443	системой	2586	coref	4792
444	пожаротушения	2595	coref	4792
445	,	2608	None	None
446	которая	2610	coref	4792
447	всего	2618	None	None
448	за	2624	None	None
449	две	2627	None	None
450	минуты	2631	None	None
451	может	2638	None	None
452	до	2644	None	None
453	потолка	2647	None	None
454	залить	2655	None	None
455	водой	2662	None	None
456	отсек	2668	coref	4793
457	,	2673	None	None
458	в	2675	coref	4780
459	котором	2677	coref	4793
460	вспыхнул	2685	None	None
461	пожар	2694	None	None
462	,	2699	None	None
463	в	2701	coref	4780
464	сборочных	2703	coref	4785
465	цехах	2713	coref	4786
466	персоналу	2719	None	None
467	запрещено	2729	None	None
468	пользоваться	2739	None	None
469	открытым	2752	None	None
470	огнем	2761	None	None
471	.	2766	None	None
472	В	2769	None	None
473	процессе	2771	None	None
474	сборки	2780	None	None
475	специалисты	2787	None	None
476	снабжают	2799	None	None
477	основы	2808	None	None
478	бомб	2815	None	None
479	на	2820	None	None
480	конвейере	2823	None	None
481	,	2832	None	None
482	расположенном	2834	None	None
483	в	2848	coref	4780
484	центре	2850	None	None
485	комнаты	2857	None	None
486	,	2864	None	None
487	лазерными	2866	None	None
488	световодами	2876	None	None
489	,	2887	None	None
490	приемниками	2889	None	None
491	глобальной	2901	None	None
492	навигационной	2912	None	None
493	системы	2926	None	None
494	,	2933	None	None
495	взрывателями	2935	None	None
496	и	2948	coref	4790
497	иными	2950	None	None
498	компонентами	2956	None	None
499	,	2968	None	None
500	различными	2970	None	None
501	в	2981	coref	4780
502	каждом	2983	None	None
503	конкретном	2990	None	None
504	случае	3001	None	None
505	.	3007	None	None
506	Над	3010	None	None
507	созданием	3014	None	None
508	одной	3024	None	None
509	бомбы	3030	coref	4790
510	обычно	3036	None	None
511	трудятся	3043	None	None
512	человек	3052	coref	4794
513	10	3060	coref	4794
514	,	3062	None	None
515	и	3064	coref	4790
516	они	3066	coref	4794
517	работают	3070	None	None
518	с	3079	None	None
519	такой	3081	None	None
520	скоростью	3087	None	None
521	,	3096	None	None
522	что	3098	None	None
523	вся	3102	None	None
524	сборка	3106	None	None
525	занимает	3113	None	None
526	у	3122	None	None
527	них	3124	coref	4794
528	от	3128	None	None
529	10	3131	coref	4794
530	до	3134	None	None
531	12	3137	coref	4790
532	минут	3140	None	None
533	.	3145	None	None
534	Готовые	3148	coref	4795
535	бомбы	3156	coref	4790
536	на	3162	None	None
537	особых	3165	None	None
538	грузоподъемниках	3172	None	None
539	доставляются	3189	None	None
540	на	3202	None	None
541	ангарную	3205	coref	4796
542	или	3214	coref	4796
543	полетную	3218	coref	4796
544	палубу	3227	coref	4796
545	,	3233	None	None
546	где	3235	coref	4785
547	их	3239	coref	4790
548	крепят	3242	None	None
549	к	3249	None	None
550	истребителям	3251	coref	4797
551	(	3264	None	None
552	F	3265	None	None
553	-	3266	coref	4780
554	14	3267	None	None
555	Tomcats	3270	None	None
556	и	3278	coref	4790
557	F	3280	None	None
558	/	3281	None	None
559	A	3282	None	None
560	-	3283	coref	4780
561	18	3284	coref	4780
562	Hornets	3287	None	None
563	)	3294	None	None
564	,	3295	None	None
565	которые	3297	coref	4786
566	направятся	3305	None	None
567	в	3316	coref	4780
568	Ирак	3318	coref	4781
569	.	3322	None	None
570	35	3325	coref	4798
571	-	3327	coref	4780
572	летний	3328	coref	4798
573	наводчик	3335	coref	4798
574	Энсон	3344	coref	4798
575	Майкл	3350	coref	4798
576	Клафаке	3356	coref	4798
577	занимается	3364	None	None
578	изготовлением	3375	None	None
579	бомб	3389	None	None
580	уже	3394	None	None
581	17	3398	None	None
582	лет	3401	None	None
583	.	3404	None	None
584	Раньше	3406	None	None
585	он	3413	coref	4798
586	размышлял	3416	None	None
587	о	3426	None	None
588	том	3428	None	None
589	,	3431	None	None
590	что	3433	None	None
591	он	3437	coref	4798
592	создает	3440	None	None
593	,	3447	None	None
594	как	3449	None	None
595	и	3453	coref	4790
596	против	3455	None	None
597	кого	3462	None	None
598	это	3467	None	None
599	будет	3471	None	None
600	использовано	3477	None	None
601	.	3489	None	None
602	Теперь	3491	None	None
603	,	3497	None	None
604	по	3499	None	None
605	его	3502	coref	4798
606	словам	3506	None	None
607	,	3512	None	None
608	он	3514	coref	4798
609	вообще	3517	None	None
610	об	3524	None	None
611	этом	3527	None	None
612	не	3532	None	None
613	думает	3535	None	None
614	.	3541	None	None
615	«	3543	None	None
616	Это	3544	None	None
617	моя	3548	coref	4798
618	работа	3552	None	None
619	,	3558	None	None
620	-	3560	coref	4780
621	говорит	3562	None	None
622	он	3570	coref	4798
623	.	3572	None	None
624	-	3574	coref	4780
625	Как	3576	None	None
626	на	3580	None	None
627	фабрике	3583	coref	4799
628	,	3590	None	None
629	где	3592	coref	4785
630	делают	3596	None	None
631	разные	3603	None	None
632	продукты	3610	None	None
633	.	3618	None	None
634	А	3620	None	None
635	мы	3622	coref	4783
636	просто	3625	None	None
637	работаем	3632	None	None
638	над	3641	None	None
639	ракетами	3645	None	None
640	и	3654	coref	4790
641	бомбами	3656	None	None
642	»	3663	None	None
643	.	3664	None	None
