	word	start_char	type	chain_id
0	В	0	None	None
1	Кубке	2	None	None
2	LG	8	coref	4128
3	примут	11	None	None
4	участие	18	None	None
5	сборные	26	coref	4125
6	Аргентины	34	coref	4125
7	и	44	coref	4125
8	Хорватии	46	coref	4125
9	На	56	None	None
10	Кубок	59	coref	4128
11	LG	65	coref	4128
12	по	68	coref	4128
13	футболу	71	coref	4128
14	,	78	None	None
15	который	80	coref	4128
16	пройдет	88	None	None
17	летом	96	None	None
18	в	102	None	None
19	Москве	104	coref	4129
20	,	110	None	None
21	приедут	112	None	None
22	сборные	120	coref	4125
23	команды	128	coref	4125
24	Аргентины	136	coref	4125
25	и	146	coref	4125
26	Хорватии	148	coref	4125
27	.	156	None	None
28	Это	158	None	None
29	подтвердил	162	None	None
30	президент	173	coref	4130
31	российского	183	coref	4130
32	футбольного	195	coref	4130
33	союза	207	coref	4130
34	(	213	coref	4130
35	РФС	214	coref	4130
36	)	217	coref	4130
37	Вячеслав	219	coref	4130
38	Колосков	228	coref	4130
39	в	237	None	None
40	прямом	239	None	None
41	эфире	246	None	None
42	радиостанции	252	None	None
43	'	265	None	None
44	Эхо	266	None	None
45	Москвы	270	None	None
46	'	276	None	None
47	.	277	None	None
48	«	280	None	None
49	Мы	281	coref	4131
50	уже	284	None	None
51	получили	288	None	None
52	официальное	297	None	None
53	согласие	309	None	None
54	сборных	318	coref	4125
55	Аргентины	326	coref	4125
56	и	336	coref	4125
57	Хорватии	338	coref	4125
58	на	347	None	None
59	приглашение	350	None	None
60	принять	362	None	None
61	участие	370	None	None
62	в	378	None	None
63	Кубке	380	None	None
64	LG	386	coref	4128
65	»	388	None	None
66	,	389	None	None
67	-	391	None	None
68	добавил	393	None	None
69	он	401	coref	4130
70	.	403	None	None
71	По	405	None	None
72	словам	408	None	None
73	Колоскова	415	coref	4130
74	,	424	None	None
75	сборная	426	coref	4132
76	Франции	434	coref	4132
77	не	442	None	None
78	примет	445	None	None
79	участие	452	None	None
80	в	460	None	None
81	соревнованиях	462	None	None
82	,	475	None	None
83	так	477	None	None
84	как	481	None	None
85	в	485	None	None
86	это	487	None	None
87	время	491	None	None
88	там	497	coref	4133
89	будет	501	None	None
90	проходить	507	None	None
91	Кубок	517	coref	4128
92	Федерации	523	coref	4134
93	,	532	None	None
94	где	534	coref	4134
95	команда	538	coref	4132
96	непременно	546	None	None
97	должна	557	None	None
98	будет	564	None	None
99	принять	570	None	None
100	участие	578	None	None
101	.	585	None	None
102	Приглашение	588	None	None
103	к	600	None	None
104	участию	602	None	None
105	в	610	None	None
106	Кубке	612	None	None
107	LG	618	coref	4128
108	было	621	None	None
109	принято	626	None	None
110	иностранными	634	None	None
111	командами	647	None	None
112	в	657	None	None
113	связи	659	None	None
114	с	665	None	None
115	«	667	None	None
116	очень	668	None	None
117	высокой	674	None	None
118	репутацией	682	None	None
119	РФС	693	coref	4130
120	,	696	None	None
121	тем	698	None	None
122	более	702	None	None
123	,	707	None	None
124	что	709	None	None
125	многие	713	None	None
126	слышали	720	None	None
127	,	727	None	None
128	но	729	None	None
129	не	732	None	None
130	видели	735	None	None
131	,	741	None	None
132	какие	743	None	None
133	позитивные	749	None	None
134	изменения	760	None	None
135	произошли	770	None	None
136	в	780	None	None
137	России	782	None	None
138	и	789	coref	4125
139	в	791	None	None
140	Москве	793	coref	4129
141	в	800	None	None
142	частности	802	None	None
143	»	811	None	None
144	,	812	None	None
145	заметил	814	None	None
146	президент	822	coref	4130
147	РФС	832	coref	4130
148	.	835	None	None
149	«	837	None	None
150	Москва	838	coref	4129
151	стала	845	None	None
152	спортивным	851	None	None
153	мировым	862	None	None
154	центром	870	None	None
155	,	877	None	None
156	и	879	coref	4125
157	все	881	None	None
158	это	885	None	None
159	привлекательно	889	None	None
160	для	904	None	None
161	иностранных	908	None	None
162	футболистов	920	None	None
163	»	931	None	None
164	,	932	None	None
165	-	934	None	None
166	подчеркнул	936	None	None
167	он	947	coref	4130
168	.	949	None	None
169	Напомним	952	None	None
170	,	960	None	None
171	что	962	None	None
172	в	966	None	None
173	прошлом	968	None	None
174	году	976	None	None
175	в	981	None	None
176	Москву	983	coref	4129
177	на	990	None	None
178	Кубок	993	coref	4128
179	LG	999	coref	4128
180	приехали	1002	None	None
181	национальные	1011	None	None
182	сборные	1024	coref	4125
183	Украины	1032	None	None
184	,	1039	None	None
185	Белоруссии	1041	coref	4136
186	и	1052	coref	4125
187	Югославии	1054	None	None
188	.	1063	None	None
189	Его	1065	coref	4135
190	призовой	1069	None	None
191	фонд	1078	None	None
192	составлял	1083	None	None
193	150	1093	None	None
194	тысяч	1097	None	None
195	долларов	1103	None	None
196	,	1111	None	None
197	причем	1113	None	None
198	победитель	1120	None	None
199	-	1131	None	None
200	команда	1133	coref	4132
201	Белоруссии	1141	coref	4136
202	-	1152	None	None
203	получила	1154	None	None
204	60	1163	None	None
205	тысяч	1166	None	None
206	долларов	1172	None	None
207	.	1180	None	None
