	word	start_char	type	chain_id
0	Лоре	0	coref	3354
1	Буш	5	coref	3354
2	нравятся	9	None	None
3	«	18	coref	3355
4	страшилки	19	coref	3367
5	»	28	coref	3355
6	перед	30	None	None
7	сном	36	None	None
8	и	41	coref	3362
9	«	43	coref	3355
10	Гарри	44	coref	3355
11	Поттер	50	coref	3355
12	»	56	coref	3355
13	Супруги	59	None	None
14	президентов	67	coref	3362
15	России	79	coref	3356
16	и	86	coref	3362
17	США	88	coref	3354
18	Людмила	92	coref	3358
19	Путина	100	coref	3358
20	и	107	coref	3362
21	Лора	109	coref	3354
22	Буш	114	coref	3354
23	в	118	coref	3378
24	среду	120	None	None
25	в	126	coref	3378
26	Москве	128	coref	3359
27	приняли	135	None	None
28	участие	143	None	None
29	в	151	coref	3378
30	презентации	153	coref	3360
31	книг	165	coref	3355
32	детских	170	coref	3360
33	американских	178	coref	3360
34	писателей	191	coref	3360
35	,	200	None	None
36	которая	202	coref	3360
37	прошла	210	None	None
38	в	217	coref	3378
39	рамках	219	None	None
40	фестиваля	226	None	None
41	школьных	236	None	None
42	библиотек	245	None	None
43	«	255	coref	3355
44	Библиобраз	256	None	None
45	»	266	coref	3355
46	.	267	coref	3371
47	Вместе	269	None	None
48	с	276	None	None
49	Людмилой	278	coref	3358
50	Путиной	287	coref	3358
51	и	295	coref	3362
52	Лорой	297	coref	3354
53	Буш	303	coref	3354
54	на	307	None	None
55	фестиваль	310	None	None
56	также	320	None	None
57	приехали	326	None	None
58	находящиеся	335	None	None
59	в	347	coref	3378
60	российской	349	coref	3359
61	столице	360	coref	3359
62	супруги	368	None	None
63	президентов	376	coref	3362
64	Армении	388	coref	3362
65	и	396	coref	3362
66	Болгарии	398	coref	3362
67	Бэлла	407	coref	3363
68	Кочарян	413	coref	3363
69	и	421	coref	3362
70	Зорка	423	coref	3364
71	Пырванова	429	coref	3364
72	.	438	coref	3371
73	Лора	441	coref	3354
74	Буш	446	coref	3354
75	сегодня	450	None	None
76	представила	458	None	None
77	пришедшим	470	None	None
78	на	480	None	None
79	праздник	483	None	None
80	российским	492	coref	3365
81	детям	503	coref	3365
82	и	509	coref	3362
83	их	511	coref	3365
84	учителям	514	None	None
85	трех	523	coref	3361
86	американских	528	coref	3360
87	детских	541	coref	3360
88	писателей	549	coref	3360
89	.	558	coref	3371
90	При	560	None	None
91	этом	564	coref	3355
92	супруга	569	coref	3354
93	американского	577	coref	3354
94	президента	591	coref	3354
95	призналась	602	None	None
96	,	612	None	None
97	что	614	None	None
98	сама	618	coref	3354
99	больше	623	None	None
100	всего	630	None	None
101	любит	636	None	None
102	книги	642	coref	3355
103	«	648	coref	3355
104	о	649	coref	3355
105	приключениях	651	None	None
106	и	664	coref	3362
107	чудесах	666	None	None
108	,	673	None	None
109	а	675	None	None
110	также	677	None	None
111	рассказы	683	coref	3367
112	-	691	coref	3367
113	«	692	coref	3355
114	страшилки	693	coref	3367
115	»	702	coref	3355
116	,	703	None	None
117	которые	705	coref	3367
118	,	712	None	None
119	по	714	None	None
120	ее	717	coref	3354
121	словам	720	None	None
122	,	726	None	None
123	«	728	coref	3355
124	хорошо	729	None	None
125	почитать	736	None	None
126	перед	745	None	None
127	сном	751	None	None
128	»	755	coref	3355
129	.	756	coref	3371
130	Среди	759	None	None
131	своих	765	coref	3354
132	любимых	771	None	None
133	книг	779	coref	3355
134	Буш	784	coref	3354
135	назвала	788	None	None
136	романы	796	coref	3355
137	о	803	coref	3355
138	Гарри	805	coref	3355
139	Поттере	811	coref	3355
140	.	818	coref	3371
141	«	820	coref	3355
142	Дома	821	None	None
143	в	826	coref	3378
144	Техасе	828	None	None
145	я	835	coref	3354
146	прочитала	837	None	None
147	все	847	coref	3355
148	пять	851	coref	3355
149	книг	856	coref	3355
150	об	861	coref	3355
151	этом	864	coref	3355
152	мальчике	869	coref	3355
153	,	877	None	None
154	и	879	coref	3362
155	каждый	881	None	None
156	раз	888	None	None
157	,	891	None	None
158	открывая	893	None	None
159	книги	902	coref	3355
160	о	908	coref	3355
161	нем	910	coref	3355
162	,	913	None	None
163	я	915	coref	3354
164	чувствовала	917	None	None
165	,	928	None	None
166	что	930	None	None
167	как	934	None	None
168	будто	938	None	None
169	сама	944	coref	3354
170	переношусь	949	None	None
171	в	960	coref	3378
172	волшебную	962	None	None
173	страну	972	None	None
174	,	978	None	None
175	разгуливаю	980	None	None
176	по	991	None	None
177	замку	994	None	None
178	в	1000	coref	3378
179	плаще	1002	None	None
180	-	1007	coref	3367
181	невидимке	1008	None	None
182	и	1018	coref	3362
183	делаю	1020	None	None
184	всякие	1026	None	None
185	магические	1033	None	None
186	фокусы	1044	None	None
187	»	1050	coref	3355
188	,	1051	None	None
189	-	1053	coref	3367
190	сказала	1055	None	None
191	первая	1063	coref	3354
192	леди	1070	coref	3354
193	США	1075	coref	3354
194	.	1078	coref	3371
195	Обращаясь	1081	None	None
196	к	1091	None	None
197	детям	1093	coref	3365
198	,	1098	None	None
199	она	1100	coref	3354
200	посоветовала	1104	None	None
201	им	1117	coref	3369
202	,	1119	None	None
203	возвращаясь	1121	None	None
204	из	1133	None	None
205	школы	1136	None	None
206	,	1141	None	None
207	не	1143	None	None
208	включать	1146	None	None
209	телевизор	1155	None	None
210	,	1164	None	None
211	а	1166	None	None
212	почитать	1168	None	None
213	немного	1177	None	None
214	,	1184	None	None
215	а	1186	None	None
216	затем	1188	None	None
217	снова	1194	None	None
218	открыть	1200	None	None
219	книжку	1208	None	None
220	перед	1215	None	None
221	сном	1221	None	None
222	.	1225	coref	3371
223	Лора	1227	coref	3354
224	Буш	1232	coref	3354
225	поделилась	1236	None	None
226	,	1246	None	None
227	что	1248	None	None
228	ее	1252	coref	3354
229	любовь	1255	None	None
230	к	1262	None	None
231	страшным	1264	None	None
232	историям	1273	None	None
233	унаследовали	1282	None	None
234	и	1295	coref	3362
235	две	1297	coref	3370
236	ее	1301	coref	3354
237	дочери	1304	coref	3370
238	-	1311	coref	3367
239	Барбара	1313	coref	3370
240	и	1321	coref	3362
241	Джейн	1323	coref	3370
242	.	1328	coref	3371
243	Особенно	1330	None	None
244	,	1338	None	None
245	по	1340	None	None
246	ее	1343	coref	3354
247	словам	1346	None	None
248	,	1352	None	None
249	они	1354	coref	3370
250	любят	1358	None	None
251	книжки	1364	None	None
252	«	1371	coref	3355
253	Мурашки	1372	None	None
254	по	1380	None	None
255	коже	1383	None	None
256	»	1387	coref	3355
257	Р	1389	coref	3371
258	.	1390	coref	3371
259	Л	1391	coref	3371
260	.	1392	coref	3371
261	Стайна	1393	coref	3371
262	.	1399	coref	3371
263	Этот	1401	coref	3371
264	писатель	1406	coref	3371
265	вместе	1415	None	None
266	с	1422	None	None
267	супругой	1424	coref	3354
268	американского	1433	coref	3354
269	президента	1447	coref	3354
270	и	1458	coref	3362
271	двумя	1460	None	None
272	своими	1466	coref	3371
273	коллегами	1473	None	None
274	Питером	1483	coref	3372
275	Лерангисом	1491	coref	3372
276	и	1502	coref	3362
277	Марком	1504	coref	3373
278	Брауном	1511	coref	3373
279	также	1519	None	None
280	приехали	1525	None	None
281	на	1534	None	None
282	российский	1537	None	None
283	библиотечный	1548	None	None
284	фестиваль	1561	None	None
285	.	1570	coref	3371
286	В	1573	None	None
287	присутствии	1575	None	None
288	супруг	1587	coref	3374
289	четырех	1594	coref	3374
290	президентов	1602	coref	3362
291	дети	1614	coref	3377
292	вместе	1619	None	None
293	с	1626	None	None
294	Р	1628	coref	3371
295	.	1629	coref	3371
296	Л	1630	coref	3371
297	.	1631	coref	3371
298	Стайном	1632	coref	3371
299	придумали	1640	None	None
300	страшную	1650	None	None
301	историю	1659	None	None
302	про	1667	None	None
303	мальчика	1671	coref	3376
304	Марка	1680	coref	3376
305	и	1686	coref	3362
306	принадлежащую	1688	None	None
307	его	1702	coref	3376
308	отцу	1706	None	None
309	машину	1711	None	None
310	-	1717	coref	3367
311	привидение	1718	None	None
312	,	1728	None	None
313	а	1730	None	None
314	затем	1732	None	None
315	вместе	1738	None	None
316	с	1745	None	None
317	писателем	1747	coref	3373
318	Брауном	1757	coref	3373
319	,	1764	None	None
320	который	1766	coref	3373
321	также	1774	None	None
322	известен	1780	None	None
323	в	1789	coref	3378
324	США	1791	coref	3354
325	как	1795	None	None
326	иллюстратор	1799	None	None
327	детских	1811	coref	3360
328	книг	1819	coref	3355
329	,	1823	None	None
330	нарисовали	1825	None	None
331	сказочное	1836	None	None
332	животное	1846	None	None
333	и	1855	coref	3362
334	придумали	1857	None	None
335	историю	1867	None	None
336	про	1875	None	None
337	любимого	1879	None	None
338	персонажа	1888	None	None
339	Брауна	1898	coref	3373
340	волшебного	1905	None	None
341	зверя	1916	None	None
342	Артура	1922	None	None
343	.	1928	coref	3371
344	Затем	1931	None	None
345	жены	1937	coref	3374
346	президентов	1942	coref	3362
347	осмотрели	1954	None	None
348	представленную	1964	None	None
349	на	1979	None	None
350	фестивале	1982	None	None
351	экспозицию	1992	None	None
352	библиотеки	2003	None	None
353	Конгресса	2014	None	None
354	США	2024	coref	3354
355	,	2027	None	None
356	после	2029	None	None
357	чего	2035	None	None
358	Лора	2040	coref	3354
359	Буш	2045	coref	3354
360	отправила	2049	None	None
361	почтой	2059	None	None
362	России	2066	coref	3356
363	открытки	2073	None	None
364	для	2082	None	None
365	своих	2086	coref	3354
366	дочерей	2092	coref	3370
367	и	2100	coref	3362
368	по	2102	None	None
369	примеру	2105	None	None
370	Людмилы	2113	coref	3358
371	Путиной	2121	coref	3358
372	передала	2129	None	None
373	в	2138	coref	3378
374	дар	2140	None	None
375	одной	2144	None	None
376	из	2150	None	None
377	российских	2153	None	None
378	школ	2164	None	None
379	книги	2169	coref	3355
380	американских	2175	coref	3360
381	писателей	2188	coref	3360
382	.	2197	coref	3371
383	Как	2200	None	None
384	передает	2204	None	None
385	«	2213	coref	3355
386	Интерфакс	2214	None	None
387	»	2223	coref	3355
388	,	2224	None	None
389	пока	2226	None	None
390	дети	2231	coref	3377
391	ждали	2236	None	None
392	встречи	2242	None	None
393	с	2250	None	None
394	супругами	2252	coref	3374
395	четырех	2262	coref	3374
396	президентов	2270	coref	3362
397	,	2281	None	None
398	к	2283	None	None
399	ним	2285	coref	3377
400	подошли	2289	None	None
401	посол	2297	coref	3378
402	США	2303	coref	3354
403	в	2307	coref	3378
404	Москве	2309	coref	3359
405	Александр	2316	coref	3378
406	Вершбоу	2326	coref	3378
407	и	2334	coref	3362
408	его	2336	coref	3376
409	супруга	2340	coref	3354
410	.	2347	coref	3371
411	Все	2349	coref	3377
412	дети	2353	coref	3377
413	бросились	2358	None	None
414	брать	2368	None	None
415	у	2374	None	None
416	них	2376	coref	3380
417	автографы	2380	None	None
418	и	2390	coref	3362
419	чуть	2392	None	None
420	не	2397	None	None
421	сбили	2400	None	None
422	посольскую	2406	coref	3380
423	чету	2417	coref	3380
424	с	2422	None	None
425	ног	2424	None	None
426	,	2427	None	None
427	однако	2429	None	None
428	потом	2436	None	None
429	оказалось	2442	None	None
430	,	2451	None	None
431	что	2453	None	None
432	они	2457	coref	3370
433	не	2461	None	None
434	знают	2464	None	None
435	,	2469	None	None
436	у	2471	None	None
437	кого	2473	coref	3380
438	брали	2478	None	None
439	автограф	2484	None	None
440	.	2492	coref	3371
441	Преподавательница	2495	coref	3381
442	объяснила	2513	None	None
443	школьникам	2523	coref	3377
444	,	2533	None	None
445	что	2535	None	None
446	автограф	2539	None	None
447	надо	2548	None	None
448	просить	2553	None	None
449	у	2561	None	None
450	того	2563	coref	3382
451	человека	2568	coref	3382
452	,	2576	None	None
453	о	2578	coref	3355
454	котором	2580	coref	3382
455	они	2588	coref	3370
456	хотят	2592	None	None
457	оставить	2598	None	None
458	память	2607	None	None
459	.	2613	coref	3371
460	Получив	2615	None	None
461	такие	2623	None	None
462	инструкции	2629	None	None
463	,	2639	None	None
464	дети	2641	coref	3377
465	дружно	2646	None	None
466	бросились	2653	None	None
467	к	2663	None	None
468	жене	2665	coref	3358
469	Владимира	2670	coref	3358
470	Путина	2680	coref	3358
471	и	2687	coref	3362
472	стали	2689	None	None
473	просить	2695	None	None
474	у	2703	None	None
475	нее	2705	coref	3358
476	автограф	2709	None	None
477	,	2717	None	None
478	объясняя	2719	None	None
479	преподавателям	2728	coref	3381
480	,	2742	None	None
481	что	2744	None	None
482	теперь	2748	None	None
483	они	2755	coref	3370
484	знают	2759	None	None
485	,	2764	None	None
486	чью	2766	coref	3358
487	подпись	2770	None	None
488	хотят	2778	None	None
489	получить	2784	None	None
490	на	2793	None	None
491	память	2796	None	None
492	.	2802	coref	3371
