	word	start_char	type	chain_id
0	85	0	coref	3708
1	%	2	coref	3708
2	россиян	4	coref	3708
3	считают	12	None	None
4	,	19	None	None
5	что	21	None	None
6	Россия	25	coref	3709
7	не	32	None	None
8	должна	35	None	None
9	поддерживать	42	None	None
10	США	55	coref	3710
11	и	59	None	None
12	их	61	coref	3710
13	союзников	64	None	None
14	в	74	None	None
15	войне	76	None	None
16	против	82	None	None
17	Ирака	89	coref	3711
18	Подавляющее	96	coref	3708
19	большинство	108	coref	3708
20	россиян	120	coref	3708
21	(	128	None	None
22	85	129	coref	3708
23	%	131	coref	3708
24	)	132	None	None
25	считают	134	None	None
26	,	141	None	None
27	что	143	None	None
28	Россия	147	coref	3709
29	не	154	None	None
30	должна	157	None	None
31	поддержать	164	None	None
32	США	175	coref	3710
33	и	179	None	None
34	их	181	coref	3710
35	союзников	184	None	None
36	в	194	None	None
37	возможной	196	None	None
38	войне	206	None	None
39	против	212	None	None
40	Ирака	219	coref	3711
41	.	224	None	None
42	Такие	226	None	None
43	данные	232	None	None
44	приводятся	239	None	None
45	по	250	None	None
46	результатам	253	None	None
47	опроса	265	None	None
48	,	271	None	None
49	проведенного	273	None	None
50	Агентством	286	None	None
51	региональных	297	None	None
52	политических	310	None	None
53	исследований	323	None	None
54	(	336	None	None
55	АРПИ	337	None	None
56	)	341	None	None
57	.	342	None	None
58	10	345	coref	3712
59	%	347	coref	3708
60	опрошенных	349	coref	3712
61	считают	360	None	None
62	,	367	None	None
63	что	369	None	None
64	Россия	373	coref	3709
65	должна	380	None	None
66	поддержать	387	None	None
67	США	398	coref	3710
68	и	402	None	None
69	их	404	coref	3710
70	союзников	407	None	None
71	.	416	None	None
72	5	418	coref	3713
73	%	419	coref	3708
74	респондентов	421	coref	3713
75	затруднились	434	None	None
76	ответить	447	None	None
77	на	456	None	None
78	этот	459	None	None
79	вопрос	464	None	None
80	.	470	None	None
81	Наиболее	473	None	None
82	склонны	482	None	None
83	к	490	None	None
84	поддержке	492	None	None
85	США	502	coref	3710
86	и	506	None	None
87	их	508	coref	3710
88	союзников	511	None	None
89	в	521	None	None
90	выступлении	523	None	None
91	против	535	None	None
92	Ирака	542	coref	3711
93	российские	548	coref	3714
94	военнослужащие	559	coref	3714
95	.	573	None	None
96	Опрос	576	None	None
97	проводится	582	None	None
98	более	593	None	None
99	чем	599	None	None
100	в	603	None	None
101	84	605	None	None
102	городских	608	None	None
103	и	618	None	None
104	сельских	620	None	None
105	населенных	629	None	None
106	пунктах	640	None	None
107	в	648	None	None
108	28	650	None	None
109	субъектах	653	None	None
110	Российской	663	coref	3709
111	Федерации	674	coref	3709
112	,	683	None	None
113	во	685	None	None
114	всех	688	None	None
115	федеральных	693	None	None
116	округах	705	None	None
117	страны	713	coref	3709
118	.	719	None	None
119	В	721	None	None
120	опросе	723	None	None
121	приняли	730	None	None
122	участие	738	None	None
123	1600	746	coref	3715
124	человек	751	coref	3715
125	.	758	None	None
