	word	start_char	type	chain_id
0	Лэнс	0	coref	4106
1	Армстронг	5	coref	4106
2	пятый	15	None	None
3	раз	21	None	None
4	подряд	25	None	None
5	выиграл	32	None	None
6	«	40	coref	4107
7	Тур	41	coref	4107
8	де	45	coref	4107
9	Франс	48	coref	4107
10	»	53	coref	4107
11	Американец	56	coref	4106
12	Лэнс	67	coref	4106
13	Армстронг	72	coref	4106
14	выиграл	82	None	None
15	юбилейную	90	coref	4107
16	,	99	coref	4107
17	100	101	coref	4107
18	-	104	coref	4107
19	ю	105	coref	4107
20	по	107	coref	4107
21	счету	110	coref	4107
22	велогонку	116	coref	4107
23	«	126	coref	4107
24	Тур	127	coref	4107
25	де	131	coref	4107
26	Франс	134	coref	4107
27	»	139	coref	4107
28	,	140	coref	4107
29	которая	142	coref	4107
30	финишировала	150	None	None
31	в	163	None	None
32	воскресенье	165	None	None
33	на	177	None	None
34	Елисейских	180	None	None
35	полях	191	None	None
36	в	197	None	None
37	Париже	199	None	None
38	.	205	None	None
39	Его	208	coref	4106
40	победа	212	None	None
41	была	219	None	None
42	ожидаемой	224	None	None
43	и	234	None	None
44	закономерной	236	None	None
45	.	248	None	None
46	Большую	250	None	None
47	часть	258	None	None
48	гонки	264	None	None
49	Армстронг	270	coref	4106
50	провел	280	None	None
51	в	287	None	None
52	желтой	289	None	None
53	майке	296	None	None
54	лидера	302	None	None
55	,	308	coref	4107
56	и	310	None	None
57	перед	312	None	None
58	заключительным	318	None	None
59	этапом	333	None	None
60	его	340	coref	4106
61	отрыв	344	None	None
62	от	350	None	None
63	ближайшего	353	coref	4108
64	преследователя	364	coref	4108
65	-	379	coref	4107
66	немца	381	coref	4108
67	Яна	387	coref	4108
68	Ульриха	391	coref	4108
69	-	399	coref	4107
70	составлял	401	None	None
71	1	411	None	None
72	минуту	413	None	None
73	16	420	None	None
74	секунд	423	None	None
75	.	429	None	None
76	Фактически	431	None	None
77	американцу	442	coref	4106
78	нужно	453	None	None
79	было	459	None	None
80	лишь	464	None	None
81	без	469	None	None
82	приключений	473	None	None
83	добраться	485	None	None
84	до	495	None	None
85	финиша	498	None	None
86	,	504	coref	4107
87	что	506	None	None
88	он	510	coref	4106
89	и	513	None	None
90	сделал	515	None	None
91	при	522	None	None
92	поддержке	526	None	None
93	товарищей	536	None	None
94	по	546	coref	4107
95	команде	549	None	None
96	«	557	coref	4107
97	US	558	None	None
98	Postal	561	None	None
99	»	567	coref	4107
100	.	568	None	None
101	А	570	None	None
102	победителем	572	None	None
103	20	584	None	None
104	-	586	coref	4107
105	го	587	None	None
106	этапа	590	None	None
107	протяженностью	596	None	None
108	152	611	None	None
109	км	615	None	None
110	стал	618	None	None
111	хозяин	623	None	None
112	гонки	630	None	None
113	Жан	636	None	None
114	-	639	coref	4107
115	Патрик	640	None	None
116	Назон	647	None	None
117	.	652	None	None
118	Выиграв	655	None	None
119	«	663	coref	4107
120	Тур	664	coref	4107
121	де	668	coref	4107
122	Франс	671	coref	4107
123	»	676	coref	4107
124	пятый	678	None	None
125	раз	684	None	None
126	подряд	688	None	None
127	,	694	coref	4107
128	Армстронг	696	coref	4106
129	по	706	coref	4107
130	праву	709	None	None
131	вписал	715	None	None
132	свое	722	coref	4106
133	имя	727	None	None
134	в	731	None	None
135	историю	733	None	None
136	самой	741	None	None
137	престижной	747	coref	4115
138	многодневной	758	None	None
139	велогонки	771	None	None
140	.	780	None	None
141	До	782	None	None
142	него	785	coref	4106
143	пятикратными	790	None	None
144	победителями	803	None	None
145	за	816	None	None
146	сто	819	None	None
147	лет	823	None	None
148	становились	827	None	None
149	лишь	839	None	None
150	четверо	844	coref	4109
151	спортсменов	852	coref	4109
152	:	863	None	None
153	французы	865	None	None
154	Жак	874	coref	4110
155	Анкетиль	878	coref	4110
156	и	887	None	None
157	Бернар	889	coref	4111
158	Эно	896	coref	4111
159	,	899	coref	4107
160	бельгиец	901	coref	4112
161	Эдди	910	coref	4112
162	Меркс	915	coref	4112
163	и	921	None	None
164	испанец	923	coref	4113
165	Мигель	931	coref	4113
166	Индурайн	938	coref	4113
167	,	946	coref	4107
168	сообщает	948	None	None
169	РИА	957	None	None
170	«	961	coref	4107
171	Новости	962	None	None
172	»	969	coref	4107
173	.	970	None	None
174	Лэнс	973	coref	4106
175	Армстронг	978	coref	4106
176	,	987	coref	4107
177	которому	989	coref	4106
178	вскоре	998	None	None
179	исполнится	1005	None	None
180	32	1016	None	None
181	года	1019	None	None
182	,	1023	coref	4107
183	несмотря	1025	None	None
184	на	1034	None	None
185	временные	1037	None	None
186	проблемы	1047	None	None
187	с	1056	None	None
188	желудком	1058	None	None
189	и	1067	None	None
190	воспаление	1069	None	None
191	ткани	1080	None	None
192	сухожилия	1086	None	None
193	,	1095	coref	4107
194	вызванного	1097	None	None
195	не	1108	None	None
196	разношенной	1111	None	None
197	обувью	1123	None	None
198	,	1129	coref	4107
199	был	1131	None	None
200	,	1134	coref	4107
201	по	1136	coref	4107
202	его	1139	coref	4106
203	словам	1143	None	None
204	,	1149	coref	4107
205	не	1151	None	None
206	в	1154	None	None
207	самой	1156	None	None
208	лучшей	1162	None	None
209	форме	1169	None	None
210	.	1174	None	None
211	Он	1176	coref	4106
212	заявил	1179	None	None
213	,	1185	coref	4107
214	что	1187	None	None
215	обязательно	1191	None	None
216	будет	1203	None	None
217	участвовать	1209	None	None
218	в	1221	None	None
219	следующей	1223	None	None
220	велогонке	1233	None	None
221	во	1243	None	None
222	Франции	1246	None	None
223	и	1254	None	None
224	надеется	1256	None	None
225	стать	1265	None	None
226	первым	1271	None	None
227	в	1278	None	None
228	мире	1280	None	None
229	велосипедистом	1285	None	None
230	,	1299	coref	4107
231	выигравшим	1301	None	None
232	шесть	1312	None	None
233	титулов	1318	None	None
234	на	1326	None	None
235	«	1329	coref	4107
236	Тур	1330	coref	4107
237	де	1334	coref	4107
238	Франс	1337	coref	4107
239	»	1342	coref	4107
240	,	1343	coref	4107
241	сообщает	1345	None	None
242	ИТАР	1354	None	None
243	-	1358	coref	4107
244	ТАСС	1359	None	None
245	.	1363	None	None
246	Второе	1366	None	None
247	место	1373	None	None
248	в	1379	None	None
249	общем	1381	None	None
250	зачете	1387	None	None
251	юбилейной	1394	None	None
252	велогонки	1404	None	None
253	досталось	1414	None	None
254	Ульриху	1424	coref	4108
255	,	1431	coref	4107
256	третье	1433	None	None
257	-	1440	coref	4107
258	Александру	1442	coref	4114
259	Винокурову	1453	coref	4114
260	из	1464	coref	4114
261	Казахстана	1467	coref	4114
262	.	1477	None	None
263	Французская	1479	None	None
264	пресса	1491	None	None
265	назвала	1498	None	None
266	Александра	1506	coref	4114
267	«	1517	coref	4107
268	открытием	1518	None	None
269	Тур	1528	coref	4107
270	де	1532	coref	4107
271	Франс	1535	coref	4107
272	»	1540	coref	4107
273	,	1541	coref	4107
274	«	1543	coref	4107
275	участником	1544	None	None
276	велогонки	1555	None	None
277	,	1564	coref	4107
278	проявившим	1566	None	None
279	самый	1577	None	None
280	высокий	1583	None	None
281	боевой	1591	None	None
282	дух	1598	None	None
283	»	1601	coref	4107
284	,	1602	coref	4107
285	и	1604	None	None
286	имеющим	1606	None	None
287	прекрасные	1614	None	None
288	перспективы	1625	None	None
289	в	1637	None	None
290	велоспорте	1639	None	None
291	.	1649	None	None
292	Сегодня	1652	None	None
293	же	1660	None	None
294	стало	1663	None	None
295	известно	1669	None	None
296	,	1677	coref	4107
297	что	1679	None	None
298	одна	1683	None	None
299	допинг	1688	None	None
300	-	1694	coref	4107
301	проба	1695	None	None
302	участника	1701	coref	4115
303	престижной	1711	coref	4115
304	многодневки	1722	coref	4115
305	дала	1734	None	None
306	положительный	1739	None	None
307	результат	1753	None	None
308	на	1763	None	None
309	эритропоэтин	1766	None	None
310	.	1778	None	None
311	Имя	1780	coref	4116
312	спортсмена	1784	coref	4115
313	пока	1795	None	None
314	не	1800	None	None
315	разглашается	1803	None	None
316	.	1815	None	None
317	Оно	1817	coref	4116
318	будет	1821	None	None
319	предано	1827	None	None
320	гласности	1835	None	None
321	после	1845	None	None
322	того	1851	None	None
323	,	1855	coref	4107
324	как	1857	None	None
325	станут	1861	None	None
326	известны	1868	None	None
327	результаты	1877	None	None
328	контрольной	1888	None	None
329	пробы	1900	None	None
330	.	1905	None	None
331	Однако	1907	None	None
332	,	1913	coref	4107
333	по	1915	coref	4107
334	сведениям	1918	None	None
335	из	1928	coref	4114
336	источников	1931	None	None
337	,	1941	coref	4107
338	близких	1943	None	None
339	к	1951	None	None
340	организаторам	1953	coref	4117
341	,	1966	coref	4107
342	этот	1968	coref	4115
343	велосипедист	1973	coref	4115
344	не	1986	None	None
345	из	1989	coref	4114
346	числа	1992	None	None
347	лидеров	1998	None	None
348	.	2005	None	None
349	Пока	2007	None	None
350	организаторы	2012	coref	4117
351	отказываются	2025	None	None
352	от	2038	None	None
353	комментариев	2041	None	None
354	,	2053	coref	4107
355	заявляя	2055	None	None
356	,	2062	coref	4107
357	что	2064	None	None
358	собираются	2068	None	None
359	дождаться	2079	None	None
360	сначала	2089	None	None
361	официального	2097	None	None
362	уведомления	2110	None	None
363	от	2122	None	None
364	Международного	2125	None	None
365	союза	2140	None	None
366	велосипедистов	2146	None	None
367	.	2160	None	None
