	word	start_char	type	chain_id
0	Георгий	0	coref	4343
1	Ярцев	8	coref	4343
2	определил	14	None	None
3	состав	24	None	None
4	сборной	31	coref	4343
5	России	39	coref	4343
6	на	46	None	None
7	игры	49	None	None
8	с	54	coref	4388
9	Ирландией	56	coref	4346
10	и	66	coref	4388
11	Швейцарией	68	coref	4347
12	Новый	80	coref	4343
13	тренер	86	coref	4343
14	сборной	93	coref	4343
15	России	101	coref	4343
16	по	108	coref	4343
17	футболу	111	coref	4343
18	-	119	coref	4343
19	Георгий	121	coref	4343
20	Ярцев	129	coref	4343
21	-	135	coref	4343
22	назвал	137	None	None
23	тех	144	coref	4348
24	игроков	148	coref	4348
25	,	155	coref	4388
26	которые	157	coref	4348
27	поедут	165	None	None
28	в	172	None	None
29	Дублин	174	coref	4349
30	на	181	None	None
31	матч	184	None	None
32	со	189	None	None
33	сборной	192	coref	4343
34	Ирландии	200	coref	4346
35	.	208	None	None
36	Всего	210	None	None
37	в	216	None	None
38	состав	218	None	None
39	попали	225	None	None
40	23	232	coref	4348
41	игрока	235	coref	4348
42	,	241	coref	4388
43	причем	243	None	None
44	семь	250	coref	4350
45	из	255	coref	4350
46	них	258	coref	4348
47	представляют	262	None	None
48	московский	275	coref	4351
49	«	286	coref	4351
50	Локомотив	287	coref	4351
51	»	296	coref	4351
52	.	297	None	None
53	Кроме	299	None	None
54	того	305	None	None
55	,	309	coref	4388
56	эти	311	coref	4348
57	же	315	coref	4348
58	футболисты	318	coref	4348
59	проведут	329	None	None
60	в	338	None	None
61	Москве	340	None	None
62	встречу	347	None	None
63	со	355	None	None
64	сборной	358	coref	4343
65	Швейцарии	366	coref	4347
66	.	375	None	None
67	О	377	None	None
68	составе	379	None	None
69	сборной	387	coref	4343
70	сообщила	395	None	None
71	пресс	404	None	None
72	-	409	coref	4343
73	служба	410	None	None
74	Российского	417	None	None
75	футбольного	429	None	None
76	союза	441	None	None
77	.	446	None	None
78	Состав	449	None	None
79	сборной	456	coref	4343
80	России	464	coref	4343
81	Вратари	472	coref	4352
82	:	479	None	None
83	Сергей	481	coref	4353
84	Овчинников	488	coref	4353
85	(	499	None	None
86	«	500	coref	4351
87	Локомотив	501	coref	4351
88	)	510	None	None
89	,	511	coref	4388
90	Вячеслав	513	coref	4354
91	Малафеев	522	coref	4354
92	(	531	None	None
93	«	532	coref	4351
94	Зенит	533	coref	4355
95	»	538	coref	4351
96	)	539	None	None
97	Защитники	541	coref	4356
98	:	550	None	None
99	Геннадий	552	coref	4357
100	Нижегородов	561	coref	4357
101	,	572	coref	4388
102	Дмитрий	574	coref	4358
103	Сенников	582	coref	4358
104	,	590	coref	4388
105	Сергей	592	coref	4353
106	Игнашевич	599	coref	4359
107	,	608	coref	4388
108	Вадим	610	coref	4360
109	Евсеев	616	coref	4360
110	(	623	None	None
111	все	624	coref	4356
112	-	628	coref	4343
113	«	630	coref	4351
114	Локомотив	631	coref	4351
115	»	640	coref	4351
116	)	641	None	None
117	,	642	coref	4388
118	Виктор	644	coref	4361
119	Онопко	651	coref	4361
120	(	658	None	None
121	«	659	coref	4351
122	Спартак	660	coref	4363
123	-	667	coref	4343
124	Алания	668	None	None
125	»	674	coref	4351
126	)	675	None	None
127	,	676	coref	4388
128	Юрий	678	coref	4362
129	Ковтун	683	coref	4362
130	(	690	None	None
131	«	691	coref	4351
132	Спартак	692	coref	4363
133	»	699	coref	4351
134	)	700	None	None
135	Полузащитники	702	coref	4364
136	:	715	None	None
137	Ролан	717	coref	4365
138	Гусев	723	coref	4365
139	(	729	None	None
140	ЦСКА	730	None	None
141	)	734	None	None
142	,	735	coref	4388
143	Игорь	737	coref	4366
144	Семшов	743	coref	4366
145	(	750	None	None
146	«	751	coref	4351
147	Торпедо	752	None	None
148	»	759	coref	4351
149	)	760	None	None
150	,	761	coref	4388
151	Алексей	763	coref	4367
152	Смертин	771	coref	4367
153	(	779	None	None
154	«	780	coref	4351
155	Портсмут	781	None	None
156	»	789	coref	4351
157	,	790	coref	4388
158	Англия	792	None	None
159	)	798	None	None
160	,	799	coref	4388
161	Дмитрий	801	coref	4358
162	Лоськов	809	coref	4368
163	,	816	coref	4388
164	Марат	818	coref	4369
165	Измайлов	824	coref	4369
166	(	833	None	None
167	оба	834	coref	4372
168	-	838	coref	4343
169	«	840	coref	4351
170	Локомотив	841	coref	4351
171	»	850	coref	4351
172	)	851	None	None
173	,	852	coref	4388
174	Евгений	854	coref	4370
175	Алдонин	862	coref	4370
176	,	869	coref	4388
177	Валерий	871	coref	4371
178	Есипов	879	coref	4371
179	(	886	None	None
180	оба	887	coref	4372
181	-	891	coref	4343
182	«	893	coref	4351
183	Ротор	894	None	None
184	»	899	coref	4351
185	)	900	None	None
186	,	901	coref	4388
187	Дмитрий	903	coref	4358
188	Аленичев	911	coref	4373
189	(	920	None	None
190	«	921	coref	4351
191	Порту	922	coref	4374
192	»	927	coref	4351
193	,	928	coref	4388
194	Португалия	930	None	None
195	)	940	None	None
196	,	941	coref	4388
197	Владислав	943	coref	4375
198	Радимов	953	coref	4375
199	(	961	None	None
200	«	962	coref	4351
201	Зенит	963	coref	4355
202	»	968	coref	4351
203	)	969	None	None
204	,	970	coref	4388
205	Андрей	972	coref	4376
206	Каряка	979	coref	4376
207	(	986	None	None
208	«	987	coref	4351
209	Крылья	988	None	None
210	Советов	995	None	None
211	»	1002	coref	4351
212	)	1003	None	None
213	,	1004	coref	4388
214	Егор	1006	coref	4377
215	Титов	1011	coref	4377
216	(	1017	None	None
217	«	1018	coref	4351
218	Спартак	1019	coref	4363
219	»	1026	coref	4351
220	)	1027	None	None
221	,	1028	coref	4388
222	Александр	1030	coref	4378
223	Мостовой	1040	coref	4378
224	(	1049	None	None
225	«	1050	coref	4351
226	Сельта	1051	None	None
227	»	1057	coref	4351
228	,	1058	coref	4388
229	Испания	1060	None	None
230	)	1067	None	None
231	Нападающие	1069	None	None
232	:	1079	None	None
233	Дмитрий	1081	coref	4358
234	Сычев	1089	coref	4379
235	(	1095	None	None
236	«	1096	coref	4351
237	Марсель	1097	None	None
238	»	1104	coref	4351
239	,	1105	coref	4388
240	Франция	1107	None	None
241	)	1114	None	None
242	,	1115	coref	4388
243	Александр	1117	coref	4378
244	Кержаков	1127	coref	4380
245	(	1136	None	None
246	«	1137	coref	4351
247	Зенит	1138	coref	4355
248	»	1143	coref	4351
249	)	1144	None	None
250	,	1145	coref	4388
251	Дмитрий	1147	coref	4358
252	Булыкин	1155	coref	4381
253	(	1163	None	None
254	«	1164	coref	4351
255	Динамо	1165	None	None
256	»	1171	coref	4351
257	)	1172	None	None
258	Последними	1175	coref	4382
259	,	1185	coref	4388
260	кто	1187	coref	4382
261	прибыл	1191	None	None
262	в	1198	None	None
263	расположение	1200	coref	4383
264	сборной	1213	coref	4343
265	стали	1221	None	None
266	Александр	1227	coref	4378
267	Мостовой	1237	coref	4378
268	и	1246	coref	4388
269	Дмитрий	1248	coref	4358
270	Аленичев	1256	coref	4373
271	.	1264	None	None
272	Мостовой	1266	coref	4378
273	приехал	1275	None	None
274	к	1283	None	None
275	Ярцеву	1285	coref	4343
276	в	1292	None	None
277	среду	1294	None	None
278	утром	1300	None	None
279	,	1305	coref	4388
280	сообщает	1307	None	None
281	«	1316	coref	4351
282	Спорт	1317	None	None
283	-	1322	coref	4343
284	Экспресс	1323	None	None
285	»	1331	coref	4351
286	.	1332	None	None
287	Аленичев	1334	coref	4373
288	прибыл	1343	None	None
289	в	1350	None	None
290	этот	1352	None	None
291	же	1357	coref	4348
292	день	1360	None	None
293	поздно	1365	None	None
294	вечером	1372	None	None
295	.	1379	None	None
296	Бывший	1381	coref	4373
297	спартаковец	1388	coref	4373
298	перед	1400	None	None
299	перелетом	1406	None	None
300	отыграл	1416	None	None
301	87	1424	None	None
302	минут	1427	None	None
303	за	1433	None	None
304	«	1436	coref	4351
305	Порту	1437	coref	4374
306	»	1442	coref	4351
307	в	1444	None	None
308	матче	1446	None	None
309	португальского	1452	None	None
310	чемпионата	1467	None	None
311	со	1478	None	None
312	«	1481	coref	4351
313	Спортингом	1482	None	None
314	»	1492	coref	4351
315	.	1493	None	None
316	Клуб	1495	coref	4374
317	Аленичева	1500	coref	4373
318	одержал	1510	None	None
319	крупную	1518	None	None
320	победу	1526	None	None
321	-	1533	coref	4343
322	4	1535	None	None
323	:	1536	None	None
324	1	1537	None	None
325	,	1538	coref	4388
326	а	1540	None	None
327	полузащитник	1542	coref	4373
328	российской	1555	coref	4344
329	сборной	1566	coref	4343
330	заработал	1574	None	None
331	пенальти	1584	coref	4384
332	,	1592	coref	4388
333	который	1594	coref	4384
334	реализовал	1602	None	None
335	его	1613	coref	4373
336	одноклубник	1617	None	None
337	Маккарти	1629	None	None
338	.	1637	None	None
339	Мостовой	1640	coref	4378
340	,	1648	coref	4388
341	по	1650	coref	4343
342	словам	1653	None	None
343	врача	1660	None	None
344	команды	1666	coref	4343
345	Юрия	1674	None	None
346	Василькова	1679	None	None
347	,	1689	coref	4388
348	прибыл	1691	None	None
349	в	1698	None	None
350	Бор	1700	coref	4383
351	абсолютно	1704	None	None
352	здоровым	1714	None	None
353	.	1722	None	None
354	В	1724	None	None
355	среду	1726	None	None
356	испанский	1732	coref	4378
357	легионер	1742	coref	4378
358	принял	1751	None	None
359	участие	1758	None	None
360	в	1766	None	None
361	вечерней	1768	None	None
362	тренировке	1777	None	None
363	-	1788	coref	4343
364	правда	1790	None	None
365	,	1796	coref	4388
366	после	1798	None	None
367	многочасового	1804	None	None
368	перелета	1818	None	None
369	он	1827	coref	4378
370	занимался	1830	None	None
371	в	1840	None	None
372	несколько	1842	None	None
373	щадящем	1852	None	None
374	режиме	1860	None	None
375	.	1866	None	None
376	Но	1868	None	None
377	уже	1871	None	None
378	с	1875	coref	4388
379	четверга	1877	None	None
380	Мостовой	1886	coref	4378
381	начал	1895	None	None
382	работать	1901	None	None
383	наравне	1910	None	None
384	со	1918	None	None
385	всеми	1921	None	None
386	.	1926	None	None
387	Между	1929	None	None
388	тем	1935	None	None
389	,	1938	coref	4388
390	тренер	1940	coref	4343
391	национальной	1947	coref	4343
392	команды	1960	coref	4343
393	прокомментировал	1968	None	None
394	решение	1985	coref	4387
395	не	1993	None	None
396	играть	1996	None	None
397	за	2003	None	None
398	команду	2006	coref	4344
399	Валерия	2014	coref	4344
400	Карпина	2022	coref	4344
401	.	2029	None	None
402	«	2031	coref	4351
403	С	2032	None	None
404	Валерием	2034	coref	4385
405	,	2042	coref	4388
406	которого	2044	coref	4385
407	я	2053	coref	4343
408	знаю	2055	None	None
409	давно	2060	None	None
410	и	2066	coref	4388
411	хотел	2068	None	None
412	видеть	2074	None	None
413	в	2081	None	None
414	составе	2083	None	None
415	сборной	2091	coref	4343
416	,	2098	coref	4388
417	у	2100	None	None
418	нас	2102	coref	4386
419	состоялся	2106	None	None
420	не	2116	None	None
421	один	2119	None	None
422	разговор	2124	None	None
423	.	2132	None	None
424	Размышлял	2134	None	None
425	он	2144	coref	4378
426	дня	2147	None	None
427	два	2151	None	None
428	и	2155	coref	4388
429	,	2156	coref	4388
430	поблагодарив	2158	None	None
431	за	2171	None	None
432	приглашение	2174	None	None
433	,	2185	coref	4388
434	отказался	2187	None	None
435	.	2196	None	None
436	Поступил	2198	None	None
437	,	2206	coref	4388
438	считаю	2208	None	None
439	,	2214	coref	4388
440	честно	2216	None	None
441	.	2222	None	None
442	Коль	2224	None	None
443	скоро	2229	None	None
444	он	2235	coref	4378
445	принял	2238	None	None
446	такое	2245	coref	4387
447	решение	2251	coref	4387
448	,	2258	coref	4388
449	значит	2260	None	None
450	,	2266	coref	4388
451	имел	2268	None	None
452	для	2273	None	None
453	него	2277	coref	4387
454	веские	2282	None	None
455	основания	2289	None	None
456	.	2298	None	None
457	Никаких	2300	None	None
458	обид	2308	None	None
459	на	2313	None	None
460	Карпина	2316	coref	4344
461	нет	2324	None	None
462	.	2327	None	None
463	Наши	2329	coref	4386
464	теплые	2334	None	None
465	отношения	2341	None	None
466	останутся	2351	None	None
467	прежними	2361	None	None
468	»	2369	coref	4351
469	,	2370	coref	4388
470	-	2372	coref	4343
471	отметил	2374	None	None
472	Ярцев	2382	coref	4343
473	.	2387	None	None
474	Сборная	2390	coref	4344
475	России	2398	coref	4343
476	вылетает	2405	None	None
477	в	2414	None	None
478	Дублин	2416	coref	4349
479	в	2423	None	None
480	пятницу	2425	None	None
481	,	2432	coref	4388
482	5	2434	None	None
483	сентября	2436	None	None
484	,	2444	coref	4388
485	в	2446	None	None
486	10	2448	None	None
487	:	2450	None	None
488	30	2451	None	None
489	мск	2454	None	None
490	из	2458	coref	4350
491	аэропорта	2461	None	None
492	Внуково	2471	None	None
493	.	2478	None	None
494	Начало	2480	None	None
495	матча	2487	None	None
496	в	2493	None	None
497	субботу	2495	None	None
498	,	2502	coref	4388
499	6	2504	None	None
500	сентября	2506	None	None
501	,	2514	coref	4388
502	в	2516	None	None
503	19	2518	None	None
504	:	2520	None	None
505	00	2521	None	None
506	мск	2524	None	None
507	.	2527	None	None
508	Накануне	2529	None	None
509	поздно	2538	None	None
510	вечером	2545	None	None
511	в	2553	None	None
512	кабинете	2555	None	None
513	Георгия	2564	coref	4343
514	Ярцева	2572	coref	4343
515	в	2579	None	None
516	Бору	2581	coref	4383
517	состоялось	2586	None	None
518	собрание	2597	coref	4388
519	с	2606	coref	4388
520	участием	2608	coref	4388
521	Виктора	2617	coref	4361
522	Онопко	2625	coref	4361
523	,	2631	coref	4388
524	Сергея	2633	coref	4353
525	Овчинникова	2640	coref	4353
526	,	2651	coref	4388
527	Алексея	2653	coref	4367
528	Смертина	2661	coref	4367
529	,	2669	coref	4388
530	Александра	2671	coref	4378
531	Мостового	2682	coref	4378
532	и	2692	coref	4388
533	Егора	2694	coref	4377
534	Титова	2700	coref	4377
535	,	2706	coref	4388
536	на	2708	None	None
537	котором	2711	coref	4388
538	капитаном	2719	None	None
539	сборной	2729	coref	4343
540	был	2737	None	None
541	утвержден	2741	None	None
542	Онопко	2751	coref	4361
543	.	2757	None	None
