	word	start_char	type	chain_id
0	Крупная	0	None	None
1	авария	8	None	None
2	на	15	None	None
3	Каширском	18	coref	3504
4	шоссе	28	coref	3504
5	в	34	coref	3504
6	Москве	36	coref	3504
7	:	42	None	None
8	столкнулись	44	None	None
9	9	56	coref	3505
10	машин	58	coref	3505
11	Крупная	65	None	None
12	авария	73	None	None
13	произошла	80	None	None
14	утром	90	None	None
15	3	96	None	None
16	марта	98	None	None
17	на	104	None	None
18	Каширском	107	coref	3504
19	шоссе	117	coref	3504
20	,	122	None	None
21	сообщает	124	None	None
22	«	133	coref	3508
23	Эхо	134	None	None
24	Москвы	138	None	None
25	»	144	coref	3508
26	.	145	None	None
27	В	148	None	None
28	районе	150	coref	3509
29	поворота	157	None	None
30	на	166	None	None
31	Братеево	169	None	None
32	столкнулись	178	None	None
33	сразу	190	None	None
34	семь	196	coref	3506
35	легковых	201	coref	3506
36	автомобилей	210	coref	3506
37	,	221	None	None
38	грузовик	223	coref	3507
39	ЗИЛ	232	coref	3507
40	и	236	None	None
41	автобус	238	coref	3508
42	«	246	coref	3508
43	Икарус	247	coref	3508
44	»	253	coref	3508
45	.	254	None	None
46	Все	256	coref	3505
47	автомобили	260	coref	3505
48	двигались	271	None	None
49	в	281	coref	3504
50	сторону	283	None	None
51	центра	291	None	None
52	.	297	None	None
53	Движение	300	None	None
54	в	309	coref	3504
55	районе	311	coref	3509
56	аварии	318	coref	3509
57	полностью	325	None	None
58	перекрыто	335	None	None
59	,	344	None	None
60	сейчас	346	None	None
61	там	353	coref	3509
62	образовалась	357	None	None
63	огромная	370	None	None
64	пробка	379	None	None
65	.	385	None	None
66	В	388	None	None
67	результате	390	None	None
68	аварии	401	coref	3509
69	пострадало	408	None	None
70	несколько	419	None	None
71	человек	429	None	None
72	,	436	None	None
73	погибших	438	None	None
74	нет	447	None	None
75	.	450	None	None
