	word	start_char	type	chain_id
0	В	0	None	None
1	Иркутске	2	coref	3691
2	на	11	None	None
3	автостоянке	14	coref	3692
4	произошел	26	None	None
5	взрыв	36	None	None
6	Боевая	43	coref	3693
7	граната	50	coref	3693
8	Ф	58	coref	3693
9	-	59	coref	3693
10	1	60	coref	3693
11	с	62	coref	3693
12	выдернутой	64	coref	3693
13	чекой	75	coref	3693
14	обнаружена	81	None	None
15	в	92	coref	3692
16	четверг	94	None	None
17	рано	102	None	None
18	утром	107	None	None
19	на	113	None	None
20	автостоянке	116	coref	3692
21	«	128	coref	3692
22	Баланс	129	coref	3692
23	»	135	coref	3692
24	недалеко	137	coref	3692
25	от	146	coref	3692
26	остановки	149	coref	3692
27	общественного	159	coref	3692
28	транспорта	173	coref	3692
29	«	184	coref	3692
30	Южная	185	coref	3692
31	»	190	coref	3692
32	в	192	coref	3692
33	одном	194	coref	3692
34	из	200	coref	3692
35	«	203	coref	3692
36	спальных	204	coref	3692
37	»	212	coref	3692
38	районов	214	coref	3692
39	Иркутска	222	coref	3691
40	.	230	None	None
41	Примерно	233	None	None
42	в	242	coref	3692
43	5	244	None	None
44	утра	246	None	None
45	по	251	None	None
46	местному	254	None	None
47	времени	263	None	None
48	на	271	None	None
49	этой	274	coref	3692
50	же	279	coref	3692
51	автостоянке	282	coref	3692
52	произошел	294	None	None
53	взрыв	304	None	None
54	.	309	None	None
55	Как	311	None	None
56	выяснилось	315	None	None
57	,	325	None	None
58	около	327	None	None
59	пяти	333	None	None
60	часов	338	None	None
61	утра	344	None	None
62	неизвестные	349	None	None
63	перекинули	361	None	None
64	через	372	None	None
65	забор	378	None	None
66	свето	384	coref	3694
67	-	389	coref	3693
68	шумовую	390	coref	3694
69	гранату	398	coref	3693
70	«	406	coref	3692
71	Заря	407	coref	3694
72	»	411	coref	3692
73	,	412	None	None
74	сообщает	414	None	None
75	«	423	coref	3692
76	Байкал	424	None	None
77	ТВ	431	None	None
78	»	433	coref	3692
79	.	434	None	None
80	Сторожевая	437	coref	3695
81	кавказская	448	coref	3695
82	овчарка	459	coref	3695
83	бросилась	467	None	None
84	на	477	None	None
85	боеприпас	480	coref	3694
86	.	489	None	None
87	В	491	None	None
88	этот	493	None	None
89	момент	498	None	None
90	он	505	coref	3694
91	взорвался	508	None	None
92	.	517	None	None
93	Собака	519	coref	3695
94	погибла	526	None	None
95	.	533	None	None
96	Позже	535	None	None
97	в	541	coref	3692
98	этом	543	None	None
99	месте	548	None	None
100	милиционеры	554	coref	3696
101	нашли	566	None	None
102	фрагменты	572	None	None
103	гранаты	582	coref	3694
104	.	589	None	None
105	В	592	None	None
106	ходе	594	None	None
107	дальнейшего	599	None	None
108	осмотра	611	None	None
109	территории	619	None	None
110	взрывотехники	630	None	None
111	обнаружили	644	None	None
112	еще	655	coref	3693
113	одну	659	coref	3693
114	гранату	664	coref	3693
115	-	672	coref	3693
116	боевую	674	coref	3693
117	Ф	681	coref	3693
118	-	682	coref	3693
119	1	683	coref	3693
120	с	685	coref	3693
121	выдернутой	687	coref	3693
122	чекой	698	coref	3693
123	.	703	None	None
124	Лишь	705	None	None
125	по	710	None	None
126	счастливой	713	None	None
127	случайности	724	None	None
128	та	736	coref	3693
129	не	739	None	None
130	взорвалась	742	None	None
131	,	752	None	None
132	иначе	754	None	None
133	последствия	760	None	None
134	могли	772	None	None
135	быть	778	None	None
136	трагическими	783	None	None
137	.	795	None	None
138	Боеприпас	798	coref	3693
139	мог	808	None	None
140	взорваться	812	None	None
141	при	823	None	None
142	транспортировке	827	None	None
143	,	842	None	None
144	поэтому	844	None	None
145	специалисты	852	None	None
146	приняли	864	None	None
147	решение	872	None	None
148	уничтожить	880	None	None
149	его	891	coref	3693
150	на	895	None	None
151	месте	898	None	None
152	.	903	None	None
153	Для	905	None	None
154	этого	909	None	None
155	гранату	915	coref	3693
156	поместили	923	None	None
157	в	933	coref	3692
158	яму	935	None	None
159	.	938	None	None
160	Прикрепили	940	None	None
161	накладной	951	None	None
162	заряд	961	None	None
163	и	967	None	None
164	взорвали	969	None	None
165	под	978	None	None
166	специальным	982	None	None
167	бронированным	994	None	None
168	колпаком	1008	None	None
169	.	1016	None	None
170	В	1019	None	None
171	ликвидации	1021	None	None
172	снаряда	1032	coref	3693
173	участвовали	1040	None	None
174	около	1052	None	None
175	30	1058	None	None
176	человек	1061	None	None
177	и	1069	None	None
178	7	1071	None	None
179	единиц	1073	None	None
180	техники	1080	None	None
181	.	1087	None	None
182	Никто	1089	None	None
183	не	1095	None	None
184	пострадал	1098	None	None
185	.	1107	None	None
186	У	1110	None	None
187	руководителей	1112	coref	3697
188	автоцентра	1126	coref	3697
189	нет	1137	None	None
190	предположений	1141	None	None
191	,	1154	None	None
192	почему	1156	None	None
193	из	1163	coref	3692
194	десятков	1166	None	None
195	иркутских	1175	None	None
196	автостоянок	1185	None	None
197	преступники	1197	coref	3699
198	решили	1209	None	None
199	взорвать	1216	None	None
200	именно	1225	None	None
201	эту	1232	None	None
202	.	1235	None	None
203	«	1237	coref	3692
204	Ни	1238	None	None
205	с	1241	coref	3693
206	чем	1243	None	None
207	мы	1247	coref	3697
208	это	1250	None	None
209	не	1254	None	None
210	связываем	1257	None	None
211	,	1266	None	None
212	скорее	1268	None	None
213	всего	1275	None	None
214	,	1280	None	None
215	это	1282	None	None
216	просто	1286	None	None
217	хулиганская	1293	None	None
218	выходка	1305	None	None
219	.	1312	None	None
220	Ни	1314	None	None
221	одна	1317	None	None
222	из	1322	coref	3692
223	машин	1325	None	None
224	не	1331	None	None
225	пострадала	1334	None	None
226	,	1344	None	None
227	люди	1346	None	None
228	не	1351	None	None
229	пострадали	1354	None	None
230	.	1364	None	None
231	Погибла	1366	None	None
232	сторожевая	1374	coref	3695
233	собака	1385	coref	3695
234	»	1391	coref	3692
235	,	1392	None	None
236	-	1394	coref	3693
237	сказал	1396	None	None
238	Андрей	1403	None	None
239	Шошин	1410	None	None
240	,	1415	None	None
241	генеральный	1417	None	None
242	директор	1429	None	None
243	автоцентра	1438	coref	3697
244	.	1448	None	None
245	Милиционеры	1451	coref	3696
246	установили	1463	None	None
247	место	1474	coref	3700
248	,	1479	None	None
249	откуда	1481	coref	3700
250	злоумышленники	1488	coref	3699
251	бросали	1503	None	None
252	гранаты	1511	coref	3694
253	.	1518	None	None
254	Оно	1520	coref	3700
255	расположено	1524	None	None
256	в	1536	coref	3692
257	десяти	1538	None	None
258	метрах	1545	None	None
259	от	1552	coref	3692
260	въездных	1555	None	None
261	ворот	1564	None	None
262	.	1569	None	None
263	Там	1571	coref	3700
264	в	1575	coref	3692
265	траве	1577	None	None
266	найдены	1583	None	None
267	две	1591	None	None
268	чеки	1595	None	None
269	от	1600	coref	3692
270	гранат	1603	coref	3701
271	.	1609	None	None
272	По	1611	None	None
273	факту	1614	None	None
274	обнаружения	1620	None	None
275	боеприпаса	1632	coref	3693
276	и	1643	None	None
277	произошедшего	1645	None	None
278	взрыва	1659	None	None
279	возбуждено	1666	None	None
280	уголовное	1677	None	None
281	дело	1687	None	None
282	.	1691	None	None
