	word	start_char	type	chain_id
0	В	0	None	None
1	Дагестане	2	coref	3610
2	задержаны	12	None	None
3	подозреваемые	22	coref	3611
4	во	36	coref	3611
5	взрыве	39	coref	3611
6	на	46	coref	3611
7	железной	49	coref	3611
8	дороге	58	coref	3611
9	в	65	coref	3611
10	новогоднюю	67	coref	3611
11	ночь	78	coref	3611
12	Сотрудники	84	None	None
13	транспортной	95	None	None
14	милиции	108	None	None
15	Дагестана	116	coref	3610
16	задержали	126	None	None
17	четырех	136	coref	3611
18	человек	144	coref	3611
19	,	151	None	None
20	подозреваемых	153	None	None
21	в	167	coref	3611
22	совершении	169	None	None
23	в	180	coref	3611
24	ночь	182	coref	3611
25	с	187	None	None
26	31	189	None	None
27	декабря	192	None	None
28	на	200	coref	3611
29	1	203	None	None
30	января	205	None	None
31	взрыва	212	None	None
32	на	219	coref	3611
33	железнодорожной	222	coref	3612
34	ветке	238	coref	3612
35	Карланюрт	244	coref	3612
36	-	254	coref	3612
37	Кизляр	256	coref	3612
38	.	262	None	None
39	Об	264	None	None
40	этом	267	None	None
41	сообщил	272	None	None
42	начальник	280	None	None
43	Махачкалинского	290	None	None
44	линейного	306	None	None
45	управления	316	None	None
46	внутренних	327	None	None
47	дел	338	None	None
48	на	342	coref	3611
49	транспорте	345	None	None
50	(	356	None	None
51	ЛУВДТ	357	None	None
52	)	362	None	None
53	полковник	364	None	None
54	милиции	374	None	None
55	Ашахан	382	None	None
56	Ашаханов	389	None	None
57	.	397	None	None
58	Инцидент	400	None	None
59	произошел	409	None	None
60	на	419	coref	3611
61	территории	422	None	None
62	Хасавюртовского	433	None	None
63	района	449	None	None
64	,	455	None	None
65	у	457	None	None
66	населенного	459	None	None
67	пункта	471	None	None
68	Садовое	478	None	None
69	.	485	None	None
70	Взрыв	487	None	None
71	прогремел	493	None	None
72	под	503	coref	3611
73	локомотивом	507	coref	3613
74	во	519	coref	3611
75	время	522	None	None
76	прохождения	528	None	None
77	грузового	540	None	None
78	состава	550	None	None
79	.	557	None	None
80	По	559	None	None
81	счастливой	562	None	None
82	случайности	573	None	None
83	,	584	None	None
84	никто	586	None	None
85	не	592	None	None
86	пострадал	595	None	None
87	.	604	None	None
88	В	606	None	None
89	локомотиве	608	coref	3613
90	выбило	619	None	None
91	стекла	626	None	None
92	,	632	None	None
93	из	634	None	None
94	-	636	coref	3612
95	за	637	None	None
96	повреждения	640	None	None
97	нескольких	652	None	None
98	шпал	663	None	None
99	на	668	coref	3611
100	три	671	None	None
101	часа	675	None	None
102	было	680	None	None
103	приостановлено	685	None	None
104	движение	700	None	None
105	на	709	coref	3611
106	магистрали	712	coref	3612
107	.	722	None	None
108	В	725	None	None
109	интересах	727	None	None
110	следствия	737	None	None
111	имена	747	None	None
112	находящихся	753	coref	3611
113	под	765	coref	3611
114	стражей	769	coref	3611
115	не	777	None	None
116	разглашаются	780	None	None
117	,	792	None	None
118	сообщает	794	None	None
119	РИА	803	None	None
120	«	807	None	None
121	Новости	808	None	None
122	»	815	None	None
123	.	816	None	None
124	Согласно	818	None	None
125	новому	827	None	None
126	процессуальному	834	None	None
127	кодексу	850	None	None
128	они	858	coref	3611
129	задержаны	862	None	None
130	по	872	None	None
131	решению	875	None	None
132	суда	883	None	None
133	сроком	888	None	None
134	на	895	coref	3611
135	десять	898	None	None
136	дней	905	None	None
137	,	909	None	None
138	до	911	None	None
139	предъявления	914	None	None
140	обвинения	927	None	None
141	.	936	None	None
