	word	start_char	type	chain_id
0	В	0	None	None
1	Багдаде	2	coref	4498
2	прогремело	10	None	None
3	четыре	21	None	None
4	мощных	28	coref	4499
5	взрыва	35	coref	4499
6	Четыре	43	coref	4499
7	мощных	50	coref	4499
8	взрыва	57	coref	4499
9	прогремели	64	None	None
10	в	75	None	None
11	пятницу	77	None	None
12	в	85	None	None
13	Багдаде	87	coref	4498
14	.	94	None	None
15	Все	96	coref	4499
16	они	100	coref	4499
17	были	104	None	None
18	осуществлены	109	None	None
19	под	122	None	None
20	контролем	126	None	None
21	американских	136	None	None
22	военных	149	None	None
23	.	156	None	None
24	Коалиционные	159	None	None
25	войска	172	None	None
26	произвели	179	None	None
27	запланированное	189	None	None
28	уничтожение	205	None	None
29	неразорвавшихся	217	None	None
30	в	233	None	None
31	ходе	235	None	None
32	силовой	240	None	None
33	операции	248	None	None
34	против	257	None	None
35	Саддама	264	None	None
36	Хусейна	272	None	None
37	снарядов	280	None	None
38	и	289	None	None
39	мин	291	None	None
40	.	294	None	None
41	Один	297	None	None
42	из	302	None	None
43	взрывов	305	None	None
44	был	313	None	None
45	произведен	317	None	None
46	внутри	328	None	None
47	президентского	335	coref	4500
48	комплекса	350	coref	4500
49	,	359	None	None
50	который	361	coref	4500
51	расположен	369	None	None
52	на	380	None	None
53	западном	383	None	None
54	берегу	392	None	None
55	реки	399	None	None
56	Тигр	404	None	None
57	,	408	None	None
58	передает	410	None	None
59	ИТАР	419	None	None
60	-	423	coref	4506
61	ТАСС	424	None	None
62	.	428	None	None
63	Напомним	431	None	None
64	,	439	None	None
65	1	441	None	None
66	мая	443	None	None
67	в	447	None	None
68	Багдаде	449	coref	4498
69	три	457	None	None
70	человека	461	None	None
71	погибли	470	None	None
72	и	478	None	None
73	еще	480	None	None
74	18	484	None	None
75	человек	487	None	None
76	получили	495	None	None
77	ранения	504	None	None
78	в	512	None	None
79	результате	514	None	None
80	взрыва	525	coref	4499
81	бензозаправочной	532	coref	4501
82	станции	549	coref	4501
83	,	556	None	None
84	которая	558	coref	4501
85	взлетела	566	None	None
86	на	575	None	None
87	воздух	578	None	None
88	в	585	None	None
89	результате	587	None	None
90	попадания	598	None	None
91	туда	608	coref	4501
92	одной	613	None	None
93	или	619	None	None
94	нескольких	623	None	None
95	пуль	634	None	None
96	.	638	None	None
97	После	641	None	None
98	этого	647	None	None
99	американские	653	None	None
100	войска	666	None	None
101	в	673	None	None
102	сопровождении	675	None	None
103	танков	689	None	None
104	попытались	696	None	None
105	прикрыть	707	None	None
106	машины	716	coref	4502
107	скорой	723	coref	4502
108	помощи	730	coref	4502
109	,	736	None	None
110	которые	738	coref	4502
111	проследовали	746	None	None
112	в	759	None	None
113	зону	761	coref	4503
114	охваченную	766	None	None
115	пожаром	777	None	None
116	для	785	None	None
117	того	789	None	None
118	,	793	None	None
119	чтобы	795	None	None
120	вытащить	801	None	None
121	оттуда	810	coref	4503
122	людей	817	None	None
123	.	822	None	None
124	Однако	824	None	None
125	толпа	831	None	None
126	иракцев	837	None	None
127	,	844	None	None
128	выкрикивая	846	None	None
129	антиамериканские	857	None	None
130	лозунги	874	None	None
131	,	881	None	None
132	перекрыла	883	None	None
133	движение	893	None	None
134	американцев	902	None	None
135	и	914	None	None
136	даже	916	None	None
137	попыталась	921	None	None
138	сопротивляться	932	None	None
139	военнослужащим	947	None	None
140	США	962	coref	4504
141	.	965	None	None
142	«	968	None	None
143	Такие	969	None	None
144	вещи	975	None	None
145	происходят	980	None	None
146	из	991	None	None
147	-	993	coref	4506
148	за	994	None	None
149	того	997	None	None
150	,	1001	None	None
151	что	1003	None	None
152	сейчас	1007	None	None
153	в	1014	None	None
154	стране	1016	coref	4505
155	нет	1023	None	None
156	никакого	1027	None	None
157	закона	1036	None	None
158	,	1042	None	None
159	-	1044	coref	4506
160	считает	1046	None	None
161	один	1054	coref	4507
162	из	1059	None	None
163	очевидцев	1062	None	None
164	Салик	1072	None	None
165	Алаи	1078	None	None
166	,	1082	None	None
167	-	1084	coref	4506
168	Ничто	1086	None	None
169	в	1092	None	None
170	стране	1094	coref	4505
171	не	1101	None	None
172	контролируется	1104	None	None
173	,	1118	None	None
174	а	1120	None	None
175	американцы	1122	coref	4504
176	не	1133	None	None
177	делают	1136	None	None
178	ничего	1143	None	None
179	,	1149	None	None
180	чтобы	1151	None	None
181	что	1157	None	None
182	-	1160	coref	4506
183	то	1161	None	None
184	контролировать	1164	None	None
185	.	1178	None	None
186	Если	1180	None	None
187	Америка	1185	coref	4504
188	хочет	1193	None	None
189	помочь	1199	None	None
190	,	1205	None	None
191	то	1207	None	None
192	пусть	1210	None	None
193	сделает	1216	None	None
194	что	1224	None	None
195	-	1227	coref	4506
196	нибудь	1228	None	None
197	»	1234	None	None
198	.	1235	None	None
199	«	1238	None	None
200	Я	1239	coref	4506
201	попытался	1241	None	None
202	пробраться	1251	None	None
203	,	1261	None	None
204	чтобы	1263	None	None
205	взять	1269	None	None
206	себе	1275	coref	4506
207	немного	1280	None	None
208	бензина	1288	None	None
209	.	1295	None	None
210	Однако	1297	None	None
211	рядом	1304	None	None
212	со	1310	None	None
213	станцией	1313	coref	4501
214	началась	1322	None	None
215	перестрелка	1331	None	None
216	,	1342	None	None
217	а	1344	None	None
218	еще	1346	None	None
219	через	1350	None	None
220	некоторое	1356	None	None
221	время	1366	None	None
222	я	1372	coref	4506
223	услышал	1374	None	None
224	взрывы	1382	None	None
225	на	1389	None	None
226	станции	1392	coref	4501
227	»	1399	None	None
228	,	1400	None	None
229	-	1402	coref	4506
230	сообщил	1404	None	None
231	Reuters	1412	None	None
232	другой	1420	coref	4506
233	очевидец	1427	coref	4506
234	Муртада	1436	coref	4506
235	Абдель	1444	coref	4506
236	-	1450	coref	4506
237	Али	1451	coref	4506
238	.	1454	None	None
239	Еще	1457	coref	4507
240	один	1461	coref	4507
241	очевидец	1466	coref	4506
242	случившегося	1475	coref	4507
243	Али	1488	coref	4506
244	Азиз	1492	coref	4507
245	рассказал	1497	None	None
246	,	1506	None	None
247	что	1508	None	None
248	послал	1512	None	None
249	своих	1519	coref	4507
250	четырех	1525	coref	4508
251	сыновей	1533	coref	4508
252	,	1540	None	None
253	чтобы	1542	None	None
254	те	1548	None	None
255	добыли	1551	None	None
256	для	1558	None	None
257	него	1562	coref	4507
258	бензин	1567	None	None
259	.	1573	None	None
260	Однако	1575	None	None
261	они	1582	coref	4499
262	также	1586	None	None
263	оказались	1592	None	None
264	в	1602	None	None
265	зоне	1604	None	None
266	охваченной	1609	None	None
267	пожаром	1620	None	None
268	.	1627	None	None
269	Сам	1629	coref	4507
270	Азиз	1633	coref	4507
271	бросился	1638	None	None
272	на	1647	None	None
273	выручку	1650	None	None
274	детей	1658	coref	4508
275	,	1663	None	None
276	но	1665	None	None
277	американские	1668	None	None
278	солдаты	1681	None	None
279	отогнали	1689	None	None
280	его	1698	coref	4507
281	от	1702	None	None
282	места	1705	None	None
283	происшествия	1711	None	None
284	,	1723	None	None
285	так	1725	None	None
286	как	1729	None	None
287	толпа	1733	None	None
288	начала	1739	None	None
289	петь	1746	None	None
290	антиамериканские	1751	None	None
291	песни	1768	None	None
292	и	1774	None	None
293	скандировать	1776	None	None
294	лозунги	1789	None	None
295	«	1797	None	None
296	Буш	1798	None	None
297	уйди	1802	None	None
298	из	1807	None	None
299	страны	1810	coref	4505
300	»	1816	None	None
301	и	1818	None	None
302	«	1820	None	None
303	Америка	1821	coref	4504
304	-	1829	coref	4506
305	враг	1831	None	None
306	Ислама	1836	None	None
307	»	1842	None	None
308	.	1843	None	None
309	По	1846	None	None
310	свидетельству	1849	None	None
311	некоторых	1863	None	None
312	очевидцев	1873	None	None
313	,	1882	None	None
314	виновниками	1884	None	None
315	взрыва	1896	coref	4499
316	стали	1903	None	None
317	сами	1909	None	None
318	жители	1914	None	None
319	города	1921	coref	4498
320	.	1927	None	None
321	Иракцы	1929	None	None
322	,	1935	None	None
323	празднуя	1937	None	None
324	начало	1946	None	None
325	подачи	1953	None	None
326	в	1960	None	None
327	этот	1962	None	None
328	район	1967	None	None
329	Багдада	1973	coref	4498
330	электроэнергии	1981	None	None
331	,	1995	None	None
332	стреляли	1997	None	None
333	в	2006	None	None
334	воздух	2008	None	None
335	неподалеку	2015	None	None
336	от	2026	None	None
337	станции	2029	coref	4501
338	,	2036	None	None
339	после	2038	None	None
340	чего	2044	None	None
341	находящееся	2049	None	None
342	рядом	2061	None	None
343	с	2067	None	None
344	вокзалом	2069	None	None
345	сооружение	2078	coref	4501
346	взорвалось	2089	None	None
347	.	2099	None	None
348	Впрочем	2102	None	None
349	,	2109	None	None
350	американское	2111	None	None
351	командование	2124	None	None
352	рассматривает	2137	None	None
353	еще	2151	None	None
354	две	2155	coref	4509
355	версии	2159	coref	4509
356	.	2165	None	None
357	Согласно	2167	None	None
358	одной	2176	None	None
359	из	2182	None	None
360	них	2185	coref	4509
361	,	2188	None	None
362	американцы	2190	coref	4504
363	не	2201	None	None
364	исключают	2204	None	None
365	,	2213	None	None
366	что	2215	None	None
367	иракские	2219	None	None
368	бандиты	2228	None	None
369	воспользовались	2236	None	None
370	суматохой	2252	None	None
371	,	2261	None	None
372	возникшей	2263	None	None
373	во	2273	None	None
374	время	2276	None	None
375	празднования	2282	None	None
376	,	2294	None	None
377	и	2296	None	None
378	прицельно	2298	None	None
379	стреляли	2308	None	None
380	в	2317	None	None
381	резервуар	2319	None	None
382	с	2329	None	None
383	нефтью	2331	None	None
384	.	2337	None	None
385	Также	2339	None	None
386	рассматривается	2345	None	None
387	версия	2361	coref	4510
388	,	2367	None	None
389	согласно	2369	None	None
390	которой	2378	coref	4510
391	взрыв	2386	None	None
392	произошел	2392	None	None
393	в	2402	None	None
394	результате	2404	None	None
395	перестрелки	2415	None	None
396	между	2427	None	None
397	американскими	2433	None	None
398	военнослужащими	2447	None	None
399	и	2463	None	None
400	иракскими	2465	None	None
401	бандитами	2475	None	None
402	.	2484	None	None
