	word	start_char	type	chain_id
0	Рассмотрение	0	None	None
1	вопроса	13	None	None
2	об	21	None	None
3	освобождении	24	None	None
4	Платона	37	coref	3776
5	Лебедева	45	coref	3776
6	перенесено	54	None	None
7	на	65	None	None
8	15	68	None	None
9	октября	71	None	None
10	Мосгорсуд	80	coref	3777
11	отложил	90	None	None
12	на	98	None	None
13	15	101	None	None
14	октября	104	None	None
15	рассмотрение	112	None	None
16	кассационной	125	coref	3778
17	жалобы	138	coref	3778
18	адвокатов	145	coref	3778
19	председателя	155	coref	3776
20	Совета	168	coref	3776
21	директоров	175	coref	3776
22	ЗАО	186	coref	3776
23	МФО	190	coref	3776
24	МЕНАТЕП	194	coref	3776
25	,	201	coref	3776
26	совладельца	203	coref	3776
27	нефтяной	215	coref	3776
28	компании	224	coref	3776
29	ЮКОС	233	coref	3776
30	Платона	238	coref	3776
31	Лебедева	246	coref	3776
32	.	254	None	None
33	Один	257	coref	3781
34	из	262	coref	3781
35	защитников	265	coref	3781
36	Лебедева	276	coref	3776
37	Евгений	285	coref	3781
38	Бару	293	coref	3781
39	сообщил	298	None	None
40	РИА	306	None	None
41	«	310	None	None
42	Новости	311	None	None
43	»	318	None	None
44	,	319	coref	3776
45	что	321	None	None
46	слушание	325	None	None
47	перенесено	334	None	None
48	в	345	None	None
49	связи	347	None	None
50	с	353	None	None
51	тем	355	None	None
52	,	358	coref	3776
53	что	360	None	None
54	члены	364	None	None
55	судебной	370	None	None
56	коллегии	379	None	None
57	не	388	None	None
58	получили	391	None	None
59	расширенную	400	coref	3778
60	кассационную	412	coref	3778
61	жалобу	425	coref	3778
62	от	432	coref	3778
63	арестованного	435	coref	3776
64	.	448	None	None
65	Другой	451	coref	3783
66	адвокат	458	coref	3783
67	Лебедева	466	coref	3776
68	-	475	coref	3783
69	Антон	477	coref	3783
70	Дрель	483	coref	3783
71	не	489	None	None
72	смог	492	None	None
73	присутствовать	497	None	None
74	в	512	None	None
75	суде	514	coref	3777
76	в	519	None	None
77	связи	521	None	None
78	с	527	None	None
79	проводимыми	529	None	None
80	сегодня	541	None	None
81	обысками	549	None	None
82	в	558	None	None
83	ЮКОСе	560	coref	3780
84	.	565	None	None
85	Адвокаты	568	coref	3782
86	оспаривают	577	None	None
87	решение	588	None	None
88	Басманного	596	coref	3784
89	суда	607	coref	3784
90	Москвы	612	coref	3784
91	,	618	coref	3776
92	который	620	coref	3784
93	28	628	None	None
94	августа	631	None	None
95	оставил	639	None	None
96	Лебедева	647	coref	3776
97	под	656	None	None
98	стражей	660	None	None
99	еще	668	None	None
100	на	672	None	None
101	2	675	None	None
102	месяца	677	None	None
103	-	684	coref	3783
104	до	686	None	None
105	30	689	None	None
106	октября	692	None	None
107	.	699	None	None
108	Тем	701	None	None
109	самым	705	None	None
110	суд	711	coref	3777
111	удовлетворил	715	None	None
112	соответствующее	728	None	None
113	ходатайство	744	None	None
114	Генпрокуратуры	756	coref	3785
115	РФ	771	coref	3785
116	.	773	None	None
117	В	776	None	None
118	своей	778	coref	3776
119	кассационной	784	coref	3778
120	жалобе	797	coref	3778
121	,	803	coref	3776
122	как	805	None	None
123	пояснили	809	None	None
124	защитники	818	coref	3782
125	,	827	coref	3776
126	Лебедев	829	coref	3776
127	просит	837	None	None
128	вышестоящую	844	coref	3777
129	инстанцию	856	coref	3777
130	изменить	866	None	None
131	ему	875	coref	3776
132	меру	879	None	None
133	пресечения	884	None	None
134	.	894	None	None
135	Адвокаты	896	coref	3782
136	намерены	905	None	None
137	просить	914	None	None
138	суд	922	coref	3777
139	выпустить	926	None	None
140	своего	936	coref	3776
141	подзащитного	943	coref	3776
142	под	956	None	None
143	залог	960	None	None
144	в	966	None	None
145	любом	968	None	None
146	размере	974	None	None
147	,	981	coref	3776
148	подписку	983	None	None
149	о	992	None	None
150	невыезде	994	None	None
151	,	1002	coref	3776
152	а	1004	None	None
153	также	1006	None	None
154	под	1012	None	None
155	личное	1016	None	None
156	поручительство	1023	None	None
157	ряда	1038	None	None
158	граждан	1043	None	None
159	,	1050	coref	3776
160	в	1052	None	None
161	том	1054	None	None
162	числе	1058	None	None
163	депутатов	1064	None	None
164	Госдумы	1074	coref	3787
165	,	1081	coref	3776
166	сообщил	1083	None	None
167	Евгений	1091	coref	3781
168	Бару	1099	coref	3781
169	.	1103	None	None
170	Защита	1106	coref	3782
171	считает	1113	None	None
172	,	1120	coref	3776
173	что	1122	None	None
174	суд	1126	coref	3777
175	незаконно	1130	None	None
176	оставил	1140	None	None
177	Лебедева	1148	coref	3776
178	под	1157	None	None
179	стражей	1161	None	None
180	.	1168	None	None
181	Адвокат	1170	coref	3781
182	Лебедева	1178	coref	3776
183	Евгений	1187	coref	3781
184	Бару	1195	coref	3781
185	утверждал	1200	None	None
186	,	1209	coref	3776
187	в	1211	None	None
188	частности	1213	None	None
189	,	1222	coref	3776
190	что	1224	None	None
191	судья	1228	None	None
192	Наталья	1234	None	None
193	Дударь	1242	None	None
194	незаконно	1249	None	None
195	допустила	1259	None	None
196	к	1269	None	None
197	участию	1271	None	None
198	в	1279	None	None
199	заседании	1281	None	None
200	представителя	1291	coref	3788
201	прокуратуры	1305	coref	3785
202	Валерия	1317	coref	3788
203	Лахтина	1325	coref	3788
204	,	1332	coref	3776
205	у	1334	None	None
206	которого	1336	coref	3788
207	не	1345	None	None
208	было	1348	None	None
209	поручения	1353	None	None
210	на	1363	None	None
211	участие	1366	None	None
212	в	1374	None	None
213	судебном	1376	None	None
214	заседании	1385	None	None
215	.	1394	None	None
216	Глава	1397	coref	3776
217	МЕНАТЕП	1403	coref	3776
218	,	1410	coref	3776
219	совладелец	1412	coref	3776
220	нефтяной	1423	coref	3776
221	компании	1432	coref	3776
222	ЮКОС	1441	coref	3776
223	Платон	1446	coref	3776
224	Лебедев	1453	coref	3776
225	был	1461	None	None
226	задержан	1465	None	None
227	2	1474	None	None
228	июля	1476	None	None
229	и	1481	None	None
230	помещен	1483	None	None
231	в	1491	None	None
232	СИЗО	1493	None	None
233	Лефортово	1498	None	None
234	.	1507	None	None
235	Основанием	1509	None	None
236	для	1520	None	None
237	задержания	1524	None	None
238	и	1535	None	None
239	возбуждения	1537	None	None
240	в	1549	None	None
241	отношении	1551	None	None
242	него	1561	coref	3776
243	Генпрокуратурой	1566	coref	3785
244	уголовного	1582	None	None
245	дела	1593	None	None
246	послужили	1598	None	None
247	материалы	1608	None	None
248	проверки	1618	None	None
249	обращения	1627	None	None
250	депутата	1637	None	None
251	Госдумы	1646	coref	3787
252	Владимира	1654	None	None
253	Юдина	1664	None	None
254	.	1669	None	None
255	3	1672	None	None
256	июля	1674	None	None
257	Басманный	1679	coref	3784
258	суд	1689	coref	3777
259	удовлетворил	1693	None	None
260	ходатайство	1706	None	None
261	Генпрокуратуры	1718	coref	3785
262	и	1733	None	None
263	дал	1735	None	None
264	санкцию	1739	None	None
265	на	1747	None	None
266	арест	1750	None	None
267	Платона	1756	coref	3776
268	Лебедева	1764	coref	3776
269	.	1772	None	None
270	Прокуратура	1775	coref	3785
271	инкриминирует	1787	None	None
272	Лебедеву	1801	coref	3776
273	хищение	1810	None	None
274	в	1818	None	None
275	1994	1820	None	None
276	году	1825	None	None
277	20	1830	None	None
278	-	1832	coref	3783
279	процентного	1833	None	None
280	пакета	1845	None	None
281	акций	1852	None	None
282	ОАО	1858	None	None
283	«	1862	None	None
284	Апатит	1863	None	None
285	»	1869	None	None
286	,	1870	coref	3776
287	принадлежащего	1872	None	None
288	государству	1887	coref	3786
289	,	1898	coref	3776
290	на	1900	None	None
291	сумму	1903	None	None
292	283	1909	None	None
293	млн	1913	None	None
294	142	1917	None	None
295	тыс	1921	None	None
296	.	1924	None	None
297	долларов	1926	None	None
298	.	1934	None	None
299	Лебедеву	1936	coref	3776
300	предъявлено	1945	None	None
301	обвинение	1957	None	None
302	в	1967	None	None
303	мошенничестве	1969	None	None
304	путем	1983	None	None
305	хищения	1989	None	None
306	в	1997	None	None
307	крупных	1999	None	None
308	размерах	2007	None	None
309	,	2015	coref	3776
310	умышленном	2017	None	None
311	причинении	2028	None	None
312	имущественного	2039	None	None
313	ущерба	2054	None	None
314	и	2061	None	None
315	неисполнении	2063	None	None
316	судебного	2076	None	None
317	решения	2086	None	None
318	,	2093	coref	3776
319	а	2095	None	None
320	также	2097	None	None
321	в	2103	None	None
322	уклонении	2105	None	None
323	от	2115	coref	3778
324	уплаты	2118	None	None
325	налогов	2125	None	None
326	.	2132	None	None
327	Генеральная	2135	coref	3785
328	прокуратура	2147	coref	3785
329	России	2159	coref	3785
330	22	2166	None	None
331	августа	2169	None	None
332	завершила	2177	None	None
333	расследование	2187	None	None
334	уголовного	2201	None	None
335	дела	2212	None	None
336	в	2217	None	None
337	отношении	2219	None	None
338	Платона	2229	coref	3776
339	Лебедева	2237	coref	3776
340	.	2245	None	None
341	Адвокаты	2247	coref	3782
342	и	2256	None	None
343	обвиняемый	2258	coref	3776
344	знакомятся	2269	None	None
345	с	2280	None	None
346	материалами	2282	None	None
347	дела	2294	None	None
348	.	2298	None	None
349	По	2301	None	None
350	данным	2304	None	None
351	адвоката	2311	coref	3781
352	Лебедева	2320	coref	3776
353	Евгения	2329	coref	3781
354	Бару	2337	coref	3781
355	,	2341	coref	3776
356	дело	2343	None	None
357	Лебедева	2348	coref	3776
358	составляет	2357	None	None
359	146	2368	None	None
360	томов	2372	None	None
361	,	2377	coref	3776
362	по	2379	None	None
363	200	2382	None	None
364	листов	2386	None	None
365	в	2393	None	None
366	каждом	2395	None	None
367	томе	2402	None	None
368	.	2406	None	None
369	Адвокат	2408	coref	3781
370	затруднился	2416	None	None
371	сказать	2428	None	None
372	,	2435	coref	3776
373	сколько	2437	None	None
374	времени	2445	None	None
375	потребуется	2453	None	None
376	защите	2465	coref	3782
377	и	2472	None	None
378	обвиняемому	2474	coref	3776
379	для	2486	None	None
380	того	2490	None	None
381	,	2494	coref	3776
382	чтобы	2496	None	None
383	изучить	2502	None	None
384	материалы	2510	None	None
385	дела	2520	None	None
386	.	2524	None	None
387	В	2527	None	None
388	Генпрокуратуре	2529	coref	3785
389	считают	2544	None	None
390	,	2551	coref	3776
391	что	2553	None	None
392	Лебедев	2557	coref	3776
393	мог	2565	None	None
394	скрыться	2569	None	None
395	от	2578	coref	3778
396	следствия	2581	None	None
397	,	2590	coref	3776
398	и	2592	None	None
399	именно	2594	None	None
400	этим	2601	None	None
401	объясняется	2606	None	None
402	выбранная	2618	None	None
403	для	2628	None	None
404	него	2632	coref	3776
405	мера	2637	None	None
406	пресечения	2642	None	None
407	-	2653	coref	3783
408	содержание	2655	None	None
409	под	2666	None	None
410	стражей	2670	None	None
411	.	2677	None	None
