	word	start_char	type	chain_id
0	Более	0	None	None
1	10	6	coref	4824
2	тысяч	9	coref	4824
3	сторонников	15	None	None
4	главы	27	coref	4818
5	Аджарии	33	coref	4818
6	Аслана	41	coref	4818
7	Абашидзе	48	coref	4818
8	собрались	57	None	None
9	на	67	None	None
10	митинг	70	None	None
11	в	77	coref	4818
12	Тбилиси	79	coref	4820
13	В	88	None	None
14	Тбилиси	90	coref	4820
15	на	98	None	None
16	площади	101	coref	4821
17	перед	109	coref	4821
18	зданием	115	coref	4821
19	парламента	123	coref	4821
20	начался	134	None	None
21	митинг	142	None	None
22	жителей	149	None	None
23	столицы	157	coref	4820
24	и	165	coref	4825
25	других	167	None	None
26	регионов	174	None	None
27	Грузии	183	coref	4818
28	в	190	coref	4818
29	поддержку	192	None	None
30	действующей	202	coref	4823
31	Конституции	214	coref	4823
32	.	225	None	None
33	На	227	None	None
34	проспекте	230	coref	4821
35	Руставели	240	coref	4821
36	в	250	coref	4818
37	настоящее	252	None	None
38	время	262	None	None
39	находятся	268	None	None
40	,	277	None	None
41	по	279	None	None
42	оценке	282	None	None
43	правоохранительных	289	None	None
44	органов	308	None	None
45	,	315	None	None
46	более	317	coref	4824
47	10	323	coref	4824
48	тысяч	326	coref	4824
49	человек	332	coref	4824
50	,	339	None	None
51	сообщает	341	None	None
52	«	350	coref	4825
53	Интерфакс	351	None	None
54	»	360	coref	4825
55	.	361	None	None
56	Большая	364	None	None
57	часть	372	None	None
58	из	378	coref	4828
59	них	381	coref	4824
60	участвовала	385	None	None
61	в	397	coref	4818
62	состоявшемся	399	None	None
63	во	412	None	None
64	вторник	415	None	None
65	во	423	None	None
66	Дворце	426	None	None
67	спорта	433	None	None
68	форуме	440	coref	4826
69	,	446	None	None
70	организованном	448	None	None
71	партией	463	coref	4825
72	Аслана	471	coref	4818
73	Абашидзе	478	coref	4818
74	-	487	coref	4818
75	главы	489	coref	4818
76	автономии	495	coref	4818
77	в	505	coref	4818
78	составе	507	coref	4818
79	Грузии	515	coref	4818
80	Аджарии	522	coref	4818
81	-	530	coref	4818
82	«	532	coref	4825
83	Союз	533	coref	4825
84	демократического	538	coref	4825
85	возрождения	555	coref	4825
86	»	566	coref	4825
87	.	567	None	None
88	На	570	None	None
89	форуме	573	coref	4826
90	его	580	coref	4825
91	организаторами	584	coref	4825
92	было	599	None	None
93	заявлено	604	None	None
94	,	612	None	None
95	что	614	None	None
96	«	618	coref	4825
97	народ	619	coref	4827
98	Грузии	625	coref	4818
99	противопоставит	632	None	None
100	свою	648	coref	4827
101	силу	653	None	None
102	фашистам	658	None	None
103	и	667	coref	4825
104	экстремистам	669	None	None
105	,	681	None	None
106	рвущимся	683	None	None
107	к	692	None	None
108	власти	694	None	None
109	»	700	coref	4825
110	.	701	None	None
111	Один	704	coref	4828
112	из	709	coref	4828
113	организаторов	712	coref	4825
114	форума	726	coref	4825
115	и	733	coref	4825
116	митинга	735	coref	4825
117	Цотнэ	743	coref	4828
118	Бакурия	749	coref	4828
119	сказал	757	None	None
120	журналистам	764	None	None
121	,	775	None	None
122	что	777	None	None
123	«	781	coref	4825
124	лидер	782	coref	4829
125	так	788	coref	4829
126	называемой	792	coref	4829
127	оппозиции	803	coref	4829
128	Михаил	813	coref	4829
129	Саакашвили	820	coref	4829
130	желал	831	None	None
131	собрать	837	None	None
132	народ	845	coref	4827
133	на	851	None	None
134	митинг	854	None	None
135	,	860	None	None
136	и	862	coref	4825
137	народ	864	coref	4827
138	пришел	870	None	None
139	,	876	None	None
140	но	878	None	None
141	Саакашвили	881	coref	4829
142	не	892	None	None
143	место	895	None	None
144	среди	901	None	None
145	народа	907	None	None
146	Грузии	914	coref	4818
147	»	920	coref	4825
148	.	921	None	None
149	По	924	None	None
150	его	927	coref	4825
151	словам	931	None	None
152	,	937	None	None
153	собравшиеся	939	None	None
154	на	951	None	None
155	площади	954	coref	4821
156	люди	962	None	None
157	-	967	coref	4818
158	«	969	coref	4825
159	далеко	970	None	None
160	не	977	None	None
161	в	980	coref	4818
162	восторге	982	None	None
163	от	991	None	None
164	правления	994	None	None
165	президента	1004	coref	4830
166	Шеварднадзе	1015	coref	4830
167	,	1026	None	None
168	но	1028	None	None
169	все	1031	None	None
170	процессы	1035	None	None
171	,	1043	None	None
172	в	1045	coref	4818
173	том	1047	None	None
174	числе	1051	None	None
175	и	1057	coref	4825
176	протест	1059	None	None
177	народа	1067	None	None
178	,	1073	None	None
179	должен	1075	None	None
180	происходить	1082	None	None
181	в	1094	coref	4818
182	рамках	1096	None	None
183	действующей	1103	coref	4823
184	Конституции	1115	coref	4823
185	»	1126	coref	4825
186	.	1127	None	None
187	Однако	1129	None	None
188	телекомпания	1136	None	None
189	«	1149	coref	4825
190	Рустави	1150	None	None
191	-	1157	coref	4818
192	2	1158	coref	4833
193	»	1159	coref	4825
194	сообщила	1161	None	None
195	,	1169	None	None
196	что	1171	None	None
197	участники	1175	None	None
198	этого	1185	None	None
199	митинга	1191	coref	4825
200	в	1199	coref	4818
201	Тбилиси	1201	coref	4820
202	были	1209	None	None
203	«	1214	coref	4825
204	насильственно	1215	None	None
205	мобилизованы	1229	None	None
206	властями	1242	None	None
207	на	1251	None	None
208	разных	1254	None	None
209	предприятиях	1261	None	None
210	Тбилиси	1274	coref	4820
211	»	1281	coref	4825
212	.	1282	None	None
213	Между	1285	None	None
214	тем	1291	None	None
215	лидеры	1295	coref	4831
216	радикальной	1302	coref	4831
217	оппозиции	1314	coref	4829
218	намерены	1324	None	None
219	провести	1333	None	None
220	во	1342	None	None
221	вторник	1345	None	None
222	свой	1353	coref	4831
223	многотысячный	1358	None	None
224	митинг	1372	None	None
225	с	1379	None	None
226	требованием	1381	None	None
227	отставки	1393	None	None
228	президента	1402	coref	4830
229	в	1413	coref	4818
230	городе	1415	None	None
231	Рустави	1422	None	None
232	.	1429	None	None
233	Радикальная	1432	coref	4832
234	грузинская	1444	coref	4832
235	оппозиция	1455	coref	4832
236	,	1464	None	None
237	недовольная	1466	None	None
238	итогами	1478	None	None
239	парламентских	1486	coref	4833
240	выборов	1500	coref	4833
241	2	1508	coref	4833
242	ноября	1510	coref	4833
243	,	1516	None	None
244	выступает	1518	None	None
245	за	1528	None	None
246	их	1531	coref	4833
247	отмену	1534	None	None
248	и	1541	coref	4825
249	отставку	1543	None	None
250	главы	1552	coref	4818
251	республики	1558	coref	4822
252	Эдуарда	1569	coref	4830
253	Шеварднадзе	1577	coref	4830
254	.	1588	None	None
