	word	start_char	type	chain_id
0	Коллекция	0	coref	5177
1	Фаберже	10	coref	5177
2	,	17	None	None
3	оцененная	19	None	None
4	в	29	None	None
5	90	31	None	None
6	млн	34	None	None
7	долларов	38	None	None
8	,	46	None	None
9	уйдет	48	None	None
10	с	54	None	None
11	аукциона	56	None	None
12	Коллекция	66	coref	5177
13	изделий	76	coref	5177
14	Фаберже	84	coref	5177
15	,	91	None	None
16	включая	93	None	None
17	8	101	coref	5179
18	пасхальных	103	coref	5179
19	яиц	114	coref	5179
20	,	117	None	None
21	оцененная	119	None	None
22	в	129	None	None
23	90	131	None	None
24	млн	134	None	None
25	долларов	138	None	None
26	,	146	None	None
27	будет	148	None	None
28	выставлена	154	None	None
29	на	165	None	None
30	аукционе	168	None	None
31	в	177	None	None
32	Нью	179	None	None
33	-	182	None	None
34	Йорке	183	None	None
35	в	189	None	None
36	апреле	191	None	None
37	этого	198	None	None
38	года	204	None	None
39	.	208	None	None
40	Предлагаемые	210	None	None
41	на	223	None	None
42	продажу	226	None	None
43	яйца	234	coref	5179
44	Фаберже	239	coref	5177
45	принадлежали	247	None	None
46	династии	260	None	None
47	русских	269	None	None
48	царей	277	None	None
49	.	282	None	None
50	Владельцем	285	None	None
51	коллекции	296	coref	5177
52	,	305	None	None
53	которая	307	coref	5177
54	считается	315	None	None
55	самым	325	None	None
56	крупным	331	None	None
57	частным	339	None	None
58	собранием	347	None	None
59	в	357	None	None
60	мире	359	None	None
61	,	363	None	None
62	является	365	None	None
63	семья	374	None	None
64	умершего	380	None	None
65	американского	389	None	None
66	миллионера	403	None	None
67	Малкольма	414	None	None
68	Форбса	424	None	None
69	,	430	None	None
70	владельца	432	None	None
71	и	442	None	None
72	издателя	444	None	None
73	одноименного	453	None	None
74	журнала	466	None	None
75	.	473	None	None
76	Продать	476	None	None
77	коллекцию	484	coref	5177
78	,	493	None	None
79	состоящую	495	None	None
80	из	505	None	None
81	около	508	None	None
82	190	514	None	None
83	предметов	518	None	None
84	,	527	None	None
85	поручено	529	None	None
86	фирме	538	None	None
87	Sotheby	544	None	None
88	'	551	None	None
89	s	552	None	None
90	20	554	None	None
91	-	556	None	None
92	21	557	None	None
93	апреля	560	None	None
94	.	566	None	None
95	Среди	568	None	None
96	наиболее	574	None	None
97	ценных	583	None	None
98	объектов	590	None	None
99	-	599	None	None
100	изготовленное	601	None	None
101	Фаберже	615	coref	5177
102	«	623	coref	5180
103	Яйцо	624	coref	5180
104	Коронация	629	coref	5180
105	»	638	coref	5180
106	,	639	None	None
107	заказанное	641	None	None
108	царем	652	coref	5181
109	Николаем	658	coref	5181
110	II	667	coref	5181
111	к	670	None	None
112	первой	672	None	None
113	Пасхе	679	None	None
114	после	685	None	None
115	своего	691	coref	5181
116	восхождения	698	None	None
117	на	710	None	None
118	трон	713	None	None
119	в	718	None	None
120	1897	720	None	None
121	году	725	None	None
122	,	729	None	None
123	в	731	None	None
124	возрасте	733	None	None
125	28	742	None	None
126	лет	745	None	None
127	.	748	None	None
128	Оно	750	coref	5180
129	оценивается	754	None	None
130	в	766	None	None
131	18	768	None	None
132	-	770	None	None
133	24	771	None	None
134	млн	774	None	None
135	долларов	778	None	None
136	,	786	None	None
137	сообщает	788	None	None
138	«	797	coref	5180
139	Интерфакс	798	None	None
140	»	807	coref	5180
141	.	808	None	None
