	word	start_char	type	chain_id
0	В	0	None	None
1	Сочи	2	coref	5182
2	открывается	7	None	None
3	фестиваль	19	None	None
4	«	29	coref	5190
5	Кинотавр	30	None	None
6	»	38	coref	5190
7	Торжественная	41	None	None
8	церемония	55	None	None
9	открытия	65	None	None
10	XV	74	None	None
11	Российского	77	None	None
12	и	89	None	None
13	XI	91	None	None
14	Международного	94	None	None
15	кинофестивалей	109	None	None
16	«	124	coref	5190
17	Кинотавр	125	None	None
18	»	133	coref	5190
19	пройдет	135	None	None
20	в	143	None	None
21	среду	145	None	None
22	вечером	151	None	None
23	в	159	None	None
24	Зимнем	161	None	None
25	театре	168	None	None
26	Сочи	175	coref	5182
27	.	179	None	None
28	Для	181	None	None
29	участия	185	None	None
30	в	193	None	None
31	фестивале	195	None	None
32	в	205	None	None
33	Сочи	207	coref	5182
34	прибыли	212	None	None
35	более	220	None	None
36	70	226	None	None
37	деятелей	229	None	None
38	отечественного	238	None	None
39	киноискусства	253	None	None
40	.	266	None	None
41	Церемонию	268	None	None
42	будут	278	None	None
43	вести	284	None	None
44	президент	290	None	None
45	кинокомпании	300	None	None
46	«	313	coref	5190
47	Кинотавр	314	None	None
48	»	322	coref	5190
49	Марк	324	None	None
50	Рудинштейн	329	None	None
51	и	340	None	None
52	президент	342	None	None
53	фестиваля	352	None	None
54	Олег	362	None	None
55	Янковский	367	None	None
56	.	376	None	None
57	В	379	None	None
58	конкурсах	381	None	None
59	и	391	None	None
60	спецпоказах	393	None	None
61	XV	405	None	None
62	Российского	408	None	None
63	и	420	None	None
64	XI	422	None	None
65	Международного	425	None	None
66	кинофестивалей	440	None	None
67	«	455	coref	5190
68	Кинотавр	456	None	None
69	»	464	coref	5190
70	участвуют	466	None	None
71	133	476	coref	5183
72	картины	480	coref	5183
73	.	487	None	None
74	Среди	489	None	None
75	них	495	coref	5183
76	17	499	coref	5184
77	лент	502	coref	5184
78	-	507	None	None
79	в	509	None	None
80	конкурсной	511	None	None
81	программе	522	None	None
82	российского	532	None	None
83	«	544	coref	5190
84	Кинотавра	545	None	None
85	»	554	coref	5190
86	,	555	None	None
87	16	557	coref	5187
88	фильмов	560	coref	5186
89	-	568	None	None
90	в	570	None	None
91	конкурсе	572	None	None
92	международного	581	None	None
93	«	596	coref	5190
94	Кинотавра	597	None	None
95	»	606	coref	5190
96	и	608	None	None
97	39	610	coref	5185
98	лент	613	coref	5184
99	-	618	None	None
100	в	620	None	None
101	конкурсе	622	None	None
102	«	631	coref	5190
103	Дебют	632	None	None
104	-	637	None	None
105	Кинотавр	638	None	None
106	.	646	None	None
107	Короткий	648	None	None
108	метр	657	None	None
109	»	661	coref	5190
110	.	662	None	None
111	26	665	coref	5186
112	фильмов	668	coref	5186
113	будут	676	None	None
114	демонстрироваться	682	None	None
115	во	700	None	None
116	внеконкурсной	703	None	None
117	программе	717	None	None
118	российского	727	None	None
119	«	739	coref	5190
120	Кинотавра	740	None	None
121	»	749	coref	5190
122	и	751	None	None
123	16	753	coref	5187
124	лент	756	coref	5184
125	-	761	None	None
126	во	763	None	None
127	внеконкурсной	766	None	None
128	программе	780	None	None
129	международного	790	None	None
130	«	805	coref	5190
131	Кинотавра	806	None	None
132	»	815	coref	5190
133	.	816	None	None
134	Кроме	818	None	None
135	того	824	None	None
136	,	828	None	None
137	25	830	coref	5188
138	фильмов	833	coref	5186
139	пройдут	841	None	None
140	в	849	None	None
141	ретроспективных	851	None	None
142	программах	867	None	None
143	.	877	None	None
144	Из	880	None	None
145	отечественных	883	coref	5189
146	кинолент	897	coref	5189
147	в	906	None	None
148	конкурс	908	None	None
149	отобраны	916	None	None
150	фильмы	925	None	None
151	«	932	coref	5190
152	О	933	coref	5190
153	любви	935	coref	5190
154	»	940	coref	5190
155	Сергея	942	coref	5190
156	Соловьева	949	coref	5190
157	,	958	None	None
158	«	960	coref	5190
159	Игры	961	coref	5191
160	мотыльков	966	coref	5191
161	»	975	coref	5190
162	Андрея	977	coref	5191
163	Прошкина	984	coref	5191
164	,	992	None	None
165	«	994	coref	5190
166	72	995	coref	5192
167	метра	998	coref	5192
168	»	1003	coref	5190
169	Владимира	1005	coref	5192
170	Хотиненко	1015	coref	5192
171	.	1024	None	None
172	Председателя	1027	None	None
173	жюри	1040	None	None
174	российского	1045	None	None
175	конкурса	1057	None	None
176	объявят	1066	None	None
177	во	1074	None	None
178	время	1077	None	None
179	церемонии	1083	None	None
180	открытия	1093	None	None
181	.	1101	None	None
182	Жюри	1103	None	None
183	международного	1108	None	None
184	конкурса	1123	None	None
185	возглавит	1132	None	None
186	иранский	1142	None	None
187	режиссер	1151	None	None
188	Джафар	1160	None	None
189	Панахи	1167	None	None
190	,	1173	None	None
191	победитель	1175	None	None
192	Венецианского	1186	None	None
193	кинофестиваля	1200	None	None
194	(	1214	None	None
195	фильм	1215	None	None
196	«	1221	coref	5190
197	Круг	1222	None	None
198	»	1226	coref	5190
199	)	1227	None	None
200	.	1228	None	None
201	«	1230	coref	5190
202	Кинотавр	1231	None	None
203	»	1239	coref	5190
204	продлится	1241	None	None
205	до	1251	None	None
206	15	1254	None	None
207	мая	1257	None	None
208	.	1260	None	None
