	word	start_char	type	chain_id
0	Басков	0	coref	5159
1	попросил	7	None	None
2	увеличить	16	None	None
3	цены	26	None	None
4	на	31	coref	5167
5	свои	34	coref	5159
6	спектакли	39	coref	5167
7	в	49	None	None
8	Нижнем	51	coref	5160
9	,	57	None	None
10	чтобы	59	None	None
11	помочь	65	None	None
12	горожанам	72	coref	5161
13	Заслуженный	83	coref	5159
14	артист	95	coref	5159
15	России	102	coref	5159
16	Николай	109	coref	5159
17	Басков	117	coref	5159
18	впервые	124	None	None
19	выступит	132	None	None
20	на	141	coref	5167
21	сцене	144	None	None
22	Нижегородского	150	coref	5163
23	театра	165	coref	5163
24	оперы	172	coref	5163
25	и	178	coref	5163
26	балета	180	coref	5163
27	23	187	None	None
28	ноября	190	None	None
29	в	197	None	None
30	концерте	199	None	None
31	«	208	None	None
32	Николай	209	coref	5159
33	Басков	217	coref	5159
34	представляет	224	None	None
35	»	236	None	None
36	.	237	None	None
37	Об	239	None	None
38	этом	242	None	None
39	сообщила	247	None	None
40	коллегия	256	None	None
41	по	265	None	None
42	развитию	268	None	None
43	Нижнего	277	coref	5160
44	Новгорода	285	coref	5160
45	как	295	coref	5169
46	столицы	299	None	None
47	Приволжского	307	None	None
48	федерального	320	None	None
49	округа	333	None	None
50	.	339	None	None
51	В	342	None	None
52	настоящее	344	None	None
53	время	354	None	None
54	свое	360	coref	5164
55	участие	365	None	None
56	в	373	None	None
57	концерте	375	None	None
58	подтвердили	384	None	None
59	солистки	396	coref	5164
60	Государственного	405	coref	5164
61	академического	422	coref	5164
62	Большого	437	coref	5164
63	театра	446	coref	5163
64	России	453	coref	5159
65	Заслуженная	460	coref	5165
66	артистка	472	coref	5165
67	России	481	coref	5159
68	Лариса	488	coref	5165
69	Рудакова	495	coref	5165
70	(	504	None	None
71	сопрано	505	None	None
72	)	512	None	None
73	и	514	coref	5163
74	Народная	516	coref	5166
75	артистка	525	coref	5165
76	России	534	coref	5159
77	Мария	541	coref	5166
78	Гаврилова	547	coref	5166
79	(	557	None	None
80	сопрано	558	None	None
81	)	565	None	None
82	.	566	None	None
83	Кроме	569	None	None
84	того	575	None	None
85	,	579	None	None
86	25	581	None	None
87	ноября	584	None	None
88	Басков	591	coref	5159
89	исполнит	598	None	None
90	партию	607	None	None
91	Ленского	614	None	None
92	в	623	None	None
93	опере	625	None	None
94	«	631	None	None
95	Евгений	632	None	None
96	Онегин	640	None	None
97	»	646	None	None
98	,	647	None	None
99	а	649	None	None
100	27	651	None	None
101	ноября	654	None	None
102	примет	661	None	None
103	участие	668	None	None
104	в	676	None	None
105	закрытии	678	None	None
106	фестиваля	687	None	None
107	«	697	None	None
108	Болдинская	698	None	None
109	осень	709	None	None
110	»	714	None	None
111	,	715	None	None
112	сообщает	717	None	None
113	«	726	None	None
114	Интерфакс	727	None	None
115	»	736	None	None
116	.	737	None	None
117	В	740	None	None
118	пресс	742	None	None
119	-	747	None	None
120	релизе	748	None	None
121	также	755	None	None
122	говорится	761	None	None
123	,	770	None	None
124	что	772	None	None
125	билеты	776	coref	5167
126	на	783	coref	5167
127	концерты	786	coref	5167
128	и	795	coref	5163
129	спектакли	797	coref	5167
130	с	807	coref	5167
131	участием	809	coref	5167
132	певца	818	coref	5159
133	стоят	824	None	None
134	от	830	None	None
135	250	833	None	None
136	до	837	None	None
137	1500	840	None	None
138	рублей	845	None	None
139	и	852	coref	5163
140	уже	854	None	None
141	продаются	858	None	None
142	в	868	None	None
143	кассах	870	None	None
144	театра	877	coref	5163
145	.	883	None	None
146	По	885	None	None
147	данным	888	None	None
148	газеты	895	None	None
149	«	902	None	None
150	Новые	903	None	None
151	известия	909	None	None
152	»	917	None	None
153	,	918	None	None
154	билеты	920	coref	5167
155	расходятся	927	None	None
156	с	938	coref	5167
157	трудом	940	None	None
158	,	946	None	None
159	так	948	None	None
160	как	952	coref	5169
161	нижегородцы	956	coref	5161
162	не	968	None	None
163	привыкли	971	None	None
164	к	980	None	None
165	таким	982	None	None
166	высоким	988	None	None
167	ценам	996	None	None
168	.	1001	None	None
169	Стоимость	1004	None	None
170	билетов	1014	coref	5167
171	повышена	1022	None	None
172	по	1031	None	None
173	сравнению	1034	None	None
174	со	1044	None	None
175	всеми	1047	None	None
176	остальными	1053	None	None
177	спектаклями	1064	None	None
178	театра	1076	coref	5163
179	по	1083	None	None
180	инициативе	1086	None	None
181	самого	1097	coref	5159
182	Баскова	1104	coref	5159
183	.	1111	None	None
184	Такая	1114	None	None
185	просьба	1120	None	None
186	была	1128	None	None
187	вызвана	1133	None	None
188	тем	1141	None	None
189	,	1144	None	None
190	что	1146	None	None
191	все	1150	None	None
192	выступления	1154	None	None
193	Баскова	1166	coref	5159
194	на	1174	coref	5167
195	сцене	1177	None	None
196	Нижегородского	1183	coref	5163
197	театра	1198	coref	5163
198	оперы	1205	coref	5163
199	и	1211	coref	5163
200	балета	1213	coref	5163
201	будут	1220	None	None
202	благотворительным	1226	None	None
203	,	1243	None	None
204	а	1245	None	None
205	собранные	1247	None	None
206	средства	1257	None	None
207	пойдут	1266	None	None
208	на	1273	coref	5167
209	подготовку	1276	None	None
210	к	1287	None	None
211	празднованию	1289	None	None
212	70	1302	None	None
213	-	1304	None	None
214	летия	1305	None	None
215	театра	1311	coref	5163
216	,	1317	None	None
217	отмечается	1319	None	None
218	в	1330	None	None
219	сообщении	1332	None	None
220	.	1341	None	None
221	Как	1344	None	None
222	сообщалось	1348	None	None
223	ранее	1359	None	None
224	,	1364	None	None
225	3	1366	None	None
226	сентября	1368	None	None
227	Николай	1377	coref	5159
228	Басков	1385	coref	5159
229	подписал	1392	None	None
230	два	1401	coref	5168
231	контракта	1405	coref	5168
232	с	1415	coref	5167
233	Нижегородским	1417	coref	5163
234	театром	1431	coref	5163
235	оперы	1439	coref	5163
236	и	1445	coref	5163
237	балета	1447	coref	5163
238	:	1453	None	None
239	как	1455	coref	5169
240	солист	1459	coref	5169
241	и	1466	coref	5163
242	как	1468	coref	5169
243	продюсер	1472	coref	5170
244	.	1480	None	None
