	word	start_char	type	chain_id
0	Чингиз	0	coref	5138
1	Айтматов	7	coref	5138
2	стал	16	None	None
3	почетным	21	None	None
4	профессором	30	None	None
5	МГУ	42	coref	5139
6	Известный	47	coref	5138
7	киргизский	57	coref	5138
8	писатель	68	coref	5138
9	и	77	coref	5138
10	общественный	79	coref	5138
11	деятель	92	coref	5138
12	Чингиз	100	coref	5138
13	Айтматов	107	coref	5138
14	стал	116	None	None
15	почетным	121	None	None
16	профессором	130	None	None
17	Московского	142	coref	5139
18	Государственного	154	coref	5139
19	университета	171	coref	5139
20	.	183	None	None
21	Это	185	None	None
22	звание	189	None	None
23	было	196	None	None
24	присвоено	201	None	None
25	ему	211	coref	5138
26	в	215	None	None
27	четверг	217	None	None
28	на	225	None	None
29	торжественном	228	None	None
30	заседании	242	None	None
31	Ученого	252	coref	5140
32	совета	260	coref	5140
33	МГУ	267	coref	5139
34	.	270	None	None
35	Вручая	273	None	None
36	писателю	280	coref	5138
37	диплом	289	None	None
38	и	296	coref	5138
39	медаль	298	None	None
40	,	304	None	None
41	ректор	306	coref	5141
42	университета	313	coref	5139
43	Виктор	326	coref	5141
44	Садовничий	333	coref	5141
45	отметил	344	None	None
46	,	351	None	None
47	что	353	None	None
48	руководство	357	None	None
49	МГУ	369	coref	5139
50	«	373	None	None
51	радо	374	None	None
52	возможности	379	None	None
53	присоединиться	391	None	None
54	»	405	None	None
55	к	407	None	None
56	многочисленным	409	None	None
57	почитателям	424	None	None
58	его	436	coref	5138
59	творчества	440	None	None
60	и	451	coref	5138
61	поздравить	453	None	None
62	с	464	None	None
63	недавним	466	None	None
64	75	475	None	None
65	-	477	None	None
66	летним	478	None	None
67	юбилеем	485	None	None
68	.	492	None	None
69	По	494	None	None
70	словам	497	None	None
71	ректора	504	coref	5141
72	,	511	None	None
73	во	513	None	None
74	всех	516	None	None
75	своих	521	coref	5138
76	произведениях	527	None	None
77	Айтматов	541	coref	5138
78	«	550	None	None
79	предстает	551	None	None
80	как	561	None	None
81	мыслитель	565	None	None
82	с	575	None	None
83	космической	577	None	None
84	масштабностью	589	None	None
85	взгляда	603	None	None
86	на	611	None	None
87	мир	614	None	None
88	»	617	None	None
89	,	618	None	None
90	передает	620	None	None
91	РИА	629	None	None
92	«	633	None	None
93	Новости	634	None	None
94	»	641	None	None
95	.	642	None	None
96	В	645	None	None
97	свою	647	None	None
98	очередь	652	None	None
99	,	659	None	None
100	Чингиз	661	coref	5138
101	Айтматов	668	coref	5138
102	заявил	677	None	None
103	,	683	None	None
104	что	685	None	None
105	получение	689	None	None
106	подобного	699	None	None
107	звания	709	None	None
108	для	716	None	None
109	него	720	coref	5138
110	«	725	None	None
111	действительно	726	None	None
112	великое	740	None	None
113	событие	748	None	None
114	»	755	None	None
115	.	756	None	None
116	«	758	None	None
117	Надеюсь	759	None	None
118	,	766	None	None
119	по	768	None	None
120	мере	771	None	None
121	возможности	776	None	None
122	,	787	None	None
123	поучаствовать	789	None	None
124	в	803	None	None
125	университетских	805	None	None
126	мероприятиях	821	None	None
127	»	833	None	None
128	,	834	None	None
129	-	836	None	None
130	добавил	838	None	None
131	он	846	coref	5138
132	.	848	None	None
133	Как	851	None	None
134	сказал	855	None	None
135	Айтматов	862	coref	5138
136	,	870	None	None
137	«	872	None	None
138	общеисторическая	873	None	None
139	значимость	890	None	None
140	МГУ	901	coref	5139
141	непоколебима	905	None	None
142	,	917	None	None
143	он	919	coref	5138
144	остается	922	None	None
145	интеллектуальным	931	None	None
146	оазисом	948	None	None
147	мира	956	None	None
148	»	960	None	None
149	.	961	None	None
150	Именно	963	None	None
151	здесь	970	coref	5139
152	,	975	None	None
153	по	977	None	None
154	словам	980	None	None
155	писателя	987	coref	5138
156	,	995	None	None
157	«	997	None	None
158	формируется	998	None	None
159	среда	1010	None	None
160	ученых	1016	None	None
161	-	1022	None	None
162	первооткрывателей	1023	None	None
163	,	1040	None	None
164	слагаются	1042	None	None
165	традиции	1052	None	None
166	и	1061	coref	5138
167	новаторство	1063	None	None
168	»	1074	None	None
169	.	1075	None	None
170	Также	1078	None	None
171	звание	1084	None	None
172	почетного	1091	None	None
173	профессора	1101	None	None
174	МГУ	1112	coref	5139
175	с	1116	None	None
176	вручением	1118	None	None
177	диплома	1128	None	None
178	и	1136	coref	5138
179	медали	1138	None	None
180	присвоено	1145	None	None
181	президенту	1155	None	None
182	Российской	1166	coref	5142
183	академии	1177	coref	5142
184	художеств	1186	coref	5142
185	,	1195	None	None
186	известному	1197	None	None
187	скульптору	1208	None	None
188	-	1218	None	None
189	монументалисту	1219	None	None
190	Зурабу	1234	None	None
191	Церетели	1241	None	None
192	.	1249	None	None
193	Источник	1252	None	None
194	в	1261	None	None
195	Академии	1263	coref	5142
196	художеств	1272	coref	5142
197	сообщил	1282	None	None
198	в	1290	None	None
199	четверг	1292	None	None
200	«	1300	None	None
201	Интерфаксу	1301	None	None
202	»	1311	None	None
203	,	1312	None	None
204	что	1314	None	None
205	торжественная	1318	None	None
206	церемония	1332	None	None
207	награждения	1342	None	None
208	состоится	1354	None	None
209	24	1364	None	None
210	февраля	1367	None	None
211	в	1375	None	None
212	здании	1377	None	None
213	на	1384	None	None
214	Пречистенке	1387	None	None
215	,	1398	None	None
216	21	1400	None	None
217	на	1403	None	None
218	заседании	1406	None	None
219	президиума	1416	None	None
220	РАХ	1427	coref	5142
221	при	1431	None	None
222	участии	1435	None	None
223	ректора	1443	coref	5141
224	МГУ	1451	coref	5139
225	Виктора	1455	coref	5141
226	Садовничего	1463	coref	5141
227	и	1475	coref	5138
228	членов	1477	None	None
229	ученого	1484	coref	5140
230	совета	1492	coref	5140
231	университета	1499	coref	5139
232	.	1511	None	None
