	word	start_char	type	chain_id
0	Студийную	0	coref	5171
1	запись	10	coref	5171
2	Элвиса	17	coref	5171
3	Пресли	24	coref	5171
4	продают	31	None	None
5	по	39	None	None
6	кусочкам	42	coref	5173
7	-	51	coref	5171
8	по	53	None	None
9	495	56	None	None
10	долларов	60	None	None
11	за	69	None	None
12	5	72	None	None
13	см	74	None	None
14	В	78	None	None
15	США	80	None	None
16	выставлены	84	None	None
17	на	95	None	None
18	продажу	98	None	None
19	фрагменты	106	coref	5173
20	студийной	116	coref	5171
21	записи	126	coref	5171
22	Элвиса	133	coref	5171
23	Пресли	140	coref	5171
24	-	147	coref	5171
25	по	149	None	None
26	495	152	None	None
27	долларов	156	None	None
28	за	165	None	None
29	пять	168	None	None
30	сантиметров	173	None	None
31	.	184	None	None
32	Компания	186	coref	5174
33	из	195	coref	5174
34	Нью	198	coref	5174
35	-	201	coref	5171
36	Джерси	202	coref	5174
37	Master	209	coref	5174
38	Tape	216	coref	5174
39	Collection	221	coref	5174
40	предлагает	232	None	None
41	всем	243	None	None
42	желающим	248	None	None
43	приобрести	257	None	None
44	кусочки	268	coref	5173
45	бобинной	276	coref	5171
46	магнитофонной	285	coref	5171
47	пленки	299	coref	5171
48	с	306	coref	5171
49	ранними	308	coref	5171
50	песнями	316	coref	5171
51	короля	324	coref	5171
52	рок	331	coref	5171
53	-	334	coref	5171
54	н	335	coref	5171
55	-	336	coref	5171
56	ролла	337	coref	5171
57	.	342	None	None
58	Подлинность	345	None	None
59	уникальной	357	coref	5171
60	отреставрированной	368	coref	5171
61	записи	387	coref	5171
62	,	393	None	None
63	сделанной	395	None	None
64	в	405	None	None
65	начале	407	None	None
66	1950	414	None	None
67	-	418	coref	5171
68	х	419	None	None
69	годов	421	None	None
70	,	426	None	None
71	подтверждается	428	None	None
72	экспертным	443	None	None
73	заключением	454	None	None
74	бывших	466	None	None
75	работников	473	None	None
76	студии	484	coref	5175
77	«	491	coref	5175
78	Sun	492	coref	5175
79	»	495	coref	5175
80	,	496	None	None
81	на	498	None	None
82	которой	501	coref	5175
83	она	509	coref	5171
84	производилась	513	None	None
85	.	526	None	None
86	Продолжительность	529	None	None
87	проигрывания	547	None	None
88	пяти	560	None	None
89	сантиметров	565	None	None
90	пленки	577	coref	5171
91	-	584	coref	5171
92	примерно	586	None	None
93	полторы	595	None	None
94	секунды	603	None	None
95	,	610	None	None
96	передает	612	None	None
97	РИА	621	None	None
98	'	625	None	None
99	Новости	626	None	None
100	'	633	None	None
101	.	634	None	None
102	Об	636	None	None
103	общей	639	None	None
104	длине	645	None	None
105	бобины	651	coref	5171
106	,	657	None	None
107	которую	659	coref	5171
108	распродадут	667	None	None
109	на	679	None	None
110	фрагменты	682	coref	5173
111	,	691	None	None
112	компания	693	coref	5174
113	из	702	coref	5174
114	Нью	705	coref	5174
115	-	708	coref	5171
116	Джерси	709	coref	5174
117	не	716	None	None
118	сообщает	719	None	None
119	.	727	None	None
120	Напомним	730	None	None
121	,	738	None	None
122	что	740	None	None
123	в	744	None	None
124	прошлом	746	None	None
125	году	754	None	None
126	легендарный	759	coref	5172
127	король	771	coref	5172
128	рок	778	coref	5171
129	-	781	coref	5171
130	н	782	coref	5171
131	-	783	coref	5171
132	ролла	784	coref	5171
133	Элвис	790	coref	5172
134	Пресли	796	coref	5171
135	в	803	None	None
136	очередной	805	None	None
137	раз	815	None	None
138	возглавил	819	None	None
139	рейтинг	829	None	None
140	самых	837	None	None
141	успешных	843	None	None
142	мертвых	852	None	None
143	знаменитостей	860	None	None
144	.	873	None	None
145	Так	875	None	None
146	,	878	None	None
147	по	880	None	None
148	сведениям	883	None	None
149	авторитетного	893	coref	5176
150	журнала	907	coref	5176
151	Forbes	915	coref	5176
152	,	921	None	None
153	певец	923	coref	5172
154	с	929	coref	5171
155	сентября	931	None	None
156	2002	940	None	None
157	года	945	None	None
158	по	950	None	None
159	сентябрь	953	None	None
160	2003	962	None	None
161	года	967	None	None
162	заработал	972	None	None
163	24	982	None	None
164	млн	985	None	None
165	долларов	989	None	None
166	.	997	None	None
167	Данные	1000	None	None
168	журнал	1007	coref	5176
169	получил	1014	None	None
170	,	1021	None	None
171	исходя	1023	None	None
172	из	1030	coref	5174
173	анализа	1033	None	None
174	прибылей	1041	None	None
175	,	1049	None	None
176	поступающих	1051	None	None
177	от	1063	None	None
178	аукционов	1066	None	None
179	,	1075	None	None
180	продаж	1077	None	None
181	пластинок	1084	None	None
182	,	1093	None	None
183	сувениров	1095	None	None
184	,	1104	None	None
185	книг	1106	None	None
186	и	1111	None	None
187	другой	1113	None	None
188	продукции	1120	None	None
189	,	1129	None	None
190	связанной	1131	None	None
191	с	1141	coref	5171
192	умершими	1143	None	None
193	поп	1152	None	None
194	-	1155	coref	5171
195	звездами	1156	None	None
196	.	1164	None	None
